timestamp_ms,ax,ay,az,gyro_yaw,gyro_pitch,gyro_roll,gps_lat,gps_lon,gps_speed,vehicle_speed,vehicle_heading,accel_magnitude,gyro_magnitude,accel_change,gyro_change,ax_change,ay_change,az_change,gyro_yaw_change,gyro_pitch_change,gyro_roll_change,dt,predicted_speed,gps_x,gps_y,phase,gnss_available,ins_heading_rad,ins_speed_mps,ins_x,ins_y,dr_x,dr_y,corrected_x,corrected_y,dr_source_speed_col
4691276,-0.5761,1.4424,9.2646,-0.0294,-0.0328,-0.0541,52.47373,-1.397314,19.33,69.703,105.804,9.393892810225164,0.0697639591766407,-0.8786021131125956,0.0153644187374054,-0.7165999999999999,0.2146999999999999,-0.9333000000000008,-0.0091,-0.0829,-0.048,0.101,46.83958999999998,5054.748221853027,-454.12008041607686,GNSS_OUTAGE,False,1.8438879948544495,19.336111111111112,4888.821147203533,-403.8599735727655,4888.821147203533,-403.8599735727655,4888.821147203533,-403.8599735727655,predicted_speed
4691375,0.3467,0.9854,8.8346,0.0761,0.0866,0.0265,52.47373,-1.397314,19.33,69.624,105.593,8.896143614510729,0.1182920961011343,-0.4977491957144337,0.0485281369244935,0.9228,-0.4569999999999998,-0.4299999999999997,0.1055,0.1194,0.0806,0.099,36.94208999999999,5054.748221853027,-454.12008041607686,GNSS_OUTAGE,False,1.8519357048544496,19.37686891611111,4890.664144261564,-404.3922095986615,4890.664144261564,-404.3922095986615,4890.664144261564,-404.3922095986615,predicted_speed
4691476,0.4044,0.3834,10.1555,0.0493,0.1087,0.0373,52.47373,-1.397314,19.33,69.592,104.647,10.17077751059377,0.1250498700519117,1.2746338960830403,0.0067577739507773,0.0576999999999999,-0.6020000000000001,1.3209,-0.0268,0.0221,0.0108,0.101,40.40646999999999,5054.748221853027,-454.12008041607686,GNSS_OUTAGE,False,1.8574391948544495,19.42427781111111,4892.545949721885,-404.94689122860785,4892.545949721885,-404.94689122860785,4892.545949721885,-404.94689122860785,predicted_speed
4691575,-0.8026,-0.2217,9.7013,-0.0618,-0.0208,-0.0905,52.47373,-1.397314,19.33,69.646,104.774,9.736967666578748,0.1115442961338678,-0.4338098440150215,-0.0135055739180438,-1.207,-0.6051,-0.4542000000000001,-0.1111,-0.1295,-0.1278,0.099,43.29105000000002,5054.748221853027,-454.12008041607686,GNSS_OUTAGE,False,1.8518348048544495,19.35125491611111,4894.386564171281,-405.4782379841822,4894.386564171281,-405.4782379841822,4894.386564171281,-405.4782379841822,predicted_speed
4691675,0.0836,0.5419,8.5767,-0.014,-0.0326,-0.0903,52.47373,-1.397314,19.33,69.779,105.413,8.594208949054009,0.0970198433311454,-1.142758717524739,-0.0145244528027224,0.8862,0.7636000000000001,-1.1245999999999992,0.0478,-0.0117999999999999,0.0001999999999999,0.1,41.37375999999998,5054.748221853027,-454.12008041607686,GNSS_OUTAGE,False,1.8509538048544496,19.36611441611111,4896.247670824823,-406.0137245852484,4896.247670824823,-406.0137245852484,4896.247670824823,-406.0137245852484,predicted_speed
4691775,0.7475,1.1328,9.5093,-0.0392,-0.0154,-0.0194,52.47373,-1.397314,19.33,69.764,105.669,9.60566388023233,0.0463698177697519,1.0114549311783207,-0.0506500255613935,0.6639,0.5909,0.932599999999999,-0.0252,0.0171999999999999,0.0709,0.1,34.13532,5054.748221853027,-454.12008041607686,GNSS_OUTAGE,False,1.8475528048544496,19.447363916111108,4898.118403670492,-406.5450985147878,4898.118403670492,-406.5450985147878,4898.118403670492,-406.5450985147878,predicted_speed
4691875,0.5428,0.009,10.2942,-0.0429,0.0007,0.0441,52.47373,-1.397314,19.33,69.84,105.48,10.30850457049906,0.0615281236508964,0.702840690266731,0.0151583058811445,-0.2047000000000001,-1.1238,0.7849000000000004,-0.0037,0.0161,0.0635,0.1,37.97791999999999,5054.748221853027,-454.12008041607686,GNSS_OUTAGE,False,1.8437818048544496,19.508143416111107,4899.996979906415,-407.07105281057744,4899.996979906415,-407.07105281057744,4899.996979906415,-407.07105281057744,predicted_speed
4691975,-0.0723,0.6967,10.03,-0.0265,-0.0002,0.0637,52.47373,-1.397314,19.33,69.779,105.294,10.054427789784956,0.0689926082997302,-0.2540767807141044,0.0074644846488337,-0.6151,0.6877,-0.2642000000000006,0.0164,-0.0009,0.0196,0.1,37.02127,5054.748221853027,-454.12008041607686,GNSS_OUTAGE,False,1.8416508048544495,19.507412916111107,4901.876602297848,-407.5929831243346,4901.876602297848,-407.5929831243346,4901.876602297848,-407.5929831243346,predicted_speed
4692075,0.1165,-0.6022,10.0184,0.0033,-0.0155,0.0252,52.47373,-1.397314,19.33,69.577,105.147,10.037158743887634,0.0297687755878537,-0.0172690458973221,-0.0392238327118764,0.1888,-1.2989,-0.0115999999999996,0.0298,-0.0153,-0.0385,0.1,22.964310000000005,5054.748221853027,-454.12008041607686,GNSS_OUTAGE,False,1.8424998048544496,19.525562416111107,4903.757529261871,-408.1169961324406,4903.757529261871,-408.1169961324406,4903.757529261871,-408.1169961324406,predicted_speed
4692175,-0.253,0.3732,9.9277,0.0004,0.0279,0.0233,52.47373,-1.397314,19.33,69.437,105.48,9.937933111568018,0.0363518912850487,-0.0992256323196159,0.0065831156971949,-0.3695,0.9754,-0.0907,-0.0029,0.0434,-0.0018999999999999,0.1,33.465760000000024,5054.748221853027,-454.12008041607686,GNSS_OUTAGE,False,1.8430588048544496,19.506761916111106,4905.636352210486,-408.6415549301733,4905.636352210486,-408.6415549301733,4905.636352210486,-408.6415549301733,predicted_speed
4692275,0.4936,1.1147,8.9438,0.0159,0.0653,0.0407,52.47373,-1.397314,19.33,69.682,104.627,9.026502949093851,0.0785709233749992,-0.9114301624741667,0.0422190320899505,0.7465999999999999,0.7415,-0.9839000000000002,0.0155,0.0373999999999999,0.0174,0.1,44.799980000000005,5054.748221853027,-454.12008041607686,GNSS_OUTAGE,False,1.8451678048544495,19.562621416111106,4907.5194416983695,-409.17158846432216,4907.5194416983695,-409.17158846432216,4907.5194416983695,-409.17158846432216,predicted_speed
4692375,-1.2211,0.0055,8.3617,0.0267,0.168,0.1212,52.47373,-1.397314,19.33,69.865,104.914,8.450393029321182,0.2088691695775132,-0.5761099197726693,0.130298246202514,-1.7147,-1.1092,-0.5820999999999987,0.0108,0.1027,0.0805,0.1,48.97465999999998,5054.748221853027,-454.12008041607686,GNSS_OUTAGE,False,1.8483568048544496,19.447010916111108,4909.389712765855,-409.7044566185991,4909.389712765855,-409.7044566185991,4909.389712765855,-409.7044566185991,predicted_speed
4692476,0.3228,-0.6226,9.0318,-0.0179,-0.0105,-0.0373,52.47373,-1.397314,19.33,69.559,104.941,9.05898679985792,0.042684306249487,0.6085937705367375,-0.1661848633280262,1.5439,-0.6281,0.6700999999999997,-0.0446,-0.1785,-0.1585,0.101,44.58508000000002,5054.748221853027,-454.12008041607686,GNSS_OUTAGE,False,1.8470730948544496,19.486178211111106,4911.283181756187,-410.2413071888678,4911.283181756187,-410.2413071888678,4911.283181756187,-410.2413071888678,predicted_speed
4692575,0.3134,0.348,8.3979,-0.0007,0.0787,0.0102,52.47373,-1.397314,19.33,69.84,104.643,8.410948101730268,0.0793613255937676,-0.6480386981276514,0.0366770193442805,-0.0093999999999999,0.9706,-0.6339000000000006,0.0172,0.0892,0.0475,0.099,43.16334,5054.748221853027,-454.12008041607686,GNSS_OUTAGE,False,1.8475176048544495,19.523639316111105,4913.142489776611,-410.76936521665147,4913.142489776611,-410.76936521665147,4913.142489776611,-410.76936521665147,predicted_speed
4692675,0.3599,0.9769,9.3244,-0.0046,0.0349,-0.04,52.47373,-1.397314,19.33,69.775,104.136,9.38233963252237,0.0532838624726098,0.9713915307921024,-0.0260774631211578,0.0464999999999999,0.6289,0.9265000000000008,-0.0039,-0.0438,-0.0502,0.1,45.05308,5054.748221853027,-454.12008041607686,GNSS_OUTAGE,False,1.8475766048544495,19.566128816111103,4915.024634448735,-411.3040290378354,4915.024634448735,-411.3040290378354,4915.024634448735,-411.3040290378354,predicted_speed
4692775,-0.4337,1.6974,9.0441,0.0113,-0.0156,-0.0635,52.47373,-1.397314,19.33,69.642,103.788,9.212220539044862,0.0663573658307802,-0.1701190934775081,0.0130735033581703,-0.7936,0.7205,-0.2803000000000004,0.0158999999999999,-0.0505,-0.0235,0.1,47.75518,5054.748221853027,-454.12008041607686,GNSS_OUTAGE,False,1.8492256048544495,19.529258316111104,4916.902349846104,-411.84078241719817,4916.902349846104,-411.84078241719817,4916.902349846104,-411.84078241719817,predicted_speed
4692875,-1.1451,-0.5073,10.3554,-0.0196,-0.0549,-0.0289,52.47373,-1.397314,19.33,69.646,103.684,10.430863648806842,0.0650644296063525,1.2186431097619792,-0.0012929362244277,-0.7114,-2.2047,1.3112999999999992,-0.0308999999999999,-0.0393,0.0346,0.1,47.96106,5054.748221853027,-454.12008041607686,GNSS_OUTAGE,False,1.8477846048544495,19.421247816111105,4918.770447404771,-412.371875797545,4918.770447404771,-412.371875797545,4918.770447404771,-412.371875797545,predicted_speed
4692976,1.1926,-0.1045,9.5766,-0.0134,0.0238,-0.0036,52.47373,-1.397314,19.33,69.685,103.483,9.651138926054273,0.0275492286643383,-0.7797247227525705,-0.0375152009420141,2.3377,0.4028,-0.7788000000000004,0.0061999999999999,0.0786999999999999,0.0253,0.101,15.493209999999998,5054.748221853027,-454.12008041607686,GNSS_OUTAGE,False,1.8469553948544495,19.548264911111104,4920.670012725836,-412.9102133015557,4920.670012725836,-412.9102133015557,4920.670012725836,-412.9102133015557,predicted_speed
4693075,-0.0416,0.0371,9.6102,-0.0339,-0.003,-0.0663,52.47373,-1.397314,19.33,69.74600000000001,103.216,9.610361648241964,0.074524492618199,-0.0407772778123067,0.0469752639538607,-1.2342000000000002,0.1416,0.0336000000000016,-0.0204999999999999,-0.0268,-0.0626999999999999,0.099,39.37882999999998,5054.748221853027,-454.12008041607686,GNSS_OUTAGE,False,1.8441131048544495,19.550581016111103,4922.533675964293,-413.43265822296223,4922.533675964293,-413.43265822296223,4922.533675964293,-413.43265822296223,predicted_speed
4693176,-1.6782,-0.8189,9.4246,0.0171,-0.0618,-0.087,52.47373,-1.397314,19.33,69.862,103.126,9.60781128093178,0.1080770558444298,-0.0025503673101834,0.0335525632262307,-1.6365999999999998,-0.856,-0.1856000000000008,0.051,-0.0588,-0.0206999999999999,0.101,48.93952,5054.748221853027,-454.12008041607686,GNSS_OUTAGE,False,1.8463643948544495,19.387647311111103,4924.417948791032,-413.9654589845347,4924.417948791032,-413.9654589845347,4924.417948791032,-413.9654589845347,predicted_speed
4693276,0.0676,-0.174,10.6024,-0.0119,-0.0395,-0.0293,52.47373,-1.397314,19.33,69.458,102.865,10.604043168527747,0.0505999011856742,0.9962318875959664,-0.0574771546587555,1.7458,0.6449,1.1777999999999995,-0.029,0.0223,0.0576999999999999,0.1,49.91610999999998,5054.748221853027,-454.12008041607686,GNSS_OUTAGE,False,1.8456933948544494,19.400906811111103,4926.285195165516,-414.49209246990506,4926.285195165516,-414.49209246990506,4926.285195165516,-414.49209246990506,predicted_speed
4693375,-0.2565,-0.29,10.215,0.0223,0.0357,-0.0221,52.47373,-1.397314,19.33,69.653,102.793,10.22233423685608,0.0475414555940391,-0.3817089316716657,-0.003058445591635,-0.3241,-0.1159999999999999,-0.3873999999999995,0.0342,0.0752,0.0071999999999999,0.099,44.59062,5054.748221853027,-454.12008041607686,GNSS_OUTAGE,False,1.8484149048544494,19.381947816111104,4928.130538252242,-415.0179741898827,4928.130538252242,-415.0179741898827,4928.130538252242,-415.0179741898827,predicted_speed
4693475,-1.3384,0.8856,10.0469,-0.0191,-0.0579,-0.0559,52.47373,-1.397314,19.33,69.613,102.399,10.174271547879975,0.0827165642419944,-0.0480626889761044,0.0351751086479552,-1.0819,1.1756,-0.168099999999999,-0.0414,-0.0936,-0.0338,0.1,44.2071,5054.748221853027,-454.12008041607686,GNSS_OUTAGE,False,1.8470239048544494,19.254607316111105,4929.983006938452,-415.5431015987948,4929.983006938452,-415.5431015987948,4929.983006938452,-415.5431015987948,predicted_speed
4693576,-0.4213,-0.5324,10.4235,0.0137,-0.0483,-0.0365,52.47373,-1.397314,19.33,69.602,102.034,10.445587379367424,0.0620711688306253,0.2713158314874473,-0.0206453954113691,0.9171,-1.418,0.3765999999999998,0.0327999999999999,0.0095999999999999,0.0194,0.101,50.5356,5054.748221853027,-454.12008041607686,GNSS_OUTAGE,False,1.8489317948544495,19.218620511111105,4931.849490019146,-416.076051017806,4931.849490019146,-416.076051017806,4931.849490019146,-416.076051017806,predicted_speed
4693675,0.4272,-0.8046,7.5871,0.1004,0.2418,0.2671,52.47373,-1.397314,19.33,69.541,101.981,7.641594559383533,0.3740184621111637,-2.8039928199838915,0.3119472932805383,0.8485,-0.2722,-2.8364000000000003,0.0867,0.2900999999999999,0.3036,0.099,44.23968000000001,5054.748221853027,-454.12008041607686,GNSS_OUTAGE,False,1.8593852048544495,19.267347816111105,4933.678076874011,-416.61891575713383,4933.678076874011,-416.61891575713383,4933.678076874011,-416.61891575713383,predicted_speed
4693775,-0.7858,-0.8579,8.9478,-0.0477,-0.1262,-0.0928,52.47373,-1.397314,19.33,69.815,101.658,9.023114700035682,0.1637484961763008,1.3815201406521496,-0.2102699659348628,-1.213,-0.0533,1.3607000000000005,-0.1481,-0.368,-0.3599,0.1,45.50879999999997,5054.748221853027,-454.12008041607686,GNSS_OUTAGE,False,1.8551342048544495,19.195267316111106,4935.52053000586,-417.1573851901671,4935.52053000586,-417.1573851901671,4935.52053000586,-417.1573851901671,predicted_speed
4693876,-0.6639,0.0165,9.4968,-0.0299,-0.0262,-0.0239,52.47373,-1.397314,19.33,69.53,100.974,9.519991896004957,0.0463859892640008,0.4968771959692724,-0.1173625069122999,0.1219,0.8744,0.5489999999999995,0.0178,0.1,0.0688999999999999,0.101,50.49296999999999,5054.748221853027,-454.12008041607686,GNSS_OUTAGE,False,1.8526384948544494,19.134777911111108,4937.3768907939,-417.6948942287595,4937.3768907939,-417.6948942287595,4937.3768907939,-417.6948942287595,predicted_speed
4693975,-1.0873,-0.534,10.8325,0.0417,0.0399,-0.0088,52.47373,-1.397314,19.33,69.631,101.2,10.90001988713782,0.0583809900566956,1.3800279911328666,0.0119950007926948,-0.4233999999999999,-0.5505,1.3356999999999992,0.0716,0.0660999999999999,0.0151,0.099,54.015350000000005,5054.748221853027,-454.12008041607686,GNSS_OUTAGE,False,1.8572806048544495,19.033569716111106,4939.184415354266,-418.22736924845714,4939.184415354266,-418.22736924845714,4939.184415354266,-418.22736924845714,predicted_speed
4694076,-0.7745,0.0257,9.4051,0.0251,-0.0594,-0.0874,52.47373,-1.397314,19.33,69.419,101.229,9.436970740126302,0.1086145938628875,-1.4630491470115192,0.0502336038061918,0.3127999999999999,0.5597000000000001,-1.4274000000000004,-0.0166,-0.0993,-0.0786,0.101,48.66570000000001,5054.748221853027,-454.12008041607686,GNSS_OUTAGE,False,1.8603398948544494,18.961909711111108,4941.019848643218,-418.77417378275356,4941.019848643218,-418.77417378275356,4941.019848643218,-418.77417378275356,predicted_speed
4694175,0.5896,-1.3563,11.1342,-0.0384,-0.0636,-0.0866,52.47373,-1.397314,19.33,69.484,101.14,11.23198947159407,0.1141011831665211,1.795018731467767,0.0054865893036335,1.3641,-1.382,1.7291000000000007,-0.0635,-0.0042,0.0008,0.099,46.37608000000001,5054.748221853027,-454.12008041607686,GNSS_OUTAGE,False,1.8570521048544495,19.026714616111107,4942.826843787982,-419.3060441425986,4942.826843787982,-419.3060441425986,4942.826843787982,-419.3060441425986,predicted_speed
4694275,1.5182,-0.211,9.3208,-0.0267,-0.0006,-0.0732,52.47373,-1.397314,19.33,69.62,101.022,9.445992000843532,0.0779197664267546,-1.7859974707505373,-0.0361814167397664,0.9286,1.1453,-1.8134,0.0116999999999999,0.063,0.0133999999999999,0.1,29.685910000000003,5054.748221853027,-454.12008041607686,GNSS_OUTAGE,False,1.8549011048544495,19.185034116111108,4944.668440088863,-419.8437972503984,4944.668440088863,-419.8437972503984,4944.668440088863,-419.8437972503984,predicted_speed
4694375,0.0142,0.5926,9.2094,0.0062,-0.0348,-0.091,52.47373,-1.397314,19.33,69.39699999999999,100.651,9.228457333704265,0.0976241773332815,-0.217534667139267,0.0197044109065268,-1.504,0.8036,-0.1113999999999997,0.0329,-0.0341999999999999,-0.0177999999999999,0.1,42.84112999999997,5054.748221853027,-454.12008041607686,GNSS_OUTAGE,False,1.8560401048544495,19.192953616111108,4946.510182644258,-420.38387043502144,4946.510182644258,-420.38387043502144,4946.510182644258,-420.38387043502144,predicted_speed
4694475,0.486,1.9408,10.9436,0.0741,0.0829,-0.0096,52.47373,-1.397314,19.33,69.62,100.085,11.12498456628143,0.1116036737746567,1.8965272325771647,0.0139794964413751,0.4718,1.3482,1.7341999999999995,0.0679,0.1177,0.0814,0.1,48.56873999999999,5054.748221853027,-454.12008041607686,GNSS_OUTAGE,False,1.8639691048544496,19.24805311611111,4948.352859960553,-420.94012199287795,4948.352859960553,-420.94012199287795,4948.352859960553,-420.94012199287795,predicted_speed
4694576,-6.0994,1.1248,5.9157,0.1679,0.2589,0.1043,52.47373,-1.397314,19.33,69.293,99.905,8.571077055423082,0.3257270483088563,-2.553907510858348,0.2141233745341995,-6.5854,-0.8160000000000001,-5.0279,0.0938,0.176,0.1139,0.101,44.37705999999997,5054.748221853027,-454.12008041607686,GNSS_OUTAGE,False,1.8814511948544494,18.63857821111111,4950.145248020179,-421.5155676785621,4950.145248020179,-421.5155676785621,4950.145248020179,-421.5155676785621,predicted_speed
4694675,0.3315,0.1075,12.544,-0.0379,-0.0028,-0.0103,52.47373,-1.397314,19.33,69.318,99.831,12.548839966307645,0.0393743571376092,3.977762910884562,-0.286352691171247,6.4309,-1.0173,6.6283,-0.2057999999999999,-0.2617,-0.1146,0.099,35.76604999999999,5054.748221853027,-454.12008041607686,GNSS_OUTAGE,False,1.8782129048544494,18.67783121611111,4951.907664455413,-422.0751020240523,4951.907664455413,-422.0751020240523,4951.907664455413,-422.0751020240523,predicted_speed
4694775,-0.0173,0.1763,9.5018,0.0231,0.0478,0.0208,52.47373,-1.397314,19.33,69.39,99.528,9.503451174178776,0.0570183303859381,-3.0453887921288683,0.0176439732483289,-0.3488,0.0688,-3.042200000000001,0.061,0.0506,0.0311,0.1,38.10232000000001,5054.748221853027,-454.12008041607686,GNSS_OUTAGE,False,1.8810419048544493,18.682600716111107,4953.686731223211,-422.6454678109789,4953.686731223211,-422.6454678109789,4953.686731223211,-422.6454678109789,predicted_speed
4694876,1.0797,0.9458,8.5439,0.0259,0.0999,0.0704,52.47373,-1.397314,19.33,69.595,99.543,8.663631856213652,0.1249278992059019,-0.8398193179651248,0.0679095688199638,1.0970000000000002,0.7695,-0.9578999999999986,0.0028,0.0521,0.0496,0.101,41.99465,5054.748221853027,-454.12008041607686,GNSS_OUTAGE,False,1.8841819948544494,18.798214911111106,4955.49287920022,-423.23077651007674,4955.49287920022,-423.23077651007674,4955.49287920022,-423.23077651007674,predicted_speed
4694975,0.1301,0.4406,10.2154,0.0132,0.0367,0.0361,52.47373,-1.397314,19.33,69.361,99.136,10.22572498798985,0.0531445199432641,1.562093131776198,-0.0717833792626378,-0.9496,-0.5052,1.6715,-0.0127,-0.0632,-0.0343,0.099,48.21282999999998,5054.748221853027,-454.12008041607686,GNSS_OUTAGE,False,1.8860026048544494,18.817529316111106,4957.264032340079,-423.80830994485825,4957.264032340079,-423.80830994485825,4957.264032340079,-423.80830994485825,predicted_speed
4695076,0.6041,0.1137,10.1878,-0.0233,-0.0249,-0.0151,52.47373,-1.397314,19.33,69.437,98.75,10.206328102701772,0.0372949058183554,-0.0193968852880761,-0.0158496141249087,0.474,-0.3268999999999999,-0.0276000000000014,-0.0365,-0.0616,-0.0512,0.101,34.64511999999999,5054.748221853027,-454.12008041607686,GNSS_OUTAGE,False,1.8841734948544493,18.885107911111106,4959.078534066178,-424.39630875573454,4959.078534066178,-424.39630875573454,4959.078534066178,-424.39630875573454,predicted_speed
4695176,-0.3264,-0.2825,10.4517,0.0038,0.0375,0.0217,52.47373,-1.397314,19.33,69.556,98.455,10.460610694409768,0.0434922981687562,0.2542825917079945,0.0061973923504008,-0.9305,-0.3962,0.2639000000000013,0.0271,0.0624,0.0368,0.1,50.154520000000005,5054.748221853027,-454.12008041607686,GNSS_OUTAGE,False,1.8850724948544493,18.858967411111106,4960.872060310745,-424.97929257041886,4960.872060310745,-424.97929257041886,4960.872060310745,-424.97929257041886,predicted_speed
4695275,0.4598,-0.1571,8.3146,-0.0297,-0.0142,-0.0322,52.47373,-1.397314,19.33,69.347,98.266,8.328785602355245,0.0460496471213406,-2.131825092054523,0.0025573489525844,0.7862,0.1253999999999999,-2.1371,-0.0335,-0.0516999999999999,-0.0539,0.099,47.40892000000001,5054.748221853027,-454.12008041607686,GNSS_OUTAGE,False,1.8826460048544493,18.910922116111106,4962.653941954736,-425.5537145299066,4962.653941954736,-425.5537145299066,4962.653941954736,-425.5537145299066,predicted_speed
4695376,-2.2601,-1.3465,10.7121,-0.0753,-0.0311,0.0528,52.47373,-1.397314,19.33,69.264,98.203,11.03042159983017,0.0970831602287441,2.7016359974749253,0.0510335131074034,-2.7199,-1.1894,2.397499999999999,-0.0456,-0.0169,0.0849999999999999,0.101,39.20142999999999,5054.748221853027,-454.12008041607686,GNSS_OUTAGE,False,1.8755648948544494,18.689216511111105,4964.4545649643405,-426.1201344843999,4964.4545649643405,-426.1201344843999,4964.4545649643405,-426.1201344843999,predicted_speed
4695475,1.2988,-0.1297,13.3694,0.0034,0.008,0.0866,52.47373,-1.397314,19.33,69.484,98.163,13.432965416839275,0.0870351653069033,2.402543817009107,-0.0100479949218407,3.5589,1.2168,2.657300000000001,0.0787,0.0390999999999999,0.0338,0.099,46.56632,5054.748221853027,-454.12008041607686,GNSS_OUTAGE,False,1.8764153048544494,18.824232216111106,4966.231806444427,-426.68086072307113,4966.231806444427,-426.68086072307113,4966.231806444427,-426.68086072307113,predicted_speed
4695575,-0.2041,-0.5593,11.371,0.0055,-0.0921,-0.0468,52.47373,-1.397314,19.33,69.40100000000001,97.905,11.386576056918956,0.1034548210573098,-2.0463893599203224,0.0164196557504064,-1.5029,-0.4296,-1.9984,0.0021,-0.1001,-0.1334,0.1,45.30217,5054.748221853027,-454.12008041607686,GNSS_OUTAGE,False,1.8774843048544494,18.810321716111105,4968.025067220166,-427.2487496389963,4968.025067220166,-427.2487496389963,4968.025067220166,-427.2487496389963,predicted_speed
4695675,0.7671,-1.5421,12.0799,0.0038,0.004,-0.0231,52.47373,-1.397314,19.33,69.487,97.861,12.202069448663206,0.0237497368406473,0.8154933917442513,-0.0797050842166625,0.9712,-0.9828,0.7088999999999999,-0.0016999999999999,0.0961,0.0237,0.1,38.91013000000001,5054.748221853027,-454.12008041607686,GNSS_OUTAGE,False,1.8783833048544494,18.893531216111104,4969.825747161284,-427.8207697153888,4969.825747161284,-427.8207697153888,4969.825747161284,-427.8207697153888,predicted_speed
4695775,-0.3055,-0.3458,8.3116,-0.0195,-0.0445,-0.0468,52.47373,-1.397314,19.33,69.574,97.759,8.324398023280724,0.0674591728380951,-3.8776714253824816,0.0437094359974478,-1.0726,1.1963,-3.7683,-0.0233,-0.0485,-0.0237,0.1,51.18444999999999,5054.748221853027,-454.12008041607686,GNSS_OUTAGE,False,1.8769523048544494,18.869480716111102,4971.624950605961,-428.389487562496,4971.624950605961,-428.389487562496,4971.624950605961,-428.389487562496,predicted_speed
4695875,0.3137,1.0045,7.2356,-0.0347,-0.0429,-0.0115,52.47373,-1.397314,19.33,69.527,97.758,7.311725876973233,0.0563626649476406,-1.0126721463074908,-0.0110965078904545,0.6192,1.3502999999999998,-1.0760000000000003,-0.0152,0.0015999999999999,0.0353,0.1,49.51847999999998,5054.748221853027,-454.12008041607686,GNSS_OUTAGE,False,1.8740013048544495,18.9073502161111,4973.429438706669,-428.9540242011199,4973.429438706669,-428.9540242011199,4973.429438706669,-428.9540242011199,predicted_speed
4695975,-1.3306,-0.3213,11.4605,-0.0648,-0.0417,-0.0238,52.47373,-1.397314,19.33,69.509,97.65,11.541957819191682,0.080649674518872,4.230231942218449,0.0242870095712313,-1.6443,-1.3258,4.2249,-0.0300999999999999,0.0011999999999999,-0.0123,0.1,51.4488,5054.748221853027,-454.12008041607686,GNSS_OUTAGE,False,1.8680403048544494,18.7807897161111,4975.225158882248,-429.504087538044,4975.225158882248,-429.504087538044,4975.225158882248,-429.504087538044,predicted_speed
4696075,0.2484,0.0181,9.8271,0.0175,0.0185,-0.0119,52.47373,-1.397314,19.33,69.40100000000001,97.349,9.830255570431524,0.0281088953891824,-1.711702248760158,-0.0525407791296896,1.579,0.3394,-1.6334,0.0823,0.0602,0.0119,0.1,28.673029999999997,5054.748221853027,-454.12008041607686,GNSS_OUTAGE,False,1.8703093048544495,18.812129216111103,4977.022620770169,-430.05914863189815,4977.022620770169,-430.05914863189815,4977.022620770169,-430.05914863189815,predicted_speed
4696175,-0.5666,-0.9473,10.9244,0.0371,0.0488,0.0048,52.47373,-1.397314,19.33,69.45100000000001,97.359,10.980024053252343,0.0614889420953068,1.1497684828208197,0.0333800467061244,-0.815,-0.9654,1.0973000000000006,0.0196,0.0303,0.0167,0.1,45.60363,5054.748221853027,-454.12008041607686,GNSS_OUTAGE,False,1.8745383048544495,18.761968716111102,4978.812932803284,-430.62030594061724,4978.812932803284,-430.62030594061724,4978.812932803284,-430.62030594061724,predicted_speed
4696277,-0.1769,0.281,11.1788,0.0245,0.0819,0.0831,52.47373,-1.397314,19.33,69.653,97.541,11.183730328025618,0.1192202583456352,0.2037062747732747,0.0577313162503283,0.3897,1.2283,0.2544000000000004,-0.0126,0.0331,0.0783,0.102,49.25760000000001,5054.748221853027,-454.12008041607686,GNSS_OUTAGE,False,1.8775666848544494,18.750554406111103,4980.636199415651,-431.19786235774575,4980.636199415651,-431.19786235774575,4980.636199415651,-431.19786235774575,predicted_speed
4696375,0.1883,-0.2757,9.0807,-0.0311,-0.0416,-0.0323,52.47373,-1.397314,19.33,69.422,97.379,9.086835525638175,0.0611642052184118,-2.0968948023874425,-0.0580560531272233,0.3651999999999999,-0.5567,-2.0981000000000005,-0.0556,-0.1235,-0.1154,0.098,49.03305,5054.748221853027,-454.12008041607686,GNSS_OUTAGE,False,1.8750275048544494,18.775377316111104,4982.391689669106,-431.74904839301576,4982.391689669106,-431.74904839301576,4982.391689669106,-431.74904839301576,predicted_speed
4696476,-1.02,-0.8018,10.6887,-0.0647,-0.1442,-0.0621,52.47373,-1.397314,19.33,69.365,97.399,10.767153334563412,0.1698120725979163,1.6803178089252366,0.1086478673795044,-1.2083,-0.5261,1.6080000000000003,-0.0335999999999999,-0.1026,-0.0298,0.101,41.97599,5054.748221853027,-454.12008041607686,GNSS_OUTAGE,False,1.8690169948544493,18.678921811111103,4984.194989042392,-432.3033604862346,4984.194989042392,-432.3033604862346,4984.194989042392,-432.3033604862346,predicted_speed
4696575,-0.5016,-0.0794,9.7286,0.0491,0.0407,0.0431,52.47373,-1.397314,19.33,69.548,97.295,9.74184607145894,0.0769734369766609,-1.0253072631044713,-0.0928386356212553,0.5184,0.7223999999999999,-0.9601000000000006,0.1137999999999999,0.1849,0.1052,0.099,43.81709,5054.748221853027,-454.12008041607686,GNSS_OUTAGE,False,1.8743917048544492,18.635697916111102,4985.9555502593175,-432.854909225275,4985.9555502593175,-432.854909225275,4985.9555502593175,-432.854909225275,predicted_speed
4696675,-0.0628,-0.4665,10.0805,0.0219,0.0185,0.033,52.47373,-1.397314,19.33,69.404,97.555,10.091483852238976,0.0437133846779221,0.3496377807800357,-0.0332600522987388,0.4388000000000001,-0.3871,0.3519000000000005,-0.0272,-0.0222,-0.0100999999999999,0.1,47.70676,5054.748221853027,-454.12008041607686,GNSS_OUTAGE,False,1.8771007048544492,18.635917416111102,4987.732400089788,-433.41685126797853,4987.732400089788,-433.41685126797853,4987.732400089788,-433.41685126797853,predicted_speed
4696775,0.235,-0.2618,9.6136,-0.0181,0.0382,0.0686,52.47373,-1.397314,19.33,69.433,97.878,9.620034781641904,0.0805779746580912,-0.4714490705970728,0.0368645899801691,0.2977999999999999,0.2047,-0.4669000000000007,-0.04,0.0197,0.0355999999999999,0.1,44.51536,5054.748221853027,-454.12008041607686,GNSS_OUTAGE,False,1.8758097048544493,18.6659169161111,4989.512835387627,-433.9773998326913,4989.512835387627,-433.9773998326913,4989.512835387627,-433.9773998326913,predicted_speed
4696875,0.1141,-0.7364,9.0193,-0.0278,-0.0204,-0.0278,52.47373,-1.397314,19.33,69.376,97.648,9.05003183751306,0.0442926630493132,-0.570002944128845,-0.036285311608778,-0.1209,-0.4746000000000001,-0.5943000000000005,-0.0096999999999999,-0.0586,-0.0963999999999999,0.1,43.33934,5054.748221853027,-454.12008041607686,GNSS_OUTAGE,False,1.8735487048544492,18.6838264161111,4991.29624303047,-434.5344553729419,4991.29624303047,-434.5344553729419,4991.29624303047,-434.5344553729419,predicted_speed
4696975,-0.0915,-0.8301,11.4045,0.0231,0.0009,-0.049,52.47373,-1.397314,19.33,69.365,97.403,11.435036445503792,0.0541795164245676,2.3850046079907337,0.0098868533752544,-0.2056,-0.0936999999999999,2.385200000000001,0.0509,0.0213,-0.0212,0.1,49.27733000000001,5054.748221853027,-454.12008041607686,GNSS_OUTAGE,False,1.8763777048544492,18.681175916111098,4993.077814857957,-435.0964741978861,4993.077814857957,-435.0964741978861,4993.077814857957,-435.0964741978861,predicted_speed
4697075,-0.7139,-1.0106,10.5452,0.0303,-0.0373,-0.0693,52.47373,-1.397314,19.33,69.53399999999999,97.82,10.617542493910726,0.084331903808701,-0.8174939515930664,0.0301523873841333,-0.6224,-0.1805,-0.8593000000000011,0.0072,-0.0382,-0.0203,0.1,43.6968,5054.748221853027,-454.12008041607686,GNSS_OUTAGE,False,1.8799267048544492,18.616285416111097,4994.85119940576,-435.6628381025911,4994.85119940576,-435.6628381025911,4994.85119940576,-435.6628381025911,predicted_speed
4697175,-0.3504,0.6482,9.3684,0.0025,-0.0193,-0.0351,52.47373,-1.397314,19.33,69.566,98.124,9.397332704549733,0.0401341500470609,-1.2202097893609931,-0.04419775376164,0.3635,1.6587999999999998,-1.1768,-0.0278,0.018,0.0342,0.1,49.45904999999999,5054.748221853027,-454.12008041607686,GNSS_OUTAGE,False,1.8806957048544493,18.5877449161111,4996.6214298001905,-436.2296951933104,4996.6214298001905,-436.2296951933104,4996.6214298001905,-436.2296951933104,predicted_speed
4697275,-1.187,-0.1018,10.4984,-0.0419,0.0413,0.0473,52.47373,-1.397314,19.33,68.994,98.373,10.565781315170211,0.07548900582204,1.16844861062048,0.0353548557749791,-0.8366,-0.75,1.1300000000000008,-0.0444,0.0606,0.0824,0.1,51.56736999999998,5054.748221853027,-454.12008041607686,GNSS_OUTAGE,False,1.8770247048544493,18.4755444161111,4998.383031130667,-436.7866675150449,4998.383031130667,-436.7866675150449,4998.383031130667,-436.7866675150449,predicted_speed
4697376,-0.4017,-0.3029,9.177,-0.04,-0.0745,-0.001,52.47373,-1.397314,19.33,69.473,98.027,9.190780179070762,0.084565063708366,-1.375001136099451,0.0090760578863259,0.7853000000000001,-0.2011,-1.3214000000000006,0.0018999999999999,-0.1158,-0.0483,0.101,49.82301,5054.748221853027,-454.12008041607686,GNSS_OUTAGE,False,1.8735088948544494,18.441537211111097,5000.160936709655,-437.3419267774876,5000.160936709655,-437.3419267774876,5000.160936709655,-437.3419267774876,predicted_speed
4697476,-0.2542,-0.4251,9.0084,0.003,-0.0378,-0.0153,52.47373,-1.397314,19.33,69.77199999999999,97.968,9.0220063295256,0.0408892406385836,-0.1687738495451611,-0.0436758230697823,0.1475,-0.1221999999999999,-0.1685999999999996,0.043,0.0366999999999999,-0.0143,0.1,52.50073,5054.748221853027,-454.12008041607686,GNSS_OUTAGE,False,1.8743278948544493,18.422616711111097,5001.918982859501,-437.8925644077482,5001.918982859501,-437.8925644077482,5001.918982859501,-437.8925644077482,predicted_speed
4697575,-0.1137,0.056,8.6066,0.0147,0.0392,0.0335,52.47373,-1.397314,19.33,69.509,98.383,8.607533168684277,0.053618839972532,-0.4144731608413234,0.0127295993339484,0.1404999999999999,0.4810999999999999,-0.4017999999999997,0.0116999999999999,0.077,0.0488,0.099,51.45923,5054.748221853027,-454.12008041607686,GNSS_OUTAGE,False,1.8762970048544494,18.417794916111095,5003.657916496539,-438.44097819582413,5003.657916496539,-438.44097819582413,5003.657916496539,-438.44097819582413,predicted_speed
4697676,-0.6337,-0.2737,10.2156,0.0135,0.0555,0.0159,52.47373,-1.397314,19.33,69.26,98.202,10.238894996043276,0.0592900497554184,1.6313618273589974,0.0056712097828864,-0.52,-0.3297,1.609,-0.0011999999999999,0.0163,-0.0176,0.101,44.35364,5054.748221853027,-454.12008041607686,GNSS_OUTAGE,False,1.8781846948544494,18.360355711111094,5005.425391364079,-439.0020636135906,5005.425391364079,-439.0020636135906,5005.425391364079,-439.0020636135906,predicted_speed
4697776,-0.1662,-0.9184,10.2236,0.0051,-0.0018,-0.0325,52.47373,-1.397314,19.33,69.318,98.41,10.266113089188137,0.0329469270190711,0.027218093144862,-0.0263431227363473,0.4675,-0.6447,0.0079999999999991,-0.0084,-0.0573,-0.0484,0.1,45.567830000000015,5054.748221853027,-454.12008041607686,GNSS_OUTAGE,False,1.8792136948544493,18.350235211111094,5007.173829616998,-439.5590869513073,5007.173829616998,-439.5590869513073,5007.173829616998,-439.5590869513073,predicted_speed
4697876,0.3903,-0.3768,9.675,0.0185,0.0237,-0.005,52.47373,-1.397314,19.33,69.98,97.732,9.690198002621,0.030478517024291,-0.5759150865671376,-0.00246840999478,0.5565,0.5416,-0.5485999999999986,0.0133999999999999,0.0255,0.0275,0.1,21.50948,5054.748221853027,-454.12008041607686,GNSS_OUTAGE,False,1.8815826948544494,18.395764711111095,5008.925278210195,-440.1216430982428,5008.925278210195,-440.1216430982428,5008.925278210195,-440.1216430982428,predicted_speed
4697975,-0.5202,-0.9084,10.3332,-0.0202,-0.0299,-0.0355,52.47373,-1.397314,19.33,69.318,98.197,10.386087850581662,0.0506191663305511,0.6958898479606628,0.02014064930626,-0.9105,-0.5316,0.658199999999999,-0.0387,-0.0535999999999999,-0.0304999999999999,0.099,45.59309999999999,5054.748221853027,-454.12008041607686,GNSS_OUTAGE,False,1.8800967048544495,18.350699416111095,5010.655788242744,-440.67463842571675,5010.655788242744,-440.67463842571675,5010.655788242744,-440.67463842571675,predicted_speed
4698075,-0.275,0.5976,9.2796,-0.0132,0.0238,0.031,52.47373,-1.397314,19.33,69.257,97.67,9.302888095639975,0.0412514242178376,-1.0831997549416847,-0.0093677421127135,0.2451999999999999,1.506,-1.0535999999999994,0.0069999999999999,0.0537,0.0665,0.1,47.58971,5054.748221853027,-454.12008041607686,GNSS_OUTAGE,False,1.8792957048544494,18.329698916111095,5012.402224130084,-441.2311816090973,5012.402224130084,-441.2311816090973,5012.402224130084,-441.2311816090973,predicted_speed
4698175,-0.4917,-0.4337,9.9738,-0.0188,-0.0359,-0.0134,52.47373,-1.397314,19.33,69.095,97.809,9.99532645890068,0.0426826662709817,0.6924383632607025,0.001431242053144,-0.2167,-1.0313,0.6942000000000004,-0.0056,-0.0597,-0.0444,0.1,41.95268999999998,5054.748221853027,-454.12008041607686,GNSS_OUTAGE,False,1.8779347048544495,18.287028416111095,5014.145348491691,-441.7840573120241,5014.145348491691,-441.7840573120241,5014.145348491691,-441.7840573120241,predicted_speed
4698275,-0.8494,0.3681,9.4939,0.0438,0.022,0.0177,52.47373,-1.397314,19.33,69.509,97.931,9.53892631169777,0.0521126664065465,-0.4564001472029098,0.0094300001355647,-0.3577,0.8018,-0.4799000000000006,0.0626,0.0579,0.0311,0.1,41.527,5054.748221853027,-454.12008041607686,GNSS_OUTAGE,False,1.8828337048544495,18.208587916111096,5015.878278147033,-442.34305780274485,5015.878278147033,-442.34305780274485,5015.878278147033,-442.34305780274485,predicted_speed
4698375,0.1332,-0.4995,10.0984,0.0084,0.0435,0.0176,52.47373,-1.397314,19.33,69.458,97.655,10.111623264837352,0.047671479943463,0.572696953139582,-0.0044411864630834,0.9826,-0.8675999999999999,0.6044999999999998,-0.0354,0.0215,-9.99999999999994e-05,0.1,35.78878999999999,5054.748221853027,-454.12008041607686,GNSS_OUTAGE,False,1.8841927048544496,18.228407416111096,5017.612331933833,-442.90502384599085,5017.612331933833,-442.90502384599085,5017.612331933833,-442.90502384599085,predicted_speed
4698476,-0.1943,0.1939,9.1605,0.0068,0.0221,0.0231,52.47373,-1.397314,19.33,69.242,97.711,9.16461182756804,0.0326842469700618,-0.947011437269312,-0.0149872329734011,-0.3275,0.6934,-0.9378999999999992,-0.0015999999999999,-0.0213999999999999,0.0054999999999999,0.101,54.16087,5054.748221853027,-454.12008041607686,GNSS_OUTAGE,False,1.8854036948544495,18.215347611111095,5019.361783334749,-443.4743218860166,5019.361783334749,-443.4743218860166,5019.361783334749,-443.4743218860166,predicted_speed
4698575,-0.9664,-0.4632,10.5347,-0.0043,-0.0174,-0.0022,52.47373,-1.397314,19.33,69.66,97.966,10.58906923624546,0.0180579622327659,1.424457408677421,-0.0146262847372959,-0.7721,-0.6571,1.3742,-0.0110999999999999,-0.0395,-0.0253,0.099,55.05833999999999,5054.748221853027,-454.12008041607686,GNSS_OUTAGE,False,1.8854918048544496,18.126108516111096,5021.068142153688,-444.02976321885745,5021.068142153688,-444.02976321885745,5021.068142153688,-444.02976321885745,predicted_speed
4698675,-0.7642,-0.2064,9.8835,0.0339,0.0419,0.0239,52.47373,-1.397314,19.33,69.505,97.722,9.915148755818038,0.05895786631146,-0.673920480427423,0.0408999040786941,0.2022,0.2568,-0.6512000000000011,0.0382,0.0593,0.0261,0.1,37.928250000000006,5054.748221853027,-454.12008041607686,GNSS_OUTAGE,False,1.8894008048544495,18.056188016111097,5022.78289044126,-444.5953580977258,5022.78289044126,-444.5953580977258,5022.78289044126,-444.5953580977258,predicted_speed
4698775,-0.854,-0.4337,10.8472,0.0008,-0.0321,-0.0114,52.47373,-1.397314,19.33,69.16,97.541,10.889405839163128,0.0340735968163033,0.9742570833450888,-0.0248842694951567,-0.0897999999999999,-0.2272999999999999,0.9637000000000012,-0.0331,-0.074,-0.0353,0.1,53.62123000000001,5054.748221853027,-454.12008041607686,GNSS_OUTAGE,False,1.8899998048544495,17.977287516111097,5024.4898081404335,-445.15950402974704,5024.4898081404335,-445.15950402974704,5024.4898081404335,-445.15950402974704,predicted_speed
4698875,-0.7087,-1.6215,10.6596,0.002,-0.0162,0.014,52.47373,-1.397314,19.33,69.23899999999999,97.606,10.80548888759782,0.0215044181506963,-0.0839169515653068,-0.012569178665607,0.1452999999999999,-1.1878,-0.1876000000000015,0.0012,0.0158999999999999,0.0254,0.1,54.84363000000001,5054.748221853027,-454.12008041607686,GNSS_OUTAGE,False,1.8907188048544494,17.9129170161111,5026.19020934471,-445.72285268267507,5026.19020934471,-445.72285268267507,5026.19020934471,-445.72285268267507,predicted_speed
4698975,-0.4487,0.3956,9.478,-0.0107,-0.0254,-0.0009,52.47373,-1.397314,19.33,69.307,97.668,9.49685816730986,0.0275764392190144,-1.30863072028796,0.006072021068318,0.26,2.0171,-1.1815999999999995,-0.0127,-0.0092,-0.0149,0.1,40.59913000000002,5054.748221853027,-454.12008041607686,GNSS_OUTAGE,False,1.8901678048544495,17.8745465161111,5027.887277674285,-446.28405961092983,5027.887277674285,-446.28405961092983,5027.887277674285,-446.28405961092983,predicted_speed
4699075,-0.3432,0.0761,9.1126,0.0269,0.0715,0.0589,52.47373,-1.397314,19.33,69.44800000000001,97.86,9.119378060481976,0.0964627907537408,-0.3774801068278837,0.0688863515347264,0.1054999999999999,-0.3195,-0.3653999999999993,0.0376,0.0968999999999999,0.0598,0.1,48.19561000000002,5054.748221853027,-454.12008041607686,GNSS_OUTAGE,False,1.8933768048544495,17.8467260161111,5029.579897802665,-446.84982758098727,5029.579897802665,-446.84982758098727,5029.579897802665,-446.84982758098727,predicted_speed
4699175,0.4437,-0.2775,9.0485,-0.0241,-0.0169,0.0211,52.47373,-1.397314,19.33,69.142,97.52,9.063621141133384,0.0362164327343265,-0.0557569193485925,-0.0602463580194143,0.7868999999999999,-0.3536,-0.0640999999999998,-0.051,-0.0883999999999999,-0.0378,0.1,49.04002000000001,5054.748221853027,-454.12008041607686,GNSS_OUTAGE,False,1.8914858048544494,17.8975955161111,5031.278412380007,-447.41399731000706,5031.278412380007,-447.41399731000706,5031.278412380007,-447.41399731000706,predicted_speed
4699276,-0.6084,-0.7785,9.922,-0.0341,-0.039,-0.0339,52.47373,-1.397314,19.33,69.235,97.198,9.97107300193916,0.0619113882900391,0.9074518608057768,0.0256949555557126,-1.0521,-0.5009999999999999,0.8734999999999999,-0.0099999999999999,-0.0221,-0.055,0.101,41.19581,5054.748221853027,-454.12008041607686,GNSS_OUTAGE,False,1.8885658948544495,17.8427116111111,5032.990302837203,-447.9770652213815,5032.990302837203,-447.9770652213815,5032.990302837203,-447.9770652213815,predicted_speed
4699375,1.0762,-0.7804,9.9355,0.0056,0.0109,-0.0021,52.47373,-1.397314,19.33,69.109,98.192,10.024040644869713,0.0124330205501318,0.0529676429305521,-0.0494783677399073,1.6846,-0.0019,0.0134999999999987,0.0397,0.0499,0.0318,0.099,8.71083,5054.748221853027,-454.12008041607686,GNSS_OUTAGE,False,1.8896341048544494,17.955689916111098,5034.678325091656,-448.53428144407536,5034.678325091656,-448.53428144407536,5034.678325091656,-448.53428144407536,predicted_speed
4699475,0.1641,-0.1114,8.5032,-0.0021,-0.032,-0.0504,52.47373,-1.397314,19.33,69.898,98.407,8.505512859904451,0.0597375091546341,-1.5185277849652614,0.0473044886045023,-0.9121,0.669,-1.4322999999999997,-0.0077,-0.0429,-0.0483,0.1,50.91558999999998,5054.748221853027,-454.12008041607686,GNSS_OUTAGE,False,1.8899431048544493,17.9785994161111,5036.38539934052,-449.09837175467646,5036.38539934052,-449.09837175467646,5036.38539934052,-449.09837175467646,predicted_speed
4699576,0.1192,-0.5213,10.6928,0.0032,0.0042,0.0022,52.47373,-1.397314,19.33,69.563,98.077,10.706163373029575,0.00572013985843,2.200650513125124,-0.0540173692962041,-0.0448999999999999,-0.4099,2.1896000000000004,0.0053,0.0362,0.0526,0.101,53.18968000000001,5054.748221853027,-454.12008041607686,GNSS_OUTAGE,False,1.8907904948544492,17.997203111111098,5038.110844519722,-449.6701548386132,5038.110844519722,-449.6701548386132,5038.110844519722,-449.6701548386132,predicted_speed
4699676,-2.0114,0.4876,10.936,-0.0153,-0.0571,-0.0296,52.47373,-1.397314,19.33,69.21,98.202,11.1301203820983,0.066110967320105,0.4239570090687241,0.060390827461675,-2.1306000000000003,1.0089,0.2431999999999998,-0.0185,-0.0613,-0.0318,0.1,46.6234,5054.748221853027,-454.12008041607686,GNSS_OUTAGE,False,1.889779494854449,17.8025626111111,5039.801295377438,-450.228445312178,5039.801295377438,-450.228445312178,5039.801295377438,-450.228445312178,predicted_speed
4699776,-1.1642,-0.2226,8.4592,-0.0148,0.0004,0.0036,52.47373,-1.397314,19.33,69.718,98.538,8.541836865686442,0.0152367975637927,-2.588283516411858,-0.0508741697563123,0.8472000000000002,-0.7101999999999999,-2.476800000000001,0.0004999999999999,0.0574999999999999,0.0332,0.1,54.48122999999999,5054.748221853027,-454.12008041607686,GNSS_OUTAGE,False,1.888818494854449,17.6926421111111,5041.481841110056,-450.78167391709286,5041.481841110056,-450.78167391709286,5041.481841110056,-450.78167391709286,predicted_speed
4699875,0.4086,0.2069,8.1657,-0.0034,0.0302,0.012,52.47373,-1.397314,19.33,69.098,99.021,8.178533979876834,0.032674148802991,-0.3633028858096079,0.0174373512391982,1.5728,0.4295,-0.2934999999999998,0.0114,0.0298,0.0084,0.099,38.79376999999999,5054.748221853027,-454.12008041607686,GNSS_OUTAGE,False,1.888995704854449,17.739528016111098,5043.149892994352,-451.33111724779155,5043.149892994352,-451.33111724779155,5043.149892994352,-451.33111724779155,predicted_speed
4699975,-0.7668,0.8377,8.3046,0.0051,-0.0461,-0.0199,52.47373,-1.397314,19.33,69.145,98.838,8.381891474482357,0.0504700901524853,0.2033574946055232,0.0177959413494943,-1.1754,0.6308,0.1389000000000013,0.0085,-0.0763,-0.0319,0.1,49.68173999999999,5054.748221853027,-454.12008041607686,GNSS_OUTAGE,False,1.890024704854449,17.6693475161111,5044.827558424483,-451.8856414771948,5044.827558424483,-451.8856414771948,5044.827558424483,-451.8856414771948,predicted_speed
4700076,-0.1662,-0.7187,12.1974,0.004,0.048,0.0832,52.47373,-1.397314,19.33,69.79,98.31,12.219685711588491,0.0961365695248171,3.837794237106136,0.0456664793723317,0.6006,-1.5564,3.8928,-0.0011,0.0941,0.1031,0.101,43.02811999999998,5054.748221853027,-454.12008041607686,GNSS_OUTAGE,False,1.890952894854449,17.6591258111111,5046.520499995807,-452.44695856210916,5046.520499995807,-452.44695856210916,5046.520499995807,-452.44695856210916,predicted_speed
4700175,1.3295,0.0539,10.1788,0.034,-0.0484,-0.1132,52.47373,-1.397314,19.33,69.653,98.169,10.265400376994558,0.1277215721794873,-1.9542853345939355,0.0315850026546702,1.4956999999999998,0.7726,-2.0186,0.03,-0.0964,-0.1964,0.099,44.04981000000001,5054.748221853027,-454.12008041607686,GNSS_OUTAGE,False,1.8948327048544489,17.797180816111098,5048.190726972682,-453.00794617906405,5048.190726972682,-453.00794617906405,5048.190726972682,-453.00794617906405,predicted_speed
4700277,-0.2081,-0.352,10.1901,-0.0148,-0.016,-0.1076,52.47349,-1.394789,19.31,69.16,99.322,10.198301212456904,0.1097852449102337,-0.0670991645376535,-0.0179363272692536,-1.5376,-0.4059,0.0112999999999985,-0.0488,0.0324,0.0055999999999999,0.102,48.153939999999984,5225.75469674689,-480.8068628108995,GNSS_OUTAGE,False,1.893852484854449,17.7825841061111,5049.910720771195,-453.58377367768753,5049.910720771195,-453.58377367768753,5049.910720771195,-453.58377367768753,predicted_speed
4700376,0.4807,0.3877,10.88,-0.0017,0.1095,0.1183,52.47349,-1.394789,19.31,69.548,98.097,10.89751273364707,0.1612080332985921,0.6992115211901648,0.0514227883883584,0.6888000000000001,0.7397,0.6899000000000015,0.0131,0.1255,0.2259,0.099,45.96168,5225.75469674689,-480.8068628108995,GNSS_OUTAGE,False,1.894197994854449,17.8366079111111,5051.5850044118315,-454.14494151057903,5051.5850044118315,-454.14494151057903,5051.5850044118315,-454.14494151057903,predicted_speed
4700475,0.5207,-0.351,10.8439,-0.0023,-0.0057,0.1097,52.47349,-1.394789,19.31,69.581,98.529,10.862066870536196,0.109872061962994,-0.0354458631108727,-0.0513359713355981,0.04,-0.7386999999999999,-0.0361000000000011,-0.0006,-0.1152,-0.0085999999999999,0.099,38.96713999999998,5225.75469674689,-480.8068628108995,GNSS_OUTAGE,False,1.894484104854449,17.894591716111098,5053.264569719877,-454.7084141689666,5053.264569719877,-454.7084141689666,5053.264569719877,-454.7084141689666,predicted_speed
4700575,-1.2274,-1.4279,11.3519,0.0485,-0.0226,-0.0041,52.47349,-1.394789,19.31,69.26,99.065,11.506999729729726,0.053663954382807,0.6449328591935295,-0.0562081075801869,-1.7481,-1.0769,0.5080000000000009,0.0508,-0.0169,-0.1138,0.1,52.08415000000003,5225.75469674689,-480.8068628108995,GNSS_OUTAGE,False,1.899853104854449,17.778351216111098,5054.947019662,-455.28292257785716,5054.947019662,-455.28292257785716,5054.947019662,-455.28292257785716,predicted_speed
4700676,-0.2098,-0.9067,9.9703,0.0395,0.0357,-0.0214,52.47349,-1.394789,19.31,69.563,98.265,10.013640847364158,0.0573820529434073,-1.493358882365568,0.0037180985606002,1.0176,0.5212,-1.3816000000000006,-0.009,0.0583,-0.0173,0.101,36.386,5225.75469674689,-480.8068628108995,GNSS_OUTAGE,False,1.904366794854449,17.7637259111111,5056.642261984092,-455.8703564834529,5056.642261984092,-455.8703564834529,5056.642261984092,-455.8703564834529,predicted_speed
4700776,-0.4447,-0.4594,9.0364,-0.0182,0.0024,-0.0912,52.47349,-1.394789,19.31,69.329,98.131,9.05899174356617,0.0930292427143207,-0.9546491037979888,0.0356471897709134,-0.2349,0.4473,-0.9338999999999996,-0.0577,-0.0333,-0.0698,0.1,48.985490000000006,5225.75469674689,-480.8068628108995,GNSS_OUTAGE,False,1.903065794854449,17.7257554111111,5058.317885624248,-456.44855148991184,5058.317885624248,-456.44855148991184,5058.317885624248,-456.44855148991184,predicted_speed
4700876,0.3734,0.6367,9.8077,-0.0311,0.0291,-0.0182,52.47349,-1.394789,19.31,69.458,98.151,9.835435615162147,0.0463169515404457,0.776443871595978,-0.046712291173875,0.8181,1.0961,0.7713000000000001,-0.0128999999999999,0.0267,0.073,0.1,36.431050000000006,5225.75469674689,-480.8068628108995,GNSS_OUTAGE,False,1.900474794854449,17.7695949111111,5059.9991496004095,-457.0238222744237,5059.9991496004095,-457.0238222744237,5059.9991496004095,-457.0238222744237,predicted_speed
4700975,-0.1758,-0.1763,9.7652,0.0188,0.0245,0.0326,52.47349,-1.394789,19.31,69.584,98.174,9.768373373801802,0.0449048995099643,-0.067062241360345,-0.0014120520304813,-0.5492,-0.8130000000000001,-0.0425000000000004,0.0499,-0.0046,0.0508,0.099,47.23179999999999,5225.75469674689,-480.8068628108995,GNSS_OUTAGE,False,1.9028498048544489,17.7586252161111,5061.661216955649,-457.5969378100416,5061.661216955649,-457.5969378100416,5061.661216955649,-457.5969378100416,predicted_speed
4701076,-0.7427,0.0937,10.0471,0.0267,-0.0099,0.0187,52.47349,-1.394789,19.31,69.46600000000001,98.825,10.07494920036821,0.0340674331290163,0.3065758265664069,-0.010837466380948,-0.5669,0.27,0.2819000000000002,0.0079,-0.0344,-0.0138999999999999,0.101,35.23488999999999,5225.75469674689,-480.8068628108995,GNSS_OUTAGE,False,1.9060706948544488,17.6901770111111,5063.348441064773,-458.18481521846513,5063.348441064773,-458.18481521846513,5063.348441064773,-458.18481521846513,predicted_speed
4701175,-1.123,-0.8933,10.5532,0.0035,0.0424,0.0291,52.47349,-1.394789,19.31,69.39,98.065,10.650311926417931,0.0515443498358452,0.5753627260497218,0.0174769167068289,-0.3802999999999999,-0.987,0.5061,-0.0232,0.0523,0.0104,0.099,49.397329999999975,5225.75469674689,-480.8068628108995,GNSS_OUTAGE,False,1.9069310048544488,17.5854345161111,5064.991969247009,-458.75905378516364,5064.991969247009,-458.75905378516364,5064.991969247009,-458.75905378516364,predicted_speed
4701276,-0.1362,-0.8542,9.1694,-0.0551,-0.0295,-0.0064,52.47349,-1.394789,19.31,69.84,98.321,9.2101088180325,0.0628269050646297,-1.4402031083854323,0.0112825552287844,0.9868,0.0391,-1.3838000000000008,-0.0586,-0.0718999999999999,-0.0355,0.101,48.13045,5225.75469674689,-480.8068628108995,GNSS_OUTAGE,False,1.9018900948544488,17.5782428111111,5066.670944954679,-459.33619735049757,5066.670944954679,-459.33619735049757,5066.670944954679,-459.33619735049757,predicted_speed
4701375,0.0398,0.613,9.4779,-0.0382,-0.0116,0.021,52.47349,-1.394789,19.31,69.505,97.921,9.497786134147264,0.0451087574645988,0.287677316114765,-0.0177181476000309,0.176,1.4672,0.3085000000000004,0.0169,0.0179,0.0274,0.099,41.4913,5225.75469674689,-480.8068628108995,GNSS_OUTAGE,False,1.8986221048544487,17.5886175161111,5068.3194859757,-459.89686180409615,5068.3194859757,-459.89686180409615,5068.3194859757,-459.89686180409615,predicted_speed
4701475,-0.8876,0.1432,9.965,0.0227,0.0004,0.0377,52.47349,-1.394789,19.31,69.39,98.402,10.00547675026033,0.0440084082875079,0.5076906161130665,-0.0011003491770908,-0.9274,-0.4698,0.4870999999999998,0.0608999999999999,0.0119999999999999,0.0166999999999999,0.1,37.18796999999999,5225.75469674689,-480.8068628108995,GNSS_OUTAGE,False,1.9014111048544486,17.5063570161111,5069.975312412468,-460.465161171557,5069.975312412468,-460.465161171557,5069.975312412468,-460.465161171557,predicted_speed
4701575,-0.4194,-0.5551,10.4332,-0.0112,-0.0572,-0.0166,52.47349,-1.394789,19.31,69.642,98.544,10.456371005755294,0.060603960266636,0.4508942554949637,0.016595551979128,0.4681999999999999,-0.6983,0.4681999999999995,-0.0339,-0.0576,-0.0543,0.1,42.944490000000016,5225.75469674689,-480.8068628108995,GNSS_OUTAGE,False,1.9008101048544486,17.4709165161111,5071.628127292548,-461.031316813864,5071.628127292548,-461.031316813864,5071.628127292548,-461.031316813864,predicted_speed
4701675,-0.6965,-1.0924,9.8653,-0.0256,-0.0013,0.0138,52.47349,-1.394789,19.31,69.304,98.553,9.950004728642092,0.0291116815041659,-0.5063662771132016,-0.03149227876247,-0.2771,-0.5373,-0.5678999999999998,-0.0144,0.0559,0.0304,0.1,38.10874999999999,5225.75469674689,-480.8068628108995,GNSS_OUTAGE,False,1.8987691048544486,17.4077660161111,5073.276115812119,-461.59206365164306,5073.276115812119,-461.59206365164306,5073.276115812119,-461.59206365164306,predicted_speed
4701775,0.1781,-0.0458,9.5817,0.0302,0.0533,-0.0317,52.47349,-1.394789,19.31,69.595,98.406,9.583464516551413,0.0689769526726137,-0.3665402120906798,0.0398652711684477,0.8746,1.0466,-0.2835999999999998,0.0558,0.0546,-0.0455,0.1,38.447,5225.75469674689,-480.8068628108995,GNSS_OUTAGE,False,1.9023081048544486,17.4320755161111,5074.924408120782,-462.1594304053373,5074.924408120782,-462.1594304053373,5074.924408120782,-462.1594304053373,predicted_speed
4701875,-0.1152,0.0091,8.6375,-0.0112,0.0179,-0.0526,52.47349,-1.394789,19.31,69.682,97.879,8.638272981331395,0.0566798906138676,-0.9451915352200172,-0.0122970620587461,-0.2933,0.0549,-0.9442000000000004,-0.0414,-0.0354,-0.0209,0.1,58.34375000000004,5225.75469674689,-480.8068628108995,GNSS_OUTAGE,False,1.9017071048544485,17.4270550161111,5076.57256630697,-462.72564331462837,5076.57256630697,-462.72564331462837,5076.57256630697,-462.72564331462837,predicted_speed
4701975,-0.8711,-0.0211,9.8404,0.0086,0.0375,-0.0115,52.47349,-1.394789,19.31,69.41199999999999,98.547,9.878903409792,0.0401554479491886,1.2406304284606051,-0.0165244426646789,-0.7559,-0.0302,1.2029000000000014,0.0197999999999999,0.0196,0.0411,0.1,39.69812,5225.75469674689,-480.8068628108995,GNSS_OUTAGE,False,1.9030861048544485,17.346444516111102,5078.212322025245,-463.29149891271595,5078.212322025245,-463.29149891271595,5078.212322025245,-463.29149891271595,predicted_speed
4702075,-0.0125,-0.6884,10.1506,0.0113,-0.0469,-0.0537,52.47349,-1.394789,19.31,69.232,98.99,10.173924079233146,0.0721871872287596,0.2950206694411452,0.0320317392795709,0.8586,-0.6673,0.3102,0.0026999999999999,-0.0844,-0.0422,0.1,45.77046,5225.75469674689,-480.8068628108995,GNSS_OUTAGE,False,1.9047351048544485,17.351694016111104,5079.851638369717,-463.8602297585787,5079.851638369717,-463.8602297585787,5079.851638369717,-463.8602297585787,predicted_speed
4702175,0.308,-0.25,9.0883,-0.038,-0.0409,-0.0345,52.47349,-1.394789,19.31,69.214,99.171,9.096953385062497,0.065628195160312,-1.0769706941706492,-0.0065589920684476,0.3205,0.4384,-1.0623000000000005,-0.0493,0.0059999999999999,0.0191999999999999,0.1,51.25527999999998,5225.75469674689,-480.8068628108995,GNSS_OUTAGE,False,1.9014541048544484,17.388993516111103,5081.496339788008,-464.4247899411128,5081.496339788008,-464.4247899411128,5081.496339788008,-464.4247899411128,predicted_speed
4702275,0.555,-0.091,8.7291,-0.0016,-0.0314,-0.0225,52.47349,-1.394789,19.31,69.556,98.702,8.747199140867894,0.0386622554955087,-0.3497542441946031,-0.0269659396648032,0.247,0.159,-0.3591999999999995,0.0364,0.0095,0.012,0.1,46.94118000000001,5225.75469674689,-480.8068628108995,GNSS_OUTAGE,False,1.9018131048544484,17.450993016111102,5083.146701792651,-464.9919555484227,5083.146701792651,-464.9919555484227,5083.146701792651,-464.9919555484227,predicted_speed
4702381,-0.577,0.1858,9.7443,-0.0516,-0.0297,0.0342,52.47349,-1.394789,19.31,69.415,98.225,9.76313643917773,0.0686606874419416,1.0159372983098365,0.0299984319464328,-1.132,0.2768,1.0152,-0.05,0.0016999999999999,0.0567,0.106,33.39785,5225.75469674689,-480.8068628108995,GNSS_OUTAGE,False,1.8968936448544484,17.396720486111104,5084.893572184957,-465.5826948999331,5084.893572184957,-465.5826948999331,5084.893572184957,-465.5826948999331,predicted_speed
4702475,-0.0806,0.7636,9.1702,0.0188,0.0234,0.0568,52.47349,-1.394789,19.31,69.433,98.272,9.202290440971746,0.0642435989029257,-0.5608459982059841,-0.0044170885390158,0.4963999999999999,0.5778,-0.5741000000000014,0.0704,0.0531,0.0226,0.094,51.244040000000005,5225.75469674689,-480.8068628108995,GNSS_OUTAGE,False,1.8991487048544484,17.395253616111102,5086.4413678649125,-466.1100056368766,5086.4413678649125,-466.1100056368766,5086.4413678649125,-466.1100056368766,predicted_speed
4702575,0.005,0.2919,8.9141,0.0262,0.0296,0.0564,52.47349,-1.394789,19.31,69.473,98.628,8.918879381402126,0.0688735072433515,-0.2834110595696195,0.0046299083404258,0.0856,-0.4716999999999999,-0.2561,0.0074,0.0062,-0.0004,0.1,53.61542000000002,5225.75469674689,-480.8068628108995,GNSS_OUTAGE,False,1.9022877048544484,17.4022531161111,5088.086851866562,-466.6763681846223,5088.086851866562,-466.6763681846223,5088.086851866562,-466.6763681846223,predicted_speed
4702675,0.0807,-0.5288,9.8659,0.0302,0.0312,0.0321,52.47349,-1.394789,19.31,69.545,98.523,9.88039092040391,0.0539989814718759,0.9615115390017834,-0.0148745257714756,0.0756999999999999,-0.8207,0.9518000000000004,0.004,0.0015999999999999,-0.0243,0.1,41.495740000000005,5225.75469674689,-480.8068628108995,GNSS_OUTAGE,False,1.9058267048544484,17.4168226161111,5089.731697154949,-467.24902958342864,5089.731697154949,-467.24902958342864,5089.731697154949,-467.24902958342864,predicted_speed
4702775,0.0084,-0.2668,9.2251,0.0037,-0.0056,-0.0161,52.47349,-1.394789,19.31,69.138,98.569,9.228961090502006,0.0174430501919819,-0.6514298299019039,-0.036555931279894,-0.0722999999999999,0.262,-0.6408000000000005,-0.0265,-0.0368,-0.0481999999999999,0.1,41.452340000000014,5225.75469674689,-480.8068628108995,GNSS_OUTAGE,False,1.9067157048544483,17.424162116111102,5091.3767256252495,-467.8233949605076,5091.3767256252495,-467.8233949605076,5091.3767256252495,-467.8233949605076,predicted_speed
4702875,-0.1515,-0.4274,9.25,-0.0072,-0.005,-0.0064,52.47349,-1.394789,19.31,69.487,98.597,9.261108087588656,0.0108535708409721,0.0321469970866488,-0.0065894793510097,-0.1599,-0.1606,0.0249000000000005,-0.0109,0.0005999999999999,0.0097,0.1,43.8779,5225.75469674689,-480.8068628108995,GNSS_OUTAGE,False,1.9065147048544484,17.4155116161111,5093.021052752139,-468.39714468667916,5093.021052752139,-468.39714468667916,5093.021052752139,-468.39714468667916,predicted_speed
4702975,-0.1678,-0.5566,9.0889,-0.0128,0.046,0.0528,52.47349,-1.394789,19.31,69.332,98.326,9.107472954118505,0.0711876393765097,-0.1536351334701517,0.0603340685355376,-0.0163,-0.1291999999999999,-0.1610999999999993,-0.0056,0.051,0.0592,0.1,48.893570000000025,5225.75469674689,-480.8068628108995,GNSS_OUTAGE,False,1.9057537048544484,17.4052311161111,5094.664845110973,-468.9693049641296,5094.664845110973,-468.9693049641296,5094.664845110973,-468.9693049641296,predicted_speed
4703075,0.5197,0.0541,10.342,-0.0151,-0.0578,-0.0344,52.47349,-1.394789,19.31,69.667,97.484,10.355190915671232,0.0689362749211182,1.2477179615527303,-0.0022513644553914,0.6875,0.6107,1.2531,-0.0023,-0.1038,-0.0872,0.1,46.88351999999999,5225.75469674689,-480.8068628108995,GNSS_OUTAGE,False,1.9047627048544484,17.4637006161111,5096.314727577219,-469.54175255095964,5096.314727577219,-469.54175255095964,5096.314727577219,-469.54175255095964,predicted_speed
4703175,-0.8547,-1.0328,10.156,0.0071,-0.0503,-0.0337,52.47349,-1.394789,19.31,69.437,97.944,10.244097028533067,0.0609605610210404,-0.1110938871381659,-0.0079757139000777,-1.3744,-1.0869,-0.1859999999999999,0.0222,0.0075,0.0006999999999999,0.1,50.00624000000002,5225.75469674689,-480.8068628108995,GNSS_OUTAGE,False,1.9059917048544484,17.3847301161111,5097.9564477115,-470.11362964684236,5097.9564477115,-470.11362964684236,5097.9564477115,-470.11362964684236,predicted_speed
4703275,-0.7667,-0.7829,10.9227,0.0375,0.0357,0.027,52.47349,-1.394789,19.31,69.419,98.013,10.977528710506752,0.0583929790300169,0.7334316819736841,-0.0025675819910235,0.0879999999999999,0.2498999999999999,0.7667000000000002,0.0303999999999999,0.086,0.0607,0.1,52.72948000000002,5225.75469674689,-480.8068628108995,GNSS_OUTAGE,False,1.9102607048544484,17.3145596161111,5099.589094941163,-470.6901734617171,5099.589094941163,-470.6901734617171,5099.589094941163,-470.6901734617171,predicted_speed
4703375,-0.3471,0.232,9.2672,0.0131,0.0491,0.0036,52.47349,-1.394789,19.31,69.314,98.369,9.276599498199758,0.050944872165901,-1.7009292123069937,-0.0074481068641159,0.4196,1.0149,-1.6555,-0.0243999999999999,0.0133999999999999,-0.0234,0.1,50.283950000000026,5225.75469674689,-480.8068628108995,GNSS_OUTAGE,False,1.9120897048544485,17.2863491161111,5101.218026602943,-471.26875819958383,5101.218026602943,-471.26875819958383,5101.218026602943,-471.26875819958383,predicted_speed
4703476,-0.4087,0.0853,9.3395,-0.0271,0.0306,0.019,52.47349,-1.394789,19.31,69.07300000000001,99.587,9.348827307742932,0.0450751594561794,0.0722278095431754,-0.0058697127097216,-0.0615999999999999,-0.1467,0.0722999999999984,-0.0402,-0.0185,0.0154,0.101,47.1101,5225.75469674689,-480.8068628108995,GNSS_OUTAGE,False,1.9098767948544486,17.2516349111111,5102.861230212882,-471.8483204202933,5102.861230212882,-471.8483204202933,5102.861230212882,-471.8483204202933,predicted_speed
4703576,-0.2244,0.4114,9.6643,-0.0132,0.0401,0.0265,52.47349,-1.394789,19.31,69.08800000000001,98.647,9.675655006768276,0.0498447590023264,0.3268276990253422,0.004769599546147,0.1843,0.3261,0.3248000000000015,0.0139,0.0094999999999999,0.0075,0.1,43.7557,5225.75469674689,-480.8068628108995,GNSS_OUTAGE,False,1.9090757948544486,17.2356944111111,5104.48711988071,-472.42031203420044,5104.48711988071,-472.42031203420044,5104.48711988071,-472.42031203420044,predicted_speed
4703675,-0.0968,0.1829,10.0828,0.0233,0.0717,0.061,52.47349,-1.394789,19.31,69.001,98.636,10.084923325935604,0.0969782449830888,0.4092683191673281,0.0471334859807624,0.1276,-0.2284999999999999,0.4184999999999998,0.0365,0.0316,0.0345,0.099,50.77393,5225.75469674689,-480.8068628108995,GNSS_OUTAGE,False,1.9118963048544486,17.2325457161111,5106.09485331475,-472.99101717515356,5106.09485331475,-472.99101717515356,5106.09485331475,-472.99101717515356,predicted_speed
4703776,-0.3367,-1.2527,10.9461,0.0016,-0.0276,-0.0509,52.47349,-1.394789,19.31,69.016,97.078,11.02269156739859,0.0579234840112367,0.9377682414629868,-0.0390547609718521,-0.2399,-1.4356,0.8632999999999988,-0.0217,-0.0993,-0.1119,0.101,55.190320000000014,5225.75469674689,-480.8068628108995,GNSS_OUTAGE,False,1.9125820948544485,17.2051035111111,5107.732055192638,-473.5734474390257,5107.732055192638,-473.5734474390257,5107.732055192638,-473.5734474390257,predicted_speed
4703875,-0.4697,-0.984,10.42,-0.0337,-0.0737,-0.0843,52.47349,-1.394789,19.31,69.282,98.569,10.476892387058292,0.1169353240043401,-0.545799180340298,0.0590118399931033,-0.133,0.2686999999999999,-0.5260999999999996,-0.0353,-0.0461,-0.0334,0.099,43.93219000000001,5225.75469674689,-480.8068628108995,GNSS_OUTAGE,False,1.9097596048544485,17.1650377161111,5109.334701369417,-474.1384937774517,5109.334701369417,-474.1384937774517,5109.334701369417,-474.1384937774517,predicted_speed
4703975,0.0558,-0.7126,10.8309,-0.0226,0.0081,-0.004,52.47349,-1.394789,19.31,69.167,99.376,10.85446024498685,0.0243386523866873,0.3775678579285575,-0.0925966716176528,0.5255,0.2714,0.4108999999999998,0.0111,0.0818,0.0803,0.1,53.587770000000006,5225.75469674689,-480.8068628108995,GNSS_OUTAGE,False,1.9080186048544485,17.1771172161111,5110.955667035076,-474.70682807108204,5110.955667035076,-474.70682807108204,5110.955667035076,-474.70682807108204,predicted_speed
4704075,0.3008,1.1528,9.5259,0.0058,0.051,0.0602,52.47349,-1.394789,19.31,69.24600000000001,98.619,9.600114545670795,0.0791118195973269,-1.2543456993160549,0.0547731672106396,0.245,1.8654,-1.3049999999999995,0.0283999999999999,0.0428999999999999,0.0642,0.1,46.46365,5225.75469674689,-480.8068628108995,GNSS_OUTAGE,False,1.9091176048544485,17.213696716111098,5112.579457714976,-475.27815755064,5112.579457714976,-475.27815755064,5112.579457714976,-475.27815755064,predicted_speed
4704175,-0.4824,0.1294,9.5086,-0.0287,0.0155,0.0854,52.47349,-1.394789,19.31,69.476,98.473,9.52170825429975,0.0914171756290906,-0.0784062913710457,0.0123053560317637,-0.7832,-1.0234,-0.0173000000000005,-0.0345,-0.0355,0.0252,0.1,36.487420000000014,5225.75469674689,-480.8068628108995,GNSS_OUTAGE,False,1.9067666048544485,17.1719562161111,5114.200646419253,-475.8442917997421,5114.200646419253,-475.8442917997421,5114.200646419253,-475.8442917997421,predicted_speed
4704276,0.1986,-0.5162,10.7721,-0.0074,-0.0374,-0.0077,52.47349,-1.394789,19.31,69.001,98.651,10.78628957566039,0.0388948582720132,1.264581321360641,-0.0525223173570773,0.681,-0.6456,1.2635000000000003,0.0213,-0.0529,-0.0931,0.101,49.06764999999999,5225.75469674689,-480.8068628108995,GNSS_OUTAGE,False,1.9065433948544486,17.1985793111111,5115.840713394795,-476.4166078279445,5115.840713394795,-476.4166078279445,5115.840713394795,-476.4166078279445,predicted_speed
4704375,-0.243,-0.5095,9.1984,-0.0144,-0.0204,-0.0043,52.47349,-1.394789,19.31,69.02600000000001,98.792,9.215704086503646,0.0253379162521309,-1.5705854891567448,-0.0135569420198823,-0.4416,0.0067,-1.5737000000000003,-0.0069999999999999,0.017,0.0034,0.099,50.65218999999998,5225.75469674689,-480.8068628108995,GNSS_OUTAGE,False,1.9056316048544486,17.1809568161111,5117.447166888784,-476.9755515394891,5117.447166888784,-476.9755515394891,5117.447166888784,-476.9755515394891,predicted_speed
4704476,-1.5298,-1.5139,9.9982,-0.0187,0.0377,0.0556,52.47349,-1.394789,19.31,69.376,98.858,10.22722760527016,0.069730481139886,1.0115235187665146,0.0443925648877551,-1.2868,-1.0044,0.7998000000000012,-0.0043,0.0581,0.0598999999999999,0.101,33.817,5225.75469674689,-480.8068628108995,GNSS_OUTAGE,False,1.9042670948544487,17.0330115111111,5119.072731230545,-477.53865916852396,5119.072731230545,-477.53865916852396,5119.072731230545,-477.53865916852396,predicted_speed
4704575,0.0072,-1.2742,10.4082,-0.0298,-0.1219,-0.0738,52.47349,-1.394789,19.31,69.39,98.579,10.485907911096684,0.1455819013476606,0.2586803058265232,0.0758514202077746,1.537,0.2397,0.4100000000000001,-0.0110999999999999,-0.1596,-0.1294,0.099,42.28130000000001,5225.75469674689,-480.8068628108995,GNSS_OUTAGE,False,1.9018307048544487,17.0401588161111,5120.668115397549,-478.0869624139769,5120.668115397549,-478.0869624139769,5120.668115397549,-478.0869624139769,predicted_speed
4704676,0.4884,0.7172,9.7387,0.0365,0.0636,0.0195,52.47349,-1.394789,19.31,69.275,98.457,9.777279176233028,0.0758779282795728,-0.7086287348636553,-0.0697039730680878,0.4812,1.9914,-0.6695000000000011,0.0663,0.1855,0.0933,0.101,39.593970000000006,5225.75469674689,-480.8068628108995,GNSS_OUTAGE,False,1.9060413948544488,17.096051711111098,5122.298690663332,-478.65504816059587,5122.298690663332,-478.65504816059587,5122.298690663332,-478.65504816059587,predicted_speed
4704775,0.5035,-0.8837,10.1615,-0.0391,-0.0386,-0.0473,52.47349,-1.394789,19.31,69.22399999999999,98.267,10.212273017795791,0.0724986896433308,0.4349938415627647,-0.003379238636242,0.0150999999999999,-1.6009,0.4228000000000005,-0.0756,-0.1022,-0.0668,0.099,41.38214,5225.75469674689,-480.8068628108995,GNSS_OUTAGE,False,1.9026843048544488,17.152332716111097,5123.904105409445,-479.20833142258954,5123.904105409445,-479.20833142258954,5123.904105409445,-479.20833142258954,predicted_speed
4704875,-0.7633,-0.3145,9.8896,-0.0111,0.01,0.0348,52.47349,-1.394789,19.31,69.24600000000001,98.611,9.923997445586128,0.0378714932369981,-0.288275572209665,-0.0346271964063326,-1.2668,0.5692,-0.2719000000000005,0.028,0.0486,0.0821,0.1,41.27099999999999,5225.75469674689,-480.8068628108995,GNSS_OUTAGE,False,1.9020933048544488,17.0825022161111,5125.519463155626,-479.7639735479616,5125.519463155626,-479.7639735479616,5125.519463155626,-479.7639735479616,predicted_speed
4704976,-0.9357,-0.768,10.12,0.0446,0.0082,-0.036,52.47349,-1.394789,19.31,69.38600000000001,98.693,10.192141997146624,0.0578999136441497,0.2681445515604963,0.0200284204071515,-0.1724,-0.4535,0.2303999999999995,0.0557,-0.0017999999999999,-0.0708,0.101,40.412600000000026,5225.75469674689,-480.8068628108995,GNSS_OUTAGE,False,1.9071220948544487,16.9945610111111,5127.139747280308,-480.330438225414,5127.139747280308,-480.330438225414,5127.139747280308,-480.330438225414,predicted_speed
4705075,0.4387,0.6764,9.1031,0.0326,0.0075,-0.0441,52.47349,-1.394789,19.31,69.39699999999999,98.984,9.138730998338882,0.0553517840724217,-1.0534109988077418,-0.002548129571728,1.3744,1.4444,-1.0168999999999997,-0.012,-0.0007,-0.0081,0.099,42.20595000000001,5225.75469674689,-480.8068628108995,GNSS_OUTAGE,False,1.9108633048544488,17.0444268161111,5128.730512163788,-480.89327031029654,5128.730512163788,-480.89327031029654,5128.730512163788,-480.89327031029654,predicted_speed
4705176,0.3849,0.5801,9.0664,-0.0461,-0.0202,0.0245,52.47349,-1.394789,19.31,69.433,98.834,9.0930892979229,0.0559776741210279,-0.045641700415981,0.0006258900486062,-0.0537999999999999,-0.0963,-0.0366999999999997,-0.0786999999999999,-0.0277,0.0686,0.101,44.42732000000001,5225.75469674689,-480.8068628108995,GNSS_OUTAGE,False,1.9067313948544489,17.089866211111097,5130.360105247947,-481.46227507314865,5130.360105247947,-481.46227507314865,5130.360105247947,-481.46227507314865,predicted_speed
4705275,-0.0163,0.1515,8.4597,0.01,0.0467,0.0299,52.47349,-1.394789,19.31,69.289,98.807,8.461072156056819,0.0563462509844266,-0.6320171418660827,0.0003685768633987,-0.4012,-0.4286,-0.6067,0.0561,0.0669,0.0053999999999999,0.099,52.71021000000002,5225.75469674689,-480.8068628108995,GNSS_OUTAGE,False,1.9082352048544489,17.0946870161111,5131.957038970273,-482.0225718621573,5131.957038970273,-482.0225718621573,5131.957038970273,-482.0225718621573,predicted_speed
4705375,-0.2532,-0.1825,9.1149,0.0272,0.0506,-0.0205,52.47349,-1.394789,19.31,69.304,98.737,9.120242239107467,0.0609954916366775,0.6591700830506486,0.0046492406522509,-0.2368999999999999,-0.3339999999999999,0.6552000000000007,0.0172,0.0039,-0.0504,0.1,48.44770000000001,5225.75469674689,-480.8068628108995,GNSS_OUTAGE,False,1.9114742048544489,17.0758665161111,5133.566487859872,-482.59312111027725,5133.566487859872,-482.59312111027725,5133.566487859872,-482.59312111027725,predicted_speed
4705476,-0.0156,-1.3672,10.2173,-0.0138,-0.0054,-0.0618,52.47349,-1.394789,19.31,69.296,98.677,10.308380012882722,0.0635518685799245,1.1881377737752548,0.0025563769432469,0.2375999999999999,-1.1847,1.1023999999999994,-0.0409999999999999,-0.056,-0.0413,0.101,43.71251000000001,5225.75469674689,-480.8068628108995,GNSS_OUTAGE,False,1.9106045948544488,17.0808554111111,5135.19300680647,-483.1681299902496,5135.19300680647,-483.1681299902496,5135.19300680647,-483.1681299902496,predicted_speed
4705576,0.4081,-0.2921,9.3259,-0.0179,-0.0335,-0.0645,52.47349,-1.394789,19.31,69.343,98.673,9.339393921984446,0.0748525884655968,-0.9689860908982766,0.0113007198856723,0.4237,1.0751,-0.8913999999999991,-0.0040999999999999,-0.0281,-0.0027,0.1,46.13119,5225.75469674689,-480.8068628108995,GNSS_OUTAGE,False,1.9093335948544488,17.1281649111111,5136.808606332586,-483.7369696015941,5136.808606332586,-483.7369696015941,5136.808606332586,-483.7369696015941,predicted_speed
4705675,0.7919,0.508,9.4049,-0.0125,-0.0676,-0.095,52.47349,-1.394789,19.31,69.469,98.733,9.451841810991125,0.1172647005709731,0.1124478890066793,0.0424121121053763,0.3838,0.8001,0.0789999999999988,0.0053999999999999,-0.0340999999999999,-0.0305,0.099,34.95213999999999,5225.75469674689,-480.8068628108995,GNSS_OUTAGE,False,1.9086099048544487,17.2129975161111,5138.416380753283,-484.30174661744604,5138.416380753283,-484.30174661744604,5138.416380753283,-484.30174661744604,predicted_speed
4705775,-0.5455,0.3427,9.5823,0.034,0.0545,0.065,52.47349,-1.394789,19.31,69.39399999999999,98.62,9.603930800979358,0.0913851738522174,0.1520889899882327,-0.0258795267187557,-1.3374,-0.1653,0.1774000000000004,0.0465,0.1220999999999999,0.16,0.1,44.167700000000025,5225.75469674689,-480.8068628108995,GNSS_OUTAGE,False,1.9125289048544487,17.1649470161111,5140.033619935624,-484.8769782992567,5140.033619935624,-484.8769782992567,5140.033619935624,-484.8769782992567,predicted_speed
4705875,-0.2954,0.2991,9.4826,0.0133,0.0034,0.0475,52.47349,-1.394789,19.31,69.34,98.748,9.491913649522946,0.0494439076125663,-0.1120171514564116,-0.041941266239651,0.2501,-0.0436,-0.0997000000000003,-0.0207,-0.0511,-0.0175,0.1,39.62398,5225.75469674689,-480.8068628108995,GNSS_OUTAGE,False,1.9143779048544487,17.1419065161111,5141.647623362703,-485.454423125582,5141.647623362703,-485.454423125582,5141.647623362703,-485.454423125582,predicted_speed
4705976,-0.2308,-0.0676,9.6114,-0.0332,-0.0264,0.0086,52.47349,-1.394789,19.31,69.415,98.973,9.614408372853736,0.0432800184842844,0.1224947233307887,-0.0061638891282819,0.0645999999999999,-0.3666999999999999,0.1288,-0.0465,-0.0298,-0.0389,0.101,39.84927000000002,5225.75469674689,-480.8068628108995,GNSS_OUTAGE,False,1.9115488948544488,17.125160211111098,5143.277816103319,-486.03246312814883,5143.277816103319,-486.03246312814883,5143.277816103319,-486.03246312814883,predicted_speed
4706075,-0.7885,-0.9604,10.0858,-0.0379,-0.0199,-0.0199,52.47349,-1.394789,19.31,69.494,98.922,10.162059931431228,0.0472062495862571,0.5476515585774919,0.0039262311019727,-0.5577,-0.8928,0.474400000000001,-0.0047,0.0064999999999999,-0.0285,0.099,48.53991,5225.75469674689,-480.8068628108995,GNSS_OUTAGE,False,1.9083106048544487,17.0535332161111,5144.870863213485,-486.5915311743543,5144.870863213485,-486.5915311743543,5144.870863213485,-486.5915311743543,predicted_speed
4706175,0.5221,0.5633,9.7813,-0.0306,-0.0822,-0.0628,52.47349,-1.394789,19.31,69.494,99.033,9.811407900500315,0.1078751129779246,-0.3506520309309113,0.0606688633916675,1.3106,1.5237,-0.3045000000000009,0.0073,-0.0622999999999999,-0.0428999999999999,0.1,50.86272000000002,5225.75469674689,-480.8068628108995,GNSS_OUTAGE,False,1.9057696048544488,17.112242716111098,5146.486976090816,-487.1540857721288,5146.486976090816,-487.1540857721288,5146.486976090816,-487.1540857721288,predicted_speed
4706276,-0.2549,-0.6576,11.403,0.0139,-0.0176,0.0136,52.47349,-1.394789,19.31,69.516,99.124,11.424789747299512,0.0262284197007749,1.6133818467991965,-0.0816466932771496,-0.777,-1.2209,1.6217000000000006,0.0445,0.0645999999999999,0.0764,0.101,57.20900999999999,5225.75469674689,-480.8068628108995,GNSS_OUTAGE,False,1.9076976948544488,17.093062311111098,5148.116323244021,-487.7247716530381,5148.116323244021,-487.7247716530381,5148.116323244021,-487.7247716530381,predicted_speed
4706375,-0.5518,-0.1238,10.8522,0.0083,-0.0133,0.0509,52.47349,-1.394789,19.31,69.329,99.025,10.866924795911675,0.0532596470134754,-0.5578649513878364,0.0270312273127004,-0.2968999999999999,0.5337999999999999,-0.5508000000000006,-0.0055999999999999,0.0043,0.0373,0.099,53.152180000000016,5225.75469674689,-480.8068628108995,GNSS_OUTAGE,False,1.909033204854449,17.0448686161111,5149.708156762023,-488.2847060515968,5149.708156762023,-488.2847060515968,5149.708156762023,-488.2847060515968,predicted_speed
4706475,-0.3306,-0.0386,9.883,0.0245,0.0005,0.0048,52.47349,-1.394789,19.31,69.39699999999999,99.112,9.888603304815094,0.0249707829272532,-0.9783214910965814,-0.0282888640862222,0.2211999999999999,0.0852,-0.9692000000000008,0.0162,0.0138,-0.0461,0.1,21.025149999999996,5225.75469674689,-480.8068628108995,GNSS_OUTAGE,False,1.912002204854449,17.0183081161111,5151.3118801509,-488.85417896870337,5151.3118801509,-488.85417896870337,5151.3118801509,-488.85417896870337,predicted_speed
4706576,-0.645,-0.7131,9.9998,0.0054,0.0196,-0.0846,52.47349,-1.394789,19.31,69.563,99.071,10.045921393779668,0.0870085053313755,0.1573180889645744,0.0620377224041222,-0.3144,-0.6745,0.1168000000000013,-0.0191,0.0191,-0.0894,0.101,39.35795000000002,5225.75469674689,-480.8068628108995,GNSS_OUTAGE,False,1.913071794854449,16.959727611111102,5152.925451226423,-489.42909295805777,5152.925451226423,-489.42909295805777,5152.925451226423,-489.42909295805777,predicted_speed
4706675,-0.9289,-0.3116,9.6745,-0.0045,-0.1015,-0.2101,52.47349,-1.394789,19.31,69.57,99.233,9.723985809327369,0.2333763269914067,-0.3219355844523015,0.1463678216600312,-0.2838999999999999,0.4014999999999999,-0.3253000000000003,-0.0098999999999999,-0.1211,-0.1255,0.099,41.78078999999999,5225.75469674689,-480.8068628108995,GNSS_OUTAGE,False,1.913140104854449,16.8742010161111,5154.499056112014,-489.9898881702697,5154.499056112014,-489.9898881702697,5154.499056112014,-489.9898881702697,predicted_speed
4706776,0.2883,0.422,9.2239,-0.0032,0.0719,-0.0016,52.47349,-1.394789,19.31,69.61,99.158,9.238048067638532,0.0719889574865479,-0.4859377416888346,-0.1613873695048588,1.2172,0.7336,-0.4505999999999996,0.0012999999999999,0.1734,0.2085,0.101,37.44270999999999,5225.75469674689,-480.8068628108995,GNSS_OUTAGE,False,1.913341094854449,16.9098838111111,5156.1077305543595,-490.5635457526893,5156.1077305543595,-490.5635457526893,5156.1077305543595,-490.5635457526893,predicted_speed
4706875,-0.4962,0.9038,9.3887,-0.0203,0.0115,0.0281,52.47349,-1.394789,19.31,69.617,99.158,9.445144602916358,0.0365232802469876,0.2070965352778255,-0.0354656772395602,-0.7845,0.4818,0.1647999999999996,-0.0170999999999999,-0.0604,0.0297,0.099,45.21610000000001,5225.75469674689,-480.8068628108995,GNSS_OUTAGE,False,1.911845204854449,16.867194516111102,5157.681406601526,-491.1220708274181,5157.681406601526,-491.1220708274181,5157.681406601526,-491.1220708274181,predicted_speed
4706975,-0.4852,-0.172,10.2026,0.0084,0.0046,0.0386,52.47349,-1.394789,19.31,69.444,99.086,10.215578779491644,0.0397703407076177,0.7704341765752876,0.0032470604606301,0.0109999999999999,-1.0758,0.8139000000000003,0.0286999999999999,-0.0069,0.0105,0.1,40.75709000000002,5225.75469674689,-480.8068628108995,GNSS_OUTAGE,False,1.913204204854449,16.825174016111102,5159.2662520795675,-491.6869864117792,5159.2662520795675,-491.6869864117792,5159.2662520795675,-491.6869864117792,predicted_speed
4707075,0.4202,-0.1723,9.9456,0.0112,0.0334,0.0497,52.47349,-1.394789,19.31,69.53399999999999,99.171,9.955963775044584,0.0609187163357863,-0.2596150044470615,0.0211483756281685,0.9054,-0.0003,-0.2569999999999997,0.0028,0.0288,0.0110999999999999,0.1,42.38481,5225.75469674689,-480.8068628108995,GNSS_OUTAGE,False,1.914843204854449,16.873693516111103,5160.854737145639,-492.2561353585637,5160.854737145639,-492.2561353585637,5160.854737145639,-492.2561353585637,predicted_speed
4707175,-0.1338,-0.2088,10.8997,-0.0138,0.0338,0.0109,52.47349,-1.394789,19.31,69.7,99.135,10.902520808051683,0.0381010498543019,0.9465570330071014,-0.0228176664814844,-0.554,-0.0365,0.9540999999999986,-0.025,0.0003999999999999,-0.0388,0.1,44.76116000000001,5225.75469674689,-480.8068628108995,GNSS_OUTAGE,False,1.913982204854449,16.866813016111102,5162.443063732065,-492.8236848877294,5162.443063732065,-492.8236848877294,5162.443063732065,-492.8236848877294,predicted_speed
4707276,0.5449,-0.3268,9.7787,-0.021,-0.002,-0.0299,52.47349,-1.394789,19.31,69.60600000000001,98.991,9.799320789728236,0.0365924855673948,-1.1032000183234505,-0.001508564286907,0.6787000000000001,-0.1179999999999999,-1.1209999999999989,-0.0072,-0.0358,-0.0408,0.101,29.98435,5225.75469674689,-480.8068628108995,GNSS_OUTAGE,False,1.9123853948544491,16.928412411111104,5164.054048950622,-493.396431684923,5164.054048950622,-493.396431684923,5164.054048950622,-493.396431684923,predicted_speed
4707375,-0.4709,-0.1746,10.7606,-0.0202,-0.0358,-0.0445,52.47349,-1.394789,19.31,69.696,98.888,10.77231378720468,0.0605799471772632,0.9729929974764442,0.0239874616098683,-1.0158,0.1521999999999999,0.9818999999999996,0.0008,-0.0338,-0.0145999999999999,0.099,46.64733999999999,5225.75469674689,-480.8068628108995,GNSS_OUTAGE,False,1.9108994048544492,16.888227816111105,5165.630215570208,-493.9541627486772,5165.630215570208,-493.9541627486772,5165.630215570208,-493.9541627486772,predicted_speed
4707475,-0.4942,0.1931,11.8242,0.0313,-0.0365,-0.0318,52.47349,-1.394789,19.31,69.57,98.669,11.836098465710734,0.0576470294117572,1.063784678506055,-0.0029329177655059,-0.0232999999999999,0.3677,1.0635999999999992,0.0515,-0.0006999999999999,0.0126999999999999,0.1,52.47946999999997,5225.75469674689,-480.8068628108995,GNSS_OUTAGE,False,1.9145484048544492,16.845307316111104,5167.21619580082,-494.5218867078775,5167.21619580082,-494.5218867078775,5167.21619580082,-494.5218867078775,predicted_speed
4707575,0.5776,0.6902,8.7481,0.0014,0.0303,0.0126,52.47349,-1.394789,19.31,69.444,98.709,8.794273785253676,0.0328452431867995,-3.041824680457058,-0.0248017862249576,1.0718,0.4971,-3.0760999999999985,-0.0299,0.0668,0.0444,0.1,39.01525,5225.75469674689,-480.8068628108995,GNSS_OUTAGE,False,1.9152074048544492,16.909566816111102,5168.807850139611,-495.0928253778699,5168.807850139611,-495.0928253778699,5168.807850139611,-495.0928253778699,predicted_speed
4707675,0.0836,0.2762,9.0574,-0.0503,0.062,0.0773,52.47349,-1.394789,19.31,69.696,98.945,9.061995925843268,0.1111277643075752,0.2677221405895924,0.0782825211207757,-0.494,-0.414,0.3092999999999986,-0.0516999999999999,0.0317,0.0647,0.1,41.98553999999997,5225.75469674689,-480.8068628108995,GNSS_OUTAGE,False,1.9106964048544492,16.924426316111102,5170.403464715456,-495.6570737156135,5170.403464715456,-495.6570737156135,5170.403464715456,-495.6570737156135,predicted_speed
4707775,-0.6572,-0.3268,10.6007,-0.0287,-0.0707,-0.0168,52.47349,-1.394789,19.31,69.498,99.036,10.626078795585888,0.0781307877856098,1.5640828697426183,-0.0329969765219654,-0.7408,-0.603,1.5433000000000003,0.0215999999999999,-0.1326999999999999,-0.0940999999999999,0.1,54.72837000000001,5225.75469674689,-480.8068628108995,GNSS_OUTAGE,False,1.9083454048544493,16.865205816111104,5171.994813564395,-496.2156079698686,5171.994813564395,-496.2156079698686,5171.994813564395,-496.2156079698686,predicted_speed
4707875,-0.0102,0.0052,10.9384,0.0205,0.0345,0.0748,52.47349,-1.394789,19.31,69.53399999999999,98.785,10.938405991733896,0.0848854522282823,0.3123271961480096,0.0067546644426724,0.647,0.3319999999999999,0.3376999999999999,0.0492,0.1052,0.0916,0.1,48.71033999999999,5225.75469674689,-480.8068628108995,GNSS_OUTAGE,False,1.9109144048544493,16.870685316111103,5173.585238849994,-496.7784113469724,5173.585238849994,-496.7784113469724,5173.585238849994,-496.7784113469724,predicted_speed
4707975,-0.5474,-0.0172,10.4127,-0.003,-0.0303,-0.0202,52.47349,-1.394789,19.31,69.74600000000001,99.142,10.42709278226678,0.036539430756376,-0.5113132094671169,-0.0483460214719062,-0.5372,-0.0224,-0.5257000000000005,-0.0235,-0.0648,-0.095,0.1,46.13468999999999,5225.75469674689,-480.8068628108995,GNSS_OUTAGE,False,1.9111334048544493,16.822444816111105,5175.1709934904065,-497.33995272240344,5175.1709934904065,-497.33995272240344,5175.1709934904065,-497.33995272240344,predicted_speed
4708075,-0.2762,-0.981,10.4005,-0.0151,-0.0092,-0.0289,52.47349,-1.394789,19.31,69.556,99.331,10.450313281906912,0.0338800826445273,0.0232204996401321,-0.0026593481118487,0.2712,-0.9638,-0.0121999999999999,-0.0121,0.0211,-0.0087,0.1,48.44576,5225.75469674689,-480.8068628108995,GNSS_OUTAGE,False,1.9101424048544493,16.801324316111106,5176.755312234412,-497.8992193002945,5176.755312234412,-497.8992193002945,5176.755312234412,-497.8992193002945,predicted_speed
4708176,-1.106,-0.2735,10.0241,-0.0092,0.0017,-0.0609,52.47349,-1.394789,19.31,69.55199999999999,99.273,10.088638117208884,0.0616144463579768,-0.3616751646980276,0.0277343637134494,-0.8298000000000001,0.7075,-0.3763999999999985,0.0059,0.0109,-0.032,0.101,45.287950000000016,5225.75469674689,-480.8068628108995,GNSS_OUTAGE,False,1.9097373948544494,16.696182811111107,5178.345687676686,-498.45989962262024,5178.345687676686,-498.45989962262024,5178.345687676686,-498.45989962262024,predicted_speed
4708275,0.2298,0.4961,10.3,-0.0005,0.0299,-0.0378,52.47349,-1.394789,19.31,69.419,99.598,10.314500630180795,0.0481985476959627,0.2258625129719114,-0.013415898662014,1.3358,0.7696000000000001,0.2759,0.0087,0.0282,0.0231,0.099,42.90058,5225.75469674689,-480.8068628108995,GNSS_OUTAGE,False,1.9102017048544493,16.725367516111106,5179.907039653602,-499.01116302960475,5179.907039653602,-499.01116302960475,5179.907039653602,-499.01116302960475,predicted_speed
4708375,0.4806,0.4034,9.0543,0.0546,0.0659,-0.0408,52.47349,-1.394789,19.31,69.523,99.536,9.076015447871384,0.0948082802291023,-1.238485182309411,0.0466097325331395,0.2508,-0.0927,-1.2457000000000011,0.0551,0.036,-0.003,0.1,41.46961000000001,5225.75469674689,-480.8068628108995,GNSS_OUTAGE,False,1.9161807048544492,16.779927016111106,5181.485939146788,-499.57926152201145,5181.485939146788,-499.57926152201145,5181.485939146788,-499.57926152201145,predicted_speed
4708476,1.0271,0.7296,10.2001,-0.0388,0.0036,0.0073,52.47349,-1.394789,19.31,69.818,99.201,10.277611131970309,0.0396445456525863,1.2015956840989244,-0.055163734576516,0.5464999999999999,0.3262,1.1458000000000013,-0.0934,-0.0623,0.0481,0.101,33.513299999999994,5225.75469674689,-480.8068628108995,GNSS_OUTAGE,False,1.9127860948544493,16.890228611111105,5183.093061509129,-500.1513604489022,5183.093061509129,-500.1513604489022,5183.093061509129,-500.1513604489022,predicted_speed
4708575,0.6819,0.8258,10.1108,-0.0391,0.0362,0.0932,52.47349,-1.394789,19.31,69.473,99.819,10.167360025591696,0.1073568349011836,-0.1102511063786124,0.0677122892485973,-0.3451999999999999,0.0961999999999999,-0.0893000000000014,-0.0003,0.0326,0.0859,0.099,40.06349000000001,5225.75469674689,-480.8068628108995,GNSS_OUTAGE,False,1.9094290048544493,16.964171216111104,5184.677137937396,-500.70927090946196,5184.677137937396,-500.70927090946196,5184.677137937396,-500.70927090946196,predicted_speed
4708675,-1.1544,-0.3822,9.7533,0.0004,0.0011,0.0035,52.47349,-1.394789,19.31,69.437,99.397,9.828813615589624,0.0036905284174491,-0.3385464100020723,-0.1036663064837344,-1.8363,-1.208,-0.3574999999999999,0.0395,-0.0351,-0.0897,0.1,32.30106,5225.75469674689,-480.8068628108995,GNSS_OUTAGE,False,1.9099880048544493,16.855230716111105,5186.266626515753,-501.2700864622118,5186.266626515753,-501.2700864622118,5186.266626515753,-501.2700864622118,predicted_speed
4708775,0.4242,-0.132,10.7327,-0.0383,-0.0434,-0.049,52.47349,-1.394789,19.31,69.732,99.999,10.741890845191085,0.0758383148546959,0.9130772296014592,0.0721477864372467,1.5786000000000002,0.2502,0.9794,-0.0387,-0.0445,-0.0525,0.1,44.35266000000001,5225.75469674689,-480.8068628108995,GNSS_OUTAGE,False,1.9066770048544492,16.904150216111105,5187.862581828269,-501.82724854432104,5187.862581828269,-501.82724854432104,5187.862581828269,-501.82724854432104,predicted_speed
4708875,0.4966,0.8838,9.4751,-0.004,0.0763,-0.0318,52.47349,-1.394789,19.31,69.75399999999999,100.331,9.529178034332237,0.0827582624273854,-1.2127128108588463,0.0069199475726895,0.0723999999999999,1.0158,-1.2576,0.0343,0.1197,0.0172,0.1,34.758280000000006,5225.75469674689,-480.8068628108995,GNSS_OUTAGE,False,1.9067960048544492,16.960309716111105,5189.463772739869,-502.38645219351673,5189.463772739869,-502.38645219351673,5189.463772739869,-502.38645219351673,predicted_speed
4708975,0.4591,0.742,9.2815,-0.0262,-0.028,-0.0603,52.47349,-1.394789,19.31,69.646,99.632,9.3224234542312,0.0714599888049249,-0.2067545801010357,-0.0112982736224605,-0.0374999999999999,-0.1418,-0.1936,-0.0222,-0.1043,-0.0284999999999999,0.1,44.51945,5225.75469674689,-480.8068628108995,GNSS_OUTAGE,False,1.9046950048544493,17.012719216111105,5191.07108650534,-502.94400811948987,5191.07108650534,-502.94400811948987,5191.07108650534,-502.94400811948987,predicted_speed
4709075,0.6075,1.5058,9.173,0.0183,0.0545,0.0131,52.47349,-1.394789,19.31,69.40100000000001,99.683,9.31560083354799,0.0589639720507362,-0.0068226206832111,-0.0124960167541887,0.1484,0.7638,-0.1084999999999993,0.0445,0.0825,0.0733999999999999,0.1,44.40235000000001,5225.75469674689,-480.8068628108995,GNSS_OUTAGE,False,1.9070440048544492,17.079968716111104,5192.683434487337,-503.5075569624346,5192.683434487337,-503.5075569624346,5192.683434487337,-503.5075569624346,predicted_speed
4709176,-0.6432,0.4277,9.997,0.0196,0.1302,0.1052,52.47349,-1.394789,19.31,69.988,99.93,10.026796224617314,0.1685326081208025,0.7111953910693245,0.1095686360700663,-1.2507,-1.0781,0.8239999999999998,0.0012999999999999,0.0757,0.0921,0.101,44.65896,5225.75469674689,-480.8068628108995,GNSS_OUTAGE,False,1.9095477948544493,17.021570011111105,5194.304912655858,-504.078856803511,5194.304912655858,-504.078856803511,5194.304912655858,-504.078856803511,predicted_speed
4709276,-0.4213,-0.5222,10.5433,-0.0303,-0.0744,-0.0286,52.473263,-1.392261,19.25,69.368,100.117,10.564627841055264,0.0852725629965465,0.5378316164379502,-0.083260045124256,0.2219,-0.9499,0.5463000000000005,-0.0499,-0.2046,-0.1338,0.1,46.6852,5396.964347650537,-506.0481111592857,GNSS_OUTAGE,False,1.9070367948544493,16.985939511111106,5195.908388327542,-504.63929161780305,5195.908388327542,-504.63929161780305,5195.908388327542,-504.63929161780305,predicted_speed
4709375,0.8508,0.2448,11.9591,0.0107,-0.0019,-0.021,52.473263,-1.392261,19.25,69.89399999999999,99.623,11.991824735627183,0.0236452955151759,1.4271968945719191,-0.0616272674813705,1.2721,0.767,1.415799999999999,0.041,0.0725,0.0075999999999999,0.099,42.35236,5396.964347650537,-506.0481111592857,GNSS_OUTAGE,False,1.9086099048544494,17.076603216111106,5197.503422883118,-505.1995933895459,5197.503422883118,-505.1995933895459,5197.503422883118,-505.1995933895459,predicted_speed
4709475,0.0012,0.5671,9.054,-0.0301,0.0201,-0.0387,52.473263,-1.392261,19.25,69.703,99.989,9.07174293341693,0.0529878287911478,-2.920081802210253,0.0293425332759719,-0.8496,0.3223,-2.905099999999999,-0.0407999999999999,0.022,-0.0176999999999999,0.1,45.30091000000002,5396.964347650537,-506.0481111592857,GNSS_OUTAGE,False,1.9061189048544493,17.083222716111106,5199.1165987907325,-505.761757489054,5199.1165987907325,-505.761757489054,5199.1165987907325,-505.761757489054,predicted_speed
4709578,-0.1139,1.7844,8.7487,-0.036,0.0118,-0.0085,52.473263,-1.392261,19.25,69.45100000000001,99.666,8.929546923556648,0.0388264085385192,-0.1421960098602817,-0.0141614202526286,-0.1151,1.2172999999999998,-0.3053000000000008,-0.0058999999999999,-0.0083,0.0301999999999999,0.103,50.03333999999999,5396.964347650537,-506.0481111592857,GNSS_OUTAGE,False,1.9029454748544494,17.078185501111104,5200.779508638344,-506.335341546195,5200.779508638344,-506.335341546195,5200.779508638344,-506.335341546195,predicted_speed
4709675,-0.6808,0.4495,9.8387,-0.0108,-0.0107,-0.0467,52.473263,-1.392261,19.25,69.491,99.863,9.87246456463633,0.0491123202465532,0.9429176410796812,0.0102859117080339,-0.5669,-1.3349,1.09,0.0251999999999999,-0.0225,-0.0382,0.097,41.05436,5396.964347650537,-506.0481111592857,GNSS_OUTAGE,False,1.9024013048544495,17.018452416111103,5202.340365212109,-506.8727743312481,5202.340365212109,-506.8727743312481,5202.340365212109,-506.8727743312481,predicted_speed
4709775,0.0364,0.1645,9.6582,0.0187,0.057,0.0031,52.473263,-1.392261,19.25,69.53,100.077,9.65966937581199,0.06006912684566,-0.2127951888243391,0.0109568065991068,0.7172,-0.285,-0.1804999999999985,0.0295,0.0677,0.0498,0.1,34.43245,5396.964347650537,-506.0481111592857,GNSS_OUTAGE,False,1.9047903048544494,17.028591916111104,5203.949125393583,-507.4310037688062,5203.949125393583,-507.4310037688062,5203.949125393583,-507.4310037688062,predicted_speed
4709875,-0.2685,0.777,8.3843,-0.0362,0.012,-0.0389,52.473263,-1.392261,19.25,69.53,99.818,8.424506379604683,0.0544761415667446,-1.2351629962073076,-0.0055929852789154,-0.3049,0.6125,-1.2739000000000011,-0.0549,-0.045,-0.0419999999999999,0.1,54.613940000000014,5396.964347650537,-506.0481111592857,GNSS_OUTAGE,False,1.9016893048544494,17.008241416111105,5205.55768425286,-507.98358060231396,5205.55768425286,-507.98358060231396,5205.55768425286,-507.98358060231396,predicted_speed
4709975,-1.0109,-0.1664,9.2644,-0.0587,0.035,-0.0021,52.473263,-1.392261,19.25,69.548,100.643,9.320875234118306,0.0683747029244003,0.8963688545136232,0.0138985613576557,-0.7424,-0.9434,0.8801000000000005,-0.0225,0.023,0.0368,0.1,42.66605000000002,5396.964347650537,-506.0481111592857,GNSS_OUTAGE,False,1.8963383048544493,16.913650916111106,5207.160214670303,-508.5245169518881,5207.160214670303,-508.5245169518881,5207.160214670303,-508.5245169518881,predicted_speed
4710076,-0.715,0.3,10.0706,-0.0209,0.0056,0.0102,52.473263,-1.392261,19.25,69.829,99.455,10.10040639578428,0.0239209113538761,0.7795311616659752,-0.0444537915705242,0.2958999999999999,0.4664,0.8062000000000005,0.0378,-0.0294,0.0123,0.101,32.60773999999998,5396.964347650537,-506.0481111592857,GNSS_OUTAGE,False,1.8947515948544493,16.848000411111105,5208.773349449142,-509.06618312446614,5208.773349449142,-509.06618312446614,5208.773349449142,-509.06618312446614,predicted_speed
4710175,-0.2305,0.6686,11.1402,0.0586,0.0234,0.0351,52.473263,-1.392261,19.25,69.52,98.786,11.162625687982196,0.0722047782352386,1.0622192921979146,0.0482838668813625,0.4844999999999999,0.3686,1.0695999999999994,0.0795,0.0178,0.0249,0.099,46.46462,5396.964347650537,-506.0481111592857,GNSS_OUTAGE,False,1.9010668048544492,16.831615416111106,5210.349622011914,-509.60657208696125,5210.349622011914,-509.60657208696125,5210.349622011914,-509.60657208696125,predicted_speed
4710276,0.6804,0.3551,11.495,0.0162,-0.017,-0.0217,52.473263,-1.392261,19.25,69.242,99.428,11.520593091069571,0.0319738956025067,0.3579674030873772,-0.0402308826327319,0.9109,-0.3134999999999999,0.3547999999999991,-0.0424,-0.0404,-0.0568,0.101,50.54862000000003,5396.964347650537,-506.0481111592857,GNSS_OUTAGE,False,1.9032271948544492,16.906900311111105,5211.963731158988,-510.16383229686085,5211.963731158988,-510.16383229686085,5211.963731158988,-510.16383229686085,predicted_speed
4710376,-1.6371,-0.0512,11.4526,0.0494,0.0843,-0.028,52.473263,-1.392261,19.25,69.559,99.275,11.569129812133667,0.1016407890563626,0.0485367210640941,0.0696668934538558,-2.3175,-0.4063,-0.0423999999999988,0.0332,0.1013,-0.0063,0.1,48.04442,5396.964347650537,-506.0481111592857,GNSS_OUTAGE,False,1.9086861948544493,16.749689811111104,5213.543991142738,-510.7190795133685,5213.543991142738,-510.7190795133685,5213.543991142738,-510.7190795133685,predicted_speed
4710476,0.099,-0.0041,10.0325,0.0255,0.0308,-0.0643,52.473263,-1.392261,19.25,69.473,99.293,10.032989288342732,0.0757190861011938,-1.5361405237909338,-0.0259217029551688,1.7361,0.0471,-1.4200999999999997,-0.0239,-0.0535,-0.0363,0.1,38.00366999999999,5396.964347650537,-506.0481111592857,GNSS_OUTAGE,False,1.9117551948544493,16.766089311111102,5215.124085178813,-511.2797223096675,5215.124085178813,-511.2797223096675,5215.124085178813,-511.2797223096675,predicted_speed
4710575,0.5997,0.545,8.9207,-0.0461,0.0154,-0.0244,52.473263,-1.392261,19.25,69.415,99.281,8.957430076757507,0.0543850163188354,-1.075559211585226,-0.0213340697823583,0.5007,0.5491,-1.1118000000000006,-0.0716,-0.0154,0.0398999999999999,0.099,49.33078000000001,5396.964347650537,-506.0481111592857,GNSS_OUTAGE,False,1.9077051048544493,16.8318941161111,5216.696761813332,-511.8305721797315,5216.696761813332,-511.8305721797315,5216.696761813332,-511.8305721797315,predicted_speed
4710676,0.0311,0.516,8.9499,-0.045,0.0279,0.0286,52.473263,-1.392261,19.25,69.512,99.379,8.964816407489893,0.0601778198342213,0.0073863307323858,0.0057928035153858,-0.5686,-0.029,0.0291999999999994,0.0011,0.0125,0.053,0.101,53.13030999999997,5396.964347650537,-506.0481111592857,GNSS_OUTAGE,False,1.9036842948544492,16.8415997111111,5218.304382775868,-512.3864149495458,5218.304382775868,-512.3864149495458,5218.304382775868,-512.3864149495458,predicted_speed
4710775,-0.4612,0.7254,9.6512,-0.0176,-0.0019,0.029,52.473263,-1.392261,19.25,69.23899999999999,99.191,9.689405143763986,0.0339760209559624,0.724588736274093,-0.0262017988782588,-0.4923,0.2094,0.7012999999999998,0.0273999999999999,-0.0298,0.0004,0.099,37.98698000000001,5396.964347650537,-506.0481111592857,GNSS_OUTAGE,False,1.9024557048544493,16.8023754161111,5219.877166267079,-512.9280501052639,5219.877166267079,-512.9280501052639,5219.877166267079,-512.9280501052639,predicted_speed
4710876,-0.5814,-0.0129,10.7272,0.0493,0.0291,-0.0087,52.473263,-1.392261,19.25,69.58800000000001,98.98,10.742951745679584,0.0579050084189614,1.0535466019155972,0.023928987462999,-0.1202,-0.7383000000000001,1.0760000000000003,0.0669,0.031,-0.0377,0.101,45.65019,5396.964347650537,-506.0481111592857,GNSS_OUTAGE,False,1.9079591948544492,16.7502185111111,5221.473686522417,-513.4877069732203,5221.473686522417,-513.4877069732203,5221.473686522417,-513.4877069732203,predicted_speed
4710976,0.2057,0.3871,10.8852,0.0341,0.026,-0.0244,52.473263,-1.392261,19.25,69.538,98.799,10.894023037427448,0.0493373083984118,0.1510712917478649,-0.0085677000205496,0.7871,0.4,0.1579999999999994,-0.0151999999999999,-0.0031,-0.0157,0.1,51.67376000000001,5396.964347650537,-506.0481111592857,GNSS_OUTAGE,False,1.9118881948544493,16.7772880111111,5223.054761333291,-514.0489345317874,5223.054761333291,-514.0489345317874,5223.054761333291,-514.0489345317874,predicted_speed
4711076,0.7339,1.5012,8.8699,0.0081,0.0543,0.0243,52.473263,-1.392261,19.25,69.455,98.82,9.025925806253891,0.0600382378155788,-1.8680972311735555,0.0107009294171669,0.5282,1.1141,-2.0153,-0.026,0.0283,0.0487,0.1,52.18792000000001,5396.964347650537,-506.0481111592857,GNSS_OUTAGE,False,1.9132171948544492,16.8571775111111,5224.642614024797,-514.6149452794662,5224.642614024797,-514.6149452794662,5224.642614024797,-514.6149452794662,predicted_speed
4711176,-0.285,0.7165,8.9959,0.0374,0.1352,0.0973,52.473263,-1.392261,19.25,69.455,98.527,9.028887753206371,0.1707193310671055,0.0029619469524799,0.1106810932515267,-1.0189,-0.7847000000000001,0.1260000000000012,0.0293,0.0808999999999999,0.073,0.1,40.45936999999999,5396.964347650537,-506.0481111592857,GNSS_OUTAGE,False,1.9174761948544492,16.8351770111111,5226.22597252252,-515.1869660112947,5226.22597252252,-515.1869660112947,5226.22597252252,-515.1869660112947,predicted_speed
4711276,-0.4134,0.8056,11.1402,0.0448,0.0376,0.0023,52.473263,-1.392261,19.25,69.275,98.703,11.176938174652305,0.0585328113112637,2.148050421445932,-0.1121865197558418,-0.1284,0.0890999999999999,2.1442999999999994,0.0073999999999999,-0.0975999999999999,-0.095,0.1,52.30654999999999,5396.964347650537,-506.0481111592857,GNSS_OUTAGE,False,1.9224751948544492,16.800336511111098,5227.803180905301,-515.7656946058466,5227.803180905301,-515.7656946058466,5227.803180905301,-515.7656946058466,predicted_speed
4711376,-0.2231,0.0477,9.2375,0.0427,0.0529,0.0002,52.473263,-1.392261,19.25,69.347,98.664,9.240316831689269,0.0679833803219581,-1.9366213429630363,0.0094505690106943,0.1903,-0.7579,-1.9027,-0.0020999999999999,0.0153,-0.0021,0.1,46.277389999999976,5396.964347650537,-506.0481111592857,GNSS_OUTAGE,False,1.927264194854449,16.784526011111097,5229.376118023505,-516.3514180528347,5229.376118023505,-516.3514180528347,5229.376118023505,-516.3514180528347,predicted_speed
4711475,0.1435,0.2197,10.0753,-0.0592,-0.0287,-0.044,52.473263,-1.392261,19.25,69.40100000000001,98.679,10.078716705513656,0.0791475204918006,0.8383998738243861,0.0111641401698425,0.3666,0.172,0.8377999999999997,-0.1019,-0.0816,-0.0441999999999999,0.099,50.379140000000014,5396.964347650537,-506.0481111592857,GNSS_OUTAGE,False,1.921917204854449,16.8051670161111,5230.938322817613,-516.9236524904657,5230.938322817613,-516.9236524904657,5230.938322817613,-516.9236524904657,predicted_speed
4711576,0.069,0.4675,10.7801,-0.0567,-0.0862,-0.062,52.473263,-1.392261,19.25,69.365,98.646,10.790452875574776,0.120371632870872,0.7117361700611227,0.0412241123790714,-0.0744999999999999,0.2478,0.7047999999999988,0.0025,-0.0574999999999999,-0.018,0.101,49.51076999999999,5396.964347650537,-506.0481111592857,GNSS_OUTAGE,False,1.9167146948544491,16.8187005111111,5232.536388835245,-517.4996112374056,5232.536388835245,-517.4996112374056,5232.536388835245,-517.4996112374056,predicted_speed
4711675,0.1983,0.375,10.0473,0.0345,0.0139,-0.0149,52.473263,-1.392261,19.25,69.329,98.447,10.05625104996887,0.0400683166604238,-0.7342018256059077,-0.0803033162104481,0.1293,-0.0925,-0.7327999999999992,0.0912,0.1001,0.0471,0.099,40.23955000000001,5396.964347650537,-506.0481111592857,GNSS_OUTAGE,False,1.920644004854449,16.8447667161111,5234.103003825451,-518.0711999380335,5234.103003825451,-518.0711999380335,5234.103003825451,-518.0711999380335,predicted_speed
4711775,0.1255,0.2167,10.8943,0.0082,0.0611,-0.0002,52.473263,-1.392261,19.25,69.584,98.143,10.897177691035417,0.0616481143263928,0.840926641066547,0.0215797976659689,-0.0728,-0.1583,0.8469999999999995,-0.0263,0.0472,0.0147,0.1,49.74307999999999,5396.964347650537,-506.0481111592857,GNSS_OUTAGE,False,1.921983004854449,16.8638162161111,5235.686457384631,-518.6513359562482,5235.686457384631,-518.6513359562482,5235.686457384631,-518.6513359562482,predicted_speed
4711875,-0.4694,-0.4201,9.8647,-0.0123,-0.0648,-0.065,52.473263,-1.392261,19.25,69.40100000000001,97.631,9.88479268674867,0.0926030777026336,-1.012385004286747,0.0309549633762407,-0.5949,-0.6368,-1.0296000000000003,-0.0205,-0.1259,-0.0648,0.1,49.79506000000001,5396.964347650537,-506.0481111592857,GNSS_OUTAGE,False,1.9212720048544492,16.8233757161111,5237.266524810081,-519.2289574896812,5237.266524810081,-519.2289574896812,5237.266524810081,-519.2289574896812,predicted_speed
4711975,0.1907,0.2564,9.5273,0.0314,0.0283,0.0062,52.473263,-1.392261,19.25,69.242,97.656,9.53265717100956,0.0427234127850292,-0.3521355157391088,-0.0498796649176043,0.6601,0.6765,-0.3373999999999988,0.0436999999999999,0.0930999999999999,0.0712,0.1,39.27633999999998,5396.964347650537,-506.0481111592857,GNSS_OUTAGE,False,1.9249310048544492,16.8489452161111,5238.84686642924,-519.8132433064774,5238.84686642924,-519.8132433064774,5238.84686642924,-519.8132433064774,predicted_speed
4712075,0.0498,-0.4065,9.7017,-0.0027,0.0202,-0.0027,52.473263,-1.392261,19.25,69.469,97.733,9.71034011659736,0.0205577236093882,0.177682945587799,-0.0221656891756409,-0.1409,-0.6629,0.1744000000000003,-0.0341,-0.0081,-0.0089,0.1,13.148299999999995,5396.964347650537,-506.0481111592857,GNSS_OUTAGE,False,1.9251800048544492,16.8604247161111,5240.428139129246,-520.3983209631123,5240.428139129246,-520.3983209631123,5240.428139129246,-520.3983209631123,predicted_speed
4712175,-0.9251,-0.7909,10.4222,0.0193,0.0199,-0.0157,52.473263,-1.392261,19.25,69.408,97.674,10.493025572255126,0.0318589077025562,0.7826854556577665,0.011301184093168,-0.9749,-0.3844000000000001,0.7204999999999995,0.022,-0.0002999999999999,-0.0129999999999999,0.1,42.02085,5396.964347650537,-506.0481111592857,GNSS_OUTAGE,False,1.927629004854449,16.7744142161111,5241.999914981843,-520.9842649810262,5241.999914981843,-520.9842649810262,5241.999914981843,-520.9842649810262,predicted_speed
4712275,-1.528,-0.2069,9.3858,-0.0184,-0.0659,-0.064,52.473263,-1.392261,19.25,69.458,97.34,9.511615701341176,0.0936876192460882,-0.98140987091395,0.0618287115435319,-0.6029,0.5840000000000001,-1.0364000000000004,-0.0377,-0.0858,-0.0483,0.1,51.44738,5396.964347650537,-506.0481111592857,GNSS_OUTAGE,False,1.9263080048544492,16.628113716111102,5243.558748283656,-521.5630398895328,5243.558748283656,-521.5630398895328,5243.558748283656,-521.5630398895328,predicted_speed
4712376,0.8253,0.5515,9.8177,-0.0172,0.0114,0.0028,52.473263,-1.392261,19.25,69.419,97.03,9.86775078880694,0.0208240245870004,0.3561350874657645,-0.0728635946590877,2.3533,0.7584,0.4319000000000006,0.0011999999999999,0.0773,0.0668,0.101,27.088909999999995,5396.964347650537,-506.0481111592857,GNSS_OUTAGE,False,1.9250949948544491,16.718033511111102,5245.142395663209,-522.1488431359919,5245.142395663209,-522.1488431359919,5245.142395663209,-522.1488431359919,predicted_speed
4712475,0.429,-0.4903,10.8463,-0.0069,-0.0193,-0.0205,52.473263,-1.392261,19.25,69.55199999999999,96.754,10.86584827705596,0.0289887909371881,0.9980974882490194,0.0081647663501876,-0.3963,-1.0418,1.028599999999999,0.0103,-0.0307,-0.0233,0.099,50.400109999999984,5396.964347650537,-506.0481111592857,GNSS_OUTAGE,False,1.924925704854449,16.766939016111102,5246.6993220882105,-522.7244624792057,5246.6993220882105,-522.7244624792057,5246.6993220882105,-522.7244624792057,predicted_speed
4712575,1.2214,0.408,11.268,-0.0143,-0.1057,-0.0886,52.473263,-1.392261,19.25,69.3,96.615,11.341344980204068,0.1386612418810678,0.4754967031481083,0.1096724509438797,0.7924,0.8983,0.4217000000000013,-0.0074,-0.0864,-0.0681,0.1,46.2558,5396.964347650537,-506.0481111592857,GNSS_OUTAGE,False,1.924014704854449,16.8955785161111,5248.2845738608985,-523.3089131196635,5248.2845738608985,-523.3089131196635,5248.2845738608985,-523.3089131196635,predicted_speed
4712675,-0.365,0.2461,10.6209,0.0347,0.0409,-0.015,52.473263,-1.392261,19.25,69.325,96.647,10.630019144855762,0.0556947035183777,-0.7113258353483065,-0.08296653836269,-1.5864,-0.1618999999999999,-0.6471,0.049,0.1466,0.0736,0.1,52.21849999999999,5396.964347650537,-506.0481111592857,GNSS_OUTAGE,False,1.928003704854449,16.8655780161111,5249.864670976152,-523.8986336674999,5249.864670976152,-523.8986336674999,5249.864670976152,-523.8986336674999,predicted_speed
4712775,0.06,0.4467,9.4284,-0.0132,0.0003,-0.0266,52.473263,-1.392261,19.25,69.548,96.392,9.43916667137518,0.0296966328057576,-1.1908524734805823,-0.0259980707126201,0.425,0.2005999999999999,-1.1925000000000008,-0.0479,-0.0406,-0.0116,0.1,41.132180000000005,5396.964347650537,-506.0481111592857,GNSS_OUTAGE,False,1.927202704854449,16.8780775161111,5251.446411349659,-524.4875244869373,5251.446411349659,-524.4875244869373,5251.446411349659,-524.4875244869373,predicted_speed
4712875,-0.2062,0.4308,9.1992,-0.0135,0.0175,-0.0029,52.473263,-1.392261,19.25,69.484,96.246,9.211589858433776,0.0222914781923496,-0.2275768129414039,-0.0074051546134079,-0.2662,-0.0158999999999999,-0.2292000000000005,-0.0002999999999999,0.0172,0.0237,0.1,47.53983,5396.964347650537,-506.0481111592857,GNSS_OUTAGE,False,1.9263717048544489,16.8639570161111,5253.027316824135,-525.0746091002466,5253.027316824135,-525.0746091002466,5253.027316824135,-525.0746091002466,predicted_speed
4712975,-0.8153,-0.3124,9.7652,-0.0015,-0.0271,-0.0045,52.473263,-1.392261,19.25,69.23899999999999,95.914,9.804154164944572,0.02751199738296,0.5925643065107966,0.0052205191906103,-0.6091,-0.7432000000000001,0.5660000000000007,0.012,-0.0446,-0.0015999999999999,0.1,28.26682999999999,5396.964347650537,-506.0481111592857,GNSS_OUTAGE,False,1.926740704854449,16.7889265161111,5254.60097281434,-525.6596623970711,5254.60097281434,-525.6596623970711,5254.60097281434,-525.6596623970711,predicted_speed
4713076,-0.3267,-0.1807,10.4426,-0.008,0.0137,0.0153,52.473263,-1.392261,19.25,69.556,95.88,10.449271751658102,0.0220404174189147,0.6451175867135301,-0.0054715799640453,0.4886,0.1317,0.6774000000000004,-0.0065,0.0408,0.0197999999999999,0.101,42.72291000000002,5396.964347650537,-506.0481111592857,GNSS_OUTAGE,False,1.926456894854449,16.7624943111111,5256.188030427881,-526.2491855186884,5256.188030427881,-526.2491855186884,5256.188030427881,-526.2491855186884,predicted_speed
4713176,-0.8962,0.7843,8.9684,0.0394,0.1389,0.0651,52.473263,-1.392261,19.25,69.631,95.943,9.047126587486218,0.1583779656391633,-1.402145164171884,0.1363375482202485,-0.5695,0.965,-1.4741999999999995,0.0474,0.1252,0.0498,0.1,40.08754,5396.964347650537,-506.0481111592857,GNSS_OUTAGE,False,1.930915894854449,16.679373811111102,5257.74897745903,-526.8369435243787,5257.74897745903,-526.8369435243787,5257.74897745903,-526.8369435243787,predicted_speed
4713276,-0.4072,0.7224,9.0227,-0.0056,0.0555,-0.0142,52.473263,-1.392261,19.25,69.307,95.899,9.06072783445127,0.0575608373809832,0.0136012469650523,-0.10081712825818,0.489,-0.0618999999999999,0.0542999999999995,-0.045,-0.0834,-0.0793,0.1,56.26834999999999,5396.964347650537,-506.0481111592857,GNSS_OUTAGE,False,1.930874894854449,16.645153311111102,5259.306745995945,-527.4234317790817,5259.306745995945,-527.4234317790817,5259.306745995945,-527.4234317790817,predicted_speed
4713375,0.2808,0.4208,9.0206,-0.0406,-0.0616,-0.0301,52.473263,-1.392261,19.25,69.361,95.386,9.034774243997466,0.0796801731925828,-0.0259535904538044,0.0221193358115995,0.688,-0.3016,-0.0021000000000004,-0.0349999999999999,-0.1171,-0.0158999999999999,0.099,46.4141,5396.964347650537,-506.0481111592857,GNSS_OUTAGE,False,1.927369304854449,16.6793870161111,5260.85413874997,-527.999828334266,5260.85413874997,-527.999828334266,5260.85413874997,-527.999828334266,predicted_speed
4713475,-1.1133,0.0061,9.4649,-0.0333,-0.0825,-0.0126,52.473263,-1.392261,19.25,69.203,95.398,9.530152470448728,0.0898548830058778,0.4953782264512618,0.010174709813295,-1.3941,-0.4147,0.4443000000000001,0.0072999999999999,-0.0209,0.0174999999999999,0.1,40.15661999999999,5396.964347650537,-506.0481111592857,GNSS_OUTAGE,False,1.924558304854449,16.5745565161111,5262.408958274678,-528.5740194894091,5262.408958274678,-528.5740194894091,5262.408958274678,-528.5740194894091,predicted_speed
4713575,1.1818,0.3823,10.863,0.0065,-0.0415,0.0099,52.473263,-1.392261,19.25,69.538,94.984,10.933781300629713,0.0431568071108139,1.4036288301809847,-0.0466980758950639,2.2951,0.3762,1.3980999999999997,0.0398,0.041,0.0225,0.1,44.07005999999999,5396.964347650537,-506.0481111592857,GNSS_OUTAGE,False,1.925727304854449,16.6992360161111,5263.974796336336,-529.15436076821,5263.974796336336,-529.15436076821,5263.974796336336,-529.15436076821,predicted_speed
4713675,-0.6292,-0.499,9.3052,0.0356,0.1065,0.1146,52.473263,-1.392261,19.25,69.512,94.988,9.33978804256285,0.1604455359304209,-1.5939932580668632,0.117288728819607,-1.811,-0.8813,-1.5578000000000003,0.0291,0.148,0.1046999999999999,0.1,46.931090000000005,5396.964347650537,-506.0481111592857,GNSS_OUTAGE,False,1.929806304854449,16.6428155161111,5265.532971824302,-529.7391019346546,5265.532971824302,-529.7391019346546,5265.532971824302,-529.7391019346546,predicted_speed
4713775,0.8498,-0.4214,9.7947,-0.0749,-0.1011,-0.0313,52.473263,-1.392261,19.25,69.61,95.145,9.840522653294387,0.1296568933763261,0.5007346107315378,-0.0307886425540948,1.479,0.0776,0.4895000000000014,-0.1104999999999999,-0.2076,-0.1459,0.1,37.68866999999998,5396.964347650537,-506.0481111592857,GNSS_OUTAGE,False,1.9228353048544489,16.734295016111098,5267.103772571292,-530.3161212671869,5267.103772571292,-530.3161212671869,5267.103772571292,-530.3161212671869,predicted_speed
4713875,-1.1036,-1.1188,9.2631,-0.0197,-0.0516,-0.0838,52.473263,-1.392261,19.25,69.527,94.785,9.395459967984538,0.1003647846607563,-0.4450626853098498,-0.0292921087155697,-1.9534,-0.6974,-0.531600000000001,0.0552,0.0494999999999999,-0.0525,0.1,49.45604,5396.964347650537,-506.0481111592857,GNSS_OUTAGE,False,1.9213843048544488,16.630434516111098,5268.665654643178,-530.8872936715168,5268.665654643178,-530.8872936715168,5268.665654643178,-530.8872936715168,predicted_speed
4713975,-0.0109,-0.4544,9.3831,-0.0632,-0.0045,-0.003,52.473263,-1.392261,19.25,69.286,95.061,9.39410260642282,0.0634309861187732,-0.0013573615617179,-0.0369337985419831,1.0927,0.6644,0.120000000000001,-0.0435,0.0471,0.0808,0.1,40.27774,5396.964347650537,-506.0481111592857,GNSS_OUTAGE,False,1.9155833048544488,16.635844016111097,5270.231332901481,-531.4495788774025,5270.231332901481,-531.4495788774025,5270.231332901481,-531.4495788774025,predicted_speed
4714075,-0.0225,-0.0159,8.7967,-0.0338,0.0022,-0.0157,52.473263,-1.392261,19.25,69.22800000000001,95.038,8.796743144482507,0.0373332291665213,-0.5973594619403126,-0.0260977569522518,-0.0116,0.4385,-0.5864000000000011,0.0294,0.0066999999999999,-0.0127,0.1,53.27538000000001,5396.964347650537,-506.0481111592857,GNSS_OUTAGE,False,1.9127223048544488,16.640093516111097,5271.799013797691,-532.0075248693299,5271.799013797691,-532.0075248693299,5271.799013797691,-532.0075248693299,predicted_speed
4714179,-1.3013,0.0209,8.6868,0.0351,0.0645,0.0495,52.473263,-1.392261,19.25,69.343,94.483,8.783752770883298,0.0885579471306782,-0.0129903735992087,0.0512247179641568,-1.2788,0.0368,-0.1098999999999996,0.0688999999999999,0.0623,0.0652,0.104,49.35101,5396.964347650537,-506.0481111592857,GNSS_OUTAGE,False,1.9169124648544489,16.511517796111097,5273.414377338037,-532.5900788078615,5273.414377338037,-532.5900788078615,5273.414377338037,-532.5900788078615,predicted_speed
4714276,-0.2286,-0.5116,10.6697,0.0303,0.0546,0.0019,52.473263,-1.392261,19.25,69.498,95.057,10.68440408305489,0.0624728741134902,1.900651312171592,-0.0260850730171879,1.0727,-0.5325000000000001,1.9829000000000008,-0.0047999999999999,-0.0098999999999999,-0.0476,0.097,54.67551000000001,5396.964347650537,-506.0481111592857,GNSS_OUTAGE,False,1.920354994854449,16.495648111111098,5274.917688820724,-533.1380785941534,5274.917688820724,-533.1380785941534,5274.917688820724,-533.1380785941534,predicted_speed
4714375,0.5641,0.4466,10.1406,0.008,0.0024,-0.0292,52.473263,-1.392261,19.25,69.257,95.391,10.166092107097986,0.0303710388363651,-0.5183119759569035,-0.0321018352771251,0.7927000000000001,0.9582,-0.5291000000000015,-0.0223,-0.0522,-0.0311,0.099,40.77353999999999,5396.964347650537,-506.0481111592857,GNSS_OUTAGE,False,1.921660804854449,16.557928516111097,5276.457054887578,-533.7014996137402,5276.457054887578,-533.7014996137402,5276.457054887578,-533.7014996137402,predicted_speed
4714475,0.6893,-0.4386,9.0802,0.0098,0.0095,-0.0163,52.473263,-1.392261,19.25,69.206,95.327,9.116881949987068,0.0212598212598318,-1.0492101571109185,-0.0091112175765332,0.1251999999999999,-0.8852,-1.0603999999999996,0.0017999999999999,0.0071,0.0129,0.1,44.47544,5396.964347650537,-506.0481111592857,GNSS_OUTAGE,False,1.923159804854449,16.633358016111096,5278.018194769471,-534.275545132915,5278.018194769471,-534.275545132915,5278.018194769471,-534.275545132915,predicted_speed
4714576,-0.4799,-0.2917,9.3569,-0.043,-0.0293,0.0018,52.473263,-1.392261,19.25,69.23899999999999,94.562,9.37373834230506,0.0520646713232687,0.2568563923179923,0.0308048500634368,-1.1692,0.1468999999999999,0.2766999999999999,-0.0528,-0.0388,0.0180999999999999,0.101,42.76534000000002,5396.964347650537,-506.0481111592857,GNSS_OUTAGE,False,1.9193409948544489,16.591452611111094,5279.593170688067,-534.8478600720512,5279.593170688067,-534.8478600720512,5279.593170688067,-534.8478600720512,predicted_speed
4714675,0.1449,0.6658,10.6666,0.0197,-0.0135,0.005,52.473263,-1.392261,19.25,69.444,94.712,10.688341368519252,0.0243995901604924,1.3146030262141917,-0.0276650811627762,0.6248,0.9575,1.3097000000000012,0.0626999999999999,0.0158,0.0032,0.099,48.32758,5396.964347650537,-506.0481111592857,GNSS_OUTAGE,False,1.9218051048544489,16.612232216111096,5281.137503705034,-535.4133517511633,5281.137503705034,-535.4133517511633,5281.137503705034,-535.4133517511633,predicted_speed
4714775,-0.2009,0.1191,10.7807,-0.0278,-0.0289,-0.0357,52.473263,-1.392261,19.25,69.343,94.785,10.783229484250068,0.053689291297241,0.0948881157308161,0.0292897011367485,-0.3458,-0.5467,0.1140999999999987,-0.0475,-0.0153999999999999,-0.0407,0.1,46.44127999999999,5396.964347650537,-506.0481111592857,GNSS_OUTAGE,False,1.9195441048544488,16.598641716111096,5282.697446311588,-535.9805625871455,5282.697446311588,-535.9805625871455,5282.697446311588,-535.9805625871455,predicted_speed
4714875,0.3556,0.7036,9.3592,-0.049,-0.0213,-0.0348,52.473263,-1.392261,19.25,69.368,94.11,9.39234416745894,0.0637630770901154,-1.3908853167911277,0.0100737857928743,0.5565,0.5845,-1.4215,-0.0212,0.0075999999999999,0.0009,0.1,45.34916000000001,5396.964347650537,-506.0481111592857,GNSS_OUTAGE,False,1.9151631048544489,16.640701216111097,5284.263817907,-536.5423538248176,5284.263817907,-536.5423538248176,5284.263817907,-536.5423538248176,predicted_speed
4714975,-1.0939,0.2592,11.0216,0.0159,0.0684,0.0241,52.473263,-1.392261,19.25,69.134,93.963,11.07878460888197,0.0742440570012172,1.686440441423029,0.0104809799111018,-1.4495,-0.4444,1.6624,0.0649,0.0897,0.0588999999999999,0.1,54.14956,5396.964347650537,-506.0481111592857,GNSS_OUTAGE,False,1.9172721048544488,16.537810716111096,5285.819323575509,-537.103953279995,5285.819323575509,-537.103953279995,5285.819323575509,-537.103953279995,predicted_speed
4715075,1.1878,0.049,9.8407,0.0416,0.1026,0.0728,52.473263,-1.392261,19.25,69.354,94.063,9.912247289590791,0.1325034339177668,-1.1665373192911763,0.0582593769165495,2.2817,-0.2102,-1.1808999999999994,0.0256999999999999,0.0341999999999999,0.0487,0.1,40.51634,5396.964347650537,-506.0481111592857,GNSS_OUTAGE,False,1.9219511048544489,16.663090216111097,5287.38394794824,-537.6771341657161,5287.38394794824,-537.6771341657161,5287.38394794824,-537.6771341657161,predicted_speed
4715176,0.6319,-0.0828,9.6524,0.023,0.0612,0.0253,52.473263,-1.392261,19.25,69.296,93.93,9.673416108593695,0.0701037088890452,-0.2388311809970975,-0.0623997250287215,-0.5559,-0.1318,-0.1882999999999999,-0.0186,-0.0414,-0.0475,0.101,47.27855999999999,5396.964347650537,-506.0481111592857,GNSS_OUTAGE,False,1.9247982948544489,16.733476611111097,5288.969232103286,-538.2630082134814,5288.969232103286,-538.2630082134814,5288.969232103286,-538.2630082134814,predicted_speed
4715275,-0.4828,0.3219,10.7235,0.0409,0.0803,0.066,52.473263,-1.392261,19.25,69.3,93.861,10.739188409744935,0.1117000447627484,1.0657723011512417,0.0415963358737031,-1.1147,0.4047,1.0710999999999995,0.0179,0.0191,0.0407,0.099,46.87166000000002,5396.964347650537,-506.0481111592857,GNSS_OUTAGE,False,1.9293612048544488,16.692113916111097,5290.516653495236,-538.8429280345694,5290.516653495236,-538.8429280345694,5290.516653495236,-538.8429280345694,predicted_speed
4715375,-0.3775,-1.2116,11.4197,0.0217,0.0311,-0.0159,52.473263,-1.392261,19.25,69.268,93.774,11.489996906004809,0.0411206760644812,0.7508084962598698,-0.0705793686982671,0.1053,-1.5335,0.696200000000001,-0.0192,-0.0491999999999999,-0.0819,0.1,50.90040000000001,5396.964347650537,-506.0481111592857,GNSS_OUTAGE,False,1.9320502048544488,16.6608634161111,5292.075201259536,-539.4318020143817,5292.075201259536,-539.4318020143817,5292.075201259536,-539.4318020143817,predicted_speed
4715476,-0.0728,-1.0222,11.1586,0.0004,-0.0495,-0.0628,52.473263,-1.392261,19.25,69.163,93.709,11.20555873841193,0.0799640544244724,-0.2844381675928762,0.0388433783599912,0.3046999999999999,0.1894,-0.2611000000000008,-0.0213,-0.0806,-0.0469,0.101,45.40432999999999,5396.964347650537,-506.0481111592857,GNSS_OUTAGE,False,1.9326147948544488,16.660075111111098,5293.6489239896655,-540.0274251959279,5293.6489239896655,-540.0274251959279,5293.6489239896655,-540.0274251959279,predicted_speed
4715576,-0.4882,-0.8721,9.3766,0.0046,0.0648,-0.0094,52.473263,-1.392261,19.25,69.149,93.509,9.429715012130536,0.0656396221805092,-1.7758437262813942,-0.0143244322439632,-0.4154,0.1501,-1.782,0.0042,0.1143,0.0533999999999999,0.1,47.45101999999999,5396.964347650537,-506.0481111592857,GNSS_OUTAGE,False,1.9335937948544488,16.6177546111111,5295.20253064227,-540.6171743393213,5295.20253064227,-540.6171743393213,5295.20253064227,-540.6171743393213,predicted_speed
4715676,0.1349,0.671,9.3898,-0.0112,0.0469,0.0232,52.473263,-1.392261,19.25,69.368,93.721,9.414710991315664,0.0535097187434208,-0.0150040208148727,-0.0121299034370884,0.6231,1.5431,0.0131999999999994,-0.0158,-0.0179,0.0326,0.1,45.90735000000001,5396.964347650537,-506.0481111592857,GNSS_OUTAGE,False,1.9329927948544487,16.6377441111111,5296.758360713245,-541.2066979447169,5296.758360713245,-541.2066979447169,5296.758360713245,-541.2066979447169,predicted_speed
4715776,0.4479,0.1972,9.0545,-0.0344,-0.0272,0.0067,52.473263,-1.392261,19.25,69.124,93.486,9.067715947249342,0.0443631603923796,-0.3469950440663218,-0.0091465583510411,0.313,-0.4738,-0.3352999999999984,-0.0232,-0.0741,-0.0164999999999999,0.1,48.17745000000001,5396.964347650537,-506.0481111592857,GNSS_OUTAGE,False,1.9300717948544488,16.6890336111111,5298.320707618705,-541.7934777805406,5298.320707618705,-541.7934777805406,5298.320707618705,-541.7934777805406,predicted_speed
4715876,0.1043,-0.1763,9.0257,-0.0179,-0.0083,0.0149,52.473263,-1.392261,19.25,69.17399999999999,93.462,9.028024184172304,0.0247246840222478,-0.0396917630770374,-0.0196384763701317,-0.3436,-0.3735,-0.0288000000000003,0.0165,0.0189,0.0081999999999999,0.1,53.66656000000002,5396.964347650537,-506.0481111592857,GNSS_OUTAGE,False,1.9288007948544488,16.7059631111111,5299.885384672668,-542.3788646197321,5299.885384672668,-542.3788646197321,5299.885384672668,-542.3788646197321,predicted_speed
4715976,-0.2927,-0.9815,11.3382,-0.0037,0.0172,0.0048,52.473263,-1.392261,19.25,69.289,93.537,11.384366244108628,0.0182365018575383,2.356342059936324,-0.0064881821647095,-0.397,-0.8052,2.3125,0.0141999999999999,0.0255,-0.0101,0.1,47.397020000000005,5396.964347650537,-506.0481111592857,GNSS_OUTAGE,False,1.9289497948544487,16.6831926111111,5301.447841925207,-542.9636863797425,5301.447841925207,-542.9636863797425,5301.447841925207,-542.9636863797425,predicted_speed
4716075,-0.1876,-0.0752,9.2386,0.0304,-0.013,-0.0154,52.473263,-1.392261,19.25,69.221,93.464,9.240810503413648,0.0364735520617337,-2.14355574069498,0.0182370502041953,0.1051,0.9063,-2.099600000000001,0.0341,-0.0301999999999999,-0.0202,0.099,42.59913999999999,5396.964347650537,-506.0481111592857,GNSS_OUTAGE,False,1.9324732048544486,16.6710547161111,5302.99150113627,-543.5476812466476,5302.99150113627,-543.5476812466476,5302.99150113627,-543.5476812466476,predicted_speed
4716175,-0.1058,-0.1903,9.2954,-0.015,-0.0473,-0.0534,52.473263,-1.392261,19.25,69.188,93.094,9.297949714318744,0.0728961590208976,0.0571392109050954,0.0364226069591639,0.0817999999999999,-0.1151,0.0568000000000008,-0.0453999999999999,-0.0343,-0.038,0.1,44.63666999999999,5396.964347650537,-506.0481111592857,GNSS_OUTAGE,False,1.9314922048544487,16.6669742161111,5304.550949007488,-544.1359011308399,5304.550949007488,-544.1359011308399,5304.550949007488,-544.1359011308399,predicted_speed
4716275,0.5008,-0.314,8.7227,-0.013,-0.0919,-0.0776,52.473263,-1.392261,19.25,69.17399999999999,93.206,8.742705069370691,0.1209808662557844,-0.5552446449480524,0.0480847072348867,0.6066,-0.1237,-0.5727000000000011,0.002,-0.0445999999999999,-0.0242,0.1,41.16253,5396.964347650537,-506.0481111592857,GNSS_OUTAGE,False,1.9307112048544488,16.723553716111102,5306.116151229863,-544.7248956062214,5306.116151229863,-544.7248956062214,5306.116151229863,-544.7248956062214,predicted_speed
4716375,0.0863,0.0527,9.1704,-0.0063,0.0164,0.0111,52.473263,-1.392261,19.25,69.142,93.264,9.170957482182546,0.0207812415413516,0.4282524128118545,-0.1001996247144327,-0.4145,0.3667,0.4477000000000011,0.0066999999999999,0.1083,0.0887,0.1,45.3661,5396.964347650537,-506.0481111592857,GNSS_OUTAGE,False,1.9306002048544488,16.738683216111102,5307.682834890582,-545.3142490361172,5307.682834890582,-545.3142490361172,5307.682834890582,-545.3142490361172,predicted_speed
4716476,-0.8773,-0.9262,10.6451,0.0587,0.1166,0.0682,52.473263,-1.392261,19.25,69.329,93.327,10.721271181161308,0.1472837058197545,1.550313698978762,0.1265024642784029,-0.9636,-0.9789,1.4746999999999986,0.065,0.1002,0.0571,0.101,41.106839999999984,5396.964347650537,-506.0481111592857,GNSS_OUTAGE,False,1.9370530948544489,16.656640411111102,5309.253574679011,-545.9167267473432,5309.253574679011,-545.9167267473432,5309.253574679011,-545.9167267473432,predicted_speed
4716575,-0.4883,-0.5136,10.5033,0.0297,0.0052,-0.0038,52.473263,-1.392261,19.25,69.336,93.211,10.527180664356434,0.0303902945033443,-0.1940905168048736,-0.1168934113164102,0.3889999999999999,0.4126000000000001,-0.1417999999999999,-0.029,-0.1114,-0.072,0.099,48.20568000000001,5396.964347650537,-506.0481111592857,GNSS_OUTAGE,False,1.940507204854449,16.6147332161111,5310.787293228065,-546.5110895894719,5310.787293228065,-546.5110895894719,5310.787293228065,-546.5110895894719,predicted_speed
4716676,-0.8047,-0.2254,10.495,0.0278,-0.0175,-0.051,52.473263,-1.392261,19.25,69.34,93.076,10.52821790475482,0.0606637453509095,0.0010372403983858,0.0302734508475652,-0.3163999999999999,0.2881999999999999,-0.0083000000000001,-0.0019,-0.0227,-0.0472,0.101,44.38205000000001,5396.964347650537,-506.0481111592857,GNSS_OUTAGE,False,1.943839194854449,16.540023011111103,5312.342940133248,-547.1199199131919,5312.342940133248,-547.1199199131919,5312.342940133248,-547.1199199131919,predicted_speed
4716776,-0.0523,-0.1266,9.0733,-0.0009,0.0213,0.0156,52.473263,-1.392261,19.25,69.354,93.105,9.074333900623229,0.0264170399553015,-1.4538840041315917,-0.0342467053956079,0.7524,0.0988,-1.4216999999999995,-0.0287,0.0388,0.0665999999999999,0.1,51.04196000000002,5396.964347650537,-506.0481111592857,GNSS_OUTAGE,False,1.944268194854449,16.541292511111102,5313.883044048771,-547.7234292410161,5313.883044048771,-547.7234292410161,5313.883044048771,-547.7234292410161,predicted_speed
4716875,0.2319,0.5785,9.1645,-0.0068,-0.0213,-0.0081,52.473263,-1.392261,19.25,69.253,93.115,9.185668190719715,0.0237810849205834,0.1113342900964866,-0.0026359550347181,0.2842,0.7051000000000001,0.0912000000000006,-0.0059,-0.0426,-0.0237,0.099,47.04959999999999,5396.964347650537,-506.0481111592857,GNSS_OUTAGE,False,1.9441088048544488,16.570685116111104,5315.4105515861565,-548.321721679514,5315.4105515861565,-548.321721679514,5315.4105515861565,-548.321721679514,predicted_speed
4716975,-1.5614,0.2774,9.2782,-0.0236,0.0119,0.0421,52.473263,-1.392261,19.25,69.437,93.263,9.41275283644482,0.0497089529159486,0.227084645725105,0.0259278679953652,-1.7933,-0.3011,0.1136999999999996,-0.0168,0.0332,0.0501999999999999,0.1,43.703989999999976,5396.964347650537,-506.0481111592857,GNSS_OUTAGE,False,1.9422678048544488,16.421044616111104,5316.940655044051,-548.9177841518971,5316.940655044051,-548.9177841518971,5316.940655044051,-548.9177841518971,predicted_speed
4717075,-0.7257,-0.846,8.8389,-0.0027,0.0024,0.0375,52.473263,-1.392261,19.25,69.473,93.223,8.908900588737087,0.0376735981822814,-0.5038522477077336,-0.0120353547336672,0.8356999999999999,-1.1234,-0.4392999999999993,0.0209,-0.0095,-0.0046,0.1,63.91090000000002,5396.964347650537,-506.0481111592857,GNSS_OUTAGE,False,1.9425168048544488,16.354974116111105,5318.464454221268,-549.5118277958303,5318.464454221268,-549.5118277958303,5318.464454221268,-549.5118277958303,predicted_speed
4717175,0.3737,-0.52,10.1111,0.0307,0.0008,-0.0185,52.473263,-1.392261,19.25,69.426,93.421,10.131357011772906,0.0358521965854255,1.222456423035819,-0.0018214015968558,1.0994,0.3259999999999999,1.2721999999999998,0.0334,-0.0015999999999999,-0.0559999999999999,0.1,34.50244,5396.964347650537,-506.0481111592857,GNSS_OUTAGE,False,1.9461058048544488,16.398843616111105,5319.990193159408,-550.1129445998712,5319.990193159408,-550.1129445998712,5319.990193159408,-550.1129445998712,predicted_speed
4717275,0.3027,-0.5713,9.8597,-0.0493,-0.0037,-0.0365,52.473263,-1.392261,19.25,69.862,93.345,9.88087521781345,0.061452664710328,-0.2504817939594552,0.0256004681249025,-0.0709999999999999,-0.0513,-0.2514000000000003,-0.08,-0.0045,-0.018,0.1,40.73735,5396.964347650537,-506.0481111592857,GNSS_OUTAGE,False,1.941694804854449,16.435613116111103,5321.5219956971005,-550.7086582647656,5321.5219956971005,-550.7086582647656,5321.5219956971005,-550.7086582647656,predicted_speed
4717375,-0.1923,0.0464,8.3304,-0.0107,0.006,-0.0889,52.473263,-1.392261,19.25,69.545,93.299,8.332748430740002,0.0897424091497437,-1.548126787073448,0.0282897444394156,-0.495,0.6177,-1.529300000000001,0.0385999999999999,0.0097,-0.0524,0.1,51.22903999999998,5396.964347650537,-506.0481111592857,GNSS_OUTAGE,False,1.941143804854449,16.422882616111103,5323.052939501185,-551.3030670491555,5323.052939501185,-551.3030670491555,5323.052939501185,-551.3030670491555,predicted_speed
4717476,-0.869,0.6117,8.9151,-0.0372,-0.0623,-0.089,52.473263,-1.392261,19.25,69.581,93.383,8.9782150731646,0.1148308756389151,0.6454666424245978,0.0250884664891714,-0.6767,0.5653,0.5847000000000016,-0.0264999999999999,-0.0683,-9.9999999999989e-05,0.101,46.59054999999999,5396.964347650537,-506.0481111592857,GNSS_OUTAGE,False,1.937910794854449,16.341678111111104,5324.593470452349,-551.8954739722424,5324.593470452349,-551.8954739722424,5324.593470452349,-551.8954739722424,predicted_speed
4717575,0.1719,0.7395,8.3098,-0.0051,0.0404,0.0766,52.473263,-1.392261,19.25,69.757,93.417,8.344410458504543,0.0867509654124955,-0.6338046146600576,-0.0280799102264196,1.0409,0.1278,-0.6053000000000015,0.0321,0.1027,0.1656,0.099,49.66161999999999,5396.964347650537,-506.0481111592857,GNSS_OUTAGE,False,1.937919704854449,16.365130716111103,5326.105657757487,-552.4769968905915,5326.105657757487,-552.4769968905915,5326.105657757487,-552.4769968905915,predicted_speed
4717676,0.6736,-0.7464,9.7997,0.0402,0.1345,0.1482,52.473263,-1.392261,19.25,69.768,93.385,9.851140543612196,0.2041311588170703,1.5067300851076535,0.1173801934045747,0.5017,-1.4859,1.4899000000000004,0.0453,0.0941,0.0716,0.101,33.23735000000001,5396.964347650537,-506.0481111592857,GNSS_OUTAGE,False,1.942504094854449,16.439728811111102,5327.652678185204,-553.0800705439817,5327.652678185204,-553.0800705439817,5327.652678185204,-553.0800705439817,predicted_speed
4717776,-0.2952,-0.5931,10.1988,-0.0519,-0.0927,-0.0299,52.473263,-1.392261,19.25,70.096,93.244,10.22029510777453,0.1103671599707086,0.3691545641623346,-0.0937639988463616,-0.9688,0.1533,0.3991000000000007,-0.0921,-0.2272,-0.1781,0.1,41.515999999999984,5396.964347650537,-506.0481111592857,GNSS_OUTAGE,False,1.9378330948544489,16.4167083111111,5329.185005204205,-553.6691860034314,5329.185005204205,-553.6691860034314,5329.185005204205,-553.6691860034314,predicted_speed
4717876,-0.1957,-0.443,10.5492,0.0153,0.0077,0.012,52.473263,-1.392261,19.25,70.10600000000001,93.156,10.560310986424597,0.020913631917962,0.340015878650064,-0.0894535280527466,0.0995,0.1500999999999999,0.3504000000000005,0.0672,0.1004,0.0419,0.1,51.10460999999997,5396.964347650537,-506.0481111592857,GNSS_OUTAGE,False,1.9398820948544488,16.4036378111111,5330.714902879754,-554.2609684269036,5330.714902879754,-554.2609684269036,5330.714902879754,-554.2609684269036,predicted_speed
4717976,0.6488,0.2295,10.6246,0.0365,0.0784,0.0634,52.473263,-1.392261,19.25,69.94800000000001,93.248,10.646865118428051,0.1072304527641285,0.0865541320034584,0.0863168208461665,0.8445,0.6725,0.0753999999999983,0.0211999999999999,0.0707,0.0514,0.1,41.52362,5396.964347650537,-506.0481111592857,GNSS_OUTAGE,False,1.944051094854449,16.4750173111111,5332.248966595864,-554.8617266718992,5332.248966595864,-554.8617266718992,5332.248966595864,-554.8617266718992,predicted_speed
4718075,-0.0678,-0.1488,8.2062,-0.0653,-0.0454,-0.0131,52.473263,-1.392261,19.25,70.355,93.316,8.2078289894466,0.0806031016772927,-2.439036128981453,-0.0266273510868357,-0.7166,-0.3782999999999999,-2.4183999999999983,-0.1018,-0.1238,-0.0765,0.099,53.45711,5396.964347650537,-506.0481111592857,GNSS_OUTAGE,False,1.938100204854449,16.474739616111098,5333.771176400361,-555.4474192305355,5333.771176400361,-555.4474192305355,5333.771176400361,-555.4474192305355,predicted_speed
4718176,0.4242,-0.1067,9.6328,-0.0265,-0.033,-0.0069,52.473263,-1.392261,19.25,70.46300000000001,93.327,9.64272608601945,0.0428819309266735,1.4348970965728505,-0.0377211707506192,0.492,0.0420999999999999,1.4265999999999988,0.0388,0.0124,0.0062,0.101,38.61364999999999,5396.964347650537,-506.0481111592857,GNSS_OUTAGE,False,1.9359478948544488,16.524148311111098,5335.330081645942,-556.0433821088529,5335.330081645942,-556.0433821088529,5335.330081645942,-556.0433821088529,predicted_speed
4718276,-0.1192,-0.3551,9.7086,0.0338,0.0426,0.0376,52.473152,-1.389696,19.87,70.42699999999999,93.296,9.715823105120842,0.06611323619367,0.0730970191013913,0.0232313052669964,-0.5434,-0.2484,0.0758000000000009,0.0602999999999999,0.0756,0.0445,0.1,44.43687000000002,5570.679836008074,-518.3907480168293,GNSS_OUTAGE,False,1.939846894854449,16.5187278111111,5336.870734253245,-556.6392623221403,5336.870734253245,-556.6392623221403,5336.870734253245,-556.6392623221403,predicted_speed
4718375,-0.8064,0.2386,8.9892,-0.0025,0.0032,-0.0006,52.473152,-1.389696,19.87,70.495,93.385,9.02845100557122,0.0041048751503547,-0.6873720995496218,-0.0620083610433152,-0.6872,0.5937,-0.7194000000000003,-0.0363,-0.0394,-0.0382,0.099,47.68025999999999,5570.679836008074,-518.3907480168293,GNSS_OUTAGE,False,1.940113204854449,16.4453287161111,5338.389046618616,-557.2269668469603,5338.389046618616,-557.2269668469603,5338.389046618616,-557.2269668469603,predicted_speed
4718475,0.5868,0.3924,10.0341,0.023,0.0653,0.0361,52.473152,-1.389696,19.87,70.682,93.214,10.058900278360454,0.0780788063433349,1.0304492727892338,0.0739739311929801,1.3932,0.1538,1.0449000000000002,0.0255,0.0620999999999999,0.0367,0.1,43.43137,5570.679836008074,-518.3907480168293,GNSS_OUTAGE,False,1.9429322048544488,16.5105082161111,5339.927087722101,-557.8272987381123,5339.927087722101,-557.8272987381123,5339.927087722101,-557.8272987381123,predicted_speed
4718576,-0.6634,-0.145,9.7623,-0.011,0.0385,0.0463,52.473152,-1.389696,19.87,70.517,93.21,9.785889119032568,0.0612122536752242,-0.2730111593278863,-0.0168665526681107,-1.2502,-0.5374,-0.2718000000000007,-0.034,-0.0267999999999999,0.0102,0.101,47.42282,5570.679836008074,-518.3907480168293,GNSS_OUTAGE,False,1.942345394854449,16.450069311111097,5341.475176965747,-558.4305060473844,5341.475176965747,-558.4305060473844,5341.475176965747,-558.4305060473844,predicted_speed
4718675,-0.6374,-0.9411,11.4013,-0.0351,-0.0005,-0.0236,52.473152,-1.389696,19.87,70.639,93.397,11.457817840234677,0.0422991725687394,1.6719287212021072,-0.0189130811064847,0.026,-0.7961,1.6390000000000011,-0.0241,-0.039,-0.0699,0.099,46.16436000000001,5570.679836008074,-518.3907480168293,GNSS_OUTAGE,False,1.9393843048544488,16.393401216111098,5342.989121756004,-559.0152514871204,5342.989121756004,-559.0152514871204,5342.989121756004,-559.0152514871204,predicted_speed
4718776,-0.7061,-0.2542,9.5935,-0.0032,-0.0748,-0.1238,52.473152,-1.389696,19.87,70.726,93.472,9.622808171214889,0.1446779872682779,-1.8350096690197863,0.1023788146995385,-0.0686999999999999,0.6869000000000001,-1.8078000000000003,0.0319,-0.0743,-0.1002,0.101,50.03192000000001,5570.679836008074,-518.3907480168293,GNSS_OUTAGE,False,1.9395852948544487,16.328649611111096,5344.527431157584,-559.609762841646,5344.527431157584,-559.609762841646,5344.527431157584,-559.609762841646,predicted_speed
4718876,0.9418,1.3232,10.3175,0.0257,0.1106,0.0047,52.473152,-1.389696,19.87,70.902,93.477,10.444551293856524,0.1136439175671095,0.821743122641637,-0.0310340697011683,1.6479,1.5774,0.7240000000000002,0.0289,0.1854,0.1285,0.1,39.96937999999999,5570.679836008074,-518.3907480168293,GNSS_OUTAGE,False,1.9426742948544486,16.429329111111095,5346.058064017798,-560.2067482666328,5346.058064017798,-560.2067482666328,5346.058064017798,-560.2067482666328,predicted_speed
4718976,0.0281,1.3863,6.816,0.0034,0.0117,-0.0286,52.473152,-1.389696,19.87,70.985,93.447,6.955607327904588,0.031087135603011,-3.488943965951938,-0.0825567819640984,-0.9137,0.0631000000000001,-3.501500000000001,-0.0223,-0.0989,-0.0333,0.1,48.09004,5570.679836008074,-518.3907480168293,GNSS_OUTAGE,False,1.9435332948544486,16.438638611111095,5347.589050528385,-560.805387305007,5347.589050528385,-560.805387305007,5347.589050528385,-560.805387305007,predicted_speed
4719075,-1.0293,0.3619,8.1888,-0.0763,-0.2048,-0.1434,52.473152,-1.389696,19.87,71.01,93.114,8.261166717843189,0.2613968056423031,1.305559389938601,0.230309670039292,-1.0574,-1.0244,1.372800000000001,-0.0797,-0.2165,-0.1148,0.099,51.73953,5570.679836008074,-518.3907480168293,GNSS_OUTAGE,False,1.9364934048544487,16.343172416111095,5349.1000355974265,-561.3839754225158,5349.1000355974265,-561.3839754225158,5349.1000355974265,-561.3839754225158,predicted_speed
4719176,0.7363,-0.3843,12.6657,-0.0356,-0.0676,0.0254,52.473152,-1.389696,19.87,71.11399999999999,93.473,12.69290276768872,0.0805126077083583,4.431736049845531,-0.1808841979339448,1.7656,-0.7462,4.476899999999999,0.0407,0.1372,0.1688,0.101,45.44277,5570.679836008074,-518.3907480168293,GNSS_OUTAGE,False,1.9334219948544487,16.424103211111095,5350.65099376883,-561.9724143725144,5350.65099376883,-561.9724143725144,5350.65099376883,-561.9724143725144,predicted_speed
4719276,-0.4761,-0.0687,11.9686,0.0506,0.1305,0.1458,52.473152,-1.389696,19.87,70.816,93.705,11.978262681207154,0.2021095000241206,-0.7146400864815661,0.1215968923157622,-1.2124,0.3156,-0.6970999999999989,0.0862,0.1981,0.1204,0.1,41.1047,5570.679836008074,-518.3907480168293,GNSS_OUTAGE,False,1.9390009948544487,16.382992711111097,5352.1794861336,-562.5621054717869,5352.1794861336,-562.5621054717869,5352.1794861336,-562.5621054717869,predicted_speed
4719376,-0.4461,-0.776,11.9549,-0.0082,-0.0284,-0.0409,52.473152,-1.389696,19.87,70.985,93.851,11.98836165704055,0.0504639475269226,0.0100989758333955,-0.1516455524971979,0.03,-0.7073,-0.0137,-0.0588,-0.1589,-0.1867,0.1,52.88545000000002,5570.679836008074,-518.3907480168293,GNSS_OUTAGE,False,1.9386999948544485,16.3448822111111,5353.704599898799,-563.1499657852557,5353.704599898799,-563.1499657852557,5353.704599898799,-563.1499657852557,predicted_speed
4719475,-0.048,-0.0783,8.5973,0.0024,0.0584,-0.0016,52.473152,-1.389696,19.87,71.176,93.73,8.597790540598208,0.0584711894867891,-3.390571116442341,0.0080072419598665,0.3981,0.6977,-3.3576,0.0106,0.0868,0.0393,0.099,51.63146,5570.679836008074,-518.3907480168293,GNSS_OUTAGE,False,1.9394514048544484,16.3465647161111,5355.214180170028,-563.7331418817039,5355.214180170028,-563.7331418817039,5355.214180170028,-563.7331418817039,predicted_speed
4719576,-1.3843,1.0699,9.0235,-0.0233,0.0094,0.0229,52.473152,-1.389696,19.87,70.985,93.858,9.191546374250636,0.0339949996322988,0.5937558336524287,-0.0244761898544902,-1.3363,1.1482,0.4261999999999997,-0.0257,-0.049,0.0245,0.101,51.92997000000003,5570.679836008074,-518.3907480168293,GNSS_OUTAGE,False,1.9376222948544484,16.2133149111111,5356.7427798181225,-564.3204544965668,5356.7427798181225,-564.3204544965668,5356.7427798181225,-564.3204544965668,predicted_speed
4719676,-0.487,0.685,9.6043,-0.0342,-0.0219,0.0304,52.473152,-1.389696,19.87,71.111,93.882,9.64100474483858,0.0507287886707341,0.4494583705879424,0.0167337890384352,0.8973000000000001,-0.3849,0.5808,-0.0109,-0.0313,0.0075,0.1,38.02596,5570.679836008074,-518.3907480168293,GNSS_OUTAGE,False,1.9347212948544483,16.171114411111102,5358.253981703945,-564.8960570271892,5358.253981703945,-564.8960570271892,5358.253981703945,-564.8960570271892,predicted_speed
4719775,-0.0302,-0.5698,10.0265,-0.0201,0.0271,0.075,52.473152,-1.389696,19.87,71.075,93.972,10.042723053534834,0.0822400145914383,0.401718308696255,0.0315112259207042,0.4568,-1.2548,0.4222000000000001,0.0141,0.049,0.0446,0.099,41.63618000000002,5570.679836008074,-518.3907480168293,GNSS_OUTAGE,False,1.9332452048544484,16.1745591161111,5359.751229955267,-565.4638154650486,5359.751229955267,-565.4638154650486,5359.751229955267,-565.4638154650486,predicted_speed
4719877,1.1334,0.3542,8.7639,0.0115,0.0672,0.0888,52.473152,-1.389696,19.87,71.41,93.848,8.843980801087257,0.11195324917125,-1.1987422524475768,0.0297132345798116,1.1636,0.924,-1.2626000000000008,0.0316,0.0401,0.0138,0.102,44.26563999999999,5570.679836008074,-518.3907480168293,GNSS_OUTAGE,False,1.9349475848544484,16.2967954061111,5361.304501824208,-566.0558445729541,5361.304501824208,-566.0558445729541,5361.304501824208,-566.0558445729541,predicted_speed
4719975,0.1427,-1.1199,9.0074,-0.033,-0.0242,-0.0039,52.473152,-1.389696,19.87,71.06,94.129,9.077873873325188,0.0411077851507473,0.2338930722379295,-0.0708454640205027,-0.9907,-1.4741,0.2435000000000009,-0.0445,-0.0914,-0.0927,0.098,48.94599,5570.679836008074,-518.3907480168293,GNSS_OUTAGE,False,1.9322222048544484,16.3171495161111,5362.8002715882985,-566.6212928431668,5362.8002715882985,-566.6212928431668,5362.8002715882985,-566.6212928431668,predicted_speed
4720075,-0.6761,-0.1034,11.669,0.0361,0.0542,0.0278,52.473152,-1.389696,19.87,71.35600000000001,93.725,11.689027494620758,0.0708074148659587,2.611153621295572,0.0296996297152114,-0.8188,1.0165,2.6616,0.0691,0.0784,0.0317,0.1,50.02521000000001,5570.679836008074,-518.3907480168293,GNSS_OUTAGE,False,1.9363512048544484,16.2560390161111,5364.318464612759,-567.2023935103595,5364.318464612759,-567.2023935103595,5364.318464612759,-567.2023935103595,predicted_speed
4720175,1.2528,0.2406,11.0812,0.0339,-0.0298,-0.0649,52.473152,-1.389696,19.87,71.334,94.027,11.154388806205386,0.0790522611947311,-0.534638688415372,0.0082448463287723,1.9289,0.344,-0.5877999999999997,-0.0022,-0.0839999999999999,-0.0927,0.1,41.43503,5570.679836008074,-518.3907480168293,GNSS_OUTAGE,False,1.9402602048544484,16.3878185161111,5365.84666323749,-567.7941831018014,5365.84666323749,-567.7941831018014,5365.84666323749,-567.7941831018014,predicted_speed
4720275,-1.0526,-1.1429,8.6968,0.0287,0.0946,0.0781,52.473152,-1.389696,19.87,71.428,94.08,8.834507196782399,0.1259859515977872,-2.319881609422988,0.0469336904030561,-2.3054,-1.3835,-2.384400000000001,-0.0052,0.1244,0.143,0.1,45.34324999999999,5570.679836008074,-518.3907480168293,GNSS_OUTAGE,False,1.9436492048544485,16.2890580161111,5367.363650029768,-568.3875507640294,5367.363650029768,-568.3875507640294,5367.363650029768,-568.3875507640294,predicted_speed
4720375,0.2851,0.662,9.0799,-0.0651,-0.0663,-0.0289,52.473152,-1.389696,19.87,71.66199999999999,93.917,9.108463647619176,0.0973083244126626,0.273956450836776,-0.0286776271851246,1.3377,1.8049,0.3831000000000006,-0.0938,-0.1609,-0.107,0.1,42.96892999999997,5570.679836008074,-518.3907480168293,GNSS_OUTAGE,False,1.9376582048544484,16.3240675161111,5368.887432430817,-568.9730753125837,5368.887432430817,-568.9730753125837,5368.887432430817,-568.9730753125837,predicted_speed
4720476,-0.8781,0.5173,8.2782,-0.0226,0.0376,0.048,52.473152,-1.389696,19.87,70.87,93.757,8.34069866018429,0.0650270712857345,-0.7677649874348855,-0.0322812531269281,-1.1632,-0.1447,-0.8017000000000003,0.0425,0.1038999999999999,0.0769,0.101,49.87577000000001,5570.679836008074,-518.3907480168293,GNSS_OUTAGE,False,1.9358997948544483,16.2419439111111,5370.419742395847,-569.5587864532778,5370.419742395847,-569.5587864532778,5370.419742395847,-569.5587864532778,predicted_speed
4720576,-0.8714,-0.0893,10.6129,-0.0096,-0.0196,0.0095,52.473152,-1.389696,19.87,71.222,94.583,10.648988630851289,0.023802730935756,2.3082899706669995,-0.0412243403499784,0.0067,-0.6066,2.3347,0.013,-0.0572,-0.0385,0.1,61.08927999999997,5570.679836008074,-518.3907480168293,GNSS_OUTAGE,False,1.9354587948544484,16.1613034111111,5371.9296027768905,-570.1351534450577,5371.9296027768905,-570.1351534450577,5371.9296027768905,-570.1351534450577,predicted_speed
4720676,0.3458,-0.2185,9.7892,0.0777,0.0555,0.009,52.473152,-1.389696,19.87,71.28399999999999,94.087,9.797742420068,0.095909019388168,-0.8512462107832874,0.0721062884524119,1.2172,-0.1291999999999999,-0.8237000000000005,0.0873,0.0751,-0.0005,0.1,36.87942999999999,5570.679836008074,-518.3907480168293,GNSS_OUTAGE,False,1.9437477948544484,16.202382911111098,5373.438459390607,-570.7255125215756,5373.438459390607,-570.7255125215756,5373.438459390607,-570.7255125215756,predicted_speed
4720775,-0.0271,-0.9464,10.4982,0.0006,-0.0187,-0.1275,52.473152,-1.389696,19.87,70.87,97.155,10.540806924045237,0.1288654336895662,0.7430645039772354,0.0329564143013981,-0.3729,-0.7279,0.7090000000000014,-0.0771,-0.0742,-0.1365,0.099,41.91663000000001,5570.679836008074,-518.3907480168293,GNSS_OUTAGE,False,1.9443210048544484,16.2061345161111,5374.932237976202,-571.3109596809048,5374.932237976202,-571.3109596809048,5374.932237976202,-571.3109596809048,predicted_speed
4720876,0.0903,1.077,7.7622,-0.0335,-0.0169,-0.0475,52.473152,-1.389696,19.87,70.722,96.26,7.837080574423106,0.0605318924204423,-2.703726349622131,-0.0683335412691239,0.1174,2.0234,-2.7360000000000007,-0.0341,0.0018,0.08,0.101,52.05227,5570.679836008074,-518.3907480168293,GNSS_OUTAGE,False,1.9414616948544483,16.221819311111098,5376.459372045765,-571.9044479983773,5376.459372045765,-571.9044479983773,5376.459372045765,-571.9044479983773,predicted_speed
4720975,-0.431,-0.105,9.2357,-0.0771,-0.0347,0.0466,52.473152,-1.389696,19.87,72.083,95.998,9.246347413438452,0.0965404578402236,1.4092668390153475,0.0360085654197813,-0.5213,-1.182,1.4734999999999996,-0.0436,-0.0178,0.0941,0.099,39.63168,5570.679836008074,-518.3907480168293,GNSS_OUTAGE,False,1.9343426048544483,16.1855848161111,5377.957016540342,-572.4742373175533,5377.957016540342,-572.4742373175533,5377.957016540342,-572.4742373175533,predicted_speed
4721075,-1.6519,0.4976,9.7001,0.0118,0.0057,0.0501,52.473152,-1.389696,19.87,71.071,96.441,9.852325582318116,0.0517855192114552,0.6059781688796626,-0.0447549386287684,-1.2209,0.6026,0.4644000000000012,0.0889,0.0404,0.0034999999999999,0.1,37.77215,5570.679836008074,-518.3907480168293,GNSS_OUTAGE,False,1.9360416048544482,16.0268943161111,5379.453986456751,-573.0466833705246,5379.453986456751,-573.0466833705246,5379.453986456751,-573.0466833705246,predicted_speed
4721175,-0.8437,-0.7702,12.0904,0.0175,-0.0075,0.0191,52.473152,-1.389696,19.87,69.38600000000001,97.26,12.14425007524137,0.0269686855445347,2.291924492923254,-0.0248168336669204,0.8081999999999999,-1.2678,2.3903,0.0057,-0.0132,-0.031,0.1,61.193120000000015,5570.679836008074,-518.3907480168293,GNSS_OUTAGE,False,1.9383106048544483,15.9490238161111,5380.942386583904,-573.6197267095138,5380.942386583904,-573.6197267095138,5380.942386583904,-573.6197267095138,predicted_speed
