timestamp_ms,ax,ay,az,gyro_yaw,gyro_pitch,gyro_roll,gps_lat,gps_lon,gps_speed,vehicle_speed,vehicle_heading,accel_magnitude,gyro_magnitude,accel_change,gyro_change,ax_change,ay_change,az_change,gyro_yaw_change,gyro_pitch_change,gyro_roll_change,dt,predicted_speed,gps_x,gps_y,phase,gnss_available,ins_heading_rad,ins_speed_mps,ins_x,ins_y,dr_x,dr_y,corrected_x,corrected_y,dr_source_speed_col
5427875,-0.2898,-0.0714,9.6902,0.0062,0.0553,0.0097,52.43591,-1.473548,5.83,20.369,323.013,9.694795409909382,0.0564855733794037,0.2877606050412726,0.0193591676821105,-0.0977,-0.1085,0.2852000000000014,-0.0127999999999999,0.0289,0.0276,0.1,38.33382000000002,-108.22508787343604,-4659.512206113672,GNSS_OUTAGE,False,5.638094162349962,5.694999999999999,-108.22508787343604,-4659.512206113672,-108.22508787343604,-4659.512206113672,-108.22508787343604,-4659.512206113672,predicted_speed
5427975,-0.6183,-0.4571,9.7967,-0.0109,-0.0052,-0.0339,52.43591,-1.473548,5.83,20.916,323.462,9.826828897971104,0.0359869420762587,0.1320334880617224,-0.0204986313031449,-0.3284999999999999,-0.3857,0.1064999999999987,-0.0171,-0.0605,-0.0436,0.1,49.84792999999999,-108.22508787343604,-4659.512206113672,GNSS_OUTAGE,False,5.636851662349962,5.667614499999999,-108.56642767532207,-4659.059761994631,-108.56642767532207,-4659.059761994631,-108.56642767532207,-4659.059761994631,predicted_speed
5428075,-0.221,0.2351,9.7967,-0.016,0.0009,-0.0288,52.43591,-1.473548,5.83,20.855,321.761,9.802012237290873,0.0329583069953539,-0.0248166606802335,-0.0030286350809047,0.3973,0.6922,0.0,-0.0051,0.0060999999999999,0.0051,0.1,39.54861,-108.22508787343604,-4659.512206113672,GNSS_OUTAGE,False,5.635099162349961,5.679958999999999,-108.90930505114694,-4658.60693261444,-108.90930505114694,-4658.60693261444,-108.90930505114694,-4658.60693261444,predicted_speed
5428176,-0.3306,-0.3131,9.5965,-0.0053,0.046,0.0035,52.43591,-1.473548,5.83,20.992,324.409,9.60729619716182,0.0464364081298284,-0.1947160401290499,0.0134781011344744,-0.1096,-0.5482,-0.2001999999999988,0.0107,0.0451,0.0323,0.101,42.02398,-108.22508787343604,-4659.512206113672,GNSS_OUTAGE,False,5.634409837349962,5.6813573449999994,-109.25601172096272,-4658.149701228816,-109.25601172096272,-4658.149701228816,-109.25601172096272,-4658.149701228816,predicted_speed
5428276,-0.1741,-0.0162,9.0849,-0.0203,0.0356,-0.0152,52.43591,-1.473548,5.83,20.992,322.035,9.086582485181102,0.0437091523596603,-0.5207137119807186,-0.0027272557701681,0.1565,0.2969,-0.5116000000000014,-0.015,-0.0104,-0.0187,0.1,49.35194999999999,-108.22508787343604,-4659.512206113672,GNSS_OUTAGE,False,5.632227337349962,5.698391845,-109.60130506375867,-4657.69639205881,-109.60130506375867,-4657.69639205881,-109.60130506375867,-4657.69639205881,predicted_speed
5428375,-0.5392,-0.4641,9.1814,-0.0645,0.0042,-0.0356,52.43591,-1.473548,5.83,21.442,322.873,9.208921294592542,0.0737919372289412,0.1223388094114401,0.0300827848692808,-0.3651,-0.4479,0.0965000000000007,-0.0442,-0.0314,-0.0204,0.099,43.30331999999999,-108.22508787343604,-4659.512206113672,GNSS_OUTAGE,False,5.625690862349962,5.6791111,-109.94490503148727,-4657.251370842727,-109.94490503148727,-4657.251370842727,-109.94490503148727,-4657.251370842727,predicted_speed
5428475,-0.9536,-0.0565,10.7361,-0.0306,0.0242,-0.0196,52.43591,-1.473548,5.83,21.384,323.021,10.778515130573414,0.043659592302265,1.5695938359808714,-0.0301323449266761,-0.4144,0.4076,1.5547000000000004,0.0339,0.02,0.016,0.1,48.78385000000001,-108.22508787343604,-4659.512206113672,GNSS_OUTAGE,False,5.622478362349962,5.6181956,-110.28967975089633,-4656.807781380662,-110.28967975089633,-4656.807781380662,-110.28967975089633,-4656.807781380662,predicted_speed
5428575,-0.9809,-0.1106,10.902,0.0086,0.0139,-0.0059,52.43591,-1.473548,5.83,21.38,323.723,10.946597698371855,0.0173775717521177,0.1680825677984412,-0.0262820205501473,-0.0272999999999999,-0.0541,0.1658999999999988,0.0392,-0.0103,0.0137,0.1,52.2907,-108.22508787343604,-4659.512206113672,GNSS_OUTAGE,False,5.6231858623499615,5.5545501,-110.63023833442873,-4656.368976048748,-110.63023833442873,-4656.368976048748,-110.63023833442873,-4656.368976048748,predicted_speed
5428675,-0.2319,-0.2123,10.5156,0.0488,0.0246,0.011,52.43591,-1.473548,5.83,21.481,322.163,10.52029905753634,0.055745851863614,-0.4262986408355154,0.0383682801114963,0.749,-0.1016999999999999,-0.3864000000000001,0.0402,0.0107,0.0169,0.1,44.36813999999998,-108.22508787343604,-4659.512206113672,GNSS_OUTAGE,False,5.627913362349962,5.5658046,-110.96940448883868,-4655.927673286285,-110.96940448883868,-4655.927673286285,-110.96940448883868,-4655.927673286285,predicted_speed
5428776,-0.194,-0.5263,9.2944,0.0755,0.0109,-0.0217,52.43591,-1.473548,5.83,21.388,322.258,9.31131027568086,0.0793092050142983,-1.2089887818554796,0.0235633531506842,0.0378999999999999,-0.314,-1.2211999999999996,0.0266999999999999,-0.0137,-0.0327,0.101,40.56645999999999,-108.22508787343604,-4659.512206113672,GNSS_OUTAGE,False,5.635384837349962,5.580999545,-111.30954870383313,-4655.478186767067,-111.30954870383313,-4655.478186767067,-111.30954870383313,-4655.478186767067,predicted_speed
5428875,0.9315,0.1655,10.0008,0.1097,0.0119,-0.0236,52.43591,-1.473548,5.83,21.87,324.03700000000003,10.04545086793022,0.1128390889718629,0.7341405922493589,0.0335298839575646,1.1255,0.6918,0.7064000000000004,0.0342,0.001,-0.0018999999999999,0.099,38.49748,-108.22508787343604,-4659.512206113672,GNSS_OUTAGE,False,5.646094162349962,5.7073181,-111.6456590248765,-4655.0240034026265,-111.6456590248765,-4655.0240034026265,-111.6456590248765,-4655.0240034026265,predicted_speed
5428976,0.1862,0.1066,9.8408,0.0368,0.0294,-0.0029,52.43591,-1.473548,5.83,21.172,321.793,9.843138657968808,0.0471912068080484,-0.2023122099614109,-0.0656478821638144,-0.7453,-0.0589,-0.1600000000000001,-0.0729,0.0174999999999999,0.0207,0.101,42.95733,-108.22508787343604,-4659.512206113672,GNSS_OUTAGE,False,5.649656937349961,5.760913245,-111.9901109557031,-4654.555063221027,-111.9901109557031,-4654.555063221027,-111.9901109557031,-4654.555063221027,predicted_speed
5429075,-0.4234,-0.0497,10.5099,-0.0458,0.0076,0.0001,52.43591,-1.473548,5.83,21.784,323.469,10.518542468422131,0.0464263933555041,0.6754038104533251,-0.0007648134525443,-0.6096,-0.1563,0.6691000000000003,-0.0826,-0.0218,0.0029999999999999,0.099,44.721840000000014,-108.22508787343604,-4659.512206113672,GNSS_OUTAGE,False,5.644971762349962,5.7530967,-112.32943088031523,-4654.097617400245,-112.32943088031523,-4654.097617400245,-112.32943088031523,-4654.097617400245,predicted_speed
5429176,-0.6196,-0.5502,10.3813,-0.0411,-0.0079,0.0017,52.43591,-1.473548,5.83,21.456,322.569,10.414317735214343,0.0418868714515658,-0.1042247332077899,-0.0045395219039383,-0.1962,-0.5005000000000001,-0.1286000000000005,0.0047,-0.0155,0.0015999999999999,0.101,46.53863000000001,-108.22508787343604,-4659.512206113672,GNSS_OUTAGE,False,5.640666637349962,5.725306045,-112.67592977836796,-4653.634672034432,-112.67592977836796,-4653.634672034432,-112.67592977836796,-4653.634672034432,predicted_speed
5429276,-0.7475,-0.4552,9.7997,-0.0047,0.0053,-0.0068,52.43591,-1.473548,5.83,21.323,322.469,9.83870333834698,0.0098193686151401,-0.5756143968673637,-0.0320675028364256,-0.1279,0.095,-0.5815999999999999,0.0363999999999999,0.0132,-0.0084999999999999,0.1,28.148630000000008,-108.22508787343604,-4659.512206113672,GNSS_OUTAGE,False,5.640044137349961,5.685000545,-113.01686608871934,-4653.179749245103,-113.01686608871934,-4653.179749245103,-113.01686608871934,-4653.179749245103,predicted_speed
5429376,-0.3735,-0.1844,9.2807,0.0102,-0.0034,-0.0151,52.43591,-1.473548,5.83,21.37,323.216,9.290042954690792,0.0185367203140145,-0.5486603836561876,0.0087173516988743,0.374,0.2708,-0.5190000000000001,0.0149,-0.0087,-0.0083,0.1,39.25620999999999,-108.22508787343604,-4659.512206113672,GNSS_OUTAGE,False,5.640911637349961,5.6820950450000005,-113.35723358075077,-4652.724763518544,-113.35723358075077,-4652.724763518544,-113.35723358075077,-4652.724763518544,predicted_speed
5429476,-0.2161,0.1015,9.4857,0.0129,-0.0176,-0.0121,52.43591,-1.473548,5.83,21.19,321.811,9.488704123851686,0.0249515530578759,0.1986611691608946,0.0064148327438614,0.1574,0.2859,0.205,0.0026999999999999,-0.0142,0.003,0.1,45.68909000000001,-108.22508787343604,-4659.512206113672,GNSS_OUTAGE,False,5.642049137349961,5.694929545000001,-113.69785094605213,-4652.268362340105,-113.69785094605213,-4652.268362340105,-113.69785094605213,-4652.268362340105,predicted_speed
5429575,-0.0974,-0.2675,9.8711,-0.0072,-0.003,0.0131,52.43591,-1.473548,5.83,20.768,322.633,9.875204211559376,0.0152463110292293,0.386500087707688,-0.0097052420286466,0.1186999999999999,-0.369,0.3854000000000006,-0.0201,0.0146,0.0252,0.099,3.952730000000003,-108.22508787343604,-4659.512206113672,GNSS_OUTAGE,False,5.641185362349961,5.719387000000001,-114.0369021608936,-4651.814877407468,-114.0369021608936,-4651.814877407468,-114.0369021608936,-4651.814877407468,predicted_speed
5429675,-0.4452,-0.5199,10.1664,-0.0191,0.0029,0.0265,52.43591,-1.473548,5.83,21.143,322.384,10.189415489123997,0.0327943592710697,0.3142112775646222,0.0175480482418404,-0.3478,-0.2524,0.2952999999999992,-0.0118999999999999,0.0059,0.0133999999999999,0.1,42.63474,-108.22508787343604,-4659.512206113672,GNSS_OUTAGE,False,5.639122862349961,5.709311500000001,-114.37971718429336,-4651.358324849954,-114.37971718429336,-4651.358324849954,-114.37971718429336,-4651.358324849954,predicted_speed
5429776,-0.5505,-0.3958,10.1482,-0.0127,-0.0044,-0.0225,52.43591,-1.473548,5.83,20.959,323.573,10.170824505909046,0.0262087771557545,-0.0185909832149508,-0.0065855821153152,-0.1053,0.1241,-0.0182000000000002,0.0063999999999999,-0.0073,-0.049,0.101,40.34157,-108.22508787343604,-4659.512206113672,GNSS_OUTAGE,False,5.637686137349961,5.688499945000001,-114.72535796262319,-4650.899383749208,-114.72535796262319,-4650.899383749208,-114.72535796262319,-4650.899383749208,predicted_speed
5429875,-0.3796,-0.2351,9.9048,0.0012,-0.0005,-0.0051,52.43591,-1.473548,5.83,20.578000000000003,323.426,9.91485911195918,0.0052630789467763,-0.2559653939498645,-0.0209456982089782,0.1709,0.1606999999999999,-0.2433999999999994,0.0139,0.0039,0.0174,0.099,6.274980000000003,-108.22508787343604,-4659.512206113672,GNSS_OUTAGE,False,5.637653962349961,5.685019600000001,-115.06396155126735,-4650.449816715098,-115.06396155126735,-4650.449816715098,-115.06396155126735,-4650.449816715098,predicted_speed
5429975,-0.7188,0.1857,9.6586,-0.0056,0.0099,0.0129,52.43591,-1.473548,5.83,20.552,324.345,9.6870899598383,0.0171982557255089,-0.2277691521208815,0.0119351767787326,-0.3392,0.4208,-0.2461999999999999,-0.0068,0.0104,0.018,0.1,40.64756000000003,-108.22508787343604,-4659.512206113672,GNSS_OUTAGE,False,5.636941462349961,5.647584100000001,-115.4040545077732,-4649.998941075258,-115.4040545077732,-4649.998941075258,-115.4040545077732,-4649.998941075258,predicted_speed
5430075,-0.1994,-0.1583,10.159,-0.0038,0.0005,0.0027,52.43591,-1.473548,5.83,20.786,323.765,10.162189736961222,0.0046882832678924,0.4750997771229226,-0.0125099724576164,0.5194,-0.344,0.5004000000000008,0.0018,-0.0094,-0.0102,0.1,41.74239000000001,-108.22508787343604,-4659.512206113672,GNSS_OUTAGE,False,5.636408962349961,5.6620886000000015,-115.7452615731065,-4649.547089095391,-115.7452615731065,-4649.547089095391,-115.7452615731065,-4649.547089095391,predicted_speed
5430175,-0.2193,0.0717,9.9818,0.0076,-0.0126,0.0236,52.43591,-1.473548,5.83,20.171,323.833,9.984466166000065,0.0278115084092898,-0.1777235709611595,0.0231232251413974,-0.0199,0.2299999999999999,-0.1772000000000009,0.0114,-0.0131,0.0209,0.1,28.93560000000002,-108.22508787343604,-4659.512206113672,GNSS_OUTAGE,False,5.637016462349961,5.6746031000000015,-116.08694761357216,-4649.094030762308,-116.08694761357216,-4649.094030762308,-116.08694761357216,-4649.094030762308,predicted_speed
5430275,-0.0055,-0.2004,9.925,0.0133,0.0199,0.0296,52.43591,-1.473548,5.83,20.801,324.264,9.927024499314989,0.0380665207235964,-0.0574416666850741,0.0102550123143066,0.2138,-0.2721,-0.056799999999999,0.0056999999999999,0.0325,0.006,0.1,32.26643000000001,-108.22508787343604,-4659.512206113672,GNSS_OUTAGE,False,5.638193962349961,5.708497600000001,-116.43013764970375,-4648.637861881747,-116.43013764970375,-4648.637861881747,-116.43013764970375,-4648.637861881747,predicted_speed
5430376,-0.1366,-0.2967,9.9122,-0.0028,0.0013,0.0166,52.43591,-1.473548,5.83,20.063,324.824,9.91758031427021,0.0168846083756775,-0.0094441850447779,-0.0211819123479189,-0.1311,-0.0963,-0.0128000000000003,-0.0161,-0.0186,-0.013,0.101,13.72101,-108.22508787343604,-4659.512206113672,GNSS_OUTAGE,False,5.63775713734996,5.729489945000001,-116.77823621413883,-4648.175589042617,-116.77823621413883,-4648.175589042617,-116.77823621413883,-4648.175589042617,predicted_speed
5430475,-0.23,-0.0265,9.6429,0.0032,0.015,0.0005,52.43591,-1.473548,5.83,20.117,324.621,9.645678963141991,0.0153456834321577,-0.2719013511282195,-0.0015389249435198,-0.0934,0.2702,-0.2693000000000012,0.006,0.0137,-0.0161,0.099,32.85656000000001,-108.22508787343604,-4659.512206113672,GNSS_OUTAGE,False,5.63792296234996,5.740820000000001,-117.1200411792085,-4647.721517393273,-117.1200411792085,-4647.721517393273,-117.1200411792085,-4647.721517393273,predicted_speed
5430575,-0.001,-0.1305,9.8035,-0.0144,-0.0168,-0.0145,52.43591,-1.473548,5.83,19.699,324.096,9.804368592622373,0.0264546782252213,0.1586896294803814,0.0111089947930636,0.229,-0.104,0.1606000000000005,-0.0176,-0.0317999999999999,-0.015,0.1,6.944900000000001,-108.22508787343604,-4659.512206113672,GNSS_OUTAGE,False,5.63633046234996,5.775164500000001,-117.46809856779691,-4647.260668931986,-117.46809856779691,-4647.260668931986,-117.46809856779691,-4647.260668931986,predicted_speed
5430675,-0.1845,0.3142,9.8647,-0.0424,-0.0218,-0.013,52.43591,-1.473548,5.83,19.537,325.196,9.871426846206177,0.0494165964024233,0.0670582535838022,0.022961918177202,-0.1835,0.4447,0.0611999999999994,-0.028,-0.005,0.0015,0.1,40.02395,-108.22508787343604,-4659.512206113672,GNSS_OUTAGE,False,5.63193796234996,5.791159,-117.8191464219108,-4646.80008166582,-117.8191464219108,-4646.80008166582,-117.8191464219108,-4646.80008166582,predicted_speed
5430776,-0.123,0.1034,10.2414,-0.0063,0.024,0.0265,52.43591,-1.473548,5.83,19.411,323.92900000000003,10.242660519611103,0.0363034433628547,0.3712336734049284,-0.0131131530395686,0.0615,-0.2108,0.3767000000000013,0.0361,0.0458,0.0395,0.101,45.32513,-108.22508787343604,-4659.512206113672,GNSS_OUTAGE,False,5.631147637349961,5.813524945,-118.17544305126184,-4646.333373356161,-118.17544305126184,-4646.333373356161,-118.17544305126184,-4646.333373356161,predicted_speed
5430876,0.1505,0.0013,10.2251,0.0055,0.0446,0.0469,52.43591,-1.473548,5.83,19.411,324.525,10.226207603505808,0.0649539837115476,-0.0164529161052957,0.0286505403486929,0.2734999999999999,-0.1021,-0.016300000000001,0.0118,0.0206,0.0203999999999999,0.1,51.60035999999998,-108.22508787343604,-4659.512206113672,GNSS_OUTAGE,False,5.631545137349961,5.863019445,-118.5310300819762,-4645.867210472919,-118.5310300819762,-4645.867210472919,-118.5310300819762,-4645.867210472919,predicted_speed
5430975,0.5965,-0.4463,10.1732,0.0019,-0.0146,-0.0037,52.43591,-1.473548,5.83,18.983,324.423,10.200440881648204,0.0151809090636891,-0.0257667218576038,-0.0497730746478585,0.446,-0.4476,-0.0518999999999998,-0.0036,-0.0592,-0.0506,0.099,39.11281,-108.22508787343604,-4659.512206113672,GNSS_OUTAGE,False,5.631582262349961,5.956173,-118.88863702196564,-4645.398363460381,-118.88863702196564,-4645.398363460381,-118.88863702196564,-4645.398363460381,predicted_speed
5431075,0.6974,0.0467,10.0138,0.0054,0.0324,0.0315,52.43591,-1.473548,5.83,18.846,323.23,10.03816407965122,0.0455101087671739,-0.1622768019969847,0.0303291997034847,0.1008999999999999,0.493,-0.1593999999999997,0.0035,0.047,0.0352,0.1,34.78851,-108.22508787343604,-4659.512206113672,GNSS_OUTAGE,False,5.631969762349962,6.060357499999999,-119.25598779412977,-4644.91635439359,-119.25598779412977,-4644.91635439359,-119.25598779412977,-4644.91635439359,predicted_speed
5431176,0.9908,0.233,9.2509,-0.0112,-0.0112,-0.0169,52.43591,-1.473548,5.83,19.228,326.28,9.3067246897069,0.0231622537763491,-0.7314393899443203,-0.0223478549908247,0.2934,0.1863,-0.7629000000000001,-0.0166,-0.0436,-0.0484,0.101,32.07613,-108.22508787343604,-4659.512206113672,GNSS_OUTAGE,False,5.630684537349961,6.195217244999999,-119.63590768699474,-4644.419179810378,-119.63590768699474,-4644.419179810378,-119.63590768699474,-4644.419179810378,predicted_speed
5431276,0.4755,0.4992,9.6025,-0.0075,0.0158,0.0014,52.43591,-1.473548,5.83,18.515,322.52,9.627216998696976,0.0175456547327251,0.3204923089900759,-0.005616599043624,-0.5153000000000001,0.2662,0.3515999999999994,0.0037,0.027,0.0182999999999999,0.1,26.91853000000001,-108.22508787343604,-4659.512206113672,GNSS_OUTAGE,False,5.629782037349962,6.277211745,-120.01749448256284,-4643.92075690725,-120.01749448256284,-4643.92075690725,-120.01749448256284,-4643.92075690725,predicted_speed
5431375,0.4591,0.4806,10.0668,-0.0125,0.006,-0.0001,52.43591,-1.473548,5.83,19.163,325.54900000000004,10.088717034886052,0.0138657852283958,0.4615000361890775,-0.0036798695043293,-0.0163999999999999,-0.0185999999999999,0.4643000000000015,-0.005,-0.0098,-0.0015,0.099,36.930319999999966,-108.22508787343604,-4659.512206113672,GNSS_OUTAGE,False,5.628393562349962,6.3567627,-120.40074633302869,-4643.421596550868,-120.40074633302869,-4643.421596550868,-120.40074633302869,-4643.421596550868,predicted_speed
5431475,0.2041,0.219,10.2744,-0.0049,0.0295,0.0228,52.43591,-1.473548,5.83,18.389,323.802,10.27876029344006,0.037604521004794,0.1900432585540077,0.0237387357763982,-0.255,-0.2616,0.2075999999999993,0.0076,0.0235,0.0229,0.1,43.02669999999999,-108.22508787343604,-4659.512206113672,GNSS_OUTAGE,False,5.6277510623499625,6.4116172,-120.79153668572972,-4642.913294228004,-120.79153668572972,-4642.913294228004,-120.79153668572972,-4642.913294228004,predicted_speed
5431576,0.4005,0.0555,10.1351,0.005,0.0275,0.0241,52.43591,-1.473548,5.83,18.968,323.992,10.143161859597823,0.0369060970572614,-0.1355984338422349,-0.0006984239475326,0.1964,-0.1635,-0.1393000000000004,0.0098999999999999,-0.0019999999999999,0.0012999999999999,0.101,30.23374,-108.22508787343604,-4659.512206113672,GNSS_OUTAGE,False,5.628102037349962,6.4868566450000005,-121.19068434718233,-4642.393744252718,-121.19068434718233,-4642.393744252718,-121.19068434718233,-4642.393744252718,predicted_speed
5431675,0.1627,-0.1187,9.6839,0.0043,-0.0088,-0.0244,52.43591,-1.473548,5.83,18.774,322.684,9.685994021782172,0.0262923943375265,-0.4571678378156516,-0.0106137027197348,-0.2378,-0.1742,-0.4512,-0.0007,-0.0363,-0.0485,0.099,16.24698,-108.22508787343604,-4659.512206113672,GNSS_OUTAGE,False,5.628376762349962,6.537064000000001,-121.58481526123798,-4641.880432483863,-121.58481526123798,-4641.880432483863,-121.58481526123798,-4641.880432483863,predicted_speed
5431775,0.3757,-0.0091,9.9237,0.0332,-0.0003,-0.0232,52.43591,-1.473548,5.83,18.223,323.374,9.930813410290217,0.040503950424619,0.2448193885080432,0.0142115560870924,0.2129999999999999,0.1096,0.2398000000000006,0.0289,0.0085,0.0012,0.1,34.72583999999999,-108.22508787343604,-4659.512206113672,GNSS_OUTAGE,False,5.631544262349962,6.609078500000001,-121.9856505846429,-4641.354951533017,-121.9856505846429,-4641.354951533017,-121.9856505846429,-4641.354951533017,predicted_speed
5431875,0.2347,0.27,9.8138,0.0362,0.0173,-0.0264,52.43591,-1.473548,5.83,18.385,323.208,9.82031845359406,0.0480280126592804,-0.1104949566961579,0.0075240622346613,-0.141,0.2791,-0.1098999999999996,0.003,0.0176,-0.0032,0.1,37.34210000000001,-108.22508787343604,-4659.512206113672,GNSS_OUTAGE,False,5.635011762349962,6.666993000000001,-122.38815787690545,-4640.823466974167,-122.38815787690545,-4640.823466974167,-122.38815787690545,-4640.823466974167,predicted_speed
5431975,0.6161,0.4657,9.4542,0.0124,0.007,-0.0171,52.43591,-1.473548,5.83,18.068,323.493,9.48569203274068,0.0222524155992107,-0.3346264208533789,-0.0257755970600696,0.3813999999999999,0.1956999999999999,-0.3596000000000003,-0.0238,-0.0103,0.0093,0.1,37.38053000000001,-108.22508787343604,-4659.512206113672,GNSS_OUTAGE,False,5.636099262349962,6.763047500000001,-122.79587772265634,-4640.2838813532935,-122.79587772265634,-4640.2838813532935,-122.79587772265634,-4640.2838813532935,predicted_speed
5432075,0.4224,0.0087,9.3006,-0.0082,-0.0074,-0.0322,52.43591,-1.473548,5.83,17.708,321.499,9.310191072690182,0.0340417390860102,-0.1755009600504973,0.0117893234867994,-0.1936999999999999,-0.457,-0.1536000000000008,-0.0206,-0.0144,-0.0150999999999999,0.1,45.12841,-108.22508787343604,-4659.512206113672,GNSS_OUTAGE,False,5.635126762349962,6.839732000000001,-123.20875110343601,-4639.738578767786,-123.20875110343601,-4639.738578767786,-123.20875110343601,-4639.738578767786,predicted_speed
5432176,0.367,0.0704,9.8641,-0.0209,-0.0066,-0.0259,52.43591,-1.473548,5.83,16.999000000000002,319.685,9.871175916272591,0.0339290436057369,0.5609848435824087,-0.0001126954802733,-0.0554,0.0617,0.5635000000000012,-0.0126999999999999,0.0008,0.0063,0.101,35.044830000000005,-108.22508787343604,-4659.512206113672,GNSS_OUTAGE,False,5.632861837349962,6.911587945000001,-123.63139354650326,-4639.182992929085,-123.63139354650326,-4639.182992929085,-123.63139354650326,-4639.182992929085,predicted_speed
5432276,0.2578,-0.2954,10.3326,-0.0058,0.0037,-0.0179,52.43591,-1.473548,5.83,17.532,318.91700000000003,10.340036013476936,0.0191765481773962,0.4688600972043435,-0.0147524954283406,-0.1092,-0.3658,0.4684999999999988,0.0150999999999999,0.0103,0.008,0.1,42.15279,-108.22508787343604,-4659.512206113672,GNSS_OUTAGE,False,5.632129337349962,6.971812445000001,-124.05390400143291,-4638.628424084704,-124.05390400143291,-4638.628424084704,-124.05390400143291,-4638.628424084704,predicted_speed
5432376,0.4782,-0.1057,10.0239,-0.012,0.007,-0.034,52.43591,-1.473548,5.83,18.101,320.761,10.035856661989548,0.0367287353444139,-0.304179351487388,0.0175521871670176,0.2204,0.1896999999999999,-0.3087,-0.0062,0.0033,-0.0161,0.1,30.44020000000001,-108.22508787343604,-4659.512206113672,GNSS_OUTAGE,False,5.630776837349962,7.054076945000001,-124.48215841824167,-4638.067890258835,-124.48215841824167,-4638.067890258835,-124.48215841824167,-4638.067890258835,predicted_speed
5432476,0.2361,0.2956,9.9268,-0.008,-0.0117,-0.0235,52.43591,-1.473548,5.83,17.51,322.301,9.934006281958956,0.0274433962912756,-0.1018503800305907,-0.0092853390531383,-0.2421,0.4013,-0.0970999999999993,0.004,-0.0187,0.0105,0.1,20.866720000000004,-108.22508787343604,-4659.512206113672,GNSS_OUTAGE,False,5.6298243373499615,7.112131445000001,-124.91447544185793,-4637.503154809265,-124.91447544185793,-4637.503154809265,-124.91447544185793,-4637.503154809265,predicted_speed
5432575,0.41,0.2353,9.8621,0.0065,0.025,-0.0042,52.43591,-1.473548,5.83,17.428,321.712,9.873423038642676,0.0261704031302538,-0.0605832433162785,-0.0012729931610217,0.1738999999999999,-0.0602999999999999,-0.0647000000000002,0.0144999999999999,0.0367,0.0193,0.099,9.45851,-108.22508787343604,-4659.512206113672,GNSS_OUTAGE,False,5.630316862349962,7.186821500000001,-125.34668568431299,-4636.937982349927,-125.34668568431299,-4636.937982349927,-125.34668568431299,-4636.937982349927,predicted_speed
5432675,0.5913,0.009,10.3322,0.007,0.0282,0.009,52.43591,-1.473548,5.83,17.276,322.091,10.34910979408374,0.0304177579712903,0.4756867554410622,0.0042473548410365,0.1813,-0.2263,0.4701000000000004,0.0005,0.0031999999999999,0.0132,0.1,41.36552,-108.22508787343604,-4659.512206113672,GNSS_OUTAGE,False,5.6308643623499615,7.2803960000000005,-125.78862933959057,-4636.359425987307,-125.78862933959057,-4636.359425987307,-125.78862933959057,-4636.359425987307,predicted_speed
5432776,0.1846,0.178,10.0573,0.0088,0.0175,-0.0072,52.43591,-1.473548,5.83,17.28,322.45,10.06056879356232,0.0208693555243088,-0.2885410005214197,-0.0095484024469815,-0.4067,0.1689999999999999,-0.2749000000000006,0.0018,-0.0106999999999999,-0.0162,0.101,32.230640000000015,-108.22508787343604,-4659.512206113672,GNSS_OUTAGE,False,5.631599137349961,7.333829545,-126.23783582442863,-4635.770465132797,-126.23783582442863,-4635.770465132797,-126.23783582442863,-4635.770465132797,predicted_speed
5432876,0.184,0.1399,10.0901,0.0137,-0.0016,-0.0201,52.43591,-1.473548,5.83,17.028,321.972,10.092747198855225,0.0243774485949616,0.032178405292905,0.0035080930706528,-0.0005999999999999,-0.0380999999999999,0.0327999999999999,0.0049,-0.0191,-0.0129,0.1,20.98868,-108.22508787343604,-4659.512206113672,GNSS_OUTAGE,False,5.632816637349961,7.386674045,-126.68508405863953,-4635.182588826533,-126.68508405863953,-4635.182588826533,-126.68508405863953,-4635.182588826533,predicted_speed
5432976,0.0322,-0.0663,9.4964,0.0217,0.0387,0.0107,52.43591,-1.473548,5.83,17.143,323.873,9.496686026714793,0.0456406616954662,-0.5960611721404323,0.0212632131005045,-0.1518,-0.2062,-0.5937000000000001,0.008,0.0402999999999999,0.0308,0.1,41.00755999999999,-108.22508787343604,-4659.512206113672,GNSS_OUTAGE,False,5.634834137349961,7.424338545,-127.1334198003619,-4634.5908092298905,-127.1334198003619,-4634.5908092298905,-127.1334198003619,-4634.5908092298905,predicted_speed
5433075,0.1889,0.0571,9.6845,-0.0067,-0.0266,-0.0219,52.43591,-1.473548,5.83,16.862000000000002,323.236,9.686510407262256,0.0351007122434858,0.1898243805474635,-0.0105399494519803,0.1567,0.1234,0.1881000000000003,-0.0284,-0.0653,-0.0326,0.099,11.324209999999988,-108.22508787343604,-4659.512206113672,GNSS_OUTAGE,False,5.6340198623499615,7.4771397,-127.58090911566275,-4634.001145022376,-127.58090911566275,-4634.001145022376,-127.58090911566275,-4634.001145022376,predicted_speed
5433176,0.4008,-0.2637,9.8524,0.0058,-0.0135,-0.0218,52.43591,-1.473548,5.83,17.183,322.682,9.86407441628458,0.0262893514564357,0.1775640090223245,-0.0088113607870501,0.2118999999999999,-0.3208,0.1678999999999995,0.0125,0.0130999999999999,9.99999999999994e-05,0.101,6.867119999999996,-108.22508787343604,-4659.512206113672,GNSS_OUTAGE,False,5.634451637349962,7.552409445,-128.04177193818438,-4633.393313499962,-128.04177193818438,-4633.393313499962,-128.04177193818438,-4633.393313499962,predicted_speed
5433275,-0.3892,-0.0948,9.9515,-0.0125,0.0038,-0.0301,52.43591,-1.473548,5.83,16.942,324.42,9.959559022868431,0.0328131071372401,0.0954846065838506,0.0065237556808044,-0.79,0.1689,0.0990999999999999,-0.0183,0.0173,-0.0082999999999999,0.099,43.91425,-108.22508787343604,-4659.512206113672,GNSS_OUTAGE,False,5.633063162349962,7.547978700000001,-128.49407007143944,-4632.798495209471,-128.49407007143944,-4632.798495209471,-128.49407007143944,-4632.798495209471,predicted_speed
5433375,-0.2764,0.2476,10.2536,-0.0154,-0.0197,-0.0206,52.43591,-1.473548,5.83,16.567,324.488,10.260312650207108,0.0323976851024884,0.3007536273386773,-0.0004154220347517,0.1128,0.3424,0.3021000000000011,-0.0029,-0.0235,0.0094999999999999,0.1,48.59178,-108.22508787343604,-4659.512206113672,GNSS_OUTAGE,False,5.631370662349962,7.554783200000001,-128.95236589820328,-4632.197901813603,-128.95236589820328,-4632.197901813603,-128.95236589820328,-4632.197901813603,predicted_speed
5433476,0.1212,-0.2607,9.543,0.0154,0.0035,0.0051,52.43591,-1.473548,5.83,16.816,323.017,9.547329622988828,0.0165957825967924,-0.7129830272182804,-0.0158019025056959,0.3975999999999999,-0.5083,-0.7106000000000012,0.0308,0.0232,0.0257,0.101,23.315019999999997,-108.22508787343604,-4659.512206113672,GNSS_OUTAGE,False,5.632772037349962,7.601813345000001,-129.41727038081723,-4631.586874167616,-129.41727038081723,-4631.586874167616,-129.41727038081723,-4631.586874167616,predicted_speed
5433575,0.0394,-0.331,9.5369,-0.0205,-0.0135,-0.0216,52.43591,-1.473548,5.83,17.028,324.648,9.54272366622863,0.0326964829912943,-0.0046059567601979,0.0161007003945018,-0.0818,-0.0703,-0.0060999999999999,-0.0359,-0.017,-0.0267,0.099,41.54032,-108.22508787343604,-4659.512206113672,GNSS_OUTAGE,False,5.630591562349962,7.639814000000001,-129.87655820834945,-4630.98595213757,-129.87655820834945,-4630.98595213757,-129.87655820834945,-4630.98595213757,predicted_speed
5433675,-0.3626,-0.4208,10.0437,0.0015,0.0251,-0.0035,52.43591,-1.473548,5.83,16.769000000000002,325.514,10.05904871695132,0.0253872014999684,0.5163250507226884,-0.0073092814913259,-0.4019999999999999,-0.0897999999999999,0.5068000000000001,0.022,0.0386,0.0181,0.1,39.13628,-108.22508787343604,-4659.512206113672,GNSS_OUTAGE,False,5.630589062349962,7.637998500000001,-130.34037657789133,-4630.379105591122,-130.34037657789133,-4630.379105591122,-130.34037657789133,-4630.379105591122,predicted_speed
5433776,-0.265,-0.2448,10.8684,0.0005,-0.0138,-0.0042,52.43591,-1.473548,5.83,16.602999999999998,323.435,10.874385987263832,0.0144336412592249,0.8153372703125132,-0.0109535602407435,0.0975999999999999,0.176,0.8247,-0.001,-0.0389,-0.0006999999999999,0.101,45.41335999999998,-108.22508787343604,-4659.512206113672,GNSS_OUTAGE,False,5.630485537349962,7.646022445000001,-130.80938877486733,-4629.765595244929,-130.80938877486733,-4629.765595244929,-130.80938877486733,-4629.765595244929,predicted_speed
5433875,0.3205,0.1707,10.0802,0.009,0.0132,0.011,52.43591,-1.473548,5.83,16.772000000000002,325.399,10.086738361829358,0.0193969069699269,-0.7876476254344738,0.004963265710702,0.5855,0.4155,-0.7881999999999998,0.0084999999999999,0.027,0.0151999999999999,0.099,19.52026999999999,-108.22508787343604,-4659.512206113672,GNSS_OUTAGE,False,5.631225562349962,7.711852,-131.27262268907984,-4629.158713136254,-131.27262268907984,-4629.158713136254,-131.27262268907984,-4629.158713136254,predicted_speed
5433975,-0.0025,0.3702,9.4261,0.0069,0.025,0.0148,52.43591,-1.473548,5.83,17.035,323.527,9.433367134803987,0.029860509037858,-0.6533712270253709,0.010463602067931,-0.323,0.1994999999999999,-0.6540999999999997,-0.0020999999999999,0.0118,0.0038,0.1,49.70139,-108.22508787343604,-4659.512206113672,GNSS_OUTAGE,False,5.631763062349962,7.7460465,-131.7422794462404,-4628.542730267779,-131.7422794462404,-4628.542730267779,-131.7422794462404,-4628.542730267779,predicted_speed
5434075,0.7295,0.5682,9.2823,0.0041,0.013,-0.0198,52.43591,-1.473548,5.83,17.111,326.029,9.328242855972391,0.0240385107691803,-0.1051242788315942,-0.0058219982686776,0.732,0.198,-0.1438000000000006,-0.0027999999999999,-0.012,-0.0346,0.1,33.94156999999999,-108.22508787343604,-4659.512206113672,GNSS_OUTAGE,False,5.632020562349962,7.853441,-132.2182868949661,-4627.918084556865,-132.2182868949661,-4627.918084556865,-132.2182868949661,-4627.918084556865,predicted_speed
5434175,0.4218,0.7754,10.0167,0.0114,0.0484,-0.019,52.43591,-1.473548,5.83,17.114,325.898,10.055517852900469,0.0532308181413737,0.7272749969280738,0.0291923073721933,-0.3077,0.2071999999999999,0.7344000000000008,0.0073,0.0354,0.0008,0.1,32.206820000000015,-108.22508787343604,-4659.512206113672,GNSS_OUTAGE,False,5.633008062349962,7.9300655,-132.69831556574854,-4627.286869962952,-132.69831556574854,-4627.286869962952,-132.69831556574854,-4627.286869962952,predicted_speed
5434275,-0.0989,1.1605,9.5284,-0.0272,0.0229,-0.0484,52.43626,-1.473965,5.8,17.215,324.61400000000003,9.59932018530479,0.0600567231873334,-0.456197667595676,0.0068259050459597,-0.5207,0.3851000000000001,-0.4883000000000006,-0.0385999999999999,-0.0255,-0.0294,0.1,42.54572,-136.46655323213972,-4620.59398178839,GNSS_OUTAGE,False,5.630135562349962,7.95462,-133.1816473770505,-4626.65508665071,-133.1816473770505,-4626.65508665071,-133.1816473770505,-4626.65508665071,predicted_speed
5434375,-0.2021,1.4636,10.272,0.0047,0.1045,-0.038,52.43626,-1.473965,5.8,17.687,325.223,10.377714265193468,0.1112939351447328,0.7783940798886775,0.0512372119573993,-0.1032,0.3030999999999999,0.7436000000000007,0.0319,0.0815999999999999,0.0104,0.1,37.21344,-136.46655323213972,-4620.59398178839,GNSS_OUTAGE,False,5.630453062349963,7.9688545,-133.66564311830288,-4626.022019084907,-133.66564311830288,-4626.022019084907,-133.66564311830288,-4626.022019084907,predicted_speed
5434476,0.2277,1.1745,10.0665,0.013,0.1462,-0.0291,52.43626,-1.473965,5.8,17.633,324.23900000000003,10.137342836759542,0.1496337194618913,-0.2403714284339262,0.0383397843171584,0.4298,-0.2890999999999999,-0.2055000000000006,0.0082999999999999,0.0417,0.0088999999999999,0.101,33.17716,-136.46655323213972,-4620.59398178839,GNSS_OUTAGE,False,5.631612037349963,8.026641145,-134.15727688865567,-4625.377413983208,-134.15727688865567,-4625.377413983208,-134.15727688865567,-4625.377413983208,predicted_speed
5434575,0.6283,1.547,9.6861,0.0142,0.153,-0.0471,52.43626,-1.473965,5.8,18.191,323.374,9.828962463047665,0.1607141873015571,-0.3083803737118789,0.0110804678396658,0.4005999999999999,0.3724999999999998,-0.3803999999999998,0.0012,0.0068,-0.018,0.099,35.19989,-136.46655323213972,-4620.59398178839,GNSS_OUTAGE,False,5.632866862349963,8.1229429,-134.64415429561225,-4624.737381213662,-134.64415429561225,-4624.737381213662,-134.64415429561225,-4624.737381213662,predicted_speed
5434675,-0.2098,1.5149,9.6973,0.0333,0.2207,-0.0315,52.43626,-1.473965,5.8,18.58,324.838,9.817156683072753,0.2254099154873183,-0.0118057799749102,0.0646957281857611,-0.8381,-0.0321,0.0112000000000005,0.0191,0.0677,0.0156,0.1,28.23413,-136.46655323213972,-4620.59398178839,GNSS_OUTAGE,False,5.6360443623499625,8.1364074,-135.13470471566035,-4624.088249840843,-135.13470471566035,-4624.088249840843,-135.13470471566035,-4624.088249840843,predicted_speed
5434775,0.3753,2.2158,9.8238,0.0278,0.2401,-0.0299,52.43626,-1.473965,5.8,18.486,324.56,10.077582357391082,0.2435464226795376,0.2604256743183288,0.0181365071922192,0.5851,0.7009000000000003,0.1265,-0.0055,0.0194,0.0016,0.1,29.78804,-136.46655323213972,-4620.59398178839,GNSS_OUTAGE,False,5.6386718623499625,8.2083819,-135.62787214844616,-4623.432078203691,-135.62787214844616,-4623.432078203691,-135.62787214844616,-4623.432078203691,predicted_speed
5434876,0.1574,1.7871,10.2949,0.0267,0.2635,-0.0203,52.43626,-1.473965,5.8,18.785,324.746,10.45004627645256,0.2656261094094479,0.3724639190614773,0.0220796867299102,-0.2179,-0.4287000000000003,0.4710999999999998,-0.0010999999999999,0.0234,0.0096,0.101,33.70376,-136.46655323213972,-4620.59398178839,GNSS_OUTAGE,False,5.6412145373499625,8.259068245,-136.12734985316834,-4622.763980337279,-136.12734985316834,-4622.763980337279,-136.12734985316834,-4622.763980337279,predicted_speed
5434976,-0.49,2.1209,9.381,0.0349,0.2783,-0.0176,52.43626,-1.473965,5.8,19.055,326.04,9.630237681905884,0.2810314217307381,-0.8198085945466751,0.0154053123212902,-0.6474,0.3337999999999999,-0.9139,0.0081999999999999,0.0147999999999999,0.0026999999999999,0.1,29.88208999999999,-136.46655323213972,-4620.59398178839,GNSS_OUTAGE,False,5.644552037349962,8.244512745,-136.61880413290592,-4622.102019163982,-136.61880413290592,-4622.102019163982,-136.61880413290592,-4622.102019163982,predicted_speed
5435075,0.2769,1.4644,10.2304,0.0206,0.2939,0.0142,52.43626,-1.473965,5.8,18.752,325.6,10.338386002176549,0.2949630654844772,0.7081483202706647,0.013931643753739,0.7668999999999999,-0.6564999999999999,0.8493999999999993,-0.0143,0.0156,0.0318,0.099,28.94327999999999,-136.46655323213972,-4620.59398178839,GNSS_OUTAGE,False,5.646440462349962,8.3060259,-137.10772632247043,-4621.4408635606005,-137.10772632247043,-4621.4408635606005,-137.10772632247043,-4621.4408635606005,predicted_speed
5435175,0.227,1.4935,9.861,0.0179,0.2651,-0.0283,52.43626,-1.473965,5.8,19.274,325.343,9.97604091060176,0.2672064931845781,-0.3623450915747881,-0.027756572299899,-0.0498999999999999,0.0291000000000001,-0.3693999999999988,-0.0027,-0.0287999999999999,-0.0424999999999999,0.1,25.61303,-136.46655323213972,-4620.59398178839,GNSS_OUTAGE,False,5.648077962349962,8.3631704,-137.60388305736893,-4620.767621638399,-137.60388305736893,-4620.767621638399,-137.60388305736893,-4620.767621638399,predicted_speed
5435275,0.0424,1.6355,9.5877,0.0052,0.3074,-0.0476,52.43626,-1.473965,5.8,19.451,324.394,9.72628651130533,0.3111069912425627,-0.2497543992964299,0.0439004980579846,-0.1846,0.1419999999999999,-0.2733000000000007,-0.0127,0.0423,-0.0193,0.1,21.81239,-136.46655323213972,-4620.59398178839,GNSS_OUTAGE,False,5.6484454623499625,8.4018549,-138.10208620961785,-4620.091082447593,-138.10208620961785,-4620.091082447593,-138.10208620961785,-4620.091082447593,predicted_speed
5435376,0.1041,2.6181,9.1844,-0.0343,0.2938,-0.0555,52.43626,-1.473965,5.8,18.983,324.435,9.550837019863756,0.3009571065783296,-0.175449491441574,-0.0101498846642331,0.0617,0.9826,-0.4032999999999997,-0.0394999999999999,-0.0136,-0.0078999999999999,0.101,32.991800000000005,-136.46655323213972,-4620.59398178839,GNSS_OUTAGE,False,5.644827137349963,8.447157945,-138.61046701477918,-4619.405928464632,-138.61046701477918,-4619.405928464632,-138.61046701477918,-4619.405928464632,predicted_speed
5435475,-0.4236,2.1662,10.3982,-0.0377,0.2805,-0.0852,52.43626,-1.473965,5.8,20.106,324.342,10.629883472550391,0.2955682323931312,1.0790464526866348,-0.0053888741851983,-0.5277,-0.4519000000000002,1.213799999999999,-0.0034,-0.0132999999999999,-0.0296999999999999,0.099,34.90163,-136.46655323213972,-4620.59398178839,GNSS_OUTAGE,False,5.640943862349963,8.439321600000001,-139.11092036814924,-4618.736903260235,-139.11092036814924,-4618.736903260235,-139.11092036814924,-4618.736903260235,predicted_speed
5435576,-0.6604,2.2313,9.8624,-0.0117,0.2952,-0.064,52.43626,-1.473965,5.8,19.66,323.831,10.133200955769109,0.3022845182936103,-0.4966825167812825,0.006716285900479,-0.2368,0.0651000000000001,-0.5358,0.0259999999999999,0.0146999999999999,0.0211999999999999,0.101,31.44980000000001,-136.46655323213972,-4620.59398178839,GNSS_OUTAGE,False,5.639608137349963,8.407410145000002,-139.62046109114976,-4618.057623274749,-139.62046109114976,-4618.057623274749,-139.62046109114976,-4618.057623274749,predicted_speed
5435676,-0.4405,2.2453,9.8565,0.0237,0.3199,-0.064,52.43626,-1.473965,5.8,20.189,325.79900000000004,10.1185969674654,0.3270989147031827,-0.0146039883037083,0.0248143964095724,0.2198999999999999,0.0139999999999997,-0.0058999999999986,0.0354,0.0247,0.0,0.1,28.00855000000001,-136.46655323213972,-4620.59398178839,GNSS_OUTAGE,False,5.641825637349964,8.397804645000003,-140.12288954475397,-4617.384721441222,-140.12288954475397,-4617.384721441222,-140.12288954475397,-4617.384721441222,predicted_speed
5435776,-0.1974,2.683,9.4102,0.0407,0.3307,-0.019,52.43626,-1.473965,5.8,19.994,325.267,9.787201837093177,0.3337363929810472,-0.3313951303722255,0.0066374782778644,0.2431,0.4377,-0.4463000000000008,0.017,0.0107999999999999,0.045,0.1,32.95644000000001,-136.46655323213972,-4620.59398178839,GNSS_OUTAGE,False,5.645743137349964,8.412509145000003,-140.62355318319263,-4616.708674828707,-140.62355318319263,-4616.708674828707,-140.62355318319263,-4616.708674828707,predicted_speed
5435876,-0.0992,1.9844,10.0128,0.0343,0.3583,-0.0329,52.43626,-1.473965,5.8,20.221,325.064,10.208028597138629,0.3614385009929075,0.4208267600454523,0.0277021080118602,0.0982,-0.6985999999999999,0.6026000000000007,-0.0064,0.0276,-0.0139,0.1,17.790230000000015,-136.46655323213972,-4620.59398178839,GNSS_OUTAGE,False,5.649020637349964,8.437033645000003,-141.12345148217557,-4616.029015312522,-141.12345148217557,-4616.029015312522,-141.12345148217557,-4616.029015312522,predicted_speed
5435976,0.2711,2.5972,9.2165,0.0117,0.3483,-0.056,52.43626,-1.473965,5.8,20.606,324.83,9.579290960191155,0.3529671089492617,-0.6287376369474718,-0.0084713920436458,0.3703,0.6128,-0.7963000000000005,-0.0225999999999999,-0.01,-0.0231,0.1,29.532850000000003,-136.46655323213972,-4620.59398178839,GNSS_OUTAGE,False,5.650038137349964,8.498588145000003,-141.62630005536937,-4615.343885166476,-141.62630005536937,-4615.343885166476,-141.62630005536937,-4615.343885166476,predicted_speed
5436076,0.5959,1.9944,10.2514,-0.001,0.3398,-0.0365,52.43626,-1.473965,5.8,20.264,324.142,10.460589377754966,0.341756185020842,0.8812984175638103,-0.0112109239284197,0.3248,-0.6028,1.0349000000000004,-0.0127,-0.0085,0.0195,0.1,21.52228,-136.46655323213972,-4620.59398178839,GNSS_OUTAGE,False,5.6497856373499635,8.592622645000002,-142.13488740063136,-4614.651302643282,-142.13488740063136,-4614.651302643282,-142.13488740063136,-4614.651302643282,predicted_speed
5436176,0.401,1.9418,9.4288,-0.0016,0.3295,-0.0383,52.43626,-1.473965,5.8,20.92,324.077,9.635022453528586,0.3317223236383105,-0.8255669242263792,-0.0100338613825314,-0.1948999999999999,-0.0525999999999999,-0.8225999999999996,-0.0006,-0.0102999999999999,-0.0018,0.1,16.11973,-136.46655323213972,-4620.59398178839,GNSS_OUTAGE,False,5.649473137349964,8.667167145000002,-142.64810523281105,-4613.952872031176,-142.64810523281105,-4613.952872031176,-142.64810523281105,-4613.952872031176,predicted_speed
5436276,0.2438,1.6491,9.5123,-0.0146,0.3139,-0.0816,52.43626,-1.473965,5.8,20.632,323.8,9.65726775749746,0.3246612542327772,0.022245303968873,-0.0070610694055332,-0.1572,-0.2926999999999999,0.083499999999999,-0.013,-0.0156,-0.0433,0.1,16.141940000000005,-136.46655323213972,-4620.59398178839,GNSS_OUTAGE,False,5.647860637349964,8.725991645000002,-143.1659394910964,-4613.250535229612,-143.1659394910964,-4613.250535229612,-143.1659394910964,-4613.250535229612,predicted_speed
5436376,0.9473,1.7985,9.4178,-0.0216,0.3441,-0.0438,52.43626,-1.473965,5.8,20.239,322.494,9.63467365197182,0.3475482844152737,-0.0225941055256395,0.0228870301824964,0.7035,0.1493999999999999,-0.0945,-0.007,0.0302,0.0378,0.1,15.59308,-136.46655323213972,-4620.59398178839,GNSS_OUTAGE,False,5.645548137349963,8.855166145000002,-143.6930862565726,-4612.539018566277,-143.6930862565726,-4612.539018566277,-143.6930862565726,-4612.539018566277,predicted_speed
5436476,0.8315,2.2774,9.7381,-0.0516,0.296,-0.0496,52.43626,-1.473965,5.8,20.808000000000003,323.976,10.035364199669088,0.3045303268970104,0.400690547697268,-0.0430179575182633,-0.1158,0.4789000000000001,0.3202999999999996,-0.03,-0.0481,-0.0058,0.1,25.47589,-136.46655323213972,-4620.59398178839,GNSS_OUTAGE,False,5.640235637349964,8.972760645000001,-144.23105597905172,-4611.8209009480415,-144.23105597905172,-4611.8209009480415,-144.23105597905172,-4611.8209009480415,predicted_speed
5436576,1.5093,2.7121,9.0906,-0.0122,0.3885,-0.0049,52.43626,-1.473965,5.8,20.7,323.487,9.605856612504686,0.3887223945182474,-0.4295075871644016,0.0841920676212371,0.6778000000000001,0.4346999999999998,-0.6474999999999991,0.0394,0.0925,0.0447,0.1,23.66907999999999,-136.46655323213972,-4620.59398178839,GNSS_OUTAGE,False,5.638863137349963,9.158135145000001,-144.7811454535025,-4611.088701546621,-144.7811454535025,-4611.088701546621,-144.7811454535025,-4611.088701546621,predicted_speed
5436676,0.4196,1.9705,10.6899,0.0031,0.3522,0.0084,52.43626,-1.473965,5.8,20.833,322.622,10.878092499147082,0.3523137947909505,1.2722358866423953,-0.0364085997272969,-1.0897,-0.7416,1.5992999999999995,0.0153,-0.0363,0.0133,0.1,23.868320000000004,-136.46655323213972,-4620.59398178839,GNSS_OUTAGE,False,5.639020637349963,9.234539645000002,-145.33570792463956,-4610.35030619848,-145.33570792463956,-4610.35030619848,-145.33570792463956,-4610.35030619848,predicted_speed
5436776,0.5644,2.5179,11.0097,0.049,0.3369,-0.0235,52.43626,-1.473965,5.8,20.732,323.651,11.308044121774552,0.3412548314676292,0.4299516226274704,-0.0110589633233213,0.1448,0.5474000000000001,0.3198000000000007,0.0459,-0.0153,-0.0319,0.1,29.0601,-136.46655323213972,-4620.59398178839,GNSS_OUTAGE,False,5.643768137349963,9.325424145000001,-145.89218195873514,-4609.601993426827,-145.89218195873514,-4609.601993426827,-145.89218195873514,-4609.601993426827,predicted_speed
5436876,0.6592,1.1219,10.3389,0.1062,0.2915,-0.0285,52.43626,-1.473965,5.8,20.718000000000004,323.43,10.420463399484689,0.3115492577426561,-0.8875807222898633,-0.029705573724973,0.0948,-1.396,-0.6707999999999998,0.0572,-0.0453999999999999,-0.005,0.1,25.37681000000001,-136.46655323213972,-4620.59398178839,GNSS_OUTAGE,False,5.654235637349963,9.425788645,-146.44669708693806,-4608.839780931262,-146.44669708693806,-4608.839780931262,-146.44669708693806,-4608.839780931262,predicted_speed
5436976,1.8185,1.6151,8.4001,0.115,0.3241,-0.0226,52.43626,-1.473965,5.8,20.38,322.975,8.745122656086648,0.3446397684539612,-1.6753407433980405,0.033090510711305,1.1593,0.4932000000000001,-1.9388000000000003,0.0088,0.0326,0.0059,0.1,29.98684000000001,-136.46655323213972,-4620.59398178839,GNSS_OUTAGE,False,5.665583137349963,9.642083145,-147.00505271764746,-4608.053691455816,-147.00505271764746,-4608.053691455816,-147.00505271764746,-4608.053691455816,predicted_speed
5437076,1.1869,0.3152,9.2689,0.0119,0.3237,-0.072,52.43626,-1.473965,5.8,20.992,323.183,9.349897852917968,0.3318242004435481,0.6047751968313193,-0.0128155680104131,-0.6315999999999999,-1.2999,0.8688000000000002,-0.1031,-0.0004,-0.0494,0.1,15.60499,-136.46655323213972,-4620.59398178839,GNSS_OUTAGE,False,5.666620637349963,9.795217645000001,-147.57144726511822,-4607.254529329759,-147.57144726511822,-4607.254529329759,-147.57144726511822,-4607.254529329759,predicted_speed
5437175,2.6823,1.1115,9.4977,-0.0748,0.2999,-0.0848,52.43626,-1.473965,5.8,20.578000000000003,323.466,9.931589541961548,0.3205091106349396,0.5816916890435806,-0.0113150898086084,1.4954,0.7963,0.2287999999999996,-0.0867,-0.0237999999999999,-0.0128,0.099,19.303909999999995,-136.46655323213972,-4620.59398178839,GNSS_OUTAGE,False,5.659064462349963,10.094865400000002,-148.1554758539342,-4606.44354577462,-148.1554758539342,-4606.44354577462,-148.1554758539342,-4606.44354577462,predicted_speed
5437275,1.2258,1.7899,9.5801,-0.0997,0.2721,-0.0647,52.43626,-1.473965,5.8,21.348000000000003,324.077,9.822659703970205,0.2969252262775933,-0.1089298379913454,-0.0235838843573463,-1.4565,0.6784000000000001,0.0823999999999998,-0.0248999999999999,-0.0277999999999999,0.0201,0.1,29.016830000000013,-136.46655323213972,-4620.59398178839,GNSS_OUTAGE,False,5.648941962349963,10.251889900000002,-148.76297023091598,-4605.617735235118,-148.76297023091598,-4605.617735235118,-148.76297023091598,-4605.617735235118,predicted_speed
5437375,1.9561,1.1417,9.8692,-0.0151,0.3425,-0.0398,52.43626,-1.473965,5.8,21.222,322.661,10.12575502073796,0.3451351909035067,0.3030953167677559,0.0482099646259133,0.7303,-0.6482000000000001,0.2890999999999994,0.0846,0.0704,0.0248999999999999,0.1,14.93034000000001,-136.46655323213972,-4620.59398178839,GNSS_OUTAGE,False,5.647279462349963,10.481944400000001,-149.38549976499056,-4604.774427128165,-149.38549976499056,-4604.774427128165,-149.38549976499056,-4604.774427128165,predicted_speed
5437476,2.1122,1.1879,10.1454,0.0443,0.2728,-0.0542,52.43626,-1.473965,5.8,21.712,323.656,10.430802289852876,0.2816380123491855,0.3050472691149171,-0.0634971785543211,0.1561000000000001,0.0462,0.2762000000000011,0.0594,-0.0697,-0.0143999999999999,0.101,26.628640000000004,-136.46655323213972,-4620.59398178839,GNSS_OUTAGE,False,5.651599737349963,10.730065545000002,-150.02536517658163,-4603.89975157879,-150.02536517658163,-4603.89975157879,-150.02536517658163,-4603.89975157879,predicted_speed
5437575,2.5386,1.0132,9.7953,0.0831,0.3113,-0.0382,52.43626,-1.473965,5.8,21.647,323.248,10.169511605283706,0.3244573007346267,-0.26129068456917,0.0428192883854411,0.4264000000000001,-0.1746999999999998,-0.3501000000000012,0.0387999999999999,0.0385,0.016,0.099,19.48521,-136.46655323213972,-4620.59398178839,GNSS_OUTAGE,False,5.659675662349963,11.015487000000002,-150.66211443381317,-4603.014419397024,-150.66211443381317,-4603.014419397024,-150.66211443381317,-4603.014419397024,predicted_speed
5437676,1.8867,0.301,8.8604,0.0465,0.3275,0.0335,52.43626,-1.473965,5.8,22.338,323.625,9.064045788167666,0.3324766909123104,-1.1054658171160394,0.0080193901776837,-0.6519000000000001,-0.7122000000000002,-0.934899999999999,-0.0365999999999999,0.0161999999999999,0.0717,0.101,20.711119999999987,-136.46655323213972,-4620.59398178839,GNSS_OUTAGE,False,5.664218137349963,11.240832645000003,-151.3208229497645,-4602.089722745915,-151.3208229497645,-4602.089722745915,-151.3208229497645,-4602.089722745915,predicted_speed
5437776,1.3244,0.186,9.8294,-0.0045,0.3116,0.0214,52.43626,-1.473965,5.8,22.313,321.39,9.919966518088655,0.312366403443136,0.8559207299209906,-0.0201102874691744,-0.5623,-0.1149999999999999,0.9689999999999994,-0.051,-0.0159,-0.0121,0.1,14.398740000000004,-136.46655323213972,-4620.59398178839,GNSS_OUTAGE,False,5.663615637349963,11.407717145000003,-151.98325182483396,-4601.160988074399,-151.98325182483396,-4601.160988074399,-151.98325182483396,-4601.160988074399,predicted_speed
5437876,-0.252,-0.0389,10.3572,-0.0649,0.1658,-0.0711,52.43626,-1.473965,5.8,22.691,322.081,10.360338269091413,0.1917207865621253,0.440371751002754,-0.1206456168810106,-1.5764,-0.2249,0.5278000000000009,-0.0604,-0.1457999999999999,-0.0925,0.1,30.32486,-136.46655323213972,-4620.59398178839,GNSS_OUTAGE,False,5.656973137349963,11.416961645000002,-152.65237696206972,-4600.23592500479,-152.65237696206972,-4600.23592500479,-152.65237696206972,-4600.23592500479,predicted_speed
5437975,0.7581,0.103,10.4993,-0.0155,0.256,0.0425,52.43626,-1.473965,5.8,22.997,318.642,10.527137554910167,0.2599663439755231,0.1667992858187563,0.0682455574133978,1.0101,0.1419,0.1420999999999992,0.0494,0.0902,0.1136,0.099,27.12503000000001,-136.46655323213972,-4620.59398178839,GNSS_OUTAGE,False,5.655287662349963,11.526113600000002,-153.32270143821293,-4599.312485436527,-153.32270143821293,-4599.312485436527,-153.32270143821293,-4599.312485436527,predicted_speed
5438076,0.1989,0.1286,9.5534,0.0003,0.12,-0.0206,52.43626,-1.473965,5.8,22.874,317.829,9.556335632971455,0.1217556980186143,-0.97080192193871,-0.1382106459569088,-0.5592,0.0255999999999999,-0.9459,0.0158,-0.136,-0.0631,0.101,28.25722999999999,-136.46655323213972,-4620.59398178839,GNSS_OUTAGE,False,5.655163937349963,11.580991445000002,-154.0099409409631,-4598.365990066077,-154.0099409409631,-4598.365990066077,-154.0099409409631,-4598.365990066077,predicted_speed
5438175,0.3635,-0.7479,8.9769,0.0099,0.1058,0.0054,52.43626,-1.473965,5.8,23.231,315.168,9.015332510229449,0.106399295110447,-0.5410031227420085,-0.0153564029081672,0.1646,-0.8765000000000001,-0.5764999999999993,0.0096,-0.0141999999999999,0.026,0.099,35.709989999999976,-136.46655323213972,-4620.59398178839,GNSS_OUTAGE,False,5.655993062349963,11.651078000000002,-154.68687434971687,-4597.432060962965,-154.68687434971687,-4597.432060962965,-154.68687434971687,-4597.432060962965,predicted_speed
5438275,-0.1128,-0.5618,9.7387,-0.0211,0.0586,-0.0063,52.43626,-1.473965,5.8,23.526,314.038,9.755543079193489,0.0626007987169492,0.7402105689640397,-0.0437984963934977,-0.4763,0.1861,0.7617999999999991,-0.031,-0.0472,-0.0117,0.1,37.10748999999999,-136.46655323213972,-4620.59398178839,GNSS_OUTAGE,False,5.653730562349963,11.674242500000002,-155.37414177953488,-4596.488375178713,-155.37414177953488,-4596.488375178713,-155.37414177953488,-4596.488375178713,predicted_speed
5438376,-0.2832,-0.538,9.8727,-0.0348,0.0472,-0.0144,52.43626,-1.473965,5.8,23.357,312.302,9.8914029101033,0.0603841038684851,0.1358598309098102,-0.0022166948484641,-0.1704,0.0237999999999999,0.1340000000000003,-0.0136999999999999,-0.0114,-0.0081,0.101,42.11389999999999,-136.46655323213972,-4620.59398178839,GNSS_OUTAGE,False,5.650061737349963,11.680428245000002,-156.07214369360645,-4595.537301952815,-156.07214369360645,-4595.537301952815,-156.07214369360645,-4595.537301952815,predicted_speed
5438475,-0.3109,-0.3354,9.6207,-0.0156,0.0158,-0.0353,52.43626,-1.473965,5.8,23.861,311.144,9.6315637598471,0.0417023980125843,-0.2598391502561998,-0.0186817058559007,-0.0277,0.2026,-0.2520000000000006,0.0192,-0.0314,-0.0209,0.099,43.09693,-136.46655323213972,-4620.59398178839,GNSS_OUTAGE,False,5.648366362349964,11.683749200000001,-156.75809827386072,-4594.605958418755,-156.75809827386072,-4594.605958418755,-156.75809827386072,-4594.605958418755,predicted_speed
5438575,-0.1491,-0.3201,9.5913,-0.0139,0.0133,-0.0228,52.43626,-1.473965,5.8,24.332,309.987,9.597798211569152,0.0298318621611189,-0.0337655482779464,-0.0118705358514654,0.1618,0.0152999999999999,-0.0293999999999989,0.0017,-0.0025,0.0124999999999999,0.1,45.55639,-136.46655323213972,-4620.59398178839,GNSS_OUTAGE,False,5.646823862349963,11.703283700000002,-157.45359285451957,-4593.6647061773765,-157.45359285451957,-4593.6647061773765,-157.45359285451957,-4593.6647061773765,predicted_speed
5438676,0.2208,-0.4534,9.8681,-0.0205,0.0028,-0.0268,52.43626,-1.473965,5.8,24.311,307.86400000000003,9.88097777600982,0.033857495477368,0.2831795644406689,0.0040256333162491,0.3699,-0.1333,0.2767999999999997,-0.0066,-0.0104999999999999,-0.004,0.101,34.024860000000004,-136.46655323213972,-4620.59398178839,GNSS_OUTAGE,False,5.644599337349963,11.760373445000003,-158.16159234277822,-4592.710976580803,-158.16159234277822,-4592.710976580803,-158.16159234277822,-4592.710976580803,predicted_speed
5438776,-0.1121,-0.5729,10.1363,-0.0112,0.0169,0.0085,52.43626,-1.473965,5.8,24.221,306.077,10.15309600614512,0.0219840851526735,0.2721182301353,-0.0118734103246945,-0.3329,-0.1194999999999999,0.2682000000000002,0.0093,0.0140999999999999,0.0353,0.1,28.969399999999982,-136.46655323213972,-4620.59398178839,GNSS_OUTAGE,False,5.643326837349964,11.783607945000002,-158.86517026208597,-4591.765718799307,-158.86517026208597,-4591.765718799307,-158.86517026208597,-4591.765718799307,predicted_speed
5438876,0.1129,-0.4798,9.9178,0.0012,-0.011,-0.0019,52.43626,-1.473965,5.8,24.566,304.97,9.930040850369146,0.0112271991164314,-0.2230551557759756,-0.010756886036242,0.225,0.0930999999999999,-0.2185000000000005,0.0124,-0.0278999999999999,-0.0104,0.1,2.683180000000001,-136.46655323213972,-4620.59398178839,GNSS_OUTAGE,False,5.643294337349964,11.829342445000002,-159.57150974541486,-4590.816815241984,-159.57150974541486,-4590.816815241984,-159.57150974541486,-4590.816815241984,predicted_speed
5438975,-0.0932,-0.6206,9.4673,-0.0113,0.0031,0.0001,52.43626,-1.473965,5.8,24.181,303.382,9.488076722392162,0.0117179349716577,-0.4419641279769841,0.0004907358552262,-0.2061,-0.1408,-0.4504999999999999,-0.0124999999999999,0.0141,0.002,0.099,31.00979000000001,-136.46655323213972,-4620.59398178839,GNSS_OUTAGE,False,5.642024662349964,11.854215700000001,-160.27345087776033,-4589.8763159162,-160.27345087776033,-4589.8763159162,-160.27345087776033,-4589.8763159162,predicted_speed
5439075,0.0934,-0.1527,9.5857,-0.0163,0.0066,-0.0018,52.43626,-1.473965,5.8,24.43,301.021,9.587371138117058,0.0176773866846884,0.0992944157248967,0.0059594517130306,0.1866,0.4679,0.1183999999999994,-0.0049999999999999,0.0035,-0.0019,0.1,13.875499999999994,-136.46655323213972,-4620.59398178839,GNSS_OUTAGE,False,5.640242162349964,11.8980002,-160.98679968623588,-4588.924077729065,-160.98679968623588,-4588.924077729065,-160.98679968623588,-4588.924077729065,predicted_speed
5439175,0.235,0.0283,9.9139,-0.0216,-0.0244,0.0291,52.43626,-1.473965,5.8,24.433000000000003,299.318,9.916725220555422,0.0436890146375493,0.329354082438364,0.0260116279528608,0.1416,0.181,0.3282000000000007,-0.0053,-0.031,0.0309,0.1,31.12749000000001,-136.46655323213972,-4620.59398178839,GNSS_OUTAGE,False,5.637929662349964,11.9559447,-161.7058334340869,-4587.968862252774,-161.7058334340869,-4587.968862252774,-161.7058334340869,-4587.968862252774,predicted_speed
5439275,-0.4021,-0.0514,10.2771,0.0135,0.01,0.0507,52.43626,-1.473965,5.8,24.613000000000003,296.648,10.285091675818938,0.0534110475463644,0.3683664552635157,0.009722032908815,-0.6371,-0.0797,0.3632000000000008,0.0351,0.0344,0.0216,0.1,44.350560000000016,-136.46655323213972,-4620.59398178839,GNSS_OUTAGE,False,5.639127162349964,11.9501792,-162.42337660925546,-4587.013247465901,-162.42337660925546,-4587.013247465901,-162.42337660925546,-4587.013247465901,predicted_speed
5439375,-0.1252,-0.5481,9.8511,0.0276,0.0063,-0.0032,52.43626,-1.473965,5.8,24.653,294.611,9.86713027480635,0.0284901737446439,-0.4179614010125885,-0.0249208738017204,0.2769,-0.4967,-0.4260000000000001,0.0141,-0.0037,-0.0539,0.1,24.165240000000008,-136.46655323213972,-4620.59398178839,GNSS_OUTAGE,False,5.641734662349964,11.9721037,-163.13973745318938,-4586.054008282322,-163.13973745318938,-4586.054008282322,-163.13973745318938,-4586.054008282322,predicted_speed
5439475,0.3007,-0.6521,9.6621,-0.0034,-0.0218,0.0457,52.43626,-1.473965,5.8,24.419,293.22900000000004,9.688747664688147,0.0507473151999196,-0.1783826101182022,0.0222571414552757,0.4259,-0.1039999999999999,-0.189,-0.031,-0.0281,0.0489,0.1,39.08494999999999,-136.46655323213972,-4620.59398178839,GNSS_OUTAGE,False,5.641242162349964,12.0366182,-163.8604334599274,-4585.089954838369,-163.8604334599274,-4585.089954838369,-163.8604334599274,-4585.089954838369,predicted_speed
5439575,0.29,-0.2719,10.3983,0.0069,-0.0215,0.0214,52.43626,-1.473965,5.8,24.962,290.502,10.405896045031394,0.031109805528161,0.7171483803432466,-0.0196375096717586,-0.0107,0.3802,0.7362000000000002,0.0103,0.0003,-0.0243,0.1,45.12366000000001,-136.46655323213972,-4620.59398178839,GNSS_OUTAGE,False,5.641779662349964,12.100062699999999,-164.58440720985467,-4584.1204306340005,-164.58440720985467,-4584.1204306340005,-164.58440720985467,-4584.1204306340005,predicted_speed
5439675,-0.3968,-0.4444,9.4039,0.0181,-0.0278,0.013,52.43626,-1.473965,5.8,24.682,289.16700000000003,9.422753143853448,0.0356293418406795,-0.9831429011779472,0.0045195363125185,-0.6868,-0.1725,-0.9944000000000006,0.0112,-0.0063,-0.0084,0.1,44.453230000000005,-136.46655323213972,-4620.59398178839,GNSS_OUTAGE,False,5.643437162349964,12.0948272,-165.3064604237604,-4583.150127791448,-165.3064604237604,-4583.150127791448,-165.3064604237604,-4583.150127791448,predicted_speed
5439775,0.0645,-0.6138,9.5409,0.0202,-0.0163,0.058,52.43626,-1.473965,5.8,25.229,286.493,9.560841150233593,0.0635431349557133,0.1380880063801459,0.0279137931150337,0.4613,-0.1694,0.1370000000000004,0.0020999999999999,0.0115,0.045,0.1,40.251380000000005,-136.46655323213972,-4620.59398178839,GNSS_OUTAGE,False,5.6453046623499645,12.1357217,-166.02913558271726,-4582.175192908276,-166.02913558271726,-4582.175192908276,-166.02913558271726,-4582.175192908276,predicted_speed
5439875,-0.4766,-0.6218,8.9948,-0.0594,-0.0633,0.0003,52.43626,-1.473965,5.8,24.912,285.838,9.028854292766054,0.0868063361742678,-0.5319868574675386,0.0232632012185544,-0.5411,-0.008,-0.5461000000000009,-0.0796,-0.047,-0.0577,0.1,48.28109000000001,-136.46655323213972,-4620.59398178839,GNSS_OUTAGE,False,5.639212162349964,12.1225062,-166.75694365444906,-4581.205735855894,-166.75694365444906,-4581.205735855894,-166.75694365444906,-4581.205735855894,predicted_speed
5439976,-0.4257,-0.6512,9.6122,-0.0476,0.013,0.0238,52.43626,-1.473965,5.8,24.898000000000003,283.325,9.643633691197524,0.0547832091064406,0.6147793984314713,-0.0320231270678272,0.0509,-0.0293999999999999,0.6174,0.0117999999999999,0.0762999999999999,0.0235,0.101,38.90302,-136.46655323213972,-4620.59398178839,GNSS_OUTAGE,False,5.634250537349964,12.114299445,-167.49637799699562,-4580.230903885781,-167.49637799699562,-4580.230903885781,-167.49637799699562,-4580.230903885781,predicted_speed
5440076,-0.3057,-0.2451,9.5753,-0.0566,-0.054,-0.0338,52.43626,-1.473965,5.8,24.829,282.232,9.583313445254726,0.0852173691215587,-0.0603202459427993,0.0304341600151181,0.12,0.4061,-0.0368999999999992,-0.0089999999999999,-0.067,-0.0576,0.1,44.07992999999998,-136.46655323213972,-4620.59398178839,GNSS_OUTAGE,False,5.628438037349964,12.118173945,-168.23432485941808,-4579.269688079703,-168.23432485941808,-4579.269688079703,-168.23432485941808,-4579.269688079703,predicted_speed
5440175,-0.3725,-0.1423,10.4563,-0.0268,-0.0519,-0.0052,52.43626,-1.473965,5.8,24.689,280.301,10.463900574355629,0.0586420497595368,0.8805871291009009,-0.0265753193620218,-0.0667999999999999,0.1028,0.8810000000000002,0.0297999999999999,0.0020999999999999,0.0285999999999999,0.099,43.623050000000006,-136.46655323213972,-4620.59398178839,GNSS_OUTAGE,False,5.625633862349964,12.115396500000001,-168.96738978595914,-4578.320354443219,-168.96738978595914,-4578.320354443219,-168.96738978595914,-4578.320354443219,predicted_speed
5440275,-0.4589,-0.2711,10.2433,0.0099,-0.0341,-0.0017,52.43626,-1.473965,5.8,24.718000000000004,278.471,10.257157467349325,0.0355486989916649,-0.2067431070063037,-0.0230933507678719,-0.0863999999999999,-0.1288,-0.2130000000000009,0.0367,0.0178,0.0034999999999999,0.1,44.790509999999976,-136.46655323213972,-4620.59398178839,GNSS_OUTAGE,False,5.626471362349965,12.103951,-169.7063572833315,-4577.361718257833,-169.7063572833315,-4577.361718257833,-169.7063572833315,-4577.361718257833,predicted_speed
5440376,-0.6572,-0.7826,9.1904,0.0238,-0.0224,-0.0044,52.43626,-1.473965,5.8,25.549,276.068,9.24704421747836,0.0329781746007871,-1.0101132498709615,-0.0025705243908778,-0.1983,-0.5115,-1.0528999999999993,0.0139,0.0116999999999999,-0.0027,0.101,46.78843000000002,-136.46655323213972,-4620.59398178839,GNSS_OUTAGE,False,5.628721137349965,12.072362745,-170.44859217177722,-4576.394350218649,-170.44859217177722,-4576.394350218649,-170.44859217177722,-4576.394350218649,predicted_speed
5440475,-0.5045,-0.1927,9.8732,0.0232,-0.0405,-0.0587,52.43626,-1.473965,5.8,25.913,272.923,9.887958928919558,0.0749945331340891,0.6409147114411962,0.042016358533302,0.1527,0.5899,0.6828000000000003,-0.0006,-0.0181,-0.0543,0.099,41.174670000000006,-136.46655323213972,-4620.59398178839,GNSS_OUTAGE,False,5.630866962349965,12.0565173,-171.1731407207287,-4575.445825610644,-171.1731407207287,-4575.445825610644,-171.1731407207287,-4575.445825610644,predicted_speed
5440576,0.335,-0.2577,10.1073,0.0063,-0.0195,-0.0151,52.43626,-1.473965,5.8,25.592,272.198,10.11613303491013,0.0254548620110186,0.2281741059905719,-0.0495396711230705,0.8394999999999999,-0.0649999999999999,0.2340999999999997,-0.0169,0.021,0.0436,0.101,37.56833000000002,-136.46655323213972,-4620.59398178839,GNSS_OUTAGE,False,5.631349237349966,12.125141245,-171.91606451893972,-4574.472272550325,-171.91606451893972,-4574.472272550325,-171.91606451893972,-4574.472272550325,predicted_speed
5440675,-0.0855,0.0185,9.564,-0.0451,-0.0423,-0.0463,52.43626,-1.473965,5.8,25.574,272.344,9.564400059596002,0.0772462944095054,-0.5517329753141276,0.0517914323984868,-0.4205,0.2762,-0.5433000000000003,-0.0514,-0.0227999999999999,-0.0312,0.099,43.310190000000006,-136.46655323213972,-4620.59398178839,GNSS_OUTAGE,False,5.626733362349966,12.1507768,-172.65022291261454,-4573.519358814755,-172.65022291261454,-4573.519358814755,-172.65022291261454,-4573.519358814755,predicted_speed
5440775,-0.1493,-0.5287,9.9704,-0.019,0.023,-0.0042,52.43626,-1.473965,5.8,25.297,268.726,9.98552403932813,0.0301270642446289,0.421123979732128,-0.0471192301648765,-0.0637999999999999,-0.5471999999999999,0.4063999999999996,0.0261,0.0653,0.0421,0.1,31.85863000000001,-136.46655323213972,-4620.59398178839,GNSS_OUTAGE,False,5.624680862349966,12.170291299999999,-173.39496525572568,-4572.556800377232,-173.39496525572568,-4572.556800377232,-173.39496525572568,-4572.556800377232,predicted_speed
5440875,-0.064,-0.5808,9.5144,-0.0221,0.0345,0.0,52.43626,-1.473965,5.8,25.607,267.494,9.532325634387446,0.0409714534767806,-0.4531984049406841,0.0108443892321516,0.0852999999999999,-0.0521,-0.4559999999999995,-0.0031,0.0115,0.0042,0.1,39.381730000000005,-136.46655323213972,-4620.59398178839,GNSS_OUTAGE,False,5.622318362349966,12.198335799999999,-174.14370093829618,-4571.5937900758645,-174.14370093829618,-4571.5937900758645,-174.14370093829618,-4571.5937900758645,predicted_speed
5440975,-0.0757,-0.4932,9.6591,-0.0398,-0.0121,-0.0268,52.43626,-1.473965,5.8,25.945,265.143,9.671979608125731,0.0494842399153508,0.1396539737382873,0.0085127864385701,-0.0117,0.0875999999999999,0.1447000000000002,-0.0177,-0.0466,-0.0268,0.1,37.26361999999999,-136.46655323213972,-4620.59398178839,GNSS_OUTAGE,False,5.618185862349966,12.225210299999999,-174.8980681707234,-4570.631767338383,-174.8980681707234,-4570.631767338383,-174.8980681707234,-4570.631767338383,predicted_speed
5441076,-0.0714,-0.2769,9.6511,-0.0346,0.0317,-0.023,52.43626,-1.473965,5.8,25.819000000000003,265.356,9.655335456627077,0.0522594489063939,-0.0166441514986566,0.0027752089910431,0.0042999999999999,0.2163,-0.0080000000000008,0.0052,0.0438,0.0038,0.101,40.96563,-136.46655323213972,-4620.59398178839,GNSS_OUTAGE,False,5.614537237349966,12.252787844999999,-175.6652458560221,-4569.66072522203,-175.6652458560221,-4569.66072522203,-175.6652458560221,-4569.66072522203,predicted_speed
5441175,-0.1277,-0.0175,9.4585,-0.0282,0.0262,-0.0371,52.43626,-1.473965,5.8,26.294,262.444,9.45937819256636,0.0534611073585274,-0.1959572640607163,0.0012016584521335,-0.0563,0.2593999999999999,-0.1925999999999987,0.0063999999999999,-0.0054999999999999,-0.0141,0.099,43.50816,-136.46655323213972,-4620.59398178839,GNSS_OUTAGE,False,5.611594462349966,12.274245599999999,-176.42135143579952,-4568.709465720729,-176.42135143579952,-4568.709465720729,-176.42135143579952,-4568.709465720729,predicted_speed
5441275,-0.0753,-0.2864,9.7428,-0.032,0.0247,-0.0395,52.43626,-1.473965,5.8,26.208,262.285,9.74729946651892,0.0565184925488994,0.2879212739525592,0.0030573851903719,0.0524,-0.2689,0.2843,-0.0038,-0.0015,-0.0023999999999999,0.1,42.015550000000005,-136.46655323213972,-4620.59398178839,GNSS_OUTAGE,False,5.6082419623499655,12.301160099999999,-177.18999321911244,-4567.74906205195,-177.18999321911244,-4567.74906205195,-177.18999321911244,-4567.74906205195,predicted_speed
5441376,0.4632,-0.1555,9.6491,-0.0196,0.0436,-0.0626,52.43626,-1.473965,5.8,26.05,261.622,9.66146289647691,0.0787647129113031,-0.0858365700420087,0.0222462203624036,0.5385,0.1309,-0.0937000000000001,0.0124,0.0189,-0.0231,0.101,34.820190000000004,-136.46655323213972,-4620.59398178839,GNSS_OUTAGE,False,5.606108337349966,12.382732245,-177.97355102810374,-4566.77429157532,-177.97355102810374,-4566.77429157532,-177.97355102810374,-4566.77429157532,predicted_speed
5441475,0.2269,0.2053,9.6266,-0.0069,0.0732,-0.0022,52.43626,-1.473965,5.8,26.298,260.963,9.631461948219492,0.0735573925584641,-0.0300009482574186,-0.0052073203528389,-0.2363,0.3608,-0.0225000000000008,0.0127,0.0296,0.0604,0.099,36.020620000000015,-136.46655323213972,-4620.59398178839,GNSS_OUTAGE,False,5.605274262349965,12.439295399999999,-178.7459014874525,-4565.815102860577,-178.7459014874525,-4565.815102860577,-178.7459014874525,-4565.815102860577,predicted_speed
5441576,0.668,0.2339,10.3092,0.0025,0.0431,-0.0049,52.43626,-1.473965,5.8,26.471,260.335,10.333466884352028,0.0434496260052949,0.7020049361325356,-0.0301077665531692,0.4411,0.0285999999999999,0.6826000000000008,0.0094,-0.0301,-0.0026999999999999,0.101,40.77477000000001,-136.46655323213972,-4620.59398178839,GNSS_OUTAGE,False,5.605372737349965,12.541552345,-179.54023517988082,-4564.82841408752,-179.54023517988082,-4564.82841408752,-179.54023517988082,-4564.82841408752,predicted_speed
5441676,-0.067,-1.0435,9.8002,0.0348,0.0685,0.0305,52.43626,-1.473965,5.8,26.82,260.29400000000004,9.85582575383717,0.0826652284821133,-0.4776411305148578,0.0392156024768184,-0.7350000000000001,-1.2774,-0.5090000000000003,0.0322999999999999,0.0254,0.0354,0.1,45.89275000000002,-136.46655323213972,-4620.59398178839,GNSS_OUTAGE,False,5.608700237349965,12.569296845,-180.32518176517644,-4563.846716022936,-180.32518176517644,-4563.846716022936,-180.32518176517644,-4563.846716022936,predicted_speed
5441776,0.0687,-0.424,9.144,0.0138,0.0506,-0.0138,52.43626,-1.473965,5.8,26.55,261.746,9.15408278802415,0.0542332001637373,-0.7017429658130201,-0.0284320283183759,0.1357,0.6195000000000002,-0.6562000000000001,-0.0209999999999999,-0.0179,-0.0443,0.1,44.93926999999999,-136.46655323213972,-4620.59398178839,GNSS_OUTAGE,False,5.609927737349965,12.610611345,-181.11149883301738,-4562.860825230927,-181.11149883301738,-4562.860825230927,-181.11149883301738,-4562.860825230927,predicted_speed
5441876,0.0979,-0.2725,9.2689,-0.0686,0.0048,-0.0275,52.43626,-1.473965,5.8,26.899,260.455,9.273421583752135,0.0740624736286872,0.1193387957279874,0.0198292734649499,0.0292,0.1514999999999999,0.1249000000000002,-0.0824,-0.0458,-0.0137,0.1,39.507829999999984,-136.46655323213972,-4620.59398178839,GNSS_OUTAGE,False,5.602915237349965,12.654845845,-181.90749243314215,-4561.877033879995,-181.90749243314215,-4561.877033879995,-181.90749243314215,-4561.877033879995,predicted_speed
5441975,-0.4412,0.2925,9.8479,-0.0342,0.0914,0.0327,52.43626,-1.473965,5.8,27.104,260.30400000000003,9.862116816383791,0.1029217664053624,0.5886952326316539,0.0288592927766751,-0.5391,0.565,0.5789999999999988,0.0343999999999999,0.0866,0.0602,0.099,40.33630999999998,-136.46655323213972,-4620.59398178839,GNSS_OUTAGE,False,5.599378462349965,12.6452671,-182.6983667311122,-4560.906608719621,-182.6983667311122,-4560.906608719621,-182.6983667311122,-4560.906608719621,predicted_speed
5442075,-0.0388,-0.2137,9.4411,0.0058,0.0874,0.0041,52.43626,-1.473965,5.8,27.058000000000003,260.375,9.443597955228718,0.0876881405892495,-0.4185188611550732,-0.0152336258161128,0.4024,-0.5062,-0.4067999999999987,0.04,-0.0039999999999999,-0.0286,0.1,38.470470000000006,-136.46655323213972,-4620.59398178839,GNSS_OUTAGE,False,5.599805962349965,12.6758316,-183.49874043298155,-4559.923669756678,-183.49874043298155,-4559.923669756678,-183.49874043298155,-4559.923669756678,predicted_speed
5442175,0.2356,-0.0189,9.8308,-0.0059,0.0337,-0.06,52.43626,-1.473965,5.8,27.266,260.744,9.833640892873808,0.069068806273165,0.3900429376450898,-0.0186193343160845,0.2744,0.1948,0.3896999999999995,-0.0116999999999999,-0.0537,-0.0641,0.1,38.04305999999999,-136.46655323213972,-4620.59398178839,GNSS_OUTAGE,False,5.599063462349965,12.7338361,-184.30350958843894,-4558.936830142231,-184.30350958843894,-4558.936830142231,-184.30350958843894,-4558.936830142231,predicted_speed
5442275,0.4238,-0.2947,9.5775,-0.0093,0.0676,-0.0274,52.43626,-1.473965,5.8,27.486,260.509,9.59140035552682,0.0735323738226911,-0.2422405373469871,0.0044635675495261,0.1882,-0.2758,-0.2532999999999994,-0.0033999999999999,0.0338999999999999,0.0326,0.1,35.23582000000001,-136.46655323213972,-4620.59398178839,GNSS_OUTAGE,False,5.597980962349965,12.8106606,-185.11420822046585,-4557.944913826147,-185.11420822046585,-4557.944913826147,-185.11420822046585,-4557.944913826147,predicted_speed
5442376,0.3894,-0.3345,9.9676,-0.0233,0.0722,-0.0247,52.43626,-1.473965,5.8,27.745,260.559,9.980810206090483,0.0797860890130604,0.3894098505636627,0.0062537151903692,-0.0343999999999999,-0.0398,0.3900999999999985,-0.014,0.0046,0.0027,0.101,31.74887000000002,-136.46655323213972,-4620.59398178839,GNSS_OUTAGE,False,5.595473637349965,12.884778945,-185.9402750527071,-4556.939350105388,-185.9402750527071,-4556.939350105388,-185.9402750527071,-4556.939350105388,predicted_speed
5442475,0.6364,0.1823,10.2801,0.0433,0.0698,-0.0051,52.43626,-1.473965,5.8,27.608,260.221,10.301392831069007,0.0822978736055798,0.3205826249785257,0.0025117845925194,0.2469999999999999,0.5168,0.3125,0.0665999999999999,-0.0023999999999999,0.0196,0.099,38.09778,-136.46655323213972,-4620.59398178839,GNSS_OUTAGE,False,5.599609362349965,12.9818826,-186.75197227247727,-4555.942904895692,-186.75197227247727,-4555.942904895692,-186.75197227247727,-4555.942904895692,predicted_speed
5442575,0.1948,-0.3513,9.799,0.043,0.055,-0.003,52.43626,-1.473965,5.8,27.828000000000003,259.985,9.80722997232144,0.0698784659247754,-0.4941628587475684,-0.0124194076808044,-0.4416,-0.5336,-0.4810999999999996,-0.0003,-0.0148,0.0021,0.1,34.205900000000014,-136.46655323213972,-4620.59398178839,GNSS_OUTAGE,False,5.603756862349965,13.035807100000001,-187.5710752505372,-4554.928807770749,-187.5710752505372,-4554.928807770749,-187.5710752505372,-4554.928807770749,predicted_speed
5442675,0.4016,-0.3315,9.807,0.0054,0.0654,0.0181,52.43626,-1.473965,5.8,28.019,260.96,9.820815842382954,0.068072975548304,0.0135858700615134,-0.0018054903764713,0.2068,0.0197999999999999,0.0080000000000008,-0.0375999999999999,0.0104,0.0211,0.1,37.136499999999984,-136.46655323213972,-4620.59398178839,GNSS_OUTAGE,False,5.604144362349966,13.1104116,-188.39447071771414,-4553.908587780822,-188.39447071771414,-4553.908587780822,-188.39447071771414,-4553.908587780822,predicted_speed
5442775,-0.305,-0.5963,9.9143,-0.0289,0.0386,-0.0115,52.43626,-1.473965,5.8,28.022,260.723,9.936898066298154,0.0495723713372681,0.1160822239151997,-0.0185006042110359,-0.7066,-0.2648,0.1073000000000004,-0.0343,-0.0267999999999999,-0.0296,0.1,41.73177999999999,-136.46655323213972,-4620.59398178839,GNSS_OUTAGE,False,5.6011018623499655,13.1143561,-189.22121505430866,-4552.890571493583,-189.22121505430866,-4552.890571493583,-189.22121505430866,-4552.890571493583,predicted_speed
5442876,0.4701,0.2938,10.2313,-0.0082,0.0536,0.0065,52.43626,-1.473965,5.8,28.159,260.938,10.246307244075789,0.0546118119091465,0.3094091777776349,0.0050394405718784,0.7751,0.8901000000000001,0.3169999999999984,0.0206999999999999,0.015,0.018,0.101,40.503380000000014,-136.46655323213972,-4620.59398178839,GNSS_OUTAGE,False,5.600119637349966,13.196625145,-190.06248088459887,-4551.856750769801,-190.06248088459887,-4551.856750769801,-190.06248088459887,-4551.856750769801,predicted_speed
5442976,0.411,-0.1177,10.0373,0.0094,0.049,0.0045,52.43626,-1.473965,5.8,28.361,261.268,10.046400628085662,0.0500960078249754,-0.1999066159901268,-0.0045158040841711,-0.0591,-0.4115,-0.193999999999999,0.0176,-0.0046,-0.002,0.1,33.0282,-136.46655323213972,-4620.59398178839,GNSS_OUTAGE,False,5.600907137349966,13.272169645,-190.89937457434883,-4550.8266469775,-190.89937457434883,-4550.8266469775,-190.89937457434883,-4550.8266469775,predicted_speed
5443076,0.2028,-0.2966,9.85,0.0,0.0349,-0.0289,52.43626,-1.473965,5.8,28.526,260.171,9.856551090518428,0.0453124706896456,-0.189849537567234,-0.0047835371353297,-0.2081999999999999,-0.1788999999999999,-0.1873000000000004,-0.0094,-0.0141,-0.0334,0.1,31.24877,-136.46655323213972,-4620.59398178839,GNSS_OUTAGE,False,5.600754637349966,13.326894145,-191.7398767164579,-4549.79242397223,-191.7398767164579,-4549.79242397223,-191.7398767164579,-4549.79242397223,predicted_speed
5443175,-0.0699,-0.2732,9.7899,-0.0053,0.0242,-0.0307,52.43626,-1.473965,5.8,28.66,262.31,9.7939607034131,0.0394489543587659,-0.0625903871053292,-0.0058635163308797,-0.2727,0.0233999999999999,-0.0601000000000002,-0.0053,-0.0107,-0.0018,0.099,33.39802000000002,-136.46655323213972,-4620.59398178839,GNSS_OUTAGE,False,5.600078962349966,13.3540741,-192.57436391508466,-4548.767018619068,-192.57436391508466,-4548.767018619068,-192.57436391508466,-4548.767018619068,predicted_speed
5443275,-0.0092,0.4355,10.6625,0.0168,0.0501,-0.0154,52.436302,-1.474902,9.67,28.94,262.116,10.67139405794763,0.0550400763080866,0.8774333545345314,0.0155911219493206,0.0607,0.7087,0.8726000000000003,0.0220999999999999,0.0259,0.0153,0.1,47.231789999999975,-199.9251936184954,-4615.923794869243,GNSS_OUTAGE,False,5.601606462349966,13.3875986,-193.41780927685832,-4547.727365847971,-193.41780927685832,-4547.727365847971,-193.41780927685832,-4547.727365847971,predicted_speed
5443375,0.2315,0.2093,10.0921,0.0634,0.0623,-0.0053,52.436302,-1.474902,9.67,28.962,261.754,10.096924341105067,0.0890445955687373,-0.5744697168425628,0.0340045192606507,0.2407,-0.2261999999999999,-0.5703999999999994,0.0466,0.0122,0.0101,0.1,33.843520000000005,-199.9251936184954,-4615.923794869243,GNSS_OUTAGE,False,5.607793962349966,13.445193100000001,-194.2584065067254,-4546.678019159739,-194.2584065067254,-4546.678019159739,-194.2584065067254,-4546.678019159739,predicted_speed
5443476,0.4142,-0.1308,9.3102,0.059,0.0989,0.0301,52.436302,-1.474902,9.67,29.07,263.08,9.320326942763328,0.119030332268712,-0.7765973983417389,0.0299857366999747,0.1827,-0.3401,-0.7819000000000003,-0.0044,0.0366,0.0354,0.101,36.65561,-199.9251936184954,-4615.923794869243,GNSS_OUTAGE,False,5.613598937349966,13.521816245,-195.10604635550018,-4545.607200512707,-195.10604635550018,-4545.607200512707,-195.10604635550018,-4545.607200512707,predicted_speed
5443576,0.2147,0.0011,9.8263,-0.0096,0.0247,-0.0222,52.436302,-1.474902,9.67,29.243,262.396,9.828645328324754,0.0345700737632999,0.5083183855614255,-0.0844602585054121,-0.1995,0.1319,0.5160999999999998,-0.0686,-0.0742,-0.0523,0.1,17.20453,-199.9251936184954,-4615.923794869243,GNSS_OUTAGE,False,5.6124864373499666,13.577730745,-195.94994797595365,-4544.543538077141,-195.94994797595365,-4544.543538077141,-195.94994797595365,-4544.543538077141,predicted_speed
5443675,-0.2148,-0.0043,9.7266,-0.0324,0.0175,-0.0169,52.436302,-1.474902,9.67,29.423,262.961,9.72897245807593,0.0405169100500025,-0.0996728702488241,0.0059468362867026,-0.4295,-0.0054,-0.0997000000000003,-0.0228,-0.0071999999999999,0.0053,0.099,39.15948,-199.9251936184954,-4615.923794869243,GNSS_OUTAGE,False,5.6091278623499665,13.5905656,-196.78973561850776,-4543.492331409782,-196.78973561850776,-4543.492331409782,-196.78973561850776,-4543.492331409782,predicted_speed
5443775,0.0052,0.0568,9.4701,-0.0021,0.0487,-0.0008,52.436302,-1.474902,9.67,29.462,263.571,9.470271764315951,0.0487518204788293,-0.2587006937599767,0.0082349104288267,0.22,0.0611,-0.256499999999999,0.0302999999999999,0.0312,0.0161,0.1,42.55720000000001,-199.9251936184954,-4615.923794869243,GNSS_OUTAGE,False,5.608765362349967,13.625530099999999,-197.64057415878918,-4542.428083091281,-197.64057415878918,-4542.428083091281,-197.64057415878918,-4542.428083091281,predicted_speed
5443876,0.1024,-0.3324,9.5721,0.003,0.0608,0.0045,52.436302,-1.474902,9.67,30.031,262.748,9.578417088955774,0.0610400688073006,0.1081453246398211,0.0122882483284713,0.0972,-0.3892,0.1020000000000003,0.0051,0.0121,0.0053,0.101,38.36335,-199.9251936184954,-4615.923794869243,GNSS_OUTAGE,False,5.608914337349967,13.670661444999999,-198.50260679604193,-4541.349503534826,-198.50260679604193,-4541.349503534826,-198.50260679604193,-4541.349503534826,predicted_speed
5443976,-0.0694,0.0097,9.7338,0.0301,0.1181,0.0297,52.436302,-1.474902,9.67,29.923,263.29200000000003,9.734052233782188,0.1254420583377042,0.1556351448264141,0.0644019895304036,-0.1718,0.3420999999999999,0.1616999999999997,0.0271,0.0573,0.0252,0.1,36.63946,-199.9251936184954,-4615.923794869243,GNSS_OUTAGE,False,5.611771837349967,13.698165944999998,-199.3547604869313,-4540.277015031545,-199.3547604869313,-4540.277015031545,-199.3547604869313,-4540.277015031545,predicted_speed
5444076,-0.1914,0.2117,10.4187,0.0257,0.0146,-0.0434,52.436302,-1.474902,9.67,30.046,263.633,10.422608144797538,0.0525091420611687,0.6885559110153494,-0.0729329162765355,-0.1219999999999999,0.202,0.684899999999999,-0.0043999999999999,-0.1035,-0.0731,0.1,49.79802,-199.9251936184954,-4615.923794869243,GNSS_OUTAGE,False,5.614189337349967,13.713470444999997,-200.20526813235765,-4539.201269029214,-200.20526813235765,-4539.201269029214,-200.20526813235765,-4539.201269029214,predicted_speed
5444175,-0.2609,0.1013,9.7853,0.0354,0.0094,-0.0723,52.436302,-1.474902,9.67,30.488000000000003,262.552,9.78930163954508,0.0810481955382104,-0.6333065052524578,0.0285390534770417,-0.0695,-0.1104,-0.6334,0.0097,-0.0052,-0.0289,0.099,40.10316,-199.9251936184954,-4615.923794869243,GNSS_OUTAGE,False,5.617542962349967,13.721741399999997,-201.0442000778634,-4538.132818698094,-201.0442000778634,-4538.132818698094,-201.0442000778634,-4538.132818698094,predicted_speed
5444276,0.4086,0.2148,9.954,0.0358,0.0635,-0.0104,52.436302,-1.474902,9.67,30.319000000000003,262.994,9.96469813893025,0.0736345706852426,0.1753964993851706,-0.0074136248529678,0.6695,0.1134999999999999,0.1687000000000011,0.0003999999999999,0.0541,0.0619,0.101,32.110859999999995,-199.9251936184954,-4615.923794869243,GNSS_OUTAGE,False,5.621004737349967,13.797798944999997,-201.90102463623586,-4537.033768897658,-201.90102463623586,-4537.033768897658,-201.90102463623586,-4537.033768897658,predicted_speed
5444375,0.7444,-0.1148,9.4637,-0.0093,0.0136,-0.0399,52.436302,-1.474902,9.67,31.09,262.376,9.493625655670227,0.0431678120826154,-0.4710724832600217,-0.0304667586026272,0.3357999999999999,-0.3296,-0.4903000000000013,-0.0451,-0.0499,-0.0295,0.099,35.41389,-199.9251936184954,-4615.923794869243,GNSS_OUTAGE,False,5.619933062349967,13.905594599999997,-202.74860681581563,-4535.948973841447,-202.74860681581563,-4535.948973841447,-202.74860681581563,-4535.948973841447,predicted_speed
5444476,-0.7116,-0.0698,10.2256,-0.0105,0.0069,-0.0278,52.436302,-1.474902,9.67,30.755,263.23,10.250567884756435,0.0305073761572508,0.7569422290862065,-0.0126604359253645,-1.456,0.045,0.7619000000000007,-0.0012,-0.0066999999999999,0.0121,0.101,40.09926999999998,-199.9251936184954,-4615.923794869243,GNSS_OUTAGE,False,5.618718537349967,13.868511944999996,-203.61234582734426,-4534.846263264737,-203.61234582734426,-4534.846263264737,-203.61234582734426,-4534.846263264737,predicted_speed
5444575,0.0559,-0.2456,9.3334,0.0138,0.0784,0.0446,52.436302,-1.474902,9.67,31.259,262.663,9.33679815193624,0.0912477944938944,-0.913769732820196,0.0607404183366435,0.7675,-0.1758,-0.8922000000000008,0.0243,0.0715,0.0723999999999999,0.099,42.04452000000001,-199.9251936184954,-4615.923794869243,GNSS_OUTAGE,False,5.619933762349967,13.908146099999996,-204.46008276799313,-4533.761268568995,-204.46008276799313,-4533.761268568995,-204.46008276799313,-4533.761268568995,predicted_speed
5444675,-0.5117,0.0474,8.9989,-0.0353,-0.0304,-0.0105,52.436302,-1.474902,9.67,31.313,262.375,9.01356116415704,0.0477545809320948,-0.3232369877791985,-0.0434932135617995,-0.5676,0.293,-0.3344999999999984,-0.0491,-0.1088,-0.0551,0.1,54.96561,-199.9251936184954,-4615.923794869243,GNSS_OUTAGE,False,5.616251262349967,13.891420599999996,-205.319378138522,-4532.669789238431,-205.319378138522,-4532.669789238431,-205.319378138522,-4532.669789238431,predicted_speed
5444775,0.1262,0.012,9.5293,0.0037,0.0153,0.0333,52.436302,-1.474902,9.67,31.27,262.735,9.530143174685255,0.0368330015068009,0.5165820105282162,-0.0109215794252939,0.6379,-0.0354,0.5303999999999984,0.039,0.0457,0.0438,0.1,36.537040000000005,-199.9251936184954,-4615.923794869243,GNSS_OUTAGE,False,5.6164687623499665,13.938485099999996,-206.1813466030157,-4531.57442444301,-206.1813466030157,-4531.57442444301,-206.1813466030157,-4531.57442444301,predicted_speed
5444876,-0.3491,0.11,9.5159,0.0305,-0.002,0.0221,52.436302,-1.474902,9.67,31.644,261.358,9.522936711960234,0.0377181653848646,-0.0072064627250227,0.0008851638780636,-0.4753,0.098,-0.0133999999999989,0.0267999999999999,-0.0173,-0.0112,0.101,31.538680000000014,-199.9251936184954,-4615.923794869243,GNSS_OUTAGE,False,5.619395237349966,13.938014944999995,-207.04866415931798,-4530.465600388896,-207.04866415931798,-4530.465600388896,-207.04866415931798,-4530.465600388896,predicted_speed
5444975,-0.7453,0.7316,9.8404,-0.0043,-0.0735,-0.0449,52.436302,-1.474902,9.67,31.158,261.615,9.895664849316594,0.0862365931609082,0.3727281373563595,0.0485184277760435,-0.3961999999999999,0.6216,0.3245000000000004,-0.0348,-0.0715,-0.067,0.099,41.10863999999999,-199.9251936184954,-4615.923794869243,GNSS_OUTAGE,False,5.618818562349967,13.898330299999996,-207.89701140704227,-4529.382316841012,-207.89701140704227,-4529.382316841012,-207.89701140704227,-4529.382316841012,predicted_speed
5445075,-0.4145,-0.1679,9.6075,-0.0009,0.0161,0.0537,52.436302,-1.474902,9.67,31.644,262.122,9.617902937231172,0.0560687970265102,-0.2777619120854222,-0.0301677961343979,0.3308,-0.8995,-0.2329000000000007,0.0034,0.0896,0.0986,0.1,48.53624,-199.9251936184954,-4615.923794869243,GNSS_OUTAGE,False,5.618576062349967,13.891324799999996,-208.75376107811525,-4528.288850312897,-208.75376107811525,-4528.288850312897,-208.75376107811525,-4528.288850312897,predicted_speed
5445175,-0.6344,-0.1746,10.109,-0.0154,-0.0068,0.0151,52.436302,-1.474902,9.67,32.033,261.286,10.130391380395922,0.0226143759586684,0.5124884431647505,-0.0334544210678417,-0.2198999999999999,-0.0067,0.5015000000000001,-0.0145,-0.0229,-0.0385999999999999,0.1,38.19438999999999,-199.9251936184954,-4615.923794869243,GNSS_OUTAGE,False,5.616883562349967,13.862329299999995,-209.6105680508113,-4527.199114772614,-209.6105680508113,-4527.199114772614,-209.6105680508113,-4527.199114772614,predicted_speed
5445276,-0.5148,0.135,9.9989,-0.0308,-0.0485,-0.0033,52.436302,-1.474902,9.67,32.018,260.779,10.013053742490351,0.0575480668658817,-0.117337637905571,0.0349336909072133,0.1195999999999999,0.3096,-0.1100999999999992,-0.0154,-0.0417,-0.0184,0.101,38.94557999999999,-199.9251936184954,-4615.923794869243,GNSS_OUTAGE,False,5.6136187373499675,13.845123444999995,-210.4784532950013,-4526.102675621965,-210.4784532950013,-4526.102675621965,-210.4784532950013,-4526.102675621965,predicted_speed
5445375,-0.6479,-0.0746,10.0048,0.0266,0.0357,0.0563,52.436302,-1.474902,9.67,32.216,259.762,10.0260342414137,0.0717756226026636,0.0129804989233495,0.0142275557367818,-0.1331,-0.2096,0.0058999999999986,0.0574,0.0842,0.0596,0.099,45.47145999999999,-199.9251936184954,-4615.923794869243,GNSS_OUTAGE,False,5.616101162349968,13.815081399999995,-211.32464203606202,-4525.028176242233,-211.32464203606202,-4525.028176242233,-211.32464203606202,-4525.028176242233,predicted_speed
5445476,-0.3215,-0.0701,9.7638,0.0036,-0.0229,0.018,52.436302,-1.474902,9.67,32.051,260.371,9.769343207196684,0.0293491056081782,-0.2566910342170168,-0.0424265169944853,0.3264,0.0045,-0.2409999999999996,-0.023,-0.0586,-0.0383,0.101,31.747410000000013,-199.9251936184954,-4615.923794869243,GNSS_OUTAGE,False,5.616310737349968,13.817398844999994,-212.1878405178221,-4523.9316049895615,-212.1878405178221,-4523.9316049895615,-212.1878405178221,-4523.9316049895615,predicted_speed
5445575,-0.3017,0.0737,10.1062,0.0073,-0.0152,0.0285,52.436302,-1.474902,9.67,31.889,258.993,10.110970923704606,0.0331146493262423,0.3416277165079222,0.003765543718064,0.0197999999999999,0.1437999999999999,0.3423999999999996,0.0037,0.0077,0.0105,0.099,37.41146,-199.9251936184954,-4615.923794869243,GNSS_OUTAGE,False,5.6168824623499685,13.821630599999994,-213.03359024184678,-4522.8559351184,-213.03359024184678,-4522.8559351184,-213.03359024184678,-4522.8559351184,predicted_speed
5445676,-0.6669,0.0801,9.7967,0.0093,-0.0028,0.0705,52.436302,-1.474902,9.67,32.508,259.868,9.819699715877263,0.0711658626027957,-0.2912712078273429,0.0380512132765534,-0.3652,0.0064,-0.3094999999999999,0.0019999999999999,0.0124,0.0419999999999999,0.101,38.24459999999999,-199.9251936184954,-4615.923794869243,GNSS_OUTAGE,False,5.617667737349969,13.789062644999994,-213.89353272050167,-4521.760444722433,-213.89353272050167,-4521.760444722433,-213.89353272050167,-4521.760444722433,predicted_speed
5445776,-1.0017,0.1101,9.7193,-0.018,-0.0693,0.0126,52.436302,-1.474902,9.67,32.832,258.515,9.77140304101719,0.0726997248963158,-0.0482966748600723,0.00153386229352,-0.3348,0.03,-0.077399999999999,-0.0272999999999999,-0.0665,-0.0578999999999999,0.1,40.2894,-199.9251936184954,-4615.923794869243,GNSS_OUTAGE,False,5.615715237349969,13.723337144999995,-214.74300864529624,-4520.682627262402,-214.74300864529624,-4520.682627262402,-214.74300864529624,-4520.682627262402,predicted_speed
5445876,-1.1784,-0.2317,9.7975,-0.0107,-0.0115,0.0805,52.436302,-1.474902,9.67,33.246,258.215,9.870831662023216,0.0820182296809678,0.0994286210060249,0.009318504784652,-0.1766999999999998,-0.3418,0.0781999999999989,0.0072999999999999,0.0578,0.0679,0.1,39.75454000000001,-199.9251936184954,-4615.923794869243,GNSS_OUTAGE,False,5.614492737349969,13.639941644999995,-215.58863137387453,-4519.6123925770635,-215.58863137387453,-4519.6123925770635,-215.58863137387453,-4519.6123925770635,predicted_speed
5445975,-0.5384,-1.1056,10.1527,-0.018,-0.0093,0.0582,52.436302,-1.474902,9.67,33.059,258.31,10.226902913883556,0.0616257251478633,0.3560712518603406,-0.0203925045331045,0.6399999999999999,-0.8738999999999999,0.3551999999999999,-0.0072999999999999,0.0022,-0.0223,0.099,42.6412,-199.9251936184954,-4615.923794869243,GNSS_OUTAGE,False,5.612559762349969,13.620740099999995,-216.42666296243993,-4518.555969708289,-216.42666296243993,-4518.555969708289,-216.42666296243993,-4518.555969708289,predicted_speed
5446075,-0.834,0.5051,9.9377,-0.0056,-0.0413,0.0572,52.436302,-1.474902,9.67,33.854,256.038,9.9854175325822,0.0707735119942482,-0.2414853813013575,0.0091477868463848,-0.2956,1.6107,-0.2149999999999998,0.0123999999999999,-0.032,-0.001,0.1,36.87332,-199.9251936184954,-4615.923794869243,GNSS_OUTAGE,False,5.611847262349969,13.571784599999996,-217.27087440633227,-4517.493312468023,-217.27087440633227,-4517.493312468023,-217.27087440633227,-4517.493312468023,predicted_speed
5446175,-0.8756,-0.7405,10.1273,0.001,-0.0896,0.0306,52.436302,-1.474902,9.67,33.678000000000004,256.535,10.192017508815416,0.0946864298619395,0.2065999762332175,0.0239129178676913,-0.0416,-1.2456,0.1896000000000004,0.0066,-0.0482999999999999,-0.0266,0.1,35.05521,-199.9251936184954,-4615.923794869243,GNSS_OUTAGE,False,5.6117947623499695,13.518669099999995,-218.11183745437123,-4516.434858267698,-218.11183745437123,-4516.434858267698,-218.11183745437123,-4516.434858267698,predicted_speed
5446280,-0.3877,-0.8434,9.5317,0.0301,0.0048,0.0664,52.436302,-1.474902,9.67,34.078,256.914,9.576791724789675,0.073061686265785,-0.6152257840257409,-0.0216247435961545,0.4879,-0.1028999999999999,-0.5955999999999992,0.0290999999999999,0.0944,0.0358,0.105,47.84818999999999,-199.9251936184954,-4615.923794869243,GNSS_OUTAGE,False,5.61479513734997,13.514127324999995,-218.9912146001488,-4515.321211269166,-218.9912146001488,-4515.321211269166,-218.9912146001488,-4515.321211269166,predicted_speed
5446375,0.1354,-0.7312,9.6125,-0.054,-0.0157,0.0553,52.436302,-1.474902,9.67,34.139,256.686,9.641221024849498,0.0788706536044934,0.0644293000598228,0.0058089673387084,0.5231,0.1122,0.0807999999999999,-0.0841,-0.0204999999999999,-0.0110999999999999,0.095,38.43127,-199.9251936184954,-4615.923794869243,GNSS_OUTAGE,False,5.60952026234997,13.559712599999996,-219.79484700021294,-4514.314452180375,-219.79484700021294,-4514.314452180375,-219.79484700021294,-4514.314452180375,predicted_speed
5446475,-0.766,-0.3676,9.9177,-0.059,-0.0451,0.028,52.436302,-1.474902,9.67,34.501999999999995,256.305,9.954027277941329,0.0793663026731118,0.3128062530918285,0.0004956490686183,-0.9014,0.3636,0.3051999999999992,-0.0049999999999999,-0.0294,-0.0273,0.1,36.69439999999999,-199.9251936184954,-4615.923794869243,GNSS_OUTAGE,False,5.60346776234997,13.517557099999996,-220.64452464159362,-4513.263123780086,-220.64452464159362,-4513.263123780086,-220.64452464159362,-4513.263123780086,predicted_speed
5446575,-0.8922,-0.2653,9.4251,0.0211,-0.0453,0.0214,52.436302,-1.474902,9.67,34.276,256.439,9.470951110632976,0.0543623031153022,-0.4830761673083508,-0.0250039995578096,-0.1261999999999999,0.1023,-0.4925999999999995,0.0801,-0.0001999999999999,-0.0066,0.1,40.73885000000001,-199.9251936184954,-4615.923794869243,GNSS_OUTAGE,False,5.60542526234997,13.462781599999996,-221.48870798485177,-4512.214401048827,-221.48870798485177,-4512.214401048827,-221.48870798485177,-4512.214401048827,predicted_speed
5446676,0.4628,0.0632,9.2838,0.0559,0.0075,0.0403,52.436302,-1.474902,9.67,34.524,257.521,9.295543045997904,0.0693191892624257,-0.1754080646350715,0.0149568861471234,1.355,0.3285,-0.1413000000000011,0.0348,0.0528,0.0189,0.101,41.05716,-199.9251936184954,-4615.923794869243,GNSS_OUTAGE,False,5.610917137349969,13.544313344999996,-222.34063154825702,-4511.144081650137,-222.34063154825702,-4511.144081650137,-222.34063154825702,-4511.144081650137,predicted_speed
5446775,-0.1341,-0.2872,9.7958,-0.0576,-0.0879,-0.0142,52.436302,-1.474902,9.67,34.906,256.35,9.800926705674316,0.1060462634891017,0.5053836596764114,0.036727074226676,-0.5969,-0.3504,0.5120000000000005,-0.1134999999999999,-0.0954,-0.0545,0.099,37.10012,-199.9251936184954,-4615.923794869243,GNSS_OUTAGE,False,5.605063762349969,13.565137499999995,-223.18310522031936,-4510.098257053134,-223.18310522031936,-4510.098257053134,-223.18310522031936,-4510.098257053134,predicted_speed
5446876,-0.5323,0.3579,9.128,-0.0846,-0.0214,0.056,52.436302,-1.474902,9.67,34.906,255.971,9.150509259052198,0.1036876077455739,-0.650417446622118,-0.0023586557435278,-0.3982,0.6451,-0.6677999999999997,-0.0269999999999999,0.0665,0.0702,0.101,40.72540999999999,-199.9251936184954,-4615.923794869243,GNSS_OUTAGE,False,5.596365137349969,13.546164144999995,-224.05063185090847,-4509.040303185131,-224.05063185090847,-4509.040303185131,-224.05063185090847,-4509.040303185131,predicted_speed
5446976,-0.9135,1.5222,6.3617,-0.0592,0.1026,0.1094,52.436302,-1.474902,9.67,35.348,254.474,6.60475601214761,0.161244410755846,-2.545753246904588,0.0575568030102721,-0.3812,1.1643,-2.7663,0.0253999999999999,0.124,0.0533999999999999,0.1,44.07242000000003,-199.9251936184954,-4615.923794869243,GNSS_OUTAGE,False,5.590292637349969,13.489258644999996,-224.91227912292433,-4508.002437603013,-224.91227912292433,-4508.002437603013,-224.91227912292433,-4508.002437603013,predicted_speed
5447076,-0.2105,0.8413,10.5738,0.0059,0.0627,0.0474,52.436302,-1.474902,9.67,35.716,255.402,10.609304519147331,0.0788216975204163,4.004548506999723,-0.0824227132354297,0.703,-0.6809,4.2121,0.0651,-0.0398999999999999,-0.062,0.1,53.297700000000034,-199.9251936184954,-4615.923794869243,GNSS_OUTAGE,False,5.590730137349969,13.502653144999996,-225.77432738975872,-4506.9631642004915,-225.77432738975872,-4506.9631642004915,-225.77432738975872,-4506.9631642004915,predicted_speed
5447176,-0.8322,-0.1768,10.1449,0.0842,-0.0056,-0.0489,52.436302,-1.474902,9.67,35.485,254.563,10.180511337354329,0.0975305593134787,-0.4287931817930062,0.0187088617930624,-0.6217,-1.0181,-0.4289000000000005,0.0783,-0.0683,-0.0963,0.1,39.14622999999999,-199.9251936184954,-4615.923794869243,GNSS_OUTAGE,False,5.598997637349969,13.453877644999997,-226.6246712757755,-4505.9205791860295,-226.6246712757755,-4505.9205791860295,-226.6246712757755,-4505.9205791860295,predicted_speed
5447277,0.0629,0.0127,10.1329,0.1429,0.1402,0.0566,52.436302,-1.474902,9.67,35.618,254.795,10.133103182638571,0.2080384820171499,-0.0474081547157538,0.1105079227036711,0.8951,0.1895,-0.0120000000000004,0.0587,0.1457999999999999,0.1055,0.101,34.42449000000001,-199.9251936184954,-4615.923794869243,GNSS_OUTAGE,False,5.613276512349969,13.495019489999997,-227.4709758513314,-4504.8521554398,-227.4709758513314,-4504.8521554398,-227.4709758513314,-4504.8521554398,predicted_speed
5447375,0.3696,-0.1512,9.4916,0.0001,0.0082,-0.0279,52.436302,-1.474902,9.67,35.392,255.472,9.499996639999406,0.0290802338367489,-0.6331065426391671,-0.1789582481804009,0.3067,-0.1639,-0.6412999999999993,-0.1428,-0.1319999999999999,-0.0844999999999999,0.098,40.691030000000005,-199.9251936184954,-4615.923794869243,GNSS_OUTAGE,False,5.613136862349968,13.564995899999998,-228.29654622140197,-4503.810206740161,-228.29654622140197,-4503.810206740161,-228.29654622140197,-4503.810206740161,predicted_speed
5447476,-0.0518,0.0796,8.7795,-0.0432,0.0335,-0.0214,52.436302,-1.474902,9.67,35.528,254.409,8.780013647483699,0.0587064732376251,-0.7199829925157069,0.0296262394008761,-0.4214,0.2308,-0.7120999999999995,-0.0433,0.0253,0.0065,0.101,48.325230000000005,-199.9251936184954,-4615.923794869243,GNSS_OUTAGE,False,5.608619637349968,13.594553044999998,-229.15409573216215,-4502.737884611369,-229.15409573216215,-4502.737884611369,-229.15409573216215,-4502.737884611369,predicted_speed
5447575,-0.0094,0.2865,9.5028,-0.0572,-0.0079,-0.0292,52.436302,-1.474902,9.67,35.906,256.326,9.507122511569944,0.0647061820848673,0.7271088640862455,0.0059997088472421,0.0424,0.2068999999999999,0.7233,-0.0139999999999999,-0.0414,-0.0078,0.099,36.14164999999999,-199.9251936184954,-4615.923794869243,GNSS_OUTAGE,False,5.602805862349968,13.627722499999997,-230.00282639799232,-4501.68914860409,-230.00282639799232,-4501.68914860409,-230.00282639799232,-4501.68914860409,predicted_speed
5447675,-0.4322,0.5761,9.9063,0.0033,0.0372,-0.0046,52.436302,-1.474902,9.67,35.978,254.789,9.932445204480112,0.0376283138075572,0.4253226929101679,-0.02707786827731,-0.4227999999999999,0.2895999999999999,0.4034999999999993,0.0605,0.0451,0.0246,0.1,34.574980000000004,-199.9251936184954,-4615.923794869243,GNSS_OUTAGE,False,5.602983362349969,13.618946999999997,-230.85939012129023,-4500.630349396583,-230.85939012129023,-4500.630349396583,-230.85939012129023,-4500.630349396583,predicted_speed
5447776,0.0456,0.5229,9.9485,0.0382,0.0543,0.027,52.436302,-1.474902,9.67,36.349,252.499,9.962336875452465,0.0716709843660598,0.0298916709723524,0.0340426705585026,0.4778,-0.0531999999999999,0.0421999999999993,0.0349,0.0171,0.0316,0.101,42.91433999999997,-199.9251936184954,-4615.923794869243,GNSS_OUTAGE,False,5.606687537349969,13.658341544999997,-231.72304338022064,-4499.554662362645,-231.72304338022064,-4499.554662362645,-231.72304338022064,-4499.554662362645,predicted_speed
5447875,0.139,0.2504,10.1716,0.0641,0.0552,0.0153,52.436302,-1.474902,9.67,36.259,253.165,10.175631072321757,0.085964760221849,0.21329419686929,0.0142937758557891,0.0934,-0.2725,0.2231000000000005,0.0259,0.0008999999999999,-0.0117,0.099,38.59443000000001,-199.9251936184954,-4615.923794869243,GNSS_OUTAGE,False,5.612882462349969,13.706202599999997,-232.56599005612446,-4498.491338958994,-232.56599005612446,-4498.491338958994,-232.56599005612446,-4498.491338958994,predicted_speed
5447975,-0.0931,-0.0068,10.2522,0.0159,0.031,-0.0275,52.436302,-1.474902,9.67,36.698,253.331,10.252624965831922,0.0443853579460614,0.076993893510167,-0.0415794022757876,-0.2321,-0.2572,0.0806000000000004,-0.0482,-0.0242,-0.0428,0.1,40.03616,-199.9251936184954,-4615.923794869243,GNSS_OUTAGE,False,5.614319962349969,13.731337099999998,-233.41746507949688,-4497.41408018316,-233.41746507949688,-4497.41408018316,-233.41746507949688,-4497.41408018316,predicted_speed
5448075,0.4309,0.553,10.0014,-0.0192,0.0721,-0.0087,52.436302,-1.474902,9.67,36.256,254.182,10.02594064265294,0.0751181735667208,-0.2266843231789828,0.0307328156206594,0.524,0.5598000000000001,-0.2507999999999999,-0.0351,0.0411,0.0188,0.1,35.58647999999997,-199.9251936184954,-4615.923794869243,GNSS_OUTAGE,False,5.612247462349969,13.808871599999998,-234.2759913727009,-4496.332515597695,-234.2759913727009,-4496.332515597695,-234.2759913727009,-4496.332515597695,predicted_speed
5448175,0.5324,0.5593,9.2086,0.0105,0.0725,-0.019,52.436302,-1.474902,9.67,36.083,255.857,9.240918796851318,0.0756802484139686,-0.7850218458016212,0.0005620748472477,0.1014999999999999,0.0062999999999999,-0.7927999999999997,0.0296999999999999,0.0003999999999999,-0.0103,0.1,39.23521000000001,-199.9251936184954,-4615.923794869243,GNSS_OUTAGE,False,5.613144962349969,13.896556099999998,-235.13899197790528,-4495.243308239191,-235.13899197790528,-4495.243308239191,-235.13899197790528,-4495.243308239191,predicted_speed
5448275,0.0727,-0.5385,8.355,0.0204,0.1497,-0.0112,52.436302,-1.474902,9.67,35.978,257.95,8.372651464142049,0.1514981518039081,-0.8682673327092694,0.0758179033899395,-0.4597,-1.0978,-0.8536000000000001,0.0099,0.0772,0.0078,0.1,37.566389999999984,-199.9251936184954,-4615.923794869243,GNSS_OUTAGE,False,5.615032462349968,13.938270599999997,-236.00251953614108,-4494.149199456046,-236.00251953614108,-4494.149199456046,-236.00251953614108,-4494.149199456046,predicted_speed
5448376,1.0244,0.7753,9.5296,-0.0426,0.1039,-0.0887,52.436302,-1.474902,9.67,36.756,257.314,9.615807902095383,0.1431001747028982,1.2431564379533349,-0.0083979771010098,0.9517,1.3138,1.1746,-0.063,-0.0457999999999999,-0.0775,0.101,33.24121,-199.9251936184954,-4615.923794869243,GNSS_OUTAGE,False,5.610575837349968,14.076523944999998,-236.88829820869418,-4493.037125150618,-236.88829820869418,-4493.037125150618,-236.88829820869418,-4493.037125150618,predicted_speed
5448476,0.4527,1.0851,10.1226,-0.044,0.0941,-0.0668,52.436302,-1.474902,9.67,36.396,254.575,10.190653073282398,0.1235032388239272,0.5748451711870146,-0.019596935878971,-0.5717,0.3097999999999999,0.593,-0.0013999999999999,-0.0098,0.0219,0.1,37.35671,-199.9251936184954,-4615.923794869243,GNSS_OUTAGE,False,5.606023337349968,14.156238444999998,-237.77530506311342,-4491.933852877182,-237.77530506311342,-4491.933852877182,-237.77530506311342,-4491.933852877182,predicted_speed
5448575,0.8961,1.4584,10.1456,0.0395,0.1041,-0.0361,52.436302,-1.474902,9.67,37.141,253.662,10.288980762446784,0.1170481524843514,0.0983276891643853,-0.0064550863395757,0.4434,0.3732999999999999,0.0229999999999996,0.0834999999999999,0.0099999999999999,0.0306999999999999,0.099,38.87374000000001,-199.9251936184954,-4615.923794869243,GNSS_OUTAGE,False,5.609782862349968,14.279052399999998,-238.65691204180496,-4490.828815260904,-238.65691204180496,-4490.828815260904,-238.65691204180496,-4490.828815260904,predicted_speed
5448676,1.3552,0.3517,10.4543,0.0449,0.1223,-0.0138,52.436302,-1.474902,9.67,36.904,253.928,10.547637101265856,0.1310104575978574,0.2586563388190726,0.0139623051135059,0.4590999999999999,-1.1067,0.3087,0.0054,0.0182,0.0223,0.101,35.37748,-199.9251936184954,-4615.923794869243,GNSS_OUTAGE,False,5.614163737349968,14.450716544999997,-239.56213521907844,-4489.6839237590975,-239.56213521907844,-4489.6839237590975,-239.56213521907844,-4489.6839237590975,predicted_speed
5448776,1.5699,0.425,10.3318,0.0138,0.1441,0.0002,52.436302,-1.474902,9.67,36.727,255.926,10.459029699259869,0.1447594211096466,-0.0886074020059872,0.0137489635117891,0.2147000000000001,0.0732999999999999,-0.1225000000000005,-0.0311,0.0218,0.014,0.1,28.37767,-199.9251936184954,-4615.923794869243,GNSS_OUTAGE,False,5.615391237349968,14.642151044999997,-240.46885836104565,-4488.534237273108,-240.46885836104565,-4488.534237273108,-240.46885836104565,-4488.534237273108,predicted_speed
5448875,0.5005,0.8579,9.9848,-0.0045,0.1735,-0.0124,52.436302,-1.474902,9.67,36.475,256.081,10.034078119089964,0.1740007471248327,-0.4249515801699051,0.0292413260151861,-1.0694,0.4329,-0.3469999999999995,-0.0183,0.0293999999999999,-0.0126,0.099,25.36171000000001,-199.9251936184954,-4615.923794869243,GNSS_OUTAGE,False,5.614794762349968,14.725800599999996,-241.37232513473091,-4487.390083948376,-241.37232513473091,-4487.390083948376,-241.37232513473091,-4487.390083948376,predicted_speed
5448976,0.548,1.1135,9.7241,0.0327,0.1306,-0.0391,52.436302,-1.474902,9.67,36.796,254.467,9.802974398620044,0.1401943650793426,-0.2311037204699193,-0.0338063820454901,0.0475000000000001,0.2555999999999999,-0.2606999999999999,0.0372,-0.0428999999999999,-0.0267,0.101,29.56275000000001,-199.9251936184954,-4615.923794869243,GNSS_OUTAGE,False,5.617943437349968,14.815937544999995,-242.29598318829287,-4486.2127574148535,-242.29598318829287,-4486.2127574148535,-242.29598318829287,-4486.2127574148535,predicted_speed
5449076,1.374,0.4236,9.7878,0.0735,0.1557,-0.0317,52.436302,-1.474902,9.67,36.68,255.985,9.892842958422014,0.1750703572852926,0.0898685598019692,0.03487599220595,0.8260000000000001,-0.6899,0.0637000000000007,0.0407999999999999,0.0251,0.0074,0.1,30.31546999999997,-199.9251936184954,-4615.923794869243,GNSS_OUTAGE,False,5.625140937349968,14.987782044999996,-243.21259209573543,-4485.026939462096,-243.21259209573543,-4485.026939462096,-243.21259209573543,-4485.026939462096,predicted_speed
5449175,1.8501,0.1059,9.8528,0.0163,0.1472,-0.0396,52.436302,-1.474902,9.67,36.986,254.921,10.025554980149478,0.1533026092406779,0.132712021727464,-0.0217677480446146,0.4760999999999999,-0.3177,0.0649999999999995,-0.0572,-0.0085,-0.0079,0.099,18.18784,-199.9251936184954,-4615.923794869243,GNSS_OUTAGE,False,5.626603662349968,15.205041999999995,-244.13144597115112,-4483.83461689219,-244.13144597115112,-4483.83461689219,-244.13144597115112,-4483.83461689219,predicted_speed
5449276,1.2386,0.7903,9.052,-0.0383,0.169,-0.0302,52.436302,-1.474902,9.67,36.871,252.322,9.17046389502734,0.1758974985609517,-0.8550910851221385,0.0225948893202737,-0.6115000000000002,0.6844,-0.8008000000000006,-0.0545999999999999,0.0218,0.0094,0.101,32.27707,-199.9251936184954,-4615.923794869243,GNSS_OUTAGE,False,5.622581337349968,15.364929544999995,-245.0836564583823,-4482.60923610228,-245.0836564583823,-4482.60923610228,-245.0836564583823,-4482.60923610228,predicted_speed
5449375,1.3605,0.9303,9.3948,-0.0677,0.1751,-0.0243,52.436302,-1.474902,9.67,37.508,255.7,9.538274759095588,0.1892981510739077,0.3678108640682485,0.013400652512956,0.1219000000000001,0.14,0.3428000000000004,-0.0293999999999999,0.0060999999999999,0.0059,0.099,31.158069999999995,-199.9251936184954,-4615.923794869243,GNSS_OUTAGE,False,5.615728062349968,15.533719099999995,-246.03556432739262,-4481.401420838961,-246.03556432739262,-4481.401420838961,-246.03556432739262,-4481.401420838961,predicted_speed
5449475,1.1,1.0738,10.2823,-0.0387,0.1566,-0.0467,52.436302,-1.474902,9.67,37.555,255.845,10.396573461001465,0.1679349278738642,0.858298701905877,-0.0213632232000434,-0.2604999999999999,0.1435,0.8874999999999993,0.0289999999999999,-0.0185,-0.0224,0.1,31.57619000000001,-199.9251936184954,-4615.923794869243,GNSS_OUTAGE,False,5.611705562349968,15.678163599999996,-247.01097369192763,-4480.173974420472,-247.01097369192763,-4480.173974420472,-247.01097369192763,-4480.173974420472,predicted_speed
5449576,1.4203,0.9913,9.8594,0.0167,0.1978,0.0004,52.436302,-1.474902,9.67,37.951,259.868,10.010379420381629,0.1985041309393837,-0.3861940406198378,0.0305692030655194,0.3202999999999998,-0.0825000000000001,-0.4228999999999985,0.0554,0.0412,0.0470999999999999,0.101,26.07861000000001,-199.9251936184954,-4615.923794869243,GNSS_OUTAGE,False,5.613238237349968,15.856402844999996,-248.00541424906407,-4478.918633981429,-248.00541424906407,-4478.918633981429,-248.00541424906407,-4478.918633981429,predicted_speed
5449677,1.6485,0.4168,10.7634,0.0319,0.1637,-0.0346,52.436302,-1.474902,9.67,37.814,257.86400000000003,10.896882767562476,0.1703304435501769,0.8865033471808488,-0.0281736873892068,0.2282000000000001,-0.5745,0.904,0.0151999999999999,-0.0340999999999999,-0.0349999999999999,0.101,25.00836,-199.9251936184954,-4615.923794869243,GNSS_OUTAGE,False,5.616306112349968,16.057690289999996,-249.00857377808256,-4477.644274194421,-249.00857377808256,-4477.644274194421,-249.00857377808256,-4477.644274194421,predicted_speed
5449776,1.2772,0.909,10.5075,0.0226,0.1822,-0.0053,52.436302,-1.474902,9.67,36.839,255.04,10.623797677384486,0.1836727796925826,-0.2730850901779895,0.0133423361424057,-0.3713000000000002,0.4922,-0.2559000000000004,-0.0093,0.0184999999999999,0.0293,0.099,29.786090000000005,-199.9251936184954,-4615.923794869243,GNSS_OUTAGE,False,5.618392537349968,16.218233144999996,-249.99906520513954,-4476.380591318775,-249.99906520513954,-4476.380591318775,-249.99906520513954,-4476.380591318775,predicted_speed
5449876,1.1334,0.5292,9.0661,-0.0092,0.1535,-0.0231,52.436302,-1.474902,9.67,38.081,255.296,9.151984342753217,0.1555008038564431,-1.4718133346312712,-0.0281719758361395,-0.1437999999999999,-0.3798,-1.4413999999999998,-0.0317999999999999,-0.0287,-0.0178,0.1,30.31173000000001,-199.9251936184954,-4615.923794869243,GNSS_OUTAGE,False,5.617320037349968,16.366017644999996,-251.01005924691512,-4475.093596220471,-251.01005924691512,-4475.093596220471,-251.01005924691512,-4475.093596220471,predicted_speed
5449975,1.6009,1.0576,9.2861,-0.008,0.1909,0.0051,52.436302,-1.474902,9.67,38.862,255.427,9.482249299612407,0.1911356063113307,0.3302649568591924,0.0356348024548875,0.4675,0.5284000000000001,0.2199999999999988,0.0011999999999999,0.0373999999999999,0.0282,0.099,29.41956,-199.9251936184954,-4615.923794869243,GNSS_OUTAGE,False,5.616377062349968,16.558606799999996,-252.02393653301556,-4473.805433134551,-252.02393653301556,-4473.805433134551,-252.02393653301556,-4473.805433134551,predicted_speed
5450075,1.0733,1.306,9.4934,-0.0137,0.1504,0.0023,52.436302,-1.474902,9.67,38.203,255.949,9.642730549486489,0.1510401933261474,0.1604812498740813,-0.0400954129851832,-0.5276000000000001,0.2483999999999999,0.2073,-0.0057,-0.0404999999999999,-0.0028,0.1,32.976030000000016,-199.9251936184954,-4615.923794869243,GNSS_OUTAGE,False,5.614854562349968,16.700381299999997,-253.05882029055994,-4472.494691755016,-253.05882029055994,-4472.494691755016,-253.05882029055994,-4472.494691755016,predicted_speed
5450175,0.9458,1.145,9.6589,-0.005,0.161,0.0131,52.436302,-1.474902,9.67,38.599,256.03,9.772405632698634,0.1616094366056636,0.1296750832121453,0.0105692432795161,-0.1274999999999999,-0.161,0.1654999999999997,0.0087,0.0105999999999999,0.0108,0.1,30.791639999999987,-199.9251936184954,-4615.923794869243,GNSS_OUTAGE,False,5.6142020623499675,16.829405799999996,-254.1025610403298,-4471.174504555002,-254.1025610403298,-4471.174504555002,-254.1025610403298,-4471.174504555002,predicted_speed
5450275,0.5708,1.0029,9.4772,0.0104,0.1693,0.0076,52.436302,-1.474902,9.67,38.092,256.631,9.54719544630778,0.1697893106176004,-0.2252101863908553,0.0081798740119368,-0.375,-0.1421000000000001,-0.1816999999999993,0.0154,0.0083,-0.0055,0.1,30.73992000000001,-199.9251936184954,-4615.923794869243,GNSS_OUTAGE,False,5.615089562349968,16.920930299999995,-255.15079958504506,-4469.846206856612,-255.15079958504506,-4469.846206856612,-255.15079958504506,-4469.846206856612,predicted_speed
5450375,0.8585,0.7706,10.113,-0.0067,0.1371,-0.0005,52.436302,-1.474902,9.67,38.124,255.633,10.178586130204922,0.1372645256430079,0.631390683897143,-0.0325247849745924,0.2877,-0.2322999999999999,0.6357999999999997,-0.0171,-0.0322,-0.0081,0.1,32.28746000000001,-199.9251936184954,-4615.923794869243,GNSS_OUTAGE,False,5.614267062349968,17.041224799999995,-256.2075902156287,-4468.509334764768,-256.2075902156287,-4468.509334764768,-256.2075902156287,-4468.509334764768,predicted_speed
5450476,0.9084,0.8431,10.4684,0.0053,0.1207,-0.0216,52.436302,-1.474902,9.67,38.066,256.383,10.541508750174238,0.1227319844213398,0.3629226199693161,-0.0145325412216681,0.0498999999999999,0.0725,0.3554000000000012,0.012,-0.0163999999999999,-0.0211,0.101,32.5364,-199.9251936184954,-4615.923794869243,GNSS_OUTAGE,False,5.614648337349967,17.167762144999994,-257.2823555672839,-4467.148658038641,-257.2823555672839,-4467.148658038641,-257.2823555672839,-4467.148658038641,predicted_speed
5450575,1.1395,1.0807,10.7181,0.0334,0.1348,-0.0139,52.436302,-1.474902,9.67,38.214,256.562,10.832545423398878,0.139570089919008,0.2910366732246405,0.0168381054976682,0.2310999999999999,0.2376,0.2496999999999989,0.0281,0.0141,0.0077,0.099,33.97337000000002,-199.9251936184954,-4615.923794869243,GNSS_OUTAGE,False,5.617803962349967,17.314672699999996,-258.3406033997211,-4465.800166046832,-258.3406033997211,-4465.800166046832,-258.3406033997211,-4465.800166046832,predicted_speed
5450676,0.9876,1.1135,10.7431,0.0276,0.1532,-0.0084,52.436302,-1.474902,9.67,39.053,257.426,10.845710378762655,0.1558927836687766,0.0131649553637771,0.0163226937497686,-0.1518999999999999,0.0327999999999999,0.0250000000000003,-0.0058,0.0184,0.0055,0.101,37.78755000000002,-199.9251936184954,-4615.923794869243,GNSS_OUTAGE,False,5.620437537349967,17.449209244999995,-259.42496375065133,-4464.410881656346,-259.42496375065133,-4464.410881656346,-259.42496375065133,-4464.410881656346,predicted_speed
5450776,1.218,1.4412,9.1156,0.0398,0.1446,-0.0171,52.436302,-1.474902,9.67,38.772,255.457,9.308853033537485,0.1509490311330285,-1.5368573452251724,-0.0049437525357481,0.2303999999999999,0.3277000000000001,-1.6274999999999995,0.0122,-0.0085999999999999,-0.0087,0.1,32.17013000000003,-199.9251936184954,-4615.923794869243,GNSS_OUTAGE,False,5.624265037349967,17.605453744999995,-260.50288145225085,-4463.0188998158565,-260.50288145225085,-4463.0188998158565,-260.50288145225085,-4463.0188998158565,predicted_speed
5450875,1.1692,0.7319,9.551,0.0408,0.1454,-0.0186,52.436302,-1.474902,9.67,39.46,257.045,9.650093639442057,0.1521570241559685,0.3412406059045718,0.00120799302294,-0.0487999999999999,-0.7093,0.4353999999999995,0.001,0.0007999999999999,-0.0014999999999999,0.099,30.62112000000002,-199.9251936184954,-4615.923794869243,GNSS_OUTAGE,False,5.628153262349967,17.755304599999995,-261.5736911057985,-4461.624934183995,-261.5736911057985,-4461.624934183995,-261.5736911057985,-4461.624934183995,predicted_speed
5450975,0.8993,1.1698,9.4742,0.0092,0.1334,-0.0361,52.436302,-1.474902,9.67,39.028,256.54200000000003,9.588411660436778,0.138504187662323,-0.0616819790052769,-0.0136528364936455,-0.2699,0.4378999999999999,-0.0768000000000004,-0.0316,-0.012,-0.0175,0.1,33.706830000000004,-199.9251936184954,-4615.923794869243,GNSS_OUTAGE,False,5.628920762349967,17.879679099999993,-262.6618051560585,-4460.2061892947295,-262.6618051560585,-4460.2061892947295,-262.6618051560585,-4460.2061892947295,predicted_speed
5451075,1.4918,0.8092,9.3985,0.0282,0.1465,-0.0325,52.436302,-1.474902,9.67,38.884,256.322,9.550501250196245,0.1526883754579896,-0.0379104102405349,0.0141841877956665,0.5925,-0.3605999999999999,-0.0756999999999994,0.019,0.0131,0.0035999999999999,0.1,28.84853999999999,-199.9251936184954,-4615.923794869243,GNSS_OUTAGE,False,5.631588262349967,18.063303599999994,-263.75726687416227,-4458.76994662943,-263.75726687416227,-4458.76994662943,-263.75726687416227,-4458.76994662943,predicted_speed
5451176,1.2666,0.6886,9.3302,0.0324,0.1419,-0.0208,52.436302,-1.474902,9.67,39.233,256.597,9.440925672835265,0.1470306430646346,-0.1095755773609781,-0.0056577323933549,-0.2252,-0.1206,-0.0683000000000007,0.0041999999999999,-0.0045999999999999,0.0117,0.101,31.40861000000002,-199.9251936184954,-4615.923794869243,GNSS_OUTAGE,False,5.634706637349967,18.226019144999995,-264.8690801882572,-4457.302800203238,-264.8690801882572,-4457.302800203238,-264.8690801882572,-4457.302800203238,predicted_speed
5451276,1.3944,0.9953,9.3584,0.0219,0.1507,-0.0201,52.436302,-1.474902,9.67,39.46,256.25,9.5139173850733,0.1536037434439668,0.0729917122380356,0.0065731003793322,0.1278000000000001,0.3067,0.0282,-0.0104999999999999,0.0088,0.0006999999999999,0.1,32.18876999999999,-199.9251936184954,-4615.923794869243,GNSS_OUTAGE,False,5.636744137349967,18.399903644999995,-265.9773973764678,-4455.834060079264,-265.9773973764678,-4455.834060079264,-265.9773973764678,-4455.834060079264,predicted_speed
5451375,1.1916,0.841,9.4505,0.0068,0.1439,-0.0261,52.436302,-1.474902,9.67,39.121,255.523,9.562381597175465,0.1464058058958045,0.0484642121021643,-0.0071979375481623,-0.2028000000000001,-0.1543,0.0921000000000002,-0.0150999999999999,-0.0068,-0.006,0.099,33.976120000000016,-199.9251936184954,-4615.923794869243,GNSS_OUTAGE,False,5.637266362349967,18.551972099999993,-267.0829338603113,-4454.367412605332,-267.0829338603113,-4454.367412605332,-267.0829338603113,-4454.367412605332,predicted_speed
5451476,0.9625,1.0837,9.8352,0.0117,0.092,-0.0597,52.436302,-1.474902,9.67,39.625,255.396,9.94142700923766,0.1102949681535835,0.3790454120621938,-0.036110837742221,-0.2290999999999999,0.2427000000000001,0.3847000000000005,0.0049,-0.0519,-0.0336,0.101,33.92501999999999,-199.9251936184954,-4615.923794869243,GNSS_OUTAGE,False,5.638294037349967,18.683973544999994,-268.2172802399478,-4452.859323009299,-268.2172802399478,-4452.859323009299,-268.2172802399478,-4452.859323009299,predicted_speed
5451575,1.2479,1.0665,9.9597,0.034,0.1666,-0.0058,52.436302,-1.474902,9.67,39.622,255.457,10.09407255521774,0.1701328892366199,0.1526455459800821,0.0598379210830364,0.2854,-0.0172000000000001,0.1244999999999993,0.0223,0.0746,0.0539,0.099,31.524590000000003,-199.9251936184954,-4615.923794869243,GNSS_OUTAGE,False,5.641509062349967,18.841615699999995,-269.33374718638095,-4451.365027158595,-269.33374718638095,-4451.365027158595,-269.33374718638095,-4451.365027158595,predicted_speed
5451675,0.7462,1.1521,9.7039,0.0062,0.1444,-0.0342,52.436302,-1.474902,9.67,40.241,254.196,9.800501214733869,0.1485242067812516,-0.2935713404838722,-0.0216086824553683,-0.5017,0.0855999999999999,-0.2557999999999989,-0.0278,-0.0221999999999999,-0.0284,0.1,31.791380000000004,-199.9251936184954,-4615.923794869243,GNSS_OUTAGE,False,5.641976562349967,18.950680199999994,-270.46730966537945,-4449.846370216875,-270.46730966537945,-4449.846370216875,-270.46730966537945,-4449.846370216875,predicted_speed
5451776,1.2301,0.9659,9.5579,0.0222,0.1556,-0.005,52.436302,-1.474902,9.67,39.539,253.653,9.685017358270454,0.1572552065910696,-0.115483856463415,0.008730999809818,0.4839,-0.1861999999999999,-0.1460000000000008,0.016,0.0111999999999999,0.0292,0.101,31.27539,-199.9251936184954,-4615.923794869243,GNSS_OUTAGE,False,5.644064737349967,19.109709244999994,-271.6185831215753,-4448.297247664648,-271.6185831215753,-4448.297247664648,-271.6185831215753,-4448.297247664648,predicted_speed
5451875,1.0753,1.1658,9.4823,0.0191,0.1417,-0.0224,52.436302,-1.474902,9.67,39.892,252.296,9.614019607843538,0.1447254642417843,-0.0709977504269154,-0.0125297423492853,-0.1548,0.1998999999999999,-0.0755999999999996,-0.0031,-0.0138999999999999,-0.0174,0.099,31.512540000000016,-199.9251936184954,-4615.923794869243,GNSS_OUTAGE,False,5.645804662349967,19.250263999999994,-272.7526960570131,-4446.765656815165,-272.7526960570131,-4446.765656815165,-272.7526960570131,-4446.765656815165,predicted_speed
5451975,0.6896,1.0711,9.8137,0.0288,0.1453,-0.0169,52.436302,-1.474902,9.67,39.96,250.546,9.896035118167276,0.1490876923156301,0.2820155103237383,0.0043622280738458,-0.3856999999999999,-0.0947,0.3314000000000003,0.0097,0.0036,0.0055,0.1,29.814350000000005,-199.9251936184954,-4615.923794869243,GNSS_OUTAGE,False,5.648532162349967,19.353668499999994,-273.90017164722747,-4445.207149640353,-273.90017164722747,-4445.207149640353,-273.90017164722747,-4445.207149640353,predicted_speed
5452075,0.7797,1.1658,10.1331,0.0238,0.1311,0.0035,52.436302,-1.474902,9.67,40.468,252.336,10.229698790287037,0.13328878422433,0.3336636721197585,-0.0157989080913001,0.0900999999999999,0.0947,0.3193999999999999,-0.0049999999999999,-0.0142,0.0203999999999999,0.1,35.43434,-199.9251936184954,-4615.923794869243,GNSS_OUTAGE,False,5.650759662349967,19.466082999999994,-275.0508176737731,-4443.637023022777,-275.0508176737731,-4443.637023022777,-275.0508176737731,-4443.637023022777,predicted_speed
5452175,0.8869,0.7505,10.3452,0.0238,0.1023,-0.023,52.436302,-1.474902,9.67,40.082,250.45,10.410235583309342,0.1075208351902086,0.1805367930223074,-0.0257679490341214,0.1072,-0.4153,0.2120999999999995,0.0,-0.0287999999999999,-0.0265,0.1,39.81048000000001,-199.9251936184954,-4615.923794869243,GNSS_OUTAGE,False,5.652987162349967,19.589217499999993,-276.2052197673993,-4442.054389069882,-276.2052197673993,-4442.054389069882,-276.2052197673993,-4442.054389069882,predicted_speed
5452275,0.6494,0.6682,10.0592,0.0278,0.1227,-0.0085,52.435974,-1.476196,11.83,40.111,248.904,10.102262926691228,0.126096708918195,-0.307972656618114,0.0185758737279864,-0.2375,-0.0822999999999999,-0.2859999999999996,0.0039999999999999,0.0204,0.0144999999999999,0.1,31.975589999999997,-287.5617791680642,-4652.395730807867,GNSS_OUTAGE,False,5.655614662349967,19.688601999999992,-277.3612951696705,-4440.460682650429,-277.3612951696705,-4440.460682650429,-277.3612951696705,-4440.460682650429,predicted_speed
5452375,0.6028,0.6727,9.7755,0.0217,0.1152,-0.0077,52.435974,-1.476196,11.83,40.68,247.286,9.81714283180193,0.1174785937947845,-0.2851200948892991,-0.0086181151234104,-0.0465999999999999,0.0044999999999999,-0.2837000000000014,-0.0060999999999999,-0.0075,0.0008,0.1,30.801590000000004,-287.5617791680642,-4652.395730807867,GNSS_OUTAGE,False,5.657632162349967,19.783326499999994,-278.5196994715991,-4438.85696835314,-278.5196994715991,-4438.85696835314,-278.5196994715991,-4438.85696835314,predicted_speed
5452476,0.5291,0.8356,9.9368,0.0054,0.0868,-0.0197,52.435974,-1.476196,11.83,40.532,247.312,9.985898477853658,0.0891711276142676,0.1687556460517285,-0.0283074661805169,-0.0736999999999999,0.1629,0.1613000000000006,-0.0163,-0.0283999999999999,-0.0119999999999999,0.101,37.54751,-287.5617791680642,-4652.395730807867,GNSS_OUTAGE,False,5.658023537349967,19.871554544999995,-279.69426878654275,-4437.229533457536,-279.69426878654275,-4437.229533457536,-279.69426878654275,-4437.229533457536,predicted_speed
5452576,0.4939,0.4878,9.2621,0.0124,0.0924,-0.0028,52.435974,-1.476196,11.83,41.234,247.689,9.288077436154373,0.0932703597076799,-0.6978210416992852,0.0040992320934122,-0.0352,-0.3478,-0.6746999999999996,0.0069999999999999,0.0055999999999999,0.0169,0.1,41.55400999999998,-287.5617791680642,-4652.395730807867,GNSS_OUTAGE,False,5.659111037349967,19.955389044999993,-280.8603545405684,-4435.61014482795,-280.8603545405684,-4435.61014482795,-280.8603545405684,-4435.61014482795,predicted_speed
5452675,0.1739,0.3734,9.6827,0.0094,0.0567,-0.0259,52.435974,-1.476196,11.83,40.907,245.088,9.691457478625184,0.0630401459389173,0.4033800424708111,-0.0302302137687625,-0.32,-0.1144,0.4206000000000003,-0.0029999999999999,-0.0356999999999999,-0.0231,0.099,34.31356999999999,-287.5617791680642,-4652.395730807867,GNSS_OUTAGE,False,5.659890662349967,20.006705199999992,-282.0164946346606,-4434.001925554937,-282.0164946346606,-4434.001925554937,-282.0164946346606,-4434.001925554937,predicted_speed
5452776,0.0261,0.4804,10.5184,0.0236,0.0733,-0.0125,52.435974,-1.476196,11.83,41.252,245.694,10.529397130415395,0.07801346037704,0.8379396517902133,0.0149733144381227,-0.1478,0.1069999999999999,0.8356999999999992,0.0141999999999999,0.0166,0.0133999999999999,0.101,40.26065999999999,-287.5617791680642,-4652.395730807867,GNSS_OUTAGE,False,5.662120237349967,20.04413024499999,-283.19452963022053,-4432.355517245727,-283.19452963022053,-4432.355517245727,-283.19452963022053,-4432.355517245727,predicted_speed
5452876,-0.0918,0.3464,10.5063,0.0098,0.029,-0.0349,52.435974,-1.476196,11.83,40.817,245.365,10.512409804131496,0.0464225160886395,-0.0169873262839015,-0.0315909442884004,-0.1179,-0.134,-0.0121000000000002,-0.0138,-0.0443,-0.0224,0.1,46.87437999999997,-287.5617791680642,-4652.395730807867,GNSS_OUTAGE,False,5.662947737349967,20.06939474499999,-284.3610200447651,-4430.722389520446,-284.3610200447651,-4430.722389520446,-284.3610200447651,-4430.722389520446,predicted_speed
5452976,0.1581,0.7585,10.7184,0.0099,0.0556,-0.0085,52.435974,-1.476196,11.83,40.864,245.599,10.7463675918889,0.0571105944637245,0.2339577877574044,0.0106880783750849,0.2499,0.4120999999999999,0.2121000000000013,0.0001,0.0265999999999999,0.0264,0.1,46.837700000000005,-287.5617791680642,-4652.395730807867,GNSS_OUTAGE,False,5.663785237349967,20.11964924499999,-285.5290598147524,-4429.084193575772,-285.5290598147524,-4429.084193575772,-285.5290598147524,-4429.084193575772,predicted_speed
5453075,0.1667,0.3859,9.6791,0.0108,0.065,0.0086,52.435974,-1.476196,11.83,41.216,245.881,9.688224012170652,0.0664499811888611,-1.058143579718248,0.0093393867251366,0.0085999999999999,-0.3725999999999999,-1.0393000000000008,0.0008999999999999,0.0094,0.0171,0.099,40.98653,-287.5617791680642,-4652.395730807867,GNSS_OUTAGE,False,5.6647034623499675,20.17025259999999,-286.6868341467928,-4427.457236748856,-286.6868341467928,-4427.457236748856,-286.6868341467928,-4427.457236748856,predicted_speed
5453175,-0.1607,0.0022,10.7842,0.0077,0.0332,0.016,52.435974,-1.476196,11.83,41.17,243.107,10.7853974878073,0.0376500996014618,1.097173475636648,-0.0287998815873992,-0.3274,-0.3837,1.1051000000000002,-0.0031,-0.0318,0.0074,0.1,52.51801999999999,-287.5617791680642,-4652.395730807867,GNSS_OUTAGE,False,5.665320962349967,20.18862709999999,-287.8563525792136,-4425.811626443207,-287.8563525792136,-4425.811626443207,-287.8563525792136,-4425.811626443207,predicted_speed
5453275,-0.3357,0.7626,10.0794,0.0166,0.0037,-0.029,52.435974,-1.476196,11.83,41.015,241.948,10.113780579486583,0.0336191909480284,-0.6716169083207149,-0.0040309086534333,-0.175,0.7604,-0.7048000000000005,0.0089,-0.0295,-0.045,0.1,41.68275000000003,-287.5617791680642,-4652.395730807867,GNSS_OUTAGE,False,5.666828462349967,20.18950159999999,-289.02343947803166,-4424.1641836007475,-289.02343947803166,-4424.1641836007475,-289.02343947803166,-4424.1641836007475,predicted_speed
5453376,-0.2334,0.0747,9.509,0.0203,0.048,0.0178,52.435974,-1.476196,11.83,41.666,237.021,9.512157307887628,0.0550720437245613,-0.6016232715989585,0.0214528527765328,0.1023,-0.6879,-0.5703999999999994,0.0036999999999999,0.0443,0.0468,0.101,51.95667000000002,-287.5617791680642,-4652.395730807867,GNSS_OUTAGE,False,5.668724737349967,20.200717144999988,-290.1996929458299,-4422.497108505011,-290.1996929458299,-4422.497108505011,-290.1996929458299,-4422.497108505011,predicted_speed
5453475,-0.0394,0.0916,10.2803,0.0111,0.0341,0.0024,52.435974,-1.476196,11.83,41.288,238.868,10.280783579572134,0.0359413410990741,0.7686262716845071,-0.0191307026254871,0.194,0.0169,0.7713000000000001,-0.0091999999999999,-0.0139,-0.0154,0.099,49.54556999999999,-287.5617791680642,-4652.395730807867,GNSS_OUTAGE,False,5.669672662349967,20.23091659999999,-291.352826103653,-4420.85950810266,-291.352826103653,-4420.85950810266,-291.352826103653,-4420.85950810266,predicted_speed
5453575,0.2707,-0.1342,9.8412,-0.0164,0.0031,-0.0151,52.435974,-1.476196,11.83,41.4,234.914,9.8458369664544,0.0225073321386609,-0.4349466131177326,-0.0134340089604132,0.3101,-0.2258,-0.4390999999999998,-0.0275,-0.031,-0.0175,0.1,7.129470000000001,-287.5617791680642,-4652.395730807867,GNSS_OUTAGE,False,5.6678801623499675,20.29243109999999,-292.52412091201205,-4419.202433550507,-292.52412091201205,-4419.202433550507,-292.52412091201205,-4419.202433550507,predicted_speed
5453676,-0.4703,0.3632,10.538,-0.0201,0.0252,-0.0144,52.435974,-1.476196,11.83,41.972,235.868,10.554740182969924,0.0353045322869458,0.7089032165155231,0.0127972001482848,-0.741,0.4974,0.6967999999999996,-0.0036999999999999,0.0221,0.0007,0.101,48.46536999999999,-287.5617791680642,-4652.395730807867,GNSS_OUTAGE,False,5.665696037349967,20.27971974499999,-293.71003796000906,-4417.532422844479,-293.71003796000906,-4417.532422844479,-293.71003796000906,-4417.532422844479,predicted_speed
5453775,-0.3267,0.6336,9.6526,-0.0239,0.0111,-0.0015,52.435974,-1.476196,11.83,41.472,238.223,9.678887777528988,0.0263945070042992,-0.8758524054409378,-0.0089100252826466,0.1436,0.2704,-0.8854000000000006,-0.0038,-0.0141,0.0129,0.099,34.70612999999999,-287.5617791680642,-4652.395730807867,GNSS_OUTAGE,False,5.663178962349967,20.28147649999999,-294.8766891729031,-4415.898271224176,-294.8766891729031,-4415.898271224176,-294.8766891729031,-4415.898271224176,predicted_speed
5453875,0.061,0.5319,9.4702,0.0152,0.0349,0.0097,52.435974,-1.476196,11.83,41.551,235.393,9.48532164188437,0.0392828206726553,-0.1935661356446161,0.0128883136683561,0.3877,-0.1017,-0.1823999999999994,0.0391,0.0238,0.0112,0.1,43.11079999999999,-287.5617791680642,-4652.395730807867,GNSS_OUTAGE,False,5.664546462349967,20.32202099999999,-296.05521764947036,-4414.242700022093,-296.05521764947036,-4414.242700022093,-296.05521764947036,-4414.242700022093,predicted_speed
5453975,-0.1579,0.3344,9.7155,0.0404,0.023,0.0182,52.435974,-1.476196,11.83,40.835,237.293,9.722535472807492,0.0499239421520376,0.2372138309231211,0.0106411214793822,-0.2189,-0.1975,0.2453000000000003,0.0252,-0.0119,0.0085,0.1,34.99297000000001,-287.5617791680642,-4652.395730807867,GNSS_OUTAGE,False,5.668433962349967,20.34067549999999,-297.2283771122424,-4412.581035894517,-297.2283771122424,-4412.581035894517,-297.2283771122424,-4412.581035894517,predicted_speed
5454075,-0.0535,0.4056,9.493,0.0204,0.0398,0.0517,52.435974,-1.476196,11.83,41.018,233.626,9.501811543595252,0.0683600029256874,-0.2207239292122391,0.0184360607736498,0.1044,0.0712,-0.2225000000000001,-0.0199999999999999,0.0168,0.0335,0.1,46.05290999999999,-287.5617791680642,-4652.395730807867,GNSS_OUTAGE,False,5.670321462349967,20.36976999999999,-298.40007164792434,-4410.91478044784,-298.40007164792434,-4410.91478044784,-298.40007164792434,-4410.91478044784,predicted_speed
5454176,-0.524,0.6644,9.4326,-0.0201,0.0152,0.0307,52.435974,-1.476196,11.83,41.076,233.904,9.470477607808384,0.0397182577664227,-0.0313339357868684,-0.0286417451592647,-0.4705,0.2588,-0.0603999999999995,-0.0405,-0.0246,-0.021,0.101,43.6269,-287.5617791680642,-4652.395730807867,GNSS_OUTAGE,False,5.668137337349966,20.35163494499999,-299.5860991542554,-4409.235947162012,-299.5860991542554,-4409.235947162012,-299.5860991542554,-4409.235947162012,predicted_speed
5454275,-0.6261,-0.0008,9.4283,-0.012,0.0123,0.0501,52.435974,-1.476196,11.83,42.3,232.264,9.449065707253814,0.0529650828376582,-0.02141190055457,0.0132468250712355,-0.1020999999999999,-0.6652,-0.0043000000000006,0.0081,-0.0029,0.0193999999999999,0.099,42.66223,-287.5617791680642,-4652.395730807867,GNSS_OUTAGE,False,5.666798362349966,20.32375109999999,-300.7492475072191,-4407.594168681263,-300.7492475072191,-4407.594168681263,-300.7492475072191,-4407.594168681263,predicted_speed
5454376,-0.9609,0.0932,9.2543,-0.0426,-0.0365,-0.0231,52.435974,-1.476196,11.83,41.486,231.032,9.304519522253688,0.06066811353586,-0.1445461850001255,0.0077030306982017,-0.3348,0.094,-0.1739999999999995,-0.0306,-0.0487999999999999,-0.0732,0.101,47.49205,-287.5617791680642,-4652.395730807867,GNSS_OUTAGE,False,5.662341737349966,20.261489144999988,-301.93968847169685,-4405.9296429679625,-301.93968847169685,-4405.9296429679625,-301.93968847169685,-4405.9296429679625,predicted_speed
5454475,-0.6341,0.1476,10.6835,0.0051,0.0176,0.0053,52.435974,-1.476196,11.83,42.898,230.353,10.703319149684363,0.0190751146785543,1.3987996274306749,-0.0415929988573056,0.3268,0.0544,1.4291999999999998,0.0477,0.0540999999999999,0.0283999999999999,0.099,56.51752,-287.5617791680642,-4652.395730807867,GNSS_OUTAGE,False,5.662695662349965,20.23281329999999,-303.10432818623815,-4404.299974997004,-303.10432818623815,-4404.299974997004,-303.10432818623815,-4404.299974997004,predicted_speed
5454575,-0.2799,0.3105,9.6345,0.0,-0.0211,-0.0167,52.435974,-1.476196,11.83,41.782,229.995,9.643564927452918,0.0269091062653518,-1.0597542222314456,0.0078339915867975,0.3542,0.1629,-1.0490000000000013,-0.0051,-0.0387,-0.022,0.1,25.11297000000001,-287.5617791680642,-4652.395730807867,GNSS_OUTAGE,False,5.662543162349965,20.23926779999999,-304.28135832572957,-4402.653500077204,-304.28135832572957,-4402.653500077204,-304.28135832572957,-4402.653500077204,predicted_speed
5454676,-0.8727,0.2031,10.1547,0.0143,0.0068,0.0148,52.435974,-1.476196,11.83,42.718,228.842,10.194154550035034,0.0216741781851123,0.5505896225821161,-0.0052349280802395,-0.5928,-0.1074,0.5202000000000009,0.0143,0.0279,0.0315,0.101,40.50831000000001,-287.5617791680642,-4652.395730807867,GNSS_OUTAGE,False,5.663833437349965,20.18591404499999,-305.4648839302067,-4400.993415712432,-305.4648839302067,-4400.993415712432,-305.4648839302067,-4400.993415712432,predicted_speed
5454775,-0.7892,0.0739,9.9007,-0.0067,-0.014,-0.0111,52.435974,-1.476196,11.83,41.008,229.826,9.932379288972005,0.0190814045604614,-0.2617752610630308,-0.0025927736246508,0.0835,-0.1292,-0.2539999999999995,-0.021,-0.0208,-0.0259,0.099,24.706080000000007,-287.5617791680642,-4652.395730807867,GNSS_OUTAGE,False,5.663019162349965,20.14188329999999,-306.6237646498369,-4399.37069678752,-306.6237646498369,-4399.37069678752,-306.6237646498369,-4399.37069678752,predicted_speed
5454875,-0.7364,0.035,10.0221,-0.0272,-0.0164,-0.0081,52.435974,-1.476196,11.83,39.928,228.837,10.049178989847876,0.0327781939709923,0.1167997008758732,0.0136967894105308,0.0527999999999999,-0.0388999999999999,0.1213999999999995,-0.0204999999999999,-0.0024,0.003,0.1,36.58629000000001,-287.5617791680642,-4652.395730807867,GNSS_OUTAGE,False,5.660146662349965,20.102687799999988,-307.7967676637677,-4397.7381391324425,-307.7967676637677,-4397.7381391324425,-307.7967676637677,-4397.7381391324425,predicted_speed
5454976,-0.888,0.1945,9.9494,0.0042,0.0032,-0.0038,52.435974,-1.476196,11.83,41.818000000000005,228.099,9.990842537544069,0.0065053823869162,-0.0583364523038074,-0.0262728115840761,-0.1515999999999999,0.1595,-0.0726999999999993,0.0314,0.0196,0.0043,0.101,20.37894,-287.5617791680642,-4652.395730807867,GNSS_OUTAGE,False,5.660416837349965,20.047788744999988,-308.97782096999185,-4396.093439736186,-308.97782096999185,-4396.093439736186,-308.97782096999185,-4396.093439736186,predicted_speed
5455076,-0.8665,0.4131,9.415,0.005,0.0145,-0.0003,52.435974,-1.476196,11.83,41.591,226.772,9.4638099547698,0.0153407952857731,-0.5270325827742681,0.0088354128988569,0.0214999999999999,0.2186,-0.5344000000000015,0.0008,0.0113,0.0035,0.1,42.74103,-287.5617791680642,-4652.395730807867,GNSS_OUTAGE,False,5.660764337349965,19.995583244999988,-310.14357113358494,-4394.4688597753475,-310.14357113358494,-4394.4688597753475,-310.14357113358494,-4394.4688597753475,predicted_speed
5455176,-0.6674,0.0784,9.9067,0.0013,0.021,-0.009,52.435974,-1.476196,11.83,42.16,225.032,9.929464950842014,0.0228842740763171,0.4656549960722138,0.0075434787905439,0.1991,-0.3347,0.4917000000000016,-0.0037,0.0065,-0.0087,0.1,27.442189999999997,-287.5617791680642,-4652.395730807867,GNSS_OUTAGE,False,5.660741837349965,19.963287744999988,-311.30747495087195,-4392.846929912498,-311.30747495087195,-4392.846929912498,-311.30747495087195,-4392.846929912498,predicted_speed
5455275,-0.4732,0.3234,9.5757,-0.0123,-0.0347,-0.0425,52.435974,-1.476196,11.83,42.206,224.815,9.592837760016584,0.0562283736204418,-0.3366271908254301,0.0333440995441247,0.1941999999999999,0.245,-0.3310000000000013,-0.0136,-0.0557,-0.0335,0.099,44.34532,-287.5617791680642,-4652.395730807867,GNSS_OUTAGE,False,5.659373162349965,19.950540999999987,-312.4611992116104,-4391.243822180947,-312.4611992116104,-4391.243822180947,-312.4611992116104,-4391.243822180947,predicted_speed
5455375,-0.8628,0.4186,9.7614,0.0258,0.0239,-0.0192,52.435974,-1.476196,11.83,42.149,222.978,9.808393332243565,0.0400685662333954,0.2155555722269788,-0.0161598073870463,-0.3896,0.0952,0.1857000000000006,0.0381,0.0586,0.0233,0.1,41.84013000000001,-287.5617791680642,-4652.395730807867,GNSS_OUTAGE,False,5.661800662349965,19.898705499999988,-313.61962530700566,-4389.625911865984,-313.61962530700566,-4389.625911865984,-313.61962530700566,-4389.625911865984,predicted_speed
5455476,-0.458,0.1081,9.7312,-0.006,-0.0308,-0.0474,52.435974,-1.476196,11.83,42.206,222.176,9.742571685648509,0.0568454043876899,-0.0658216465950563,0.0167768381542944,0.4048,-0.3105,-0.0302000000000006,-0.0318,-0.0547,-0.0282,0.101,43.97679,-287.5617791680642,-4652.395730807867,GNSS_OUTAGE,False,5.661040637349965,19.88723644499999,-314.7902021973846,-4387.993653487307,-314.7902021973846,-4387.993653487307,-314.7902021973846,-4387.993653487307,predicted_speed
5455575,-0.5405,0.4777,9.6695,-0.0163,-0.0151,-0.0339,52.435974,-1.476196,11.83,42.595,221.86900000000003,9.696368794038312,0.0405328262029678,-0.0462028916101946,-0.016312578184722,-0.0824999999999999,0.3696,-0.0617,-0.0102999999999999,0.0157,0.0134999999999999,0.099,47.93032000000003,-287.5617791680642,-4652.395730807867,GNSS_OUTAGE,False,5.659275962349964,19.867826999999988,-315.93929834248297,-4386.397303849242,-315.93929834248297,-4386.397303849242,-315.93929834248297,-4386.397303849242,predicted_speed
5455676,-0.7399,0.819,9.9352,0.0018,0.0112,-0.0238,52.435974,-1.476196,11.83,42.556,222.207,9.996319925352529,0.0263651284844204,0.2999511313142164,-0.0141676977185474,-0.1994,0.3412999999999999,0.2657000000000007,0.0180999999999999,0.0263,0.0100999999999999,0.101,33.43157,-287.5617791680642,-4652.395730807867,GNSS_OUTAGE,False,5.659303737349965,19.82788604499999,-317.10920667296625,-4384.771946255828,-317.10920667296625,-4384.771946255828,-317.10920667296625,-4384.771946255828,predicted_speed
5455776,-0.9137,0.1941,10.0256,0.0236,0.0143,-0.0088,52.435974,-1.476196,11.83,41.645,221.086,10.069020700147558,0.0289635978428095,0.0727007747950292,0.002598469358389,-0.1737999999999999,-0.6249,0.0904000000000007,0.0218,0.0031,0.015,0.1,38.28507,-287.5617791680642,-4652.395730807867,GNSS_OUTAGE,False,5.6615112373499645,19.77096054499999,-318.26066115777996,-4383.164755732548,-318.26066115777996,-4383.164755732548,-318.26066115777996,-4383.164755732548,predicted_speed
5455875,-0.1172,0.2734,9.9915,0.002,-0.016,-0.0158,52.435974,-1.476196,11.83,41.746,223.406,9.995926953014411,0.022575207640241,-0.0730937471331447,-0.0063883902025684,0.7965,0.0792999999999999,-0.0341000000000004,-0.0216,-0.0303,-0.007,0.099,19.41174,-287.5617791680642,-4652.395730807867,GNSS_OUTAGE,False,5.661558262349964,19.79345779999999,-319.40182331967173,-4381.571772925451,-319.40182331967173,-4381.571772925451,-319.40182331967173,-4381.571772925451,predicted_speed
5455975,-1.0515,0.4294,9.0564,-0.0117,0.0133,-0.0007,52.435974,-1.476196,11.83,41.44,221.352,9.127344497168933,0.0177276620003879,-0.8685824558454804,-0.0048475456398531,-0.9343,0.156,-0.9351000000000004,-0.0137,0.0293,0.0151,0.1,58.67273999999998,-287.5617791680642,-4652.395730807867,GNSS_OUTAGE,False,5.660235762349965,19.722752299999993,-320.5525141695808,-4379.969967646771,-320.5525141695808,-4379.969967646771,-320.5525141695808,-4379.969967646771,predicted_speed
5456076,-0.9691,0.4153,10.5704,-0.0158,0.0129,0.0051,52.435974,-1.476196,11.83,42.635,221.133,10.622852020996998,0.0210252229476883,1.4955075238280653,0.0032975609473003,0.0824000000000001,-0.0141,1.5139999999999991,-0.0041,-0.0003999999999999,0.0058,0.101,49.13289,-287.5617791680642,-4652.395730807867,GNSS_OUTAGE,False,5.6584859373499645,19.65966214499999,-321.71381430704236,-4378.359349097041,-321.71381430704236,-4378.359349097041,-321.71381430704236,-4378.359349097041,predicted_speed
5456176,-0.3904,0.7497,9.6141,0.0094,0.0176,0.0177,52.435974,-1.476196,11.83,43.254,219.241,9.651185474334229,0.0266722702445817,-0.9716665466627692,0.0056470472968933,0.5787,0.3344,-0.9562999999999988,0.0252,0.0047,0.0126,0.1,30.134940000000014,-287.5617791680642,-4652.395730807867,GNSS_OUTAGE,False,5.659273437349965,19.65506664499999,-322.86209178710465,-4376.7641452614835,-322.86209178710465,-4376.7641452614835,-322.86209178710465,-4376.7641452614835,predicted_speed
5456276,-0.9146,0.9402,10.6623,0.0335,0.012,-0.0131,52.435974,-1.476196,11.83,43.463,220.165,10.742677063469792,0.0379191244624661,1.0914915891355648,0.0112468542178844,-0.5242,0.1905,1.0481999999999996,0.0241,-0.0056,-0.0308,0.1,49.50365,-287.5617791680642,-4652.395730807867,GNSS_OUTAGE,False,5.662470937349965,19.598051144999992,-324.00194662648784,-4375.169915970586,-324.00194662648784,-4375.169915970586,-324.00194662648784,-4375.169915970586,predicted_speed
5456376,-0.3629,0.7846,10.1251,0.0528,0.0051,0.0163,52.435974,-1.476196,11.83,42.934,219.105,10.16193601534668,0.0554936032349675,-0.5807410481231123,0.0175744787725013,0.5517,-0.1556,-0.5372000000000003,0.0192999999999999,-0.0069,0.0294,0.1,40.078860000000006,-287.5617791680642,-4652.395730807867,GNSS_OUTAGE,False,5.667598437349965,19.59620564499999,-325.13350554078704,-4373.5700137297345,-325.13350554078704,-4373.5700137297345,-325.13350554078704,-4373.5700137297345,predicted_speed
5456475,0.0879,0.5917,10.2123,0.0281,-0.005,-0.0062,52.435974,-1.476196,11.83,43.333,217.514,10.22980481680858,0.0292070197041738,0.0678688014618984,-0.0262865835307936,0.4508,-0.1928999999999999,0.087200000000001,-0.0247,-0.0101,-0.0225,0.099,49.15913,-287.5617791680642,-4652.395730807867,GNSS_OUTAGE,False,5.670229362349965,19.63900779999999,-326.2520155952973,-4371.979702723423,-326.2520155952973,-4371.979702723423,-326.2520155952973,-4371.979702723423,predicted_speed
5456576,-0.5196,-0.1248,9.6145,0.0036,0.042,0.0292,52.435974,-1.476196,11.83,42.642,218.346,9.629338993409672,0.0512796255836565,-0.600465823398908,0.0220726058794826,-0.6074999999999999,-0.7165,-0.5978000000000012,-0.0245,0.047,0.0354,0.101,45.72435,-287.5617791680642,-4652.395730807867,GNSS_OUTAGE,False,5.6704389373499655,19.621317144999992,-327.39175417223447,-4370.358486804837,-327.39175417223447,-4370.358486804837,-327.39175417223447,-4370.358486804837,predicted_speed
5456676,-0.4245,-0.4315,8.8343,-0.053,0.0325,-0.0147,52.435974,-1.476196,11.83,43.031000000000006,221.093,8.85501264764766,0.063885366086452,-0.7743263457620113,0.0126057405027955,0.0950999999999999,-0.3067,-0.7801999999999989,-0.0566,-0.0095,-0.0439,0.1,46.05266,-287.5617791680642,-4652.395730807867,GNSS_OUTAGE,False,5.664986437349966,19.613311644999992,-328.5284795759464,-4368.760151641802,-328.5284795759464,-4368.760151641802,-328.5284795759464,-4368.760151641802,predicted_speed
5456776,-0.4534,0.4466,9.3911,-0.0961,0.0129,0.0079,52.435974,-1.476196,11.83,43.614,217.561,9.412639498567868,0.0972832462451783,0.557626850920208,0.0333978801587262,-0.0289,0.8781,0.5567999999999991,-0.0431,-0.0196,0.0226,0.1,38.32191000000001,-287.5617791680642,-4652.395730807867,GNSS_OUTAGE,False,5.655223937349966,19.602416144999992,-329.68011420409994,-4367.1738714425765,-329.68011420409994,-4367.1738714425765,-329.68011420409994,-4367.1738714425765,predicted_speed
5456876,-0.9312,0.7308,10.4467,-0.015,0.0294,-0.0164,52.435974,-1.476196,11.83,42.833,217.906,10.513550445496517,0.0368553930924634,1.1009109469286482,-0.0604278531527149,-0.4778,0.2842,1.0556,0.0811,0.0165,-0.0243,0.1,46.60867999999999,-287.5617791680642,-4652.395730807867,GNSS_OUTAGE,False,5.653571437349966,19.543740644999993,-330.83091358130434,-4365.594238960821,-330.83091358130434,-4365.594238960821,-330.83091358130434,-4365.594238960821,predicted_speed
5456975,-0.0607,0.5419,9.7435,0.0738,-0.019,-0.0434,52.435974,-1.476196,11.83,42.822,219.17,9.758746453822846,0.0876983466206746,-0.7548039916736702,0.0508429535282112,0.8705,-0.1888999999999999,-0.7032000000000007,0.0888,-0.0484,-0.027,0.099,37.52014999999999,-287.5617791680642,-4652.395730807867,GNSS_OUTAGE,False,5.660726662349966,19.571831399999994,-331.96060770636905,-4364.0200316151995,-331.96060770636905,-4364.0200316151995,-331.96060770636905,-4364.0200316151995,predicted_speed
5457076,-0.1652,0.1665,10.353,0.0335,-0.0112,-0.0262,52.435974,-1.476196,11.83,42.206,216.673,10.35565653592277,0.0439787448661282,0.5969100820999245,-0.0437196017545464,-0.1045,-0.3754,0.6095000000000006,-0.0403,0.0078,0.0172,0.101,46.34855999999999,-287.5617791680642,-4652.395730807867,GNSS_OUTAGE,False,5.663956137349967,19.589935144999995,-333.10899262904337,-4362.408819482492,-333.10899262904337,-4362.408819482492,-333.10899262904337,-4362.408819482492,predicted_speed
5457175,-0.4753,0.6368,9.5419,-0.0249,0.0003,-0.0146,52.435974,-1.476196,11.83,42.941,217.583,9.574929761622275,0.028866243260944,-0.7807267743004953,-0.0151125016051841,-0.3101,0.4703,-0.8110999999999997,-0.0584,0.0115,0.0116,0.099,42.60259999999998,-287.5617791680642,-4652.395730807867,GNSS_OUTAGE,False,5.661340062349967,19.576980499999994,-334.23801787691684,-4360.833505142526,-334.23801787691684,-4360.833505142526,-334.23801787691684,-4360.833505142526,predicted_speed
5457276,-0.445,0.9331,9.8151,-0.0099,0.0236,0.0168,52.435974,-1.476196,11.83,42.707,218.398,9.869391502012672,0.0306138857383377,0.2944617403903979,0.0017476424773936,0.0302999999999999,0.2963,0.2731999999999992,0.0149999999999999,0.0232999999999999,0.0314,0.101,31.829009999999997,-287.5617791680642,-4652.395730807867,GNSS_OUTAGE,False,5.660186137349967,19.566824444999995,-335.3911069614217,-4359.228529523956,-335.3911069614217,-4359.228529523956,-335.3911069614217,-4359.228529523956,predicted_speed
5457376,-1.0605,-0.114,9.8419,0.0018,0.0017,-0.0236,52.435974,-1.476196,11.83,43.477,216.538,9.899527860458802,0.0237295174835056,0.0301363584461284,-0.0068843682548321,-0.6154999999999999,-1.0471,0.0268000000000014,0.0117,-0.0219,-0.0404,0.1,36.91071,-287.5617791680642,-4652.395730807867,GNSS_OUTAGE,False,5.660213637349967,19.495218944999994,-336.5285577907828,-4357.64522878565,-336.5285577907828,-4357.64522878565,-336.5285577907828,-4357.64522878565,predicted_speed
5457475,-0.2371,0.3414,9.3562,0.0044,0.0154,-0.0031,52.435974,-1.476196,11.83,42.494,218.137,9.365428383688595,0.016313491349187,-0.5340994767702067,-0.0074160261343186,0.8234,0.4553999999999999,-0.4857000000000013,0.0026,0.0137,0.0205,0.099,42.81121999999998,-287.5617791680642,-4652.395730807867,GNSS_OUTAGE,False,5.660498262349967,19.505846099999996,-337.6548015246931,-4356.076585982392,-337.6548015246931,-4356.076585982392,-337.6548015246931,-4356.076585982392,predicted_speed
5457575,-0.3854,0.3222,9.6645,-0.0343,0.011,0.0065,52.435974,-1.476196,11.83,43.00899999999999,218.561,9.67754649950079,0.0366024589337929,0.3121181158121953,0.0202889675846059,-0.1483,-0.0191999999999999,0.3083000000000009,-0.0387,-0.0044,0.0096,0.1,40.15856000000001,-287.5617791680642,-4652.395730807867,GNSS_OUTAGE,False,5.656915762349967,19.501750599999998,-338.79785052458516,-4354.496515810377,-338.79785052458516,-4354.496515810377,-338.79785052458516,-4354.496515810377,predicted_speed
5457676,-0.9202,0.8976,10.029,-0.0481,0.0032,-0.0067,52.435974,-1.476196,11.83,43.304,218.053,10.111048155359562,0.0486697031016216,0.4335016558587714,0.0120672441678286,-0.5347999999999999,0.5753999999999999,0.3644999999999996,-0.0138,-0.0078,-0.0132,0.101,35.31128,-287.5617791680642,-4652.395730807867,GNSS_OUTAGE,False,5.6519036373499665,19.443599345,-339.9568478943733,-4352.911192683577,-339.9568478943733,-4352.911192683577,-339.9568478943733,-4352.911192683577,predicted_speed
5457776,-0.6366,0.5759,10.3842,0.0258,-0.006,-0.0051,52.435974,-1.476196,11.83,43.438,217.83,10.41962235448099,0.0269749884151967,0.3085741991214288,-0.0216947146864248,0.2835999999999999,-0.3217,0.3551999999999999,0.0739,-0.0092,0.0015999999999999,0.1,48.14959999999999,-287.5617791680642,-4652.395730807867,GNSS_OUTAGE,False,5.654331137349966,19.414383845,-341.0988378864045,-4351.341147506229,-341.0988378864045,-4351.341147506229,-341.0988378864045,-4351.341147506229,predicted_speed
