timestamp_ms,ax,ay,az,gyro_yaw,gyro_pitch,gyro_roll,gps_lat,gps_lon,gps_speed,vehicle_speed,vehicle_heading,accel_magnitude,gyro_magnitude,accel_change,gyro_change,ax_change,ay_change,az_change,gyro_yaw_change,gyro_pitch_change,gyro_roll_change,dt,predicted_speed,gps_x,gps_y,phase,gnss_available,ins_heading_rad,ins_speed_mps,ins_x,ins_y,dr_x,dr_y,corrected_x,corrected_y,dr_source_speed_col
4858375,0.2967,1.0155,9.7335,-0.0144,0.0443,-0.0039,52.46251,-1.399732,21.49,77.738,224.281,9.790827002352762,0.0467446253594998,-0.791916379209507,0.0051501545731081,0.0415,0.6693,-0.8405000000000005,0.0044,0.0448,0.0332,0.098,36.17097,4890.988357974459,-1701.7271573681971,GNSS_OUTAGE,False,3.9152447511213198,21.573055555555555,4890.988357974459,-1701.7271573681971,4890.988357974459,-1701.7271573681971,4890.988357974459,-1701.7271573681971,predicted_speed
4858476,1.4412,-0.2274,9.5143,-0.0122,0.012,0.0074,52.46251,-1.399732,21.49,77.634,224.016,9.625521943770115,0.0186440338982742,-0.1653050585826463,-0.0281005914612256,1.1445,-1.2429,-0.2191999999999989,0.0021999999999999,-0.0322999999999999,0.0113,0.101,19.908940000000005,4890.988357974459,-1701.7271573681971,GNSS_OUTAGE,False,3.91392973112132,21.674380270555556,4889.460770930486,-1703.2951787184968,4889.460770930486,-1703.2951787184968,4889.460770930486,-1703.2951787184968,predicted_speed
4858575,0.3717,0.6258,10.2534,-0.013,0.0297,0.0241,52.46251,-1.399732,21.49,77.738,223.808,10.27920221077492,0.0403967820500593,0.6536802670048036,0.0217527481517851,-1.0695,0.8532,0.7390999999999988,-0.0007999999999999,0.0177,0.0167,0.099,39.49764999999997,4890.988357974459,-1701.7271573681971,GNSS_OUTAGE,False,3.91256155112132,21.667818055555557,4887.9659900916595,-1704.833731370584,4887.9659900916595,-1704.833731370584,4887.9659900916595,-1704.833731370584,predicted_speed
4858675,0.2121,-0.0097,10.353,0.002,0.0184,0.0039,52.46251,-1.399732,21.49,77.814,223.614,10.355176941993795,0.0189148090130458,0.0759747312188778,-0.0214819730370135,-0.1595999999999999,-0.6355000000000001,0.0996000000000005,0.015,-0.0113,-0.0202,0.1,39.89163999999999,4890.988357974459,-1701.7271573681971,GNSS_OUTAGE,False,3.91267955112132,21.645229555555556,4886.457501310674,-1706.3860268394847,4886.457501310674,-1706.3860268394847,4886.457501310674,-1706.3860268394847,predicted_speed
4858775,1.1198,0.2981,9.2354,-0.0419,0.0079,-0.0105,52.46251,-1.399732,21.49,77.688,223.424,9.307815469270972,0.043912071233318,-1.0473614727228249,0.0249972622202722,0.9077,0.3077999999999999,-1.1175999999999997,-0.0439,-0.0104999999999999,-0.0144,0.1,36.82415000000001,4890.988357974459,-1701.7271573681971,GNSS_OUTAGE,False,3.90840755112132,21.713411055555557,4884.950926940773,-1707.9496623035975,4884.950926940773,-1707.9496623035975,4884.950926940773,-1707.9496623035975,predicted_speed
4858875,0.232,0.5377,9.9741,0.0046,0.0191,-0.0155,52.46251,-1.399732,21.49,77.735,223.198,9.991277000463954,0.0250243881044072,0.6834615311929824,-0.0188876831289107,-0.8877999999999999,0.2395999999999999,0.7386999999999997,0.0465,0.0111999999999999,-0.0049999999999999,0.1,22.765830000000005,4890.988357974459,-1701.7271573681971,GNSS_OUTAGE,False,3.90878555112132,21.69281255555556,4883.445191401729,-1709.5112453632414,4883.445191401729,-1709.5112453632414,4883.445191401729,-1709.5112453632414,predicted_speed
4858976,0.5431,1.1526,10.4627,0.0078,0.1129,0.0649,52.46251,-1.399732,21.49,77.656,222.929,10.539996947817396,0.1304578859249221,0.5487199473534403,0.1054334978205148,0.3111,0.6149000000000001,0.4885999999999999,0.0031999999999999,0.0938,0.0804,0.101,39.79748000000001,4890.988357974459,-1701.7271573681971,GNSS_OUTAGE,False,3.90949053112132,21.70342917055556,4881.922542160909,-1711.0881431003925,4881.922542160909,-1711.0881431003925,4881.922542160909,-1711.0881431003925,predicted_speed
4859075,0.6712,-0.0329,9.4529,0.015,0.0635,0.028,52.46251,-1.399732,21.49,77.666,222.679,9.47675631532224,0.0710017605415527,-1.0632406324951535,-0.0594561253833693,0.1281,-1.1855,-1.0098000000000005,0.0072,-0.0494,-0.0369,0.099,40.828680000000006,4890.988357974459,-1701.7271573681971,GNSS_OUTAGE,False,3.9108943511213203,21.72651745555556,4880.426285978197,-1712.6333604872261,4880.426285978197,-1712.6333604872261,4880.426285978197,-1712.6333604872261,predicted_speed
4859175,0.5282,0.792,8.8901,0.039,0.1636,0.1098,52.46251,-1.399732,21.49,77.544,222.377,8.940924854286608,0.2008531802088281,-0.5358314610356327,0.1298514196672753,-0.143,0.8249000000000001,-0.5627999999999993,0.024,0.1001,0.0818,0.1,41.79675,4890.988357974459,-1701.7271573681971,GNSS_OUTAGE,False,3.91471235112132,21.73553895555556,4878.908337858682,-1714.189050058878,4878.908337858682,-1714.189050058878,4878.908337858682,-1714.189050058878,predicted_speed
4859275,1.3662,0.2299,8.9091,0.0313,0.1093,0.0715,52.46251,-1.399732,21.49,77.616,222.093,9.016175423093763,0.134307222441684,0.0752505688071547,-0.066545957767144,0.8380000000000001,-0.5621,0.0190000000000001,-0.0076999999999999,-0.0543,-0.0383,0.1,34.998119999999986,4890.988357974459,-1701.7271573681971,GNSS_OUTAGE,False,3.9177603511213204,21.828360455555558,4877.3791524472235,-1715.7467294800554,4877.3791524472235,-1715.7467294800554,4877.3791524472235,-1715.7467294800554,predicted_speed
4859376,0.6257,0.4231,11.0635,0.013,0.1188,0.0849,52.46251,-1.399732,21.49,77.89,221.868,11.089253642603724,0.1465962141393835,2.073078219509961,0.0122889916976995,-0.7405,0.1931999999999999,2.154399999999999,-0.0183,0.0095,0.0134,0.101,45.70169000000001,4890.988357974459,-1701.7271573681971,GNSS_OUTAGE,False,3.9189905311213202,21.847319670555557,4875.831397813135,-1717.319449334723,4875.831397813135,-1717.319449334723,4875.831397813135,-1717.319449334723,predicted_speed
4859475,-0.3035,1.0274,9.7132,-0.0009,-0.0359,-0.0269,52.46251,-1.399732,21.49,77.706,221.74400000000003,9.772098917325795,0.0448690316365307,-1.317154725277927,-0.1017271825028527,-0.9292,0.6043000000000001,-1.350299999999999,-0.0139,-0.1547,-0.1118,0.099,44.808110000000006,4890.988357974459,-1701.7271573681971,GNSS_OUTAGE,False,3.9188202511213204,21.773912655555556,4874.319650902998,-1718.8561039646956,4874.319650902998,-1718.8561039646956,4874.319650902998,-1718.8561039646956,predicted_speed
4859575,-0.0433,0.3307,10.7116,0.0139,0.0098,-0.0364,52.46251,-1.399732,21.49,77.594,221.62,10.716791121413165,0.0401772323586381,0.9446922040873672,-0.0046917992778926,0.2602,-0.6967000000000001,0.9984000000000002,0.0147999999999999,0.0457,-0.0095,0.1,50.29876,4890.988357974459,-1701.7271573681971,GNSS_OUTAGE,False,3.9201282511213202,21.725784155555555,4872.793984646409,-1720.4028552198251,4872.793984646409,-1720.4028552198251,4872.793984646409,-1720.4028552198251,predicted_speed
4859676,0.5017,-0.7225,10.785,0.0076,-0.0176,-0.0728,52.46251,-1.399732,21.49,77.706,221.3,10.820810234913097,0.0752818703274566,0.1040191134999304,0.0351046379688185,0.545,-1.0532,0.0733999999999994,-0.0062999999999999,-0.0274,-0.0364,0.101,45.28990999999999,4890.988357974459,-1701.7271573681971,GNSS_OUTAGE,False,3.92081303112132,21.732219370555555,4871.2515355716505,-1721.964480847365,4871.2515355716505,-1721.964480847365,4871.2515355716505,-1721.964480847365,predicted_speed
4859775,0.3994,0.3098,8.9755,-0.0106,0.011,-0.0592,52.46251,-1.399732,21.49,77.59100000000001,221.049,8.989721722611884,0.061139185470531,-1.8310885123012104,-0.0141426848569255,-0.1023,1.0323,-1.8095,-0.0182,0.0286,0.0136,0.099,49.09678999999999,4890.988357974459,-1701.7271573681971,GNSS_OUTAGE,False,3.91968245112132,21.728399455555554,4869.74162703654,-1723.496622191813,4869.74162703654,-1723.496622191813,4869.74162703654,-1723.496622191813,predicted_speed
4859875,-0.4034,0.817,9.8139,-0.0299,0.0245,-0.0265,52.46251,-1.399732,21.49,77.72399999999999,220.566,9.856107434986695,0.0468669393069357,0.8663857123748109,-0.0142722461635953,-0.8028,0.5071999999999999,0.8384,-0.0192999999999999,0.0135,0.0327,0.1,38.20806,4890.988357974459,-1701.7271573681971,GNSS_OUTAGE,False,3.9166104511213202,21.644260955555552,4868.227115783292,-1725.0429067668206,4868.227115783292,-1725.0429067668206,4868.227115783292,-1725.0429067668206,predicted_speed
4859975,0.4552,0.5927,9.3432,-0.014,0.0494,0.0264,52.46251,-1.399732,21.49,77.756,220.548,9.373040412267516,0.0577349114487932,-0.4830670227191795,0.0108679721418575,0.8586,-0.2242999999999999,-0.4707000000000008,0.0158999999999999,0.0249,0.0529,0.1,41.05508999999999,4890.988357974459,-1701.7271573681971,GNSS_OUTAGE,False,3.91512845112132,21.64598245555555,4866.7147775102085,-1726.5915573124344,4866.7147775102085,-1726.5915573124344,4866.7147775102085,-1726.5915573124344,predicted_speed
4860075,0.4769,0.671,9.27,-0.0191,0.0533,0.0681,52.46251,-1.399732,21.49,77.634,220.141,9.306480248192653,0.0885624638320321,-0.0665601640748629,0.0308275523832388,0.0216999999999999,0.0783,-0.0731999999999999,-0.0050999999999999,0.0039,0.0416999999999999,0.1,44.54726,4890.988357974459,-1701.7271573681971,GNSS_OUTAGE,False,3.91313645112132,21.649873955555552,4865.205255815496,-1728.1434963177126,4865.205255815496,-1728.1434963177126,4865.205255815496,-1728.1434963177126,predicted_speed
4860175,0.2612,0.3339,9.0359,0.0071,0.0672,0.0347,52.46251,-1.399732,21.49,77.684,219.84,9.045839013601778,0.0759627540311697,-0.2606412345908744,-0.0125997098008623,-0.2157,-0.3371,-0.2340999999999997,0.0262,0.0138999999999999,-0.0333999999999999,0.1,47.24954999999999,4890.988357974459,-1701.7271573681971,GNSS_OUTAGE,False,3.91376445112132,21.632195455555554,4863.695993216948,-1729.6932205547628,4863.695993216948,-1729.6932205547628,4863.695993216948,-1729.6932205547628,predicted_speed
4860276,0.0076,0.2145,9.8724,0.0311,0.05,-0.0136,52.46251,-1.399732,21.49,77.76,219.801,9.874732896134455,0.0604331862472929,0.8288938825326788,-0.0155295677838767,-0.2536,-0.1193999999999999,0.8365000000000009,0.024,-0.0171999999999999,-0.0483,0.101,31.97112,4890.988357974459,-1701.7271573681971,GNSS_OUTAGE,False,3.9168227311213197,21.588726570555554,4862.169930968243,-1731.2506369597613,4862.169930968243,-1731.2506369597613,4862.169930968243,-1731.2506369597613,predicted_speed
4860375,1.0895,0.0618,10.3868,0.0197,0.0754,-0.0226,52.46251,-1.399732,21.49,77.52199999999999,219.468,10.44396685795201,0.081141912720862,0.5692339618175524,0.0207087264735691,1.0819,-0.1527,0.5143999999999984,-0.0114,0.0253999999999999,-0.009,0.099,40.512469999999965,4890.988357974459,-1701.7271573681971,GNSS_OUTAGE,False,3.9186918511213196,21.653226555555555,4860.6667594314395,-1732.7789674056319,4860.6667594314395,-1732.7789674056319,4860.6667594314395,-1732.7789674056319,predicted_speed
4860475,0.3894,0.777,9.9191,0.0037,0.0441,-0.0511,52.46251,-1.399732,21.49,77.67399999999999,219.15,9.957103302165743,0.0675996301765031,-0.4868635557862646,-0.0135422825443588,-0.7001,0.7152000000000001,-0.4676999999999989,-0.016,-0.0312999999999999,-0.0285,0.1,38.87082,4890.988357974459,-1701.7271573681971,GNSS_OUTAGE,False,3.9189798511213194,21.648368055555554,4859.1483005862,-1734.321951893565,4859.1483005862,-1734.321951893565,4859.1483005862,-1734.321951893565,predicted_speed
4860576,0.7713,0.6327,9.3883,-0.0088,0.0173,-0.0607,52.46251,-1.399732,21.49,77.774,218.942,9.44115405392794,0.0637277019827327,-0.5159492482378045,-0.0038719281937704,0.3818999999999999,-0.1442999999999999,-0.530800000000001,-0.0125,-0.0268,-0.0095999999999999,0.101,39.79991000000001,4890.988357974459,-1701.7271573681971,GNSS_OUTAGE,False,3.9180082311213194,21.682032870555556,4857.613789489438,-1735.88428137493,4857.613789489438,-1735.88428137493,4857.613789489438,-1735.88428137493,predicted_speed
4860676,-0.3384,-0.8052,10.8842,0.0197,0.0843,-0.0233,52.46251,-1.399732,21.49,77.792,218.699,10.919188213415866,0.0896519380716334,1.478034159487926,0.0259242360889007,-1.1097,-1.4379,1.495900000000001,0.0284999999999999,0.067,0.0373999999999999,0.1,49.082920000000016,4890.988357974459,-1701.7271573681971,GNSS_OUTAGE,False,3.9198962311213195,21.604394370555557,4856.097004592884,-1737.4227423392613,4856.097004592884,-1737.4227423392613,4856.097004592884,-1737.4227423392613,predicted_speed
4860775,-0.9089,0.8574,9.1608,0.0325,0.0564,-0.0137,52.46251,-1.399732,21.49,77.832,218.583,9.245620077095966,0.0665199218279757,-1.6735681363199006,-0.0231320162436577,-0.5705,1.6626,-1.7233999999999998,0.0128,-0.0279,0.0096,0.099,42.995500000000014,4890.988357974459,-1701.7271573681971,GNSS_OUTAGE,False,3.9230325511213193,21.471052755555558,4854.599915451854,-1738.931730395194,4854.599915451854,-1738.931730395194,4854.599915451854,-1738.931730395194,predicted_speed
4860876,0.212,0.8044,10.9667,-0.0105,-0.0107,-0.0906,52.46251,-1.399732,21.49,77.828,218.357,10.998204955809834,0.0918319116647366,1.7525848787138685,0.0253119898367609,1.1209,-0.053,1.8059,-0.043,-0.0670999999999999,-0.0769,0.101,51.6575,4890.988357974459,-1701.7271573681971,GNSS_OUTAGE,False,3.921889231121319,21.448228270555557,4853.0759649305255,-1740.4713099136618,4853.0759649305255,-1740.4713099136618,4853.0759649305255,-1740.4713099136618,predicted_speed
4860975,1.2357,-0.2663,9.5834,0.0293,0.0688,-0.0133,52.46251,-1.399732,21.49,77.818,218.013,9.66640707502017,0.0759527484690317,-1.331797880789665,-0.0158791631957049,1.0237,-1.0707,-1.3833000000000002,0.0398,0.0795,0.0773,0.099,32.36299000000001,4890.988357974459,-1701.7271573681971,GNSS_OUTAGE,False,3.9247087511213192,21.527202055555556,4851.57242685675,-1741.9817260413815,4851.57242685675,-1741.9817260413815,4851.57242685675,-1741.9817260413815,predicted_speed
4861075,0.1234,0.5068,11.3976,0.0009,0.0488,-0.0133,52.46251,-1.399732,21.49,77.922,217.832,11.409529331221338,0.050587943227611,1.7431222562011683,-0.0253648052414206,-1.1123,0.7731,1.8142000000000007,-0.0283999999999999,-0.0199999999999999,0.0,0.1,51.41317999999998,4890.988357974459,-1701.7271573681971,GNSS_OUTAGE,False,3.924716751121319,21.495743555555556,4850.05590871194,-1743.5051572431512,4850.05590871194,-1743.5051572431512,4850.05590871194,-1743.5051572431512,predicted_speed
4861175,0.3058,0.2739,10.3077,0.007,0.0445,0.0042,52.46251,-1.399732,21.49,77.908,217.542,10.315871952481768,0.0452425684505201,-1.0936573787395698,-0.0053453747770909,0.1824,-0.2329,-1.0899,0.0061,-0.0043,0.0174999999999999,0.1,45.90208000000001,4890.988357974459,-1701.7271573681971,GNSS_OUTAGE,False,3.925334751121319,21.482525055555556,4848.5393825162155,-1745.0267147101265,4848.5393825162155,-1745.0267147101265,4848.5393825162155,-1745.0267147101265,predicted_speed
4861275,0.1746,0.0547,9.9304,0.0218,0.0069,-0.0726,52.46251,-1.399732,21.49,77.962,217.229,9.932085451203086,0.0761157670919764,-0.3837865012786814,0.0308731986414562,-0.1312,-0.2191999999999999,-0.3772999999999999,0.0148,-0.0375999999999999,-0.0768,0.1,40.66182,4890.988357974459,-1701.7271573681971,GNSS_OUTAGE,False,3.927432751121319,21.456186555555554,4847.021530668918,-1746.543225568882,4847.021530668918,-1746.543225568882,4847.021530668918,-1746.543225568882,predicted_speed
4861375,0.0119,0.0574,10.1973,0.0193,0.0634,-0.035,52.46251,-1.399732,21.49,77.656,217.118,10.197468492719162,0.0749469812600881,0.2653830415160758,-0.0011687858318882,-0.1627,0.0027,0.2668999999999997,-0.0024999999999999,0.0564999999999999,0.0375999999999999,0.1,37.10888999999999,4890.988357974459,-1701.7271573681971,GNSS_OUTAGE,False,3.929280751121319,21.413578055555554,4845.503898670269,-1748.053922880752,4845.503898670269,-1748.053922880752,4845.503898670269,-1748.053922880752,predicted_speed
4861476,0.6648,-0.0353,9.1979,-0.0256,-0.0122,-0.0677,52.46251,-1.399732,21.49,78.02600000000001,216.86900000000003,9.221961263202097,0.073399523159214,-0.9755072295170653,-0.001547458100874,0.6528999999999999,-0.0927,-0.9993999999999996,-0.0449,-0.0756,-0.0326999999999999,0.101,47.74278999999999,4890.988357974459,-1701.7271573681971,GNSS_OUTAGE,False,3.926612331121319,21.436486370555553,4843.973531848854,-1749.5854485852672,4843.973531848854,-1749.5854485852672,4843.973531848854,-1749.5854485852672,predicted_speed
4861576,0.3777,0.0262,9.6749,-0.011,-0.0113,-0.0611,52.46251,-1.399732,21.49,78.041,216.627,9.682305187299148,0.0631022978979371,0.4603439240970512,-0.0102972252612769,-0.2870999999999999,0.0615,0.4769999999999985,0.0146,0.0009,0.0065999999999999,0.1,41.08183,4890.988357974459,-1701.7271573681971,GNSS_OUTAGE,False,3.925430331121319,21.430457870555554,4842.460536185823,-1751.1031736489945,4842.460536185823,-1751.1031736489945,4842.460536185823,-1751.1031736489945,predicted_speed
4861675,0.5149,0.6651,9.0932,-0.0337,0.0252,-0.0289,52.46251,-1.399732,21.49,78.03,216.33,9.132018739577791,0.0510484083983036,-0.5502864477213549,-0.0120538894996334,0.1372,0.6389,-0.5816999999999997,-0.0227,0.0365,0.0322,0.099,45.99357000000002,4890.988357974459,-1701.7271573681971,GNSS_OUTAGE,False,3.922012851121319,21.438072455555552,4840.967283755377,-1752.6113672989923,4840.967283755377,-1752.6113672989923,4840.967283755377,-1752.6113672989923,predicted_speed
4861775,0.4438,0.0713,10.4378,0.0206,0.0265,-0.0206,52.46251,-1.399732,21.49,77.89,216.022,10.447473903772146,0.0393823564556515,1.3154551641943524,-0.011666051942652,-0.0711,-0.5938,1.3445999999999998,0.0543,0.0012999999999999,0.0082999999999999,0.1,47.42265,4890.988357974459,-1701.7271573681971,GNSS_OUTAGE,False,3.9239908511213186,21.43865395555555,4839.455896584517,-1754.131850003274,4839.455896584517,-1754.131850003274,4839.455896584517,-1754.131850003274,predicted_speed
4861875,0.5556,0.5573,9.5356,0.0114,0.0114,-0.0166,52.46251,-1.399732,21.49,77.99,215.895,9.56801661840112,0.0231404407909616,-0.879457285371025,-0.0162419156646899,0.1118,0.486,-0.9021999999999988,-0.0092,-0.0150999999999999,0.004,0.1,37.01394000000002,4890.988357974459,-1701.7271573681971,GNSS_OUTAGE,False,3.9250488511213186,21.45041545555555,4837.942071542141,-1755.6515660863743,4837.942071542141,-1755.6515660863743,4837.942071542141,-1755.6515660863743,predicted_speed
4861975,-0.4666,-0.1469,12.4727,-0.0077,-0.0277,-0.0049,52.46251,-1.399732,21.49,77.95100000000001,215.649,12.482289071320212,0.0291648761355161,2.914272452919091,0.0060244353445545,-1.0222,-0.7042,2.937099999999999,-0.0191,-0.0390999999999999,0.0117,0.1,52.71177999999999,4890.988357974459,-1701.7271573681971,GNSS_OUTAGE,False,3.9241968511213186,21.35995695555555,4836.435920332819,-1757.1661571685106,4836.435920332819,-1757.1661571685106,4836.435920332819,-1757.1661571685106,predicted_speed
4862076,0.0557,-0.1199,10.3432,-0.0175,0.0212,0.0313,52.46251,-1.399732,21.49,78.16,215.32,10.344044892594,0.0416578924094822,-2.1382441787262128,0.0124930162739661,0.5223,0.0269999999999999,-2.1295,-0.0098,0.0489,0.0362,0.101,44.02617,4890.988357974459,-1701.7271573681971,GNSS_OUTAGE,False,3.9223465311213186,21.32134617055555,4834.920285377258,-1758.6959359979612,4834.920285377258,-1758.6959359979612,4834.920285377258,-1758.6959359979612,predicted_speed
4862175,-0.1297,0.2744,9.5116,0.0088,0.0343,0.032,52.46251,-1.399732,21.49,77.95100000000001,215.087,9.516441142044645,0.0477276649334534,-0.8276037505493541,0.0060697725239711,-0.1854,0.3943,-0.8315999999999999,0.0263,0.0130999999999999,0.0006999999999999,0.099,47.682949999999984,4890.988357974459,-1701.7271573681971,GNSS_OUTAGE,False,3.9231365511213188,21.26514535555555,4833.437397899639,-1760.1902986459354,4833.437397899639,-1760.1902986459354,4833.437397899639,-1760.1902986459354,predicted_speed
4862275,0.7236,-0.5029,9.33,0.0046,0.0532,0.0434,52.46251,-1.399732,21.49,78.08800000000001,214.734,9.371520974206907,0.0688110456249576,-0.1449201678377374,0.0210833806915042,0.8533000000000001,-0.7773,-0.1815999999999995,-0.0042,0.0189,0.0114,0.1,39.72162999999999,4890.988357974459,-1701.7271573681971,GNSS_OUTAGE,False,3.9235145511213187,21.29370685555555,4831.936948722659,-1761.701216176379,4831.936948722659,-1761.701216176379,4831.936948722659,-1761.701216176379,predicted_speed
4862375,0.0346,0.5748,9.883,0.0256,0.1016,0.0504,52.461132,-1.401482,21.64,78.152,214.405,9.899761673899024,0.116267278285853,0.5282406996921161,0.0474562326608954,-0.6890000000000001,1.0777,0.552999999999999,0.021,0.0484,0.0069999999999999,0.1,40.48851,4772.469018939116,-1854.9537662847893,GNSS_OUTAGE,False,3.9259925511213187,21.253368355555548,4830.435609616461,-1763.205555750003,4830.435609616461,-1763.205555750003,4830.435609616461,-1763.205555750003,predicted_speed
4862476,0.1605,0.8688,10.3889,0.021,0.1023,0.0524,52.461132,-1.401482,21.64,77.922,214.163,10.426399997122688,0.1168419873162041,0.5266383232236649,0.000574709030351,0.1259,0.294,0.5059000000000005,-0.0046,0.0007,0.002,0.101,50.41712000000001,4772.469018939116,-1854.9537662847893,GNSS_OUTAGE,False,3.9280307311213187,21.22534237055555,4828.918167129093,-1764.7198454950355,4828.918167129093,-1764.7198454950355,4828.918167129093,-1764.7198454950355,predicted_speed
4862575,0.789,0.7776,9.4056,-0.0034,0.0922,0.0636,52.461132,-1.401482,21.64,78.16,213.709,9.4706121301635,0.1120596269849226,-0.9557878669591896,-0.0047823603312814,0.6285000000000001,-0.0912,-0.9832999999999998,-0.0244,-0.0100999999999999,0.0112,0.099,36.87097999999999,4772.469018939116,-1854.9537662847893,GNSS_OUTAGE,False,3.927612951121319,21.26009285555555,4827.428959079019,-1766.207201722631,4827.428959079019,-1766.207201722631,4827.428959079019,-1766.207201722631,predicted_speed
4862675,0.8717,0.3802,9.5029,0.0176,0.0649,0.0348,52.461132,-1.401482,21.64,78.005,213.476,9.550367602349136,0.0757153220953328,0.0797554721856386,-0.0363443048895897,0.0827,-0.3974,0.0973000000000006,0.021,-0.0273,-0.0288,0.1,39.85819999999999,4772.469018939116,-1854.9537662847893,GNSS_OUTAGE,False,3.929290951121319,21.303464355555548,4825.919115774458,-1767.7101152700975,4825.919115774458,-1767.7101152700975,4825.919115774458,-1767.7101152700975,predicted_speed
4862775,0.4137,0.1877,9.7167,-0.0138,0.0373,-0.0002,52.461132,-1.401482,21.64,78.012,213.351,9.72731401107212,0.0397714721879892,0.1769464087229835,-0.0359438499073436,-0.458,-0.1924999999999999,0.2137999999999991,-0.0314,-0.0276,-0.0349999999999999,0.1,32.27221000000001,4772.469018939116,-1854.9537662847893,GNSS_OUTAGE,False,3.927828951121319,21.301035855555547,4824.4116432070705,-1769.215063024596,4824.4116432070705,-1769.215063024596,4824.4116432070705,-1769.215063024596,predicted_speed
4862875,-0.4814,0.3211,10.7899,-0.007,0.0493,-0.0262,52.461132,-1.401482,21.64,78.09100000000001,213.258,10.805405738795743,0.0562665975513003,1.0780917277236224,0.0164951253633111,-0.8951,0.1334,1.0732,0.0068,0.0119999999999999,-0.026,0.1,46.90026000000002,4772.469018939116,-1854.9537662847893,GNSS_OUTAGE,False,3.927046951121319,21.209097355555546,4822.9118493682345,-1770.7146884936262,4822.9118493682345,-1770.7146884936262,4822.9118493682345,-1770.7146884936262,predicted_speed
4862975,0.579,0.545,9.4859,0.0117,0.0368,-0.0493,52.461132,-1.401482,21.64,78.102,213.233,9.519168283521411,0.0626228392840822,-1.28623745527433,0.0063562417327819,1.0604,0.2239,-1.3039999999999985,0.0187,-0.0124999999999999,-0.0230999999999999,0.1,36.77007999999999,4772.469018939116,-1854.9537662847893,GNSS_OUTAGE,False,3.928134951121319,21.223198855555545,4821.409426558075,-1772.213677284824,4821.409426558075,-1772.213677284824,4821.409426558075,-1772.213677284824,predicted_speed
4863075,0.6798,0.5807,10.8325,0.0025,0.0509,-0.0316,52.461132,-1.401482,21.64,78.23899999999999,212.956,10.869332858092072,0.0599634888911577,1.350164574570659,-0.0026593503929245,0.1008,0.0356999999999999,1.346599999999999,-0.0092,0.0141,0.0176999999999999,0.1,40.4312,4772.469018939116,-1854.9537662847893,GNSS_OUTAGE,False,3.928302951121319,21.247380355555546,4819.9050398066065,-1773.7141212930233,4819.9050398066065,-1773.7141212930233,4819.9050398066065,-1773.7141212930233,predicted_speed
4863176,1.0799,0.4504,9.3242,0.026,0.0583,-0.0282,52.461132,-1.401482,21.64,78.098,212.699,9.397326737429108,0.0697863167103695,-1.4720061206629644,0.0098228278192117,0.4001000000000001,-0.1302999999999999,-1.5083000000000002,0.0235,0.0073999999999999,0.0034,0.101,35.172520000000006,4772.469018939116,-1854.9537662847893,GNSS_OUTAGE,False,3.930846131121319,21.312213770555545,4818.377111971716,-1775.230313032547,4818.377111971716,-1775.230313032547,4818.377111971716,-1775.230313032547,predicted_speed
4863276,0.1063,0.1052,9.5829,-0.0104,0.0505,-0.0152,52.461132,-1.401482,21.64,77.918,212.305,9.58406694154418,0.053753604530301,0.1867402041150718,-0.0160327121800684,-0.9736,-0.3452,0.258700000000001,-0.0364,-0.0077999999999999,0.013,0.1,41.13805000000003,4772.469018939116,-1854.9537662847893,GNSS_OUTAGE,False,3.929724131121319,21.279045270555546,4816.868349179932,-1776.7308504410753,4816.868349179932,-1776.7308504410753,4816.868349179932,-1776.7308504410753,predicted_speed
4863376,0.6658,0.5778,9.3923,-0.0085,0.0684,-0.0084,52.461132,-1.401482,21.64,78.023,212.216,9.433580538162593,0.0694360857191705,-0.1504864033815884,0.0156824811888695,0.5594999999999999,0.4725999999999999,-0.1905999999999998,0.0018999999999999,0.0179,0.0068,0.1,40.26742999999998,4772.469018939116,-1854.9537662847893,GNSS_OUTAGE,False,3.9287921311213188,21.301826770555547,4815.359371749658,-1778.234401355594,4815.359371749658,-1778.234401355594,4815.359371749658,-1778.234401355594,predicted_speed
4863475,0.3076,0.7678,9.0567,0.0369,0.0786,-0.0061,52.461132,-1.401482,21.64,78.005,211.961,9.094391100563026,0.0870447011598063,-0.3391894375995647,0.0176086154406358,-0.3581999999999999,0.19,-0.3356000000000012,0.0454,0.0102,0.0022999999999999,0.099,40.26323999999999,4772.469018939116,-1854.9537662847893,GNSS_OUTAGE,False,3.932364051121319,21.28891865555555,4813.861085233414,-1779.7166724836345,4813.861085233414,-1779.7166724836345,4813.861085233414,-1779.7166724836345,predicted_speed
4863575,0.3904,0.7796,8.586,0.0414,0.0595,-0.0163,52.461132,-1.401482,21.64,77.9,212.058,8.630155521194274,0.0742960295036013,-0.4642355793687525,-0.012748671656205,0.0828,0.0117999999999999,-0.470699999999999,0.0044999999999999,-0.0191,-0.0101999999999999,0.1,41.42345,4772.469018939116,-1854.9537662847893,GNSS_OUTAGE,False,3.936422051121319,21.284160155555547,4812.341940808379,-1781.2074289866077,4812.341940808379,-1781.2074289866077,4812.341940808379,-1781.2074289866077,predicted_speed
4863675,-0.3113,0.3832,9.9945,-0.0019,0.0196,-0.0381,52.461132,-1.401482,21.64,78.25,211.957,10.006686773353106,0.0428879936578991,1.3765312521588324,-0.0314080358457021,-0.7017,-0.3964,1.4085,-0.0433,-0.0399,-0.0218,0.1,41.44966,4772.469018939116,-1854.9537662847893,GNSS_OUTAGE,False,3.936150051121319,21.20923165555555,4810.8285484753,-1782.6933491460939,4810.8285484753,-1782.6933491460939,4810.8285484753,-1782.6933491460939,predicted_speed
4863775,0.8834,-0.3541,9.6446,0.0029,0.0191,-0.0185,52.461132,-1.401482,21.64,78.152,211.596,9.691444243764703,0.0267482709721581,-0.3152425295884029,-0.0161397226857409,1.1947,-0.7373000000000001,-0.3498999999999999,0.0048,-0.0005,0.0196,0.1,18.545179999999995,4772.469018939116,-1854.9537662847893,GNSS_OUTAGE,False,3.9363580511213194,21.25377315555555,4809.311668179845,-1784.1820744070935,4809.311668179845,-1784.1820744070935,4809.311668179845,-1784.1820744070935,predicted_speed
4863875,-0.0322,0.8885,10.1287,0.0129,0.0481,0.0134,52.461132,-1.401482,21.64,77.998,211.32,10.16764637366977,0.0515711159468165,0.4762021299050669,0.0248228449746584,-0.9156,1.2426,0.4840999999999997,0.01,0.0289999999999999,0.0319,0.1,46.44933999999999,4772.469018939116,-1854.9537662847893,GNSS_OUTAGE,False,3.9375660511213195,21.20675465555555,4807.796350294518,-1785.6656768257417,4807.796350294518,-1785.6656768257417,4807.796350294518,-1785.6656768257417,predicted_speed
4863975,-0.1498,0.8852,9.5947,0.0013,0.0575,0.0181,52.461132,-1.401482,21.64,77.59100000000001,211.715,9.636611809655925,0.0602955222218035,-0.5310345640138472,0.0087244062749869,-0.1175999999999999,-0.0032999999999999,-0.5340000000000007,-0.0116,0.0094,0.0047,0.1,48.32058000000003,4772.469018939116,-1854.9537662847893,GNSS_OUTAGE,False,3.9376140511213196,21.14797615555555,4806.285161383266,-1787.1450946265234,4806.285161383266,-1787.1450946265234,4806.285161383266,-1787.1450946265234,predicted_speed
4864075,0.3736,1.2576,8.994,-0.0076,0.0642,0.0237,52.461132,-1.401482,21.64,78.012,210.975,9.089178770384043,0.0688555734853758,-0.5474330392718798,0.0085600512635723,0.5234,0.3724,-0.6006999999999998,-0.0089,0.0066999999999999,0.0055999999999999,0.1,54.18807999999999,4772.469018939116,-1854.9537662847893,GNSS_OUTAGE,False,3.9367720511213196,21.14153765555555,4804.775678379306,-1788.6253335279064,4804.775678379306,-1788.6253335279064,4804.775678379306,-1788.6253335279064,predicted_speed
4864175,0.5755,0.8661,8.4503,-0.01,0.0513,-0.0101,52.461132,-1.401482,21.64,77.88600000000001,210.868,8.514041317141936,0.0532325088644147,-0.5751374532421067,-0.015623064620961,0.2019,-0.3915,-0.5436999999999994,-0.0024,-0.0128999999999999,-0.0338,0.1,47.50547,4772.469018939116,-1854.9537662847893,GNSS_OUTAGE,False,3.9356900511213198,21.15528915555555,4803.266817077185,-1790.1081687053666,4803.266817077185,-1790.1081687053666,4803.266817077185,-1790.1081687053666,predicted_speed
4864275,1.053,-0.4327,9.9581,-0.051,-0.0176,-0.0409,52.461132,-1.401482,21.64,78.03,210.492,10.022963329275427,0.0677020679152416,1.5089220121334923,0.0144695590508268,0.4774999999999999,-1.2988,1.5077999999999996,-0.0409999999999999,-0.0689,-0.0308,0.1,36.06518,4772.469018939116,-1854.9537662847893,GNSS_OUTAGE,False,3.9305080511213197,21.21679065555555,4801.761295969706,-1791.6031363478764,4801.761295969706,-1791.6031363478764,4801.761295969706,-1791.6031363478764,predicted_speed
4864376,0.8214,0.5794,10.7212,0.0006,0.0847,0.0315,52.461132,-1.401482,21.64,78.167,210.269,10.768218597335402,0.0903697958390965,0.7452552680599727,0.0226677279238548,-0.2315999999999999,1.0121,0.7630999999999997,0.0516,0.1023,0.0723999999999999,0.101,44.74665000000002,4772.469018939116,-1854.9537662847893,GNSS_OUTAGE,False,3.9304858311213198,21.25551557055555,4800.237977905174,-1793.115843418445,4800.237977905174,-1793.115843418445,4800.237977905174,-1793.115843418445,predicted_speed
4864475,0.1189,0.7353,10.0357,-0.0404,0.0015,-0.0454,52.461132,-1.401482,21.64,78.08800000000001,210.08,10.063303522700684,0.0607912000210556,-0.7049150746347177,-0.0295785958180409,-0.7025,0.1558999999999999,-0.6854999999999993,-0.041,-0.0832,-0.0769,0.099,39.07034000000001,4772.469018939116,-1854.9537662847893,GNSS_OUTAGE,False,3.92640505112132,21.22392615555555,4798.753097833333,-1794.6024640941937,4798.753097833333,-1794.6024640941937,4798.753097833333,-1794.6024640941937,predicted_speed
4864575,0.8152,0.5394,9.1926,-0.0128,0.0717,0.0035,52.461132,-1.401482,21.64,78.005,210.023,9.24442524768306,0.0729176247556103,-0.8188782750176244,0.0121264247345546,0.6963,-0.1958999999999999,-0.8430999999999997,0.0276,0.0702,0.0489,0.1,45.89791,4772.469018939116,-1854.9537662847893,GNSS_OUTAGE,False,3.92504305112132,21.26164765555555,4797.252603480595,-1796.1088150850624,4797.252603480595,-1796.1088150850624,4797.252603480595,-1796.1088150850624,predicted_speed
4864675,0.9267,0.3096,10.9423,0.0043,0.0678,-0.0186,52.461132,-1.401482,21.64,78.17399999999999,209.868,10.985834257806731,0.070436425235811,1.7414090101236734,-0.0024811995197993,0.1114999999999999,-0.2298,1.749699999999999,0.0171,-0.0039,-0.0220999999999999,0.1,38.38383999999999,4772.469018939116,-1854.9537662847893,GNSS_OUTAGE,False,3.92539105112132,21.31051915555555,4795.748134804465,-1797.6181050735456,4795.748134804465,-1797.6181050735456,4795.748134804465,-1797.6181050735456,predicted_speed
4864775,0.4029,0.2774,11.0103,0.0536,0.1436,0.0332,52.461132,-1.401482,21.64,78.109,209.691,11.02116079458058,0.1568316294629371,0.0353265367738462,0.086395204227126,-0.5238,-0.0322,0.0680000000000013,0.0493,0.0758,0.0518,0.1,45.674540000000015,4772.469018939116,-1854.9537662847893,GNSS_OUTAGE,False,3.93066905112132,21.30701065555555,4794.235970087178,-1799.1191863167014,4794.235970087178,-1799.1191863167014,4794.235970087178,-1799.1191863167014,predicted_speed
4864875,-0.398,1.0539,9.2594,-0.0072,0.0778,-0.0313,52.461132,-1.401482,21.64,78.02600000000001,209.539,9.327679109510576,0.0841686996454145,-1.6934816850700043,-0.0726629298175226,-0.8009,0.7765000000000001,-1.7509000000000017,-0.0608,-0.0658,-0.0645,0.1,43.89137999999996,4772.469018939116,-1854.9537662847893,GNSS_OUTAGE,False,3.92986705112132,21.22341215555555,4792.730938007688,-1800.615585553185,4792.730938007688,-1800.615585553185,4792.730938007688,-1800.615585553185,predicted_speed
4864975,1.23,0.2811,8.7241,-0.0162,0.0748,-0.0196,52.461132,-1.401482,21.64,77.987,209.3,8.81486460588023,0.0790040505290709,-0.5128145036303451,-0.0051646491163435,1.628,-0.7728,-0.5352999999999994,-0.009,-0.0029999999999999,0.0117,0.1,39.77357999999998,4772.469018939116,-1854.9537662847893,GNSS_OUTAGE,False,3.92816505112132,21.30261365555555,4791.222848014277,-1802.120137997386,4791.222848014277,-1802.120137997386,4791.222848014277,-1802.120137997386,predicted_speed
4865075,0.3024,1.093,10.4069,-0.0031,-0.0016,-0.04,52.461132,-1.401482,21.64,78.03699999999999,209.114,10.468508125325211,0.040151836819752,1.6536435194449837,-0.0388522137093188,-0.9276,0.8119,1.6828000000000003,0.0130999999999999,-0.0764,-0.0204,0.1,47.72222,4772.469018939116,-1854.9537662847893,GNSS_OUTAGE,False,3.92777305112132,21.289055155555552,4789.716307401666,-1803.6243235167676,4789.716307401666,-1803.6243235167676,4789.716307401666,-1803.6243235167676,predicted_speed
4865175,0.747,1.1758,10.5213,0.047,0.1182,0.0482,52.461132,-1.401482,21.64,77.9,208.919,10.613117747862784,0.1360274972202311,0.1446096225375708,0.095875660400479,0.4446,0.0827999999999999,0.1143999999999998,0.0501,0.1198,0.0882,0.1,43.859220000000015,4772.469018939116,-1854.9537662847893,GNSS_OUTAGE,False,3.9323910511213196,21.31995665555555,4788.200639715204,-1805.123709051632,4788.200639715204,-1805.123709051632,4788.200639715204,-1805.123709051632,predicted_speed
4865275,0.1105,1.3892,10.2317,0.046,0.1078,0.0319,52.461132,-1.401482,21.64,78.12,208.721,10.326169269385428,0.1214678969934031,-0.2869484784773561,-0.0145596002268279,-0.6365,0.2134,-0.2896000000000001,-0.001,-0.0103999999999999,-0.0163,0.1,42.02506,4772.469018939116,-1854.9537662847893,GNSS_OUTAGE,False,3.9369090511213196,21.28720815555555,4786.680551818777,-1806.6139389324615,4786.680551818777,-1806.6139389324615,4786.680551818777,-1806.6139389324615,predicted_speed
4865375,1.1423,-0.2978,8.8741,0.0276,0.1319,0.0402,52.461132,-1.401482,21.64,77.95100000000001,208.543,8.952272613141314,0.140625068888872,-1.3738966562441135,0.0191571718954688,1.0318,-1.687,-1.3575999999999997,-0.0184,0.0240999999999999,0.0083,0.1,35.64508000000001,4772.469018939116,-1854.9537662847893,GNSS_OUTAGE,False,3.9395870511213196,21.357639655555552,4785.151435947406,-1808.1050098122275,4785.151435947406,-1808.1050098122275,4785.151435947406,-1808.1050098122275,predicted_speed
4865476,-0.1623,1.4441,9.2309,0.0124,0.0999,-0.0146,52.461132,-1.401482,21.64,77.947,208.384,9.344585646779636,0.1017198604010052,0.392313033638322,-0.0389052084878667,-1.3046000000000002,1.7419,0.3567999999999998,-0.0152,-0.0319999999999999,-0.0548,0.101,42.29800000000001,4772.469018939116,-1854.9537662847893,GNSS_OUTAGE,False,3.9407566311213196,21.297010870555553,4783.609657775088,-1809.6049141040558,4783.609657775088,-1809.6049141040558,4783.609657775088,-1809.6049141040558,predicted_speed
4865576,0.8795,0.2929,9.187,0.0465,0.1056,-0.0022,52.461132,-1.401482,21.64,78.03,208.226,9.233649314328543,0.1154055891194183,-0.110936332451093,0.013685728718413,1.0417999999999998,-1.1512,-0.0439000000000007,0.0341,0.0056999999999999,0.0124,0.1,35.17802999999999,4772.469018939116,-1854.9537662847893,GNSS_OUTAGE,False,3.9453246311213195,21.341162370555555,4782.073198265324,-1811.0860435001994,4782.073198265324,-1811.0860435001994,4782.073198265324,-1811.0860435001994,predicted_speed
4865675,1.2629,0.4197,9.8363,0.023,0.0273,-0.0503,52.461132,-1.401482,21.64,77.803,208.123,9.92591870760586,0.0616796562895741,0.6922693932773161,-0.0537259328298442,0.3833999999999999,0.1268,0.6493000000000002,-0.0235,-0.0783,-0.0481,0.099,32.82968,4772.469018939116,-1854.9537662847893,GNSS_OUTAGE,False,3.9475204511213193,21.422828955555556,4780.5430541431015,-1812.554616408613,4780.5430541431015,-1812.554616408613,4780.5430541431015,-1812.554616408613,predicted_speed
4865775,0.3963,0.4632,10.4231,0.0005,0.0269,-0.034,52.461132,-1.401482,21.64,77.929,207.842,10.440910953551898,0.0433573523176865,0.5149922459460381,-0.0183223039718875,-0.8665999999999999,0.0434999999999999,0.5868000000000002,-0.0225,-0.0004,0.0162999999999999,0.1,44.25193,4772.469018939116,-1854.9537662847893,GNSS_OUTAGE,False,3.9474884511213193,21.418660455555557,4778.997802226409,-1814.0377841911181,4778.997802226409,-1814.0377841911181,4778.997802226409,-1814.0377841911181,predicted_speed
4865875,0.5748,1.1781,9.4471,-0.0138,0.0459,0.0237,52.461132,-1.401482,21.64,77.947,207.58900000000003,9.537610448115398,0.0534690564719445,-0.9033005054364996,0.010111704154258,0.1785,0.7148999999999999,-0.9759999999999992,-0.0143,0.019,0.0577,0.1,45.31305000000001,4772.469018939116,-1854.9537662847893,GNSS_OUTAGE,False,3.9460264511213192,21.432341955555557,4777.453734684318,-1815.5241583844027,4777.453734684318,-1815.5241583844027,4777.453734684318,-1815.5241583844027,predicted_speed
4865975,0.915,0.1165,10.1302,0.0021,0.0235,0.0014,52.461132,-1.401482,21.64,77.828,207.358,10.17210643328116,0.0236351433251419,0.6344959851657634,-0.0298339131468026,0.3402,-1.0616,0.6830999999999996,0.0159,-0.0224,-0.0223,0.1,20.578270000000007,4772.469018939116,-1854.9537662847893,GNSS_OUTAGE,False,3.9461544511213194,21.480043455555556,4775.906039877824,-1817.0136426758522,4775.906039877824,-1817.0136426758522,4775.906039877824,-1817.0136426758522,predicted_speed
4866075,0.4091,-0.0559,10.023,0.0309,0.0895,0.0496,52.461132,-1.401482,21.64,77.922,207.132,10.031501214673703,0.106888820743799,-0.1406052186074582,0.0832536774186571,-0.5059,-0.1724,-0.1072000000000006,0.0288,0.066,0.0482,0.1,42.23012000000001,4772.469018939116,-1854.9537662847893,GNSS_OUTAGE,False,3.9491624511213193,21.477154955555555,4774.354080436882,-1818.4982651004177,4774.354080436882,-1818.4982651004177,4774.354080436882,-1818.4982651004177,predicted_speed
4866175,-0.3551,0.1465,10.905,-0.0003,0.073,0.0264,52.461132,-1.401482,21.64,77.836,207.021,10.911763526579929,0.0776276368312214,0.8802623119062236,-0.0292611839125776,-0.7642,0.2024,0.8819999999999997,-0.0312,-0.0165,-0.0232,0.1,49.44042,4772.469018939116,-1854.9537662847893,GNSS_OUTAGE,False,3.949050451121319,21.397846455555555,4772.808017576228,-1819.9775784412154,4772.808017576228,-1819.9775784412154,4772.808017576228,-1819.9775784412154,predicted_speed
4866276,0.6695,0.4872,9.5244,-0.0058,0.0507,0.01,52.461132,-1.401482,21.64,77.67,206.775,9.560323710523614,0.0520012499849763,-1.3514398160563132,-0.025626386846245,1.0246,0.3407,-1.3805999999999994,-0.0055,-0.0222999999999999,-0.0163999999999999,0.101,45.93986999999999,4772.469018939116,-1854.9537662847893,GNSS_OUTAGE,False,3.9483818311213192,21.421229470555556,4771.245788124842,-1821.4743625088088,4771.245788124842,-1821.4743625088088,4771.245788124842,-1821.4743625088088,predicted_speed
4866375,0.525,0.7619,9.6403,0.0,0.0491,-0.0043,52.461132,-1.401482,21.64,77.969,206.49400000000003,9.68460121533148,0.0492879295568397,0.1242775048078677,-0.0027133204281365,-0.1444999999999999,0.2747,0.1158999999999998,0.0058,-0.0016,-0.0143,0.099,39.78245,4772.469018939116,-1854.9537662847893,GNSS_OUTAGE,False,3.9483006511213192,21.429843955555555,4769.713997260369,-1822.9422216515509,4769.713997260369,-1822.9422216515509,4769.713997260369,-1822.9422216515509,predicted_speed
4866475,0.9516,-0.2353,10.116,0.0003,0.0438,0.0088,52.461132,-1.401482,21.64,77.821,206.181,10.16338352370902,0.0446762800600049,0.4787823083775393,-0.0046116494968347,0.4266,-0.9972,0.4756999999999998,0.0003,-0.0052999999999999,0.0131,0.1,26.395740000000004,4772.469018939116,-1854.9537662847893,GNSS_OUTAGE,False,3.948248651121319,21.481205455555553,4768.163102678213,-1824.428541897419,4768.163102678213,-1824.428541897419,4768.163102678213,-1824.428541897419,predicted_speed
4866576,0.4125,0.3968,9.4096,0.0118,0.1048,0.0572,52.461132,-1.401482,21.64,77.76,205.928,9.426992025561493,0.1199754974984475,-0.7363914981475279,0.0752992174384425,-0.5391,0.6321,-0.7064000000000004,0.0115,0.061,0.0484,0.101,40.88884999999999,4772.469018939116,-1854.9537662847893,GNSS_OUTAGE,False,3.949357631121319,21.478631470555552,4766.595223225005,-1825.9278076417966,4766.595223225005,-1825.9278076417966,4766.595223225005,-1825.9278076417966,predicted_speed
4866676,-0.0521,0.5455,10.7435,-0.0036,0.0552,0.0338,52.461132,-1.401482,21.64,77.87899999999999,205.702,10.757466100806452,0.0648262292594594,1.3304740752449593,-0.055149268238988,-0.4645999999999999,0.1487,1.3339,-0.0154,-0.0496,-0.0234,0.1,51.66257999999998,4772.469018939116,-1854.9537662847893,GNSS_OUTAGE,False,3.948915631121319,21.429622970555553,4765.047064160757,-1827.409526548469,4765.047064160757,-1827.409526548469,4765.047064160757,-1827.409526548469,predicted_speed
4866776,-0.4245,0.8268,9.1412,0.0182,0.0792,0.0029,52.461132,-1.401482,21.64,77.616,205.469,9.188326067897242,0.081315988587731,-1.5691400329092104,0.0164897593282715,-0.3724,0.2813,-1.6022999999999996,0.0218,0.024,-0.0308999999999999,0.1,46.06141,4772.469018939116,-1854.9537662847893,GNSS_OUTAGE,False,3.950653631121319,21.343374470555553,4763.502573489849,-1828.8825998342843,4763.502573489849,-1828.8825998342843,4763.502573489849,-1828.8825998342843,predicted_speed
4866876,-0.2875,0.3081,9.7267,0.0411,0.0721,-0.017,52.461132,-1.401482,21.64,77.688,205.15,9.735824297408,0.0847149337484247,0.5474982295107598,0.0033989451606937,0.137,-0.5186999999999999,0.5854999999999997,0.0228999999999999,-0.0071,-0.0199,0.1,42.61516,4772.469018939116,-1854.9537662847893,GNSS_OUTAGE,False,3.954681631121319,21.270825970555553,4761.9574318467085,-1830.3444540258263,4761.9574318467085,-1830.3444540258263,4761.9574318467085,-1830.3444540258263,predicted_speed
4866976,0.1707,-0.2116,9.3212,-0.0006,0.0311,-0.0143,52.461132,-1.401482,21.64,77.893,204.892,9.3251639390415,0.0342353618353888,-0.4106603583665009,-0.0504795719130359,0.4581999999999999,-0.5197,-0.4054999999999999,-0.0417,-0.0409999999999999,0.0027,0.1,41.25166,4772.469018939116,-1854.9537662847893,GNSS_OUTAGE,False,3.9545396311213192,21.244097470555552,4760.414439136061,-1831.8046903999364,4760.414439136061,-1831.8046903999364,4760.414439136061,-1831.8046903999364,predicted_speed
4867076,0.0879,0.4507,10.1337,-0.0416,0.0226,-0.0163,52.461132,-1.401482,21.64,77.67399999999999,204.633,10.144098411884617,0.0500700509286739,0.8189344728431163,0.015834689093285,-0.0827999999999999,0.6623,0.8125,-0.0409999999999999,-0.0085,-0.0019999999999999,0.1,34.31896000000002,4772.469018939116,-1854.9537662847893,GNSS_OUTAGE,False,3.950297631121319,21.209088970555552,4758.88018710492,-1833.2690418791062,4758.88018710492,-1833.2690418791062,4758.88018710492,-1833.2690418791062,predicted_speed
4867176,0.2061,0.8474,8.175,-0.0024,0.0361,-0.023,52.461132,-1.401482,21.64,77.652,204.364,8.221386073527992,0.0428715523395176,-1.9227123383566247,-0.0071984985891562,0.1182,0.3967,-1.9586999999999983,0.0392,0.0135,-0.0067,0.1,50.108160000000005,4772.469018939116,-1854.9537662847893,GNSS_OUTAGE,False,3.949975631121319,21.185900470555552,4757.348083600239,-1834.7322857543463,4757.348083600239,-1834.7322857543463,4757.348083600239,-1834.7322857543463,predicted_speed
4867277,-0.1079,0.9185,8.5179,-0.0015,0.0555,0.0235,52.461132,-1.401482,21.64,77.87899999999999,204.135,8.567958045532201,0.060288887865012,0.3465719720042095,0.0174173355254944,-0.314,0.0710999999999999,0.3428999999999984,0.0008999999999999,0.0194,0.0465,0.101,51.40529999999999,4772.469018939116,-1854.9537662847893,GNSS_OUTAGE,False,3.949741311121319,21.130766085555553,4755.805031529709,-1836.2066776376682,4755.805031529709,-1836.2066776376682,4755.805031529709,-1836.2066776376682,predicted_speed
4867375,-0.3233,-0.163,8.9688,0.0218,0.0521,-0.0108,52.461132,-1.401482,21.64,77.702,203.81,8.976105242809934,0.0575003478250349,0.4081471972777333,-0.0027885400399771,-0.2153999999999999,-1.0815,0.4509000000000007,0.0233,-0.0034,-0.0343,0.098,49.36959000000001,4772.469018939116,-1854.9537662847893,GNSS_OUTAGE,False,3.9517973511213187,21.056160155555553,4754.310171060213,-1837.6291542374852,4754.310171060213,-1837.6291542374852,4754.310171060213,-1837.6291542374852,predicted_speed
4867476,0.2506,-0.3415,10.6007,0.0456,0.0327,0.0131,52.461132,-1.401482,21.64,77.706,203.613,10.609159396483776,0.0576216973023183,1.6330541536738412,0.0001213494772834,0.5739,-0.1785,1.6319,0.0238,-0.0194,0.0239,0.101,47.25183000000002,4772.469018939116,-1854.9537662847893,GNSS_OUTAGE,False,3.9563201311213185,21.03723427055555,4752.76432554216,-1839.0868817505118,4752.76432554216,-1839.0868817505118,4752.76432554216,-1839.0868817505118,predicted_speed
4867575,0.1433,-0.8247,9.8744,0.0097,0.0335,-0.009,52.461132,-1.401482,21.64,77.652,203.314,9.909815353476572,0.036018606302854,-0.6993440430072031,-0.0216030909994642,-0.1072999999999999,-0.4831999999999999,-0.7263000000000002,-0.0359,0.0008,-0.0221,0.099,23.26319,4772.469018939116,-1854.9537662847893,GNSS_OUTAGE,False,3.9571992511213185,21.00806045555555,4751.249938295211,-1840.5124310920305,4751.249938295211,-1840.5124310920305,4751.249938295211,-1840.5124310920305,predicted_speed
4867675,-0.1724,-0.2099,8.7611,-0.0255,0.0356,-0.0004,52.461132,-1.401482,21.64,77.749,203.041,8.765309634006092,0.0437923509302709,-1.1445057194704802,0.0077737446274168,-0.3157,0.6148,-1.1132999999999988,-0.0351999999999999,0.0020999999999999,0.0086,0.1,50.31157999999999,4772.469018939116,-1854.9537662847893,GNSS_OUTAGE,False,3.9545672511213183,20.947021955555552,4749.7284828862785,-1841.9522056322608,4749.7284828862785,-1841.9522056322608,4749.7284828862785,-1841.9522056322608,predicted_speed
4867775,-0.3662,0.5071,9.5362,0.0183,0.0565,-0.0215,52.461132,-1.401482,21.64,77.67699999999999,202.747,9.556692068388516,0.0631616180920026,0.7913824343824238,0.0193692671617317,-0.1938,0.717,0.7750999999999983,0.0438,0.0209,-0.0210999999999999,0.1,35.99701000000001,4772.469018939116,-1854.9537662847893,GNSS_OUTAGE,False,3.9563152511213184,20.866603455555552,4748.210363806962,-1843.3838011962137,4748.210363806962,-1843.3838011962137,4748.210363806962,-1843.3838011962137,predicted_speed
4867875,-0.5123,0.2405,9.3786,0.0033,-0.0181,-0.0513,52.461132,-1.401482,21.64,77.738,202.556,9.395660141788868,0.0544994495385045,-0.161031926599648,-0.0086621685534981,-0.1460999999999999,-0.2666,-0.1575999999999986,-0.015,-0.0746,-0.0298,0.1,47.73008999999998,4772.469018939116,-1854.9537662847893,GNSS_OUTAGE,False,3.9565632511213185,20.77157495555555,4746.6988050142,-1844.8085023148226,4746.6988050142,-1844.8085023148226,4746.6988050142,-1844.8085023148226,predicted_speed
4867975,-0.4232,-0.6381,10.4006,0.0266,0.0027,-0.0687,52.461132,-1.401482,21.64,77.594,202.225,10.42874633932574,0.0737193326068542,1.0330861975368713,0.0192198830683497,0.0890999999999999,-0.8786,1.0220000000000002,0.0232999999999999,0.0208,-0.0174,0.1,43.12412999999999,4772.469018939116,-1854.9537662847893,GNSS_OUTAGE,False,3.9591412511213186,20.68545645555555,4745.1898604658545,-1846.2234113005054,4745.1898604658545,-1846.2234113005054,4745.1898604658545,-1846.2234113005054,predicted_speed
4868075,-0.1549,-0.3533,10.7199,0.0609,0.0606,-0.0025,52.461132,-1.401482,21.64,77.749,201.933,10.72683881253,0.0859501018033137,0.2980924732042602,0.0122307691964595,0.2683,0.2848,0.3193000000000001,0.0343,0.0579,0.0662,0.1,44.989150000000016,4772.469018939116,-1854.9537662847893,GNSS_OUTAGE,False,3.9651492511213187,20.626167955555548,4743.676791641047,-1847.625199721311,4743.676791641047,-1847.625199721311,4743.676791641047,-1847.625199721311,predicted_speed
4868175,-0.2977,0.1787,9.6113,0.0298,0.0293,-0.0128,52.461132,-1.401482,21.64,77.764,201.5,9.617569686256502,0.0437077796278877,-1.1092691262734975,-0.042242322175426,-0.1428,0.532,-1.108600000000001,-0.0311,-0.0313,-0.0103,0.1,41.72861000000001,4772.469018939116,-1854.9537662847893,GNSS_OUTAGE,False,3.9680472511213187,20.552599455555548,4742.165078006304,-1849.017613212461,4742.165078006304,-1849.017613212461,4742.165078006304,-1849.017613212461,predicted_speed
4868276,-0.7262,0.2092,8.6887,-0.0026,0.0286,0.0035,52.461132,-1.401482,21.64,77.778,201.15,8.721504386858957,0.0289304338024855,-0.8960652993975451,-0.0147773458254021,-0.4284999999999999,0.0305,-0.9225999999999992,-0.0324,-0.0006999999999999,0.0163,0.101,56.76176,4772.469018939116,-1854.9537662847893,GNSS_OUTAGE,False,3.967701831121319,20.43501677055555,4740.647465416458,-1850.4164293916863,4740.647465416458,-1850.4164293916863,4740.647465416458,-1850.4164293916863,predicted_speed
4868375,-0.9912,0.3418,9.15,0.0223,0.0949,0.065,52.461132,-1.401482,21.64,77.562,200.844,9.209875388950712,0.1171678283489115,0.4883710020917551,0.0882373945464259,-0.265,0.1326,0.4612999999999996,0.0249,0.0663,0.0615,0.099,47.50491,4772.469018939116,-1854.9537662847893,GNSS_OUTAGE,False,3.969828351121319,20.293527455555548,4739.167312055786,-1851.774908309714,4739.167312055786,-1851.774908309714,4739.167312055786,-1851.774908309714,predicted_speed
4868476,-0.6421,-0.0428,10.4373,-0.0012,-0.0029,0.0059,52.461132,-1.401482,21.64,77.616,200.438,10.457119849174534,0.0066828137786414,1.247244460223822,-0.11048501457027,0.3490999999999999,-0.3846,1.2873,-0.0235,-0.0978,-0.0591,0.101,49.49143,4772.469018939116,-1854.9537662847893,GNSS_OUTAGE,False,3.969624331121319,20.18443887055555,4737.665655231557,-1853.1536875645315,4737.665655231557,-1853.1536875645315,4737.665655231557,-1853.1536875645315,predicted_speed
4868575,-0.6505,0.4786,9.6376,-0.0077,-0.036,-0.0127,52.461132,-1.401482,21.64,77.778,200.238,9.671377459803749,0.0389432921053164,-0.7857423893707853,0.0322604783266749,-0.0083999999999999,0.5214,-0.7996999999999996,-0.0065,-0.0331,-0.0186,0.099,41.4723,4772.469018939116,-1854.9537662847893,GNSS_OUTAGE,False,3.968780851121319,20.07667885555555,4736.202726807792,-1854.4991834700957,4736.202726807792,-1854.4991834700957,4736.202726807792,-1854.4991834700957,predicted_speed
4868675,-1.2585,0.5746,10.7322,-0.0258,-0.0471,-0.0163,52.461132,-1.401482,21.64,77.796,199.96,10.821002922557597,0.0561225444897146,1.1496254627538465,0.0171792523843982,-0.608,0.0959999999999999,1.0945999999999998,-0.0180999999999999,-0.0111,-0.0035999999999999,0.1,51.03173999999999,4772.469018939116,-1854.9537662847893,GNSS_OUTAGE,False,3.966118851121319,19.90703035555555,4734.741100486958,-1855.8506815551914,4734.741100486958,-1855.8506815551914,4734.741100486958,-1855.8506815551914,predicted_speed
4868776,0.0398,-0.0309,9.7357,-0.0169,0.0156,0.044,52.461132,-1.401482,21.64,77.836,199.598,9.73583038779949,0.0496484642259959,-1.0851725347581045,-0.0064740802637187,1.2983,-0.6055,-0.996500000000001,0.0089,0.0627,0.0602999999999999,0.101,35.52260999999999,4772.469018939116,-1854.9537662847893,GNSS_OUTAGE,False,3.964329131121319,19.866813670555548,4733.27028065942,-1857.2155715274953,4733.27028065942,-1857.2155715274953,4733.27028065942,-1857.2155715274953,predicted_speed
4868875,-0.826,0.5488,9.4967,-0.0038,0.0442,0.05,52.461132,-1.401482,21.64,77.612,199.388,9.54833851148984,0.0668436982818874,-0.1874918763096502,0.0171952340558914,-0.8657999999999999,0.5797,-0.238999999999999,0.0130999999999999,0.0286,0.006,0.099,49.06003999999999,4772.469018939116,-1854.9537662847893,GNSS_OUTAGE,False,3.963871751121319,19.74167915555555,4731.838274944003,-1858.5456623306152,4731.838274944003,-1858.5456623306152,4731.838274944003,-1858.5456623306152,predicted_speed
4868975,-0.273,0.2529,10.1945,-0.0054,0.0219,0.0078,52.461132,-1.401482,21.64,77.684,198.989,10.201289999799044,0.0238665037238385,0.6529514883092045,-0.0429771945580488,0.5529999999999999,-0.2958999999999999,0.6977999999999991,-0.0016,-0.0223,-0.0422,0.1,40.16561,4772.469018939116,-1854.9537662847893,GNSS_OUTAGE,False,3.963249751121319,19.670580655555547,4730.39784684513,-1859.885245969378,4730.39784684513,-1859.885245969378,4730.39784684513,-1859.885245969378,predicted_speed
4869075,-1.4773,-0.1996,9.8331,-0.0216,0.0101,0.0034,52.461132,-1.401482,21.64,77.818,198.61,9.945456804993926,0.0240858879844609,-0.2558331948051187,0.0002193842606223,-1.2043,-0.4525,-0.3613999999999997,-0.0162,-0.0118,-0.0043999999999999,0.1,38.79863000000001,4772.469018939116,-1854.9537662847893,GNSS_OUTAGE,False,3.9610077511213193,19.479052155555546,4728.974421591852,-1861.2149810095714,4728.974421591852,-1861.2149810095714,4728.974421591852,-1861.2149810095714,predicted_speed
4869175,-0.9063,0.5194,10.3052,-0.0286,-0.0195,0.0294,52.461132,-1.401482,21.64,77.749,198.294,10.358006714131824,0.045415525979559,0.4125499091378994,0.021329637995098,0.5710000000000001,0.719,0.4720999999999993,-0.0069999999999999,-0.0296,0.026,0.1,43.04477000000001,4772.469018939116,-1854.9537662847893,GNSS_OUTAGE,False,3.9580657511213193,19.344623655555548,4727.5647108509875,-1862.5396924010984,4727.5647108509875,-1862.5396924010984,4727.5647108509875,-1862.5396924010984,predicted_speed
4869275,-0.4917,0.1218,9.6999,0.0214,-0.015,-0.0174,52.461132,-1.401482,21.64,77.555,198.085,9.713118147124536,0.0313961781113561,-0.644888567007289,-0.0140193478682028,0.4145999999999999,-0.3975999999999999,-0.6052999999999997,0.05,0.0045,-0.0467999999999999,0.1,32.886910000000015,4772.469018939116,-1854.9537662847893,GNSS_OUTAGE,False,3.960123751121319,19.251655155555547,4726.159064870572,-1863.8551473186185,4726.159064870572,-1863.8551473186185,4726.159064870572,-1863.8551473186185,predicted_speed
4869376,-1.1005,0.3528,10.3241,0.0487,0.0376,0.001,52.461132,-1.401482,21.64,77.72800000000001,197.909,10.38858069709236,0.0615341368672706,0.6754625499678237,0.0301379587559145,-0.6088,0.2309999999999999,0.6242000000000001,0.0273,0.0526,0.0184,0.101,43.03312000000001,4772.469018939116,-1854.9537662847893,GNSS_OUTAGE,False,3.964959631121319,19.096268170555547,4724.744464709535,-1865.166207623821,4724.744464709535,-1865.166207623821,4724.744464709535,-1865.166207623821,predicted_speed
4869475,-0.7069,0.2774,8.7886,0.0232,0.0473,0.02,52.461132,-1.401482,21.64,77.81,197.783,8.821346174479268,0.056351841141173,-1.5672345226130917,-0.0051822957260976,0.3936,-0.0754,-1.535499999999999,-0.0255,0.0097,0.019,0.099,51.26243,4772.469018939116,-1854.9537662847893,GNSS_OUTAGE,False,3.967175251121319,18.982924555555545,4723.363279356508,-1866.4406217377934,4723.363279356508,-1866.4406217377934,4723.363279356508,-1866.4406217377934,predicted_speed
4869575,-0.0828,-0.0799,10.6833,0.0049,0.021,0.0236,52.461132,-1.401482,21.64,77.602,197.609,10.683919633729936,0.0319682655144128,1.862573459250667,-0.0243835756267601,0.6241,-0.3572999999999999,1.8946999999999985,-0.0182999999999999,-0.0263,0.0035999999999999,0.1,43.76059,4772.469018939116,-1854.9537662847893,GNSS_OUTAGE,False,3.967583251121319,18.930846055555545,4721.9714464527115,-1867.7238093669805,4721.9714464527115,-1867.7238093669805,4721.9714464527115,-1867.7238093669805,predicted_speed
4869676,-0.5561,-0.0645,9.6699,-0.0362,-0.0336,-0.0188,52.461132,-1.401482,21.64,77.67699999999999,197.317,9.686091754159673,0.0528473272739501,-0.9978278795702628,0.0208790617595373,-0.4733,0.0153999999999999,-1.013399999999999,-0.0411,-0.0545999999999999,-0.0424,0.101,47.57816000000002,4772.469018939116,-1854.9537662847893,GNSS_OUTAGE,False,3.9638442311213193,18.830443470555544,4720.577980737878,-1869.0181744701958,4720.577980737878,-1869.0181744701958,4720.577980737878,-1869.0181744701958,predicted_speed
4869776,-0.5802,0.0265,8.5991,0.0134,0.0341,0.0153,52.461132,-1.401482,21.64,77.785,197.128,8.618692191974372,0.0397046596761639,-1.067399562185301,-0.0131426675977862,-0.0241,0.091,-1.0708000000000002,0.0496,0.0677,0.0341,0.1,51.720970000000015,4772.469018939116,-1854.9537662847893,GNSS_OUTAGE,False,3.9651022311213193,18.728624970555543,4719.204169365773,-1870.2910673355827,4719.204169365773,-1870.2910673355827,4719.204169365773,-1870.2910673355827,predicted_speed
4869876,-1.1416,-0.1884,9.4727,-0.0179,0.0663,-0.0015,52.461132,-1.401482,21.64,77.753,196.952,9.543101718518985,0.0686902467603662,0.9244095265446132,0.0289855870842022,-0.5613999999999999,-0.2149,0.8735999999999997,-0.0313,0.0322,-0.0168,0.1,40.42660999999997,4772.469018939116,-1854.9537662847893,GNSS_OUTAGE,False,3.9632302311213192,18.570666470555544,4717.84430995623,-1871.555772407085,4717.84430995623,-1871.555772407085,4717.84430995623,-1871.555772407085,predicted_speed
4869976,-0.7142,-0.3271,11.09,0.0029,0.0542,0.0318,52.461132,-1.401482,21.64,77.634,196.672,11.11778647258527,0.0629069948415913,1.5746847540662845,-0.0057832519187748,0.4274,-0.1387,1.6173000000000002,0.0208,-0.0121,0.0333,0.1,50.28286,4772.469018939116,-1854.9537662847893,GNSS_OUTAGE,False,3.9634382311213194,18.455447970555543,4716.492626162744,-1872.8123497108616,4716.492626162744,-1872.8123497108616,4716.492626162744,-1872.8123497108616,predicted_speed
4870076,0.8092,0.7662,10.1302,-0.0154,-0.0626,-0.038,52.461132,-1.401482,21.64,77.72399999999999,196.712,10.191310961794857,0.0748326132110859,-0.9264755107904126,0.0119256183694946,1.5234,1.0933,-0.9597999999999997,-0.0183,-0.1168,-0.0698,0.1,40.90933999999999,4772.469018939116,-1854.9537662847893,GNSS_OUTAGE,False,3.9618162311213196,18.492569470555544,4715.140267625677,-1874.07364969241,4715.140267625677,-1874.07364969241,4715.140267625677,-1874.07364969241,predicted_speed
4870176,0.6795,-0.3104,12.4548,-0.0315,-0.0979,-0.0551,52.461132,-1.401482,21.64,77.67699999999999,196.57,12.477183634538688,0.1166733474277651,2.28587267274383,0.0418407342166791,-0.1297,-1.0766,2.3246,-0.0161,-0.0353,-0.0171,0.1,44.29036,4772.469018939116,-1854.9537662847893,GNSS_OUTAGE,False,3.9585842311213195,18.516720970555543,4713.790231804306,-1875.3409668729257,4713.790231804306,-1875.3409668729257,4713.790231804306,-1875.3409668729257,predicted_speed
4870275,-0.3997,0.3357,10.3056,-0.0317,-0.0833,-0.0335,52.461132,-1.401482,21.64,77.753,196.308,10.318810296734794,0.0952157024865121,-2.1583733378038925,-0.021457644941253,-1.0792,0.6461,-2.1492000000000004,-0.0001999999999999,0.0146,0.0216,0.099,42.43795,4772.469018939116,-1854.9537662847893,GNSS_OUTAGE,False,3.9553647511213197,18.433790155555542,4712.463710379987,-1876.594268906169,4712.463710379987,-1876.594268906169,4712.463710379987,-1876.594268906169,predicted_speed
4870376,-0.2683,0.14,9.4958,-0.0189,0.014,0.0241,52.461132,-1.401482,21.64,77.8,196.125,9.50062116548176,0.0336752134365916,-0.8181891312530354,-0.0615404890499205,0.1314,-0.1956999999999999,-0.809800000000001,0.0127999999999999,0.0973,0.0576,0.101,44.91477,4772.469018939116,-1854.9537662847893,GNSS_OUTAGE,False,3.9533730311213198,18.36245537055554,4711.118167071169,-1877.8706246597374,4711.118167071169,-1877.8706246597374,4711.118167071169,-1877.8706246597374,predicted_speed
4870475,-0.4453,0.2933,9.8973,0.0017,0.0233,0.0342,52.461132,-1.401482,21.64,77.681,195.907,9.911652953468456,0.0414176290967988,0.4110317879866976,0.0077424156602072,-0.177,0.1533,0.4015000000000004,0.0206,0.0093,0.0101,0.099,50.91801000000001,4772.469018939116,-1854.9537662847893,GNSS_OUTAGE,False,3.9534601511213197,18.27501015555554,4709.805440540653,-1879.1156338141993,4709.805440540653,-1879.1156338141993,4709.805440540653,-1879.1156338141993,predicted_speed
4870575,0.4121,0.1265,9.4259,0.0093,0.0653,0.0268,52.461132,-1.401482,21.64,77.782,195.883,9.435752194181449,0.0711956459342845,-0.4759007592870077,0.0297780168374856,0.8573999999999999,-0.1668,-0.4713999999999991,0.0075999999999999,0.0419999999999999,-0.0074,0.1,40.8528,4772.469018939116,-1854.9537662847893,GNSS_OUTAGE,False,3.9543081511213196,18.27242165555554,4708.478576156693,-1880.3719159633056,4708.478576156693,-1880.3719159633056,4708.478576156693,-1880.3719159633056,predicted_speed
4870675,-0.1542,0.319,10.158,-0.0468,-0.0439,-0.0449,52.461132,-1.401482,21.64,77.706,195.762,10.164177420726183,0.0783164095193338,0.7284252265447364,0.0071207635850493,-0.5663,0.1925,0.7320999999999991,-0.0561,-0.1091999999999999,-0.0717,0.1,40.78941999999999,4772.469018939116,-1854.9537662847893,GNSS_OUTAGE,False,3.9495461511213197,18.21320315555554,4707.161989965044,-1881.6304104971898,4707.161989965044,-1881.6304104971898,4707.161989965044,-1881.6304104971898,predicted_speed
4870775,-0.1546,0.2653,9.6746,-0.0341,-0.0501,-0.0414,52.461132,-1.401482,21.64,77.605,195.623,9.679471597664824,0.0733946864561733,-0.4847058230613612,-0.0049217230631604,-0.0003999999999999,-0.0537,-0.4833999999999996,0.0127,-0.0061999999999999,0.0035,0.1,50.34741000000002,4772.469018939116,-1854.9537662847893,GNSS_OUTAGE,False,3.9460541511213196,18.15394465555554,4705.854075776507,-1882.8893852947897,4705.854075776507,-1882.8893852947897,4705.854075776507,-1882.8893852947897,predicted_speed
4870875,0.1639,-0.0517,10.7532,-0.0399,-0.0455,-0.0278,52.461132,-1.401482,21.64,77.872,195.584,10.75457327558839,0.0665965464570048,1.0751016779235665,-0.0067981399991685,0.3185,-0.317,1.0785999999999998,-0.0058,0.0046,0.0136,0.1,43.99311999999999,4772.469018939116,-1854.9537662847893,GNSS_OUTAGE,False,3.9419821511213198,18.12653615555554,4704.55326587161,-1884.1517666639925,4704.55326587161,-1884.1517666639925,4704.55326587161,-1884.1517666639925,predicted_speed
4870976,-0.6699,0.1688,10.2183,0.0031,-0.0012,-0.0162,52.461132,-1.401482,21.64,77.936,195.604,10.241626547575342,0.01653753306875,-0.5129467280130484,-0.0500590133882547,-0.8338000000000001,0.2205,-0.5349000000000004,0.043,0.0443,0.0116,0.101,48.98293,4772.469018939116,-1854.9537662847893,GNSS_OUTAGE,False,3.9422124311213196,18.01463977055554,4703.247266397677,-1885.4186004380813,4703.247266397677,-1885.4186004380813,4703.247266397677,-1885.4186004380813,predicted_speed
4871075,-0.4069,-0.2697,10.6591,0.0369,0.1016,0.0682,52.461132,-1.401482,21.64,77.638,195.658,10.67027265396719,0.1278100543775801,0.4286461063918487,0.1112725213088301,0.263,-0.4385,0.4408000000000012,0.0338,0.1028,0.0844,0.099,43.92749999999999,4772.469018939116,-1854.9537662847893,GNSS_OUTAGE,False,3.9457843511213198,17.93099615555554,4701.968665404948,-1886.6500236507486,4701.968665404948,-1886.6500236507486,4701.968665404948,-1886.6500236507486,predicted_speed
4871175,-1.4695,0.3723,10.4631,0.0359,0.0837,0.0375,52.461132,-1.401482,21.64,77.738,195.657,10.572345962462636,0.0984923854924836,-0.0979266915045542,-0.0293176688850965,-1.0626,0.642,-0.1959999999999997,-0.001,-0.0179,-0.0306999999999999,0.1,45.95910999999999,4772.469018939116,-1854.9537662847893,GNSS_OUTAGE,False,3.94929235112132,17.74024765555554,4700.686579117978,-1887.8761633742579,4700.686579117978,-1887.8761633742579,4700.686579117978,-1887.8761633742579,predicted_speed
4871276,-1.0568,0.4637,9.6462,-0.0106,0.0529,0.017,52.459496,-1.402418,20.72,77.742,195.729,9.714989365408488,0.0565665095263973,-0.8573565970541495,-0.0419258759660862,0.4127,0.0913999999999999,-0.8169000000000004,-0.0465,-0.0307999999999999,-0.0204999999999999,0.101,48.00008,4709.078103889337,-2036.8686662745245,GNSS_OUTAGE,False,3.9481389311213198,17.58927437055554,4699.404108998084,-1889.1055054818728,4699.404108998084,-1889.1055054818728,4699.404108998084,-1889.1055054818728,predicted_speed
4871375,-1.2289,0.5856,9.5786,-0.0161,0.0261,-0.012,52.459496,-1.402418,20.72,77.63,195.765,9.674848863419005,0.0329305329443663,-0.040140501989482,-0.0236359765820309,-0.1721000000000001,0.1219,-0.0676000000000005,-0.0055,-0.0268,-0.029,0.099,40.88657000000001,4709.078103889337,-2036.8686662745245,GNSS_OUTAGE,False,3.9464638511213197,17.42425275555554,4698.160829410455,-1890.3012832185982,4698.160829410455,-1890.3012832185982,4698.160829410455,-1890.3012832185982,predicted_speed
4871476,-0.7523,0.3479,8.2021,0.0079,0.0408,-0.0128,52.459496,-1.402418,20.72,77.785,195.704,8.243872519028907,0.043484365006287,-1.430976344390098,0.0105538320619206,0.4766000000000001,-0.2377,-1.3765,0.024,0.0147,-0.0008,0.101,52.64412,4709.078103889337,-2036.8686662745245,GNSS_OUTAGE,False,3.9471789311213197,17.30403397055554,4696.900318365122,-1891.5119000733691,4696.900318365122,-1891.5119000733691,4696.900318365122,-1891.5119000733691,predicted_speed
4871575,0.0314,0.5824,9.6684,0.018,0.0359,-0.0303,52.459496,-1.402418,20.72,77.681,195.765,9.68597616557051,0.0503080510455334,1.4421036465416035,0.0068236860392464,0.7837,0.2345,1.4663000000000004,0.0100999999999999,-0.0049,-0.0175,0.099,35.06982000000001,4709.078103889337,-2036.8686662745245,GNSS_OUTAGE,False,3.9488797511213196,17.26378205555554,4695.665630230374,-1892.6936857233613,4695.665630230374,-1892.6936857233613,4695.665630230374,-1892.6936857233613,predicted_speed
4871675,-0.0841,0.1713,9.7903,0.0366,0.059,0.014,52.459496,-1.402418,20.72,77.558,195.802,9.792159648923214,0.070827678205628,0.1061834833527033,0.0205196271600946,-0.1154999999999999,-0.4111,0.1219000000000001,0.0186,0.0230999999999999,0.0443,0.1,37.28679,4709.078103889337,-2036.8686662745245,GNSS_OUTAGE,False,3.9524577511213197,17.211573555555542,4694.4179918575,-1893.8793421378073,4694.4179918575,-1893.8793421378073,4694.4179918575,-1893.8793421378073,predicted_speed
4871775,0.0799,0.0559,9.6979,-0.0027,0.0372,0.0111,52.459496,-1.402418,20.72,77.389,195.717,9.698390239106692,0.0389145217110528,-0.0937694098165202,-0.0319131564945752,0.1639999999999999,-0.1154,-0.0923999999999996,-0.0393,-0.0218,-0.0029,0.1,25.185080000000013,4709.078103889337,-2036.8686662745245,GNSS_OUTAGE,False,3.95210575112132,17.17576505555554,4693.17336574319,-1895.06296998811,4693.17336574319,-1895.06296998811,4693.17336574319,-1895.06296998811,predicted_speed
4871875,-1.1378,-0.1743,9.5964,-0.0309,-0.0165,-0.0268,52.459496,-1.402418,20.72,77.368,195.806,9.665188166300746,0.0441055552056654,-0.0332020728059472,0.0051910334946126,-1.2177,-0.2302,-0.1015000000000014,-0.0282,-0.0537,-0.0379,0.1,44.34063999999999,4709.078103889337,-2036.8686662745245,GNSS_OUTAGE,False,3.9489337511213196,17.01818655555554,4691.943884630905,-1896.239644510198,4691.943884630905,-1896.239644510198,4691.943884630905,-1896.239644510198,predicted_speed
4871975,-1.293,0.1239,9.0561,-0.0205,-0.0512,-0.0349,52.459496,-1.402418,20.72,77.306,195.735,9.14877846600299,0.0652663772550614,-0.516409700297757,0.021160822049396,-0.1552,0.2982,-0.5402999999999984,0.0104,-0.0347,-0.0081,0.1,50.00972,4709.078103889337,-2036.8686662745245,GNSS_OUTAGE,False,3.9468017511213196,16.845088055555543,4690.729394959768,-1897.4069425675495,4690.729394959768,-1897.4069425675495,4690.729394959768,-1897.4069425675495,predicted_speed
4872075,-0.3412,1.0828,11.2187,0.0366,0.0327,0.0221,52.459496,-1.402418,20.72,77.328,195.726,11.275996761705814,0.0538262017980091,2.127218295702825,-0.0114401754570523,0.9518,0.9589,2.1625999999999994,0.0571,0.0839,0.057,0.1,57.251219999999975,4709.078103889337,-2036.8686662745245,GNSS_OUTAGE,False,3.9503797511213197,16.767169555555544,4689.516373495674,-1898.5645084087423,4689.516373495674,-1898.5645084087423,4689.516373495674,-1898.5645084087423,predicted_speed
4872175,-0.3675,-0.1375,9.8224,0.0096,-0.0165,0.001,52.459496,-1.402418,20.72,77.087,195.75,9.830234191513446,0.0191157003533744,-1.4457625701923682,-0.0347105014446346,-0.0262999999999999,-1.2203,-1.3963,-0.027,-0.0492,-0.0211,0.1,34.49545,4709.078103889337,-2036.8686662745245,GNSS_OUTAGE,False,3.95125775112132,16.686621055555545,4688.308168320688,-1899.7154530110815,4688.308168320688,-1899.7154530110815,4688.308168320688,-1899.7154530110815,predicted_speed
4872275,-0.286,0.4782,9.9164,0.0216,0.0319,0.0462,52.459496,-1.402418,20.72,77.00399999999999,195.723,9.932042096165318,0.0601548834260361,0.1018079046518725,0.0410391830726617,0.0815,0.6157,0.0939999999999994,0.012,0.0484,0.0452,0.1,39.65534000000002,4709.078103889337,-2036.8686662745245,GNSS_OUTAGE,False,3.95333575112132,16.614222555555546,4687.102826516942,-1900.85890176262,4687.102826516942,-1900.85890176262,4687.102826516942,-1900.85890176262,predicted_speed
4872375,-0.5377,0.6896,9.9523,-0.0158,-0.0133,0.0005,52.459496,-1.402418,20.72,76.835,195.738,9.990642859195798,0.0206586543608241,0.0586007630304799,-0.0394962290652119,-0.2517,0.2113999999999999,0.0358999999999998,-0.0374,-0.0452,-0.0457,0.1,27.802269999999996,4709.078103889337,-2036.8686662745245,GNSS_OUTAGE,False,3.95167375112132,16.516654055555545,4685.906454095732,-1901.9976254524058,4685.906454095732,-1901.9976254524058,4685.906454095732,-1901.9976254524058,predicted_speed
4872476,-0.3608,0.4518,10.4444,0.0027,0.0077,0.0035,52.459496,-1.402418,20.72,76.723,195.65,10.460391543341004,0.0088786260198298,0.4697486841452054,-0.0117800283409943,0.1768999999999999,-0.2378,0.4921000000000006,0.0185,0.0209999999999999,0.003,0.101,39.76651,4709.078103889337,-2036.8686662745245,GNSS_OUTAGE,False,3.95186363112132,16.435976770555545,4684.703802897055,-1903.141890205928,4684.703802897055,-1903.141890205928,4684.703802897055,-1903.141890205928,predicted_speed
4872575,-0.399,0.5972,8.8097,-0.0164,0.0145,0.0177,52.459496,-1.402418,20.72,76.619,195.755,8.838928833857642,0.0281513765205185,-1.621462709483362,0.0192727505006886,-0.0382,0.1453999999999999,-1.6347000000000005,-0.0191,0.0068,0.0142,0.099,49.33397999999999,4709.078103889337,-2036.8686662745245,GNSS_OUTAGE,False,3.95015885112132,16.353115255555544,4683.532813799046,-1904.259839608462,4683.532813799046,-1904.259839608462,4683.532813799046,-1904.259839608462,predicted_speed
4872675,-0.8165,0.4548,10.1762,-0.0021,0.0299,0.0369,52.459496,-1.402418,20.72,76.439,195.765,10.21902939275546,0.0475397728223431,1.3801005588978177,0.0193883963018246,-0.4175,-0.1423999999999999,1.3665000000000005,0.0143,0.0153999999999999,0.0192,0.1,43.484270000000016,4709.078103889337,-2036.8686662745245,GNSS_OUTAGE,False,3.94986685112132,16.227666755555543,4682.359397450205,-1905.3807614414031,4682.359397450205,-1905.3807614414031,4682.359397450205,-1905.3807614414031,predicted_speed
4872775,-1.5605,1.1594,9.7874,0.0335,0.0577,0.0283,52.459496,-1.402418,20.72,76.554,195.71,9.97860548223047,0.0724736503841223,-0.2404239105249885,0.0249338775617791,-0.744,0.7046,-0.3887999999999998,0.0356,0.0278,-0.0086,0.1,33.53229,4709.078103889337,-2036.8686662745245,GNSS_OUTAGE,False,3.95313485112132,16.02781825555554,4681.196820205329,-1906.4840853874985,4681.196820205329,-1906.4840853874985,4681.196820205329,-1906.4840853874985,predicted_speed
4872875,-0.612,0.5448,9.6695,-0.0077,-0.0391,-0.0254,52.459496,-1.402418,20.72,76.288,195.72,9.704152785792276,0.0472573803759793,-0.2744526964381943,-0.025216270008143,0.9485,-0.6146,-0.1179000000000005,-0.0412,-0.0968,-0.0537,0.1,49.74013999999998,4709.078103889337,-2036.8686662745245,GNSS_OUTAGE,False,3.95228285112132,15.92281975555554,4680.042793315952,-1907.5811650693236,4680.042793315952,-1907.5811650693236,4680.042793315952,-1907.5811650693236,predicted_speed
4872975,-0.3713,-0.2581,8.5749,-0.046,-0.0817,-0.0416,52.459496,-1.402418,20.72,76.248,195.579,8.586814852435097,0.1025741195428944,-1.1173379333571791,0.055316739166915,0.2406999999999999,-0.8029,-1.0945999999999998,-0.0383,-0.0425999999999999,-0.0162,0.1,45.148610000000005,4709.078103889337,-2036.8686662745245,GNSS_OUTAGE,False,3.94760085112132,15.84189125555554,4678.899754810169,-1908.678032499703,4678.899754810169,-1908.678032499703,4678.899754810169,-1908.678032499703,predicted_speed
4873075,-0.5954,-0.1585,10.1394,-0.014,0.0305,0.0506,52.459496,-1.402418,20.72,76.172,195.682,10.158102961183255,0.0607174604212,1.571288108748158,-0.0418566591216943,-0.2241,0.0996,1.564500000000001,0.032,0.1122,0.0922,0.1,48.32579,4709.078103889337,-2036.8686662745245,GNSS_OUTAGE,False,3.94611885112132,15.73855275555554,4677.765788677855,-1909.7694266719243,4677.765788677855,-1909.7694266719243,4677.765788677855,-1909.7694266719243,predicted_speed
4873175,-0.9149,-0.4053,9.5479,-0.0168,0.018,0.0294,52.459496,-1.402418,20.72,76.072,195.662,9.600192941290295,0.0383484028350595,-0.5579100198929599,-0.0223690575861405,-0.3195,-0.2468,-0.5914999999999999,-0.0027999999999999,-0.0125,-0.0212,0.1,45.59712999999999,4709.078103889337,-2036.8686662745245,GNSS_OUTAGE,False,3.94435685112132,15.60326425555554,4676.6434783615305,-1910.853418419198,4676.6434783615305,-1910.853418419198,4676.6434783615305,-1910.853418419198,predicted_speed
4873275,-1.7431,-0.1212,10.3465,0.0248,0.0149,-0.0028,52.459496,-1.402418,20.72,75.809,195.507,10.49300477937564,0.0290669915883979,0.8928118380853434,-0.0092814112466615,-0.8282,0.2841,0.7986000000000004,0.0416,-0.0030999999999999,-0.0322,0.1,44.693380000000026,4709.078103889337,-2036.8686662745245,GNSS_OUTAGE,False,3.94675485112132,15.385155755555541,4675.534296243173,-1911.9196009572954,4675.534296243173,-1911.9196009572954,4675.534296243173,-1911.9196009572954,predicted_speed
4873376,-1.2521,0.0892,11.7295,0.016,-0.0219,-0.043,52.459496,-1.402418,20.72,75.676,195.318,11.796477495422096,0.0508390597867427,1.3034727160464588,0.0217720681983447,0.4910000000000001,0.2104,1.3829999999999991,-0.0087999999999999,-0.0368,-0.0402,0.101,44.36707999999999,4709.078103889337,-2036.8686662745245,GNSS_OUTAGE,False,3.94828803112132,15.21445717055554,4674.4248203878215,-1912.9827979369022,4674.4248203878215,-1912.9827979369022,4674.4248203878215,-1912.9827979369022,predicted_speed
4873475,-0.006,0.3275,8.9541,0.0289,0.0489,0.0184,52.459496,-1.402418,20.72,75.715,195.346,8.960089232814592,0.05970745347107,-2.836388262607505,0.0088683936843273,1.2461,0.2383,-2.7753999999999994,0.0128999999999999,0.0708,0.0613999999999999,0.099,52.08829,4709.078103889337,-2036.8686662745245,GNSS_OUTAGE,False,3.95106795112132,15.170502655555541,4673.3375716401815,-1914.018912304607,4673.3375716401815,-1914.018912304607,4673.3375716401815,-1914.018912304607,predicted_speed
4873575,0.3696,0.304,10.2381,0.0074,-0.0663,-0.0283,52.459496,-1.402418,20.72,75.499,195.202,10.249278597540414,0.0724661300194787,1.2891893647258217,0.0127586765484086,0.3756,-0.0235,1.283999999999999,-0.0215,-0.1152,-0.0467,0.1,41.510830000000006,4709.078103889337,-2036.8686662745245,GNSS_OUTAGE,False,3.95172595112132,15.16366415555554,4672.239147536637,-1915.0642981639794,4672.239147536637,-1915.0642981639794,4672.239147536637,-1915.0642981639794,predicted_speed
4873675,-0.697,-0.257,9.3884,-0.0419,-0.0457,0.0028,52.459496,-1.402418,20.72,75.542,195.15,9.417744558013878,0.0620639992266047,-0.8315340395265363,-0.0104021307928739,-1.0666,-0.5609999999999999,-0.8496999999999986,-0.0493,0.0206,0.0311,0.1,48.97932999999999,4709.078103889337,-2036.8686662745245,GNSS_OUTAGE,False,3.9474539511213202,15.05016565555554,4671.15338742321,-1916.1065072786428,4671.15338742321,-1916.1065072786428,4671.15338742321,-1916.1065072786428,predicted_speed
4873775,-0.8729,0.3289,9.4134,-0.0295,0.0135,0.056,52.459496,-1.402418,20.72,75.283,195.049,9.4595047005644,0.0647186217405778,0.0417601425505225,0.002654622513973,-0.1759,0.5859000000000001,0.0249999999999985,0.0124,0.0591999999999999,0.0532,0.1,43.18024,4709.078103889337,-2036.8686662745245,GNSS_OUTAGE,False,3.94442195112132,14.91907715555554,4670.080221789443,-1917.1428972410783,4670.080221789443,-1917.1428972410783,4670.080221789443,-1917.1428972410783,predicted_speed
4873875,-1.0292,0.0312,10.7358,-0.013,-0.0218,0.02,52.459496,-1.402418,20.72,75.211,195.049,10.7850650308656,0.0323147025361521,1.3255603303011991,-0.0324039192044257,-0.1562999999999998,-0.2977,1.3224,0.0165,-0.0353,-0.036,0.1,52.37161000000001,4709.078103889337,-2036.8686662745245,GNSS_OUTAGE,False,3.94303995112132,14.77235865555554,4669.019029195157,-1918.170562595323,4669.019029195157,-1918.170562595323,4669.019029195157,-1918.170562595323,predicted_speed
4873975,-0.9529,-0.0124,10.6383,0.022,0.0117,-0.0138,52.459496,-1.402418,20.72,75.218,194.899,10.680898794577168,0.0284838550761655,-0.1041662362884316,-0.0038308474599866,0.0762999999999999,-0.0436,-0.0975000000000001,0.0349999999999999,0.0335,-0.0338,0.1,50.498750000000015,4709.078103889337,-2036.8686662745245,GNSS_OUTAGE,False,3.94515795112132,14.63327015555554,4667.965674471388,-1919.1863232858254,4667.965674471388,-1919.1863232858254,4667.965674471388,-1919.1863232858254,predicted_speed
4874075,-1.0614,0.6272,11.232,0.005,-0.0011,-0.0191,52.459496,-1.402418,20.72,75.028,194.86900000000003,11.299459004748856,0.0197742256485557,0.6185602101716885,-0.0087096294276097,-0.1084999999999999,0.6396,0.5937000000000001,-0.0169999999999999,-0.0128,-0.0052999999999999,0.1,53.52349999999998,4709.078103889337,-2036.8686662745245,GNSS_OUTAGE,False,3.9455759511213198,14.48333165555554,4666.922692706655,-1920.191240196262,4666.922692706655,-1920.191240196262,4666.922692706655,-1920.191240196262,predicted_speed
4874175,0.1524,0.0984,10.7834,-0.0236,-0.0234,-0.0152,52.459496,-1.402418,20.72,74.84,194.939,10.784925770722763,0.0365453143371349,-0.5145332340260911,0.0167710886885791,1.2138,-0.5287999999999999,-0.448599999999999,-0.0286,-0.0223,0.0038999999999999,0.1,45.47794,4709.078103889337,-2036.8686662745245,GNSS_OUTAGE,False,3.94313395112132,14.45477315555554,4665.884219782078,-1921.1967145393985,4665.884219782078,-1921.1967145393985,4665.884219782078,-1921.1967145393985,predicted_speed
4874275,-0.985,0.1833,9.5453,-0.0061,-0.0183,-0.0388,52.459496,-1.402418,20.72,74.76100000000001,194.945,9.5977380658153,0.0433305896567309,-1.1871877049074655,0.006785275319596,-1.1374,0.0848999999999999,-1.238100000000001,0.0174999999999999,0.0051,-0.0236,0.1,48.69703999999997,4709.078103889337,-2036.8686662745245,GNSS_OUTAGE,False,3.94244195112132,14.312474655555539,4664.856659180185,-1922.1930019061235,4664.856659180185,-1922.1930019061235,4664.856659180185,-1922.1930019061235,predicted_speed
4874376,-0.5776,-0.1663,9.5086,-0.0026,0.013,-0.0209,52.459496,-1.402418,20.72,74.819,194.812,9.527578465171514,0.0247501515146877,-0.0701596006437856,-0.0185804381420432,0.4074,-0.3496,-0.0366999999999997,0.0035,0.0313,0.0179,0.101,46.01412000000002,4709.078103889337,-2036.8686662745245,GNSS_OUTAGE,False,3.94209653112132,14.209900570555538,4663.826606045725,-1923.192396452117,4663.826606045725,-1923.192396452117,4663.826606045725,-1923.192396452117,predicted_speed
4874475,-0.1232,0.5385,8.1477,0.0147,-0.0125,-0.0134,52.459496,-1.402418,20.72,74.642,194.917,8.166405315682049,0.0234925520112226,-1.3611731494894652,-0.0012575995034651,0.4544,0.7048,-1.360899999999999,0.0173,-0.0255,0.0074999999999999,0.099,54.46546,4709.078103889337,-2036.8686662745245,GNSS_OUTAGE,False,3.94347065112132,14.154343255555538,4662.819557635462,-1924.1667881024205,4662.819557635462,-1924.1667881024205,4662.819557635462,-1924.1667881024205,predicted_speed
4874575,-0.493,-0.0863,9.1497,-0.0221,-0.0221,-0.0108,52.459496,-1.402418,20.72,74.54899999999999,194.995,9.163378567973714,0.0330675067097596,0.9969732522916654,0.009574954698537,-0.3698,-0.6248,1.001999999999999,-0.0368,-0.0096,0.0026,0.1,51.20933,4709.078103889337,-2036.8686662745245,GNSS_OUTAGE,False,3.94117865112132,14.061244755555538,4661.811271344941,-1925.14686197571,4661.811271344941,-1925.14686197571,4661.811271344941,-1925.14686197571,predicted_speed
4874676,-0.2129,-0.1212,9.8924,-0.0357,-0.0083,0.0123,52.459496,-1.402418,20.72,74.585,194.89,9.895432967283442,0.0386609622228935,0.7320543993097282,0.0055934555131338,0.2801,-0.0349,0.742700000000001,-0.0136,0.0138,0.0231,0.101,29.59188999999999,4709.078103889337,-2036.8686662745245,GNSS_OUTAGE,False,3.93749013112132,13.995505370555538,4660.8013042785315,-1926.135840710985,4660.8013042785315,-1926.135840710985,4660.8013042785315,-1926.135840710985,predicted_speed
4874776,-0.9132,-0.1902,9.3209,-0.0113,0.0492,0.0314,52.459496,-1.402418,20.72,74.333,195.017,9.3674589451996,0.0594498948695454,-0.5279740220838427,0.0207889326466518,-0.7003,-0.069,-0.5715000000000003,0.0244,0.0575,0.0191,0.1,53.77899000000002,4709.078103889337,-2036.8686662745245,GNSS_OUTAGE,False,3.9362781311213197,13.860386870555537,4659.812167036103,-1927.1067736425798,4659.812167036103,-1927.1067736425798,4659.812167036103,-1927.1067736425798,predicted_speed
4874875,-0.5989,0.1325,10.4431,0.0194,-0.0244,-0.0289,52.459496,-1.402418,20.72,74.25399999999999,195.024,10.46109817705579,0.0425079992472005,1.0936392318561907,-0.0169418956223448,0.3143,0.3227,1.1221999999999994,0.0306999999999999,-0.0736,-0.0602999999999999,0.099,49.91166999999999,4709.078103889337,-2036.8686662745245,GNSS_OUTAGE,False,3.93811755112132,13.757735255555538,4658.838420219466,-1928.0590887953076,4658.838420219466,-1928.0590887953076,4658.838420219466,-1928.0590887953076,predicted_speed
4874976,0.1696,0.1253,9.5013,-0.0134,-0.0218,-0.035,52.459496,-1.402418,20.72,74.203,194.941,9.503639615431554,0.0433566603879957,-0.957458561624236,0.0008486611407952,0.7685,-0.0072,-0.9417999999999987,-0.0328,0.0026,-0.0061,0.101,38.9719,4709.078103889337,-2036.8686662745245,GNSS_OUTAGE,False,3.93668133112132,13.730628370555538,4657.848352721614,-1929.0301513398672,4657.848352721614,-1929.0301513398672,4657.848352721614,-1929.0301513398672,predicted_speed
4875075,-0.5412,-0.0167,8.7433,-0.0101,0.0543,0.0359,52.459496,-1.402418,20.72,74.32600000000001,194.879,8.760049727027809,0.0658734392604485,-0.7435898884037453,0.0225167788724527,-0.7108,-0.142,-0.7580000000000009,0.0033,0.0761,0.0709,0.099,55.21973,4709.078103889337,-2036.8686662745245,GNSS_OUTAGE,False,3.9356002511213197,13.633689055555537,4656.885764366403,-1929.9763060909904,4656.885764366403,-1929.9763060909904,4656.885764366403,-1929.9763060909904,predicted_speed
4875175,-0.1178,0.7899,8.9094,-0.043,-0.0186,-0.0459,52.459496,-1.402418,20.72,73.987,194.911,8.945123096414045,0.0655878799779349,0.1850733693862363,-0.0002855592825135,0.4234,0.8066000000000001,0.1661000000000001,-0.0329,-0.0728999999999999,-0.0818,0.1,50.58428000000001,4709.078103889337,-2036.8686662745245,GNSS_OUTAGE,False,3.9312182511213196,13.578110555555538,4655.921596719661,-1930.9323560957307,4655.921596719661,-1930.9323560957307,4655.921596719661,-1930.9323560957307,predicted_speed
4875275,-1.1323,0.035,9.5629,-0.0502,-0.0571,-0.0852,52.459496,-1.402418,20.72,74.012,194.948,9.62976555789392,0.114190586302024,0.684642461479875,0.0486027063240891,-1.0145000000000002,-0.7549,0.6535000000000011,-0.0072,-0.0385,-0.0392999999999999,0.1,54.23088000000001,4709.078103889337,-2036.8686662745245,GNSS_OUTAGE,False,3.9261162511213197,13.421082055555537,4654.973413244342,-1931.8821995210128,4654.973413244342,-1931.8821995210128,4654.973413244342,-1931.8821995210128,predicted_speed
4875375,0.7013,0.4487,10.0578,0.0104,0.1051,0.0419,52.459496,-1.402418,20.72,73.868,194.889,10.092199672023934,0.1136212128081724,0.4624341141300139,-0.0005693734938516,1.8336,0.4136999999999999,0.4948999999999994,0.0606,0.1622,0.1271,0.1,39.29447999999999,4709.078103889337,-2036.8686662745245,GNSS_OUTAGE,False,3.9270742511213195,13.447413555555537,4654.022458180703,-1932.8329959136654,4654.022458180703,-1932.8329959136654,4654.022458180703,-1932.8329959136654,predicted_speed
4875475,-0.59,1.1173,9.7836,0.0406,0.0238,-0.016,52.459496,-1.402418,20.72,73.861,194.914,9.86485115194345,0.0497071423439328,-0.2273485200804845,-0.0639140704642395,-1.2913,0.6686,-0.2742000000000004,0.0301999999999999,-0.0813,-0.0579,0.1,38.38604999999999,4709.078103889337,-2036.8686662745245,GNSS_OUTAGE,False,3.9310522511213195,13.344615055555536,4653.075026797147,-1933.7727625247246,4653.075026797147,-1933.7727625247246,4653.075026797147,-1933.7727625247246,predicted_speed
4875575,-0.6399,0.1952,11.5749,-0.0157,-0.0192,-0.0112,52.459496,-1.402418,20.72,73.634,194.928,11.59421774247836,0.0272134158091188,1.7293665905349105,-0.0224937265348139,-0.0499,-0.9221,1.7912999999999997,-0.0562999999999999,-0.043,0.0048,0.1,56.01319,4709.078103889337,-2036.8686662745245,GNSS_OUTAGE,False,3.9294002511213195,13.236826555555536,4652.136789340152,-1934.706489597755,4652.136789340152,-1934.706489597755,4652.136789340152,-1934.706489597755,predicted_speed
4875676,0.3765,0.0321,9.7689,-0.009,-0.0371,-0.0146,52.459496,-1.402418,20.72,73.62,194.861,9.776205289886256,0.0408726069635887,-1.8180124525921053,0.0136591911544698,1.0164,-0.1631,-1.8059999999999992,0.0066999999999999,-0.0179,-0.0034,0.101,22.99954000000001,4709.078103889337,-2036.8686662745245,GNSS_OUTAGE,False,3.9284084311213197,13.230616570555537,4651.190549456245,-1935.6500504716028,4651.190549456245,-1935.6500504716028,4651.190549456245,-1935.6500504716028,predicted_speed
4875776,-0.1495,1.1813,9.444,-0.0294,-0.0053,0.0053,52.459496,-1.402418,20.72,73.645,194.785,9.518768614689613,0.0303404021067618,-0.2574366751966419,-0.0105322048568268,-0.526,1.1492,-0.3248999999999995,-0.0204,0.0318,0.0199,0.1,45.18912,4709.078103889337,-2036.8686662745245,GNSS_OUTAGE,False,3.9253864311213196,13.171868070555536,4650.260653242688,-1936.5829353073107,4650.260653242688,-1936.5829353073107,4650.260653242688,-1936.5829353073107,predicted_speed
4875876,-0.6369,1.1121,9.9073,-0.0515,-0.049,-0.0342,52.459496,-1.402418,20.72,73.454,194.902,9.989844909206548,0.0788852964753255,0.4710762945169353,0.0485448943685636,-0.4874,-0.0691999999999999,0.4632999999999985,-0.0220999999999999,-0.0437,-0.0395,0.1,38.727970000000006,4709.078103889337,-2036.8686662745245,GNSS_OUTAGE,False,3.9201544311213197,13.064379570555536,4649.343199034692,-1937.513020202288,4649.343199034692,-1937.513020202288,4649.343199034692,-1937.513020202288,predicted_speed
4875976,0.1043,0.3896,8.9083,0.0455,0.0685,0.0622,52.459496,-1.402418,20.72,73.512,194.855,8.917425387408633,0.1031083895713632,-1.072419521797915,0.0242230930960377,0.7412000000000001,-0.7225000000000001,-0.9989999999999988,0.097,0.1175,0.0964,0.1,48.37605000000001,4709.078103889337,-2036.8686662745245,GNSS_OUTAGE,False,3.92462243112132,13.031011070555536,4648.4239522931975,-1938.4366315509963,4648.4239522931975,-1938.4366315509963,4648.4239522931975,-1938.4366315509963,predicted_speed
4876076,-0.8284,-0.2296,10.9296,0.0015,0.065,0.0539,52.459496,-1.402418,20.72,73.12,194.94,10.96335345047308,0.084453892746279,2.045928063064448,-0.0186544968250841,-0.9327,-0.6192,2.0213,-0.044,-0.0035,-0.0082999999999999,0.1,50.36179000000003,4709.078103889337,-2036.8686662745245,GNSS_OUTAGE,False,3.92469043112132,12.904372570555536,4647.513576819541,-1939.351205119039,4647.513576819541,-1939.351205119039,4647.513576819541,-1939.351205119039,predicted_speed
4876175,-1.5501,0.8488,9.7844,-0.027,0.0415,0.0048,52.459496,-1.402418,20.72,72.878,194.985,9.942723711840737,0.0497422355750121,-1.020629738632346,-0.0347116571712669,-0.7217,1.0784,-1.1452000000000009,-0.0285,-0.0235,-0.0491,0.099,42.34926999999999,4709.078103889337,-2036.8686662745245,GNSS_OUTAGE,False,3.92193625112132,12.707552155555536,4646.628510540773,-1940.245264180608,4646.628510540773,-1940.245264180608,4646.628510540773,-1940.245264180608,predicted_speed
4876275,-2.5236,1.4504,9.5851,0.025,0.016,-0.0342,52.459496,-1.402418,20.72,73.44,194.787,10.017302986832334,0.045283992756823,0.0745792749915992,-0.004458242818189,-0.9735,0.6015999999999999,-0.1992999999999991,0.052,-0.0255,-0.039,0.1,34.17663000000002,4709.078103889337,-2036.8686662745245,GNSS_OUTAGE,False,3.92435425112132,12.411393655555536,4645.753209424506,-1941.1251930871638,4645.753209424506,-1941.1251930871638,4645.753209424506,-1941.1251930871638,predicted_speed
4876376,0.9353,-0.1392,9.0002,-0.0409,-0.115,-0.1251,52.459496,-1.402418,20.72,72.904,194.747,9.049738270800985,0.1747793466059419,-0.9675647160313492,0.1294953538491189,3.4589,-1.5896,-0.5849000000000011,-0.0659,-0.131,-0.0908999999999999,0.101,43.43264,4709.078103889337,-2036.8686662745245,GNSS_OUTAGE,False,3.9201405311213198,12.461622470555536,4644.869345412964,-1942.021250258354,4644.869345412964,-1942.021250258354,4644.869345412964,-1942.021250258354,predicted_speed
4876475,0.3087,-0.9253,7.9412,0.0019,0.0687,0.0441,52.459496,-1.402418,20.72,72.947,194.197,8.000883277488805,0.081658496189925,-1.0488549933121796,-0.0931208504160169,-0.6266,-0.7861,-1.0589999999999993,0.0428,0.1837,0.1692,0.099,41.29073999999999,4709.078103889337,-2036.8686662745245,GNSS_OUTAGE,False,3.9202474511213197,12.448823255555537,4644.003779683194,-1942.8985690744287,4644.003779683194,-1942.8985690744287,4644.003779683194,-1942.8985690744287,predicted_speed
4876575,-1.5584,-0.5778,9.6954,-0.0478,0.0128,-0.044,52.459496,-1.402418,20.72,71.942,194.538,9.836831022234753,0.0662169162676728,1.8359477447459456,-0.0154415799222521,-1.8671,0.3475,1.754199999999999,-0.0497,-0.0559,-0.0881,0.1,31.707769999999996,4709.078103889337,-2036.8686662745245,GNSS_OUTAGE,False,3.9153854511213195,12.249184755555536,4643.147741591104,-1943.7747106478332,4643.147741591104,-1943.7747106478332,4643.147741591104,-1943.7747106478332,predicted_speed
4876675,-0.4805,2.412,7.2226,-0.0554,-0.0994,0.0197,52.459496,-1.402418,20.72,72.187,195.535,7.629847640025324,0.1154885708630945,-2.206983382209427,0.0492716545954216,1.0779,2.9898,-2.4727999999999994,-0.0075999999999999,-0.1122,0.0636999999999999,0.1,48.44522,4709.078103889337,-2036.8686662745245,GNSS_OUTAGE,False,3.9097634511213197,12.157336255555537,4642.3030244947795,-1944.649045409514,4642.3030244947795,-1944.649045409514,4642.3030244947795,-1944.649045409514,predicted_speed
4876775,-0.7696,1.9314,8.1626,0.1283,0.1489,0.0667,52.459496,-1.402418,20.72,73.03699999999999,194.297,8.423219626722315,0.2075596058967158,0.7933719866969904,0.0920710350336213,-0.2890999999999999,-0.4805999999999999,0.9399999999999996,0.1837,0.2483,0.047,0.1,44.65976000000003,4709.078103889337,-2036.8686662745245,GNSS_OUTAGE,False,3.92251145112132,12.036577755555536,4641.455730898957,-1945.5039638869916,4641.455730898957,-1945.5039638869916,4641.455730898957,-1945.5039638869916,predicted_speed
4876875,-2.5967,2.5364,11.4144,-0.0561,-0.1747,-0.2629,52.459496,-1.402418,20.72,73.634,195.103,11.977675200555408,0.3205989862741303,3.554455573833092,0.1130393803774145,-1.8271,0.605,3.251800000000001,-0.1844,-0.3236,-0.3296,0.1,39.71425,4709.078103889337,-2036.8686662745245,GNSS_OUTAGE,False,3.91681945112132,11.733109255555537,4640.634556293772,-1946.3420156728778,4640.634556293772,-1946.3420156728778,4640.634556293772,-1946.3420156728778,predicted_speed
4876975,-0.9244,2.2943,7.7539,0.0823,0.1261,0.0534,52.459496,-1.402418,20.72,73.584,195.049,8.138875417402579,0.1597687704152472,-3.838799783152828,-0.160830215858883,1.6723,-0.2421000000000002,-3.6605000000000008,0.1384,0.3007999999999999,0.3163,0.1,38.48179,4709.078103889337,-2036.8686662745245,GNSS_OUTAGE,False,3.92496745112132,11.596870755555537,4639.816194581778,-1947.163695794064,4639.816194581778,-1947.163695794064,4639.816194581778,-1947.163695794064,predicted_speed
4877075,0.0941,2.7391,10.4953,-0.0029,0.0774,0.0259,52.459496,-1.402418,20.72,73.285,194.777,10.847250606029162,0.0816699455124098,2.708375188626583,-0.0780988249028374,1.0185,0.4448000000000003,2.7414000000000005,-0.0852,-0.0486999999999999,-0.0275,0.1,42.91052,4709.078103889337,-2036.8686662745245,GNSS_OUTAGE,False,3.92459545112132,11.562482255555537,4639.000564393937,-1947.9832428371203,4639.000564393937,-1947.9832428371203,4639.000564393937,-1947.9832428371203,predicted_speed
4877175,-0.7633,0.8076,9.1261,0.0046,0.1048,0.1149,52.459496,-1.402418,20.72,73.627,194.711,9.193505634957754,0.1555834502766923,-1.6537449710714078,0.0739135047642824,-0.8573999999999999,-1.9315,-1.369200000000001,0.0075,0.0274,0.089,0.1,43.23497999999999,4709.078103889337,-2036.8686662745245,GNSS_OUTAGE,False,3.92497345112132,11.442353755555537,4638.193101689766,-1948.7939700267757,4638.193101689766,-1948.7939700267757,4638.193101689766,-1948.7939700267757,predicted_speed
4877275,-0.4779,0.9702,8.5827,0.0148,0.0902,0.1329,52.459496,-1.402418,20.72,72.954,194.202,8.650573145173677,0.1612993800360063,-0.5429324897840768,0.0057159297593139,0.2854,0.1625999999999999,-0.5433999999999983,0.0102,-0.0146,0.0179999999999999,0.1,49.25037000000001,4709.078103889337,-2036.8686662745245,GNSS_OUTAGE,False,3.92637145112132,11.350765255555537,4637.390978650918,-1949.597087296804,4637.390978650918,-1949.597087296804,4637.390978650918,-1949.597087296804,predicted_speed
4877375,-1.1292,0.816,8.8157,-0.0241,0.0202,0.0338,52.459496,-1.402418,20.72,72.824,194.861,8.925105889007703,0.0461658965038046,0.2745327438340261,-0.1151334835322017,-0.6513,-0.1542,0.2329999999999987,-0.0389,-0.07,-0.0991,0.1,54.45401999999997,4709.078103889337,-2036.8686662745245,GNSS_OUTAGE,False,3.9238794511213198,11.194046755555537,4636.601906607545,-1950.3910848648238,4636.601906607545,-1950.3910848648238,4636.601906607545,-1950.3910848648238,predicted_speed
4877476,-0.337,0.0474,10.022,-0.0215,0.0415,0.0465,52.459496,-1.402418,20.72,72.612,195.151,10.027776411548077,0.0659298870012682,1.1026705225403717,0.0197639904974636,0.7922,-0.7686,1.2063000000000006,0.0026,0.0213,0.0127,0.101,40.63866999999999,4709.078103889337,-2036.8686662745245,GNSS_OUTAGE,False,3.9216251311213197,11.115773270555536,4635.812313734881,-1951.1891969452722,4635.812313734881,-1951.1891969452722,4635.812313734881,-1951.1891969452722,predicted_speed
4877575,-0.8,0.7319,9.2795,-0.0019,0.0627,0.0576,52.459496,-1.402418,20.72,72.45,194.817,9.342633347188576,0.0851625504549975,-0.6851430643594991,0.0192326634537292,-0.463,0.6845,-0.7424999999999997,0.0196,0.0212,0.0110999999999999,0.099,48.04798000000002,4709.078103889337,-2036.8686662745245,GNSS_OUTAGE,False,3.92135585112132,10.993212755555536,4635.0470982441975,-1951.963085325529,4635.0470982441975,-1951.963085325529,4635.0470982441975,-1951.963085325529,predicted_speed
4877675,-1.0315,0.5968,9.8228,0.0671,0.0794,0.0518,52.459496,-1.402418,20.72,72.374,195.449,9.894825027760724,0.1161465023149642,0.5521916805721485,0.0309839518599667,-0.2315,-0.1351,0.5433000000000003,0.069,0.0166999999999999,-0.0058,0.1,46.712,4709.078103889337,-2036.8686662745245,GNSS_OUTAGE,False,3.92798385112132,10.846264255555536,4634.279390317655,-1952.7292700438163,4634.279390317655,-1952.7292700438163,4634.279390317655,-1952.7292700438163,predicted_speed
4877776,0.1742,0.5369,10.0029,0.0407,0.0428,0.0139,52.459496,-1.402418,20.72,72.032,195.322,10.018813086389027,0.0606756952988591,0.1239880586283028,-0.0554708070161051,1.2057,-0.0598999999999999,0.1800999999999994,-0.0264,-0.0366,-0.0379,0.101,41.06988000000002,4709.078103889337,-2036.8686662745245,GNSS_OUTAGE,False,3.93201173112132,10.819621970555536,4633.50280691143,-1953.4980940270332,4633.50280691143,-1953.4980940270332,4633.50280691143,-1953.4980940270332,predicted_speed
4877875,-0.9293,0.5465,9.2512,0.0026,0.0778,0.0031,52.459496,-1.402418,20.72,71.896,195.271,9.313804924948773,0.077905134618971,-0.7050081614402544,0.0172294393201118,-1.1035,0.0095999999999999,-0.7516999999999996,-0.0381,0.0349999999999999,-0.0107999999999999,0.099,47.62085000000002,4709.078103889337,-2036.8686662745245,GNSS_OUTAGE,False,3.9321879511213202,10.684260755555536,4632.750993494026,-1954.2421332277406,4632.750993494026,-1954.2421332277406,4632.750993494026,-1954.2421332277406,predicted_speed
4877976,-1.8635,0.8495,9.3373,-0.0319,-0.0167,-0.0733,52.459496,-1.402418,20.72,71.928,195.327,9.559260106828352,0.081666333332653,0.2454551818795796,0.003761198713682,-0.9342,0.303,0.0861,-0.0344999999999999,-0.0945,-0.0764,0.101,40.85309000000001,4709.078103889337,-2036.8686662745245,GNSS_OUTAGE,False,3.92888323112132,10.451810770555536,4632.003137074644,-1954.9871644820166,4632.003137074644,-1954.9871644820166,4632.003137074644,-1954.9871644820166,predicted_speed
4878075,-0.1816,1.0471,10.5025,0.0365,0.0776,0.0174,52.459496,-1.402418,20.72,71.723,195.303,10.556131072509473,0.0875029713781194,0.9968709656811204,0.0058366380454664,1.6819,0.1975999999999999,1.165199999999999,0.0683999999999999,0.0943,0.0907,0.099,44.03387999999998,4709.078103889337,-2036.8686662745245,GNSS_OUTAGE,False,3.9324155511213204,10.390471855555536,4631.271831869015,-1955.7105781471216,4631.271831869015,-1955.7105781471216,4631.271831869015,-1955.7105781471216,predicted_speed
4878175,-0.5643,0.5546,10.0226,0.0301,0.0538,0.0331,52.459496,-1.402418,20.72,71.618,195.262,10.05378169695364,0.0699718514832929,-0.5023493755558324,-0.0175311198948265,-0.3827,-0.4924999999999999,-0.4798999999999989,-0.0063999999999999,-0.0238,0.0157,0.1,51.96271,4709.078103889337,-2036.8686662745245,GNSS_OUTAGE,False,3.93534355112132,10.290243355555535,4630.538149535917,-1956.4321052202554,4630.538149535917,-1956.4321052202554,4630.538149535917,-1956.4321052202554,predicted_speed
4878276,-1.0705,0.7364,10.4563,-0.0211,-0.0267,-0.0048,52.459496,-1.402418,20.72,71.964,195.327,10.536719835888206,0.0343677174103838,0.4829381389345659,-0.035604134072909,-0.5062,0.1818,0.4337,-0.0511999999999999,-0.0805,-0.0378999999999999,0.101,48.26742,4709.078103889337,-2036.8686662745245,GNSS_OUTAGE,False,3.93312963112132,10.137886370555535,4629.809693160815,-1957.151672336617,4629.809693160815,-1957.151672336617,4629.809693160815,-1957.151672336617,predicted_speed
4878376,-1.2665,0.3035,10.5924,-0.0335,-0.0226,-0.0108,52.459496,-1.402418,20.72,71.834,195.216,10.6721634292209,0.0418288178173851,0.1354435933326936,0.0074611004070013,-0.1959999999999999,-0.4329,0.136099999999999,-0.0124,0.0041,-0.006,0.1,49.27072999999999,4709.078103889337,-2036.8686662745245,GNSS_OUTAGE,False,3.92969763112132,9.967437870555536,4629.102983679989,-1957.8545662736692,4629.102983679989,-1957.8545662736692,4629.102983679989,-1957.8545662736692,predicted_speed
4878475,-1.3077,-0.4771,10.6793,0.0156,-0.0288,-0.0305,52.459496,-1.402418,20.72,71.442,195.222,10.76964029993574,0.0447554465959172,0.097476870714841,0.002926628778532,-0.0412000000000001,-0.7806,0.0868999999999999,0.0491,-0.0062,-0.0197,0.099,53.79017000000001,4709.078103889337,-2036.8686662745245,GNSS_OUTAGE,False,3.9311608511213203,9.794615055555536,4628.414472398615,-1958.5373591368068,4628.414472398615,-1958.5373591368068,4628.414472398615,-1958.5373591368068,predicted_speed
4878575,-0.5634,1.2554,9.6217,0.0066,-0.0725,-0.0783,52.459496,-1.402418,20.72,71.64399999999999,195.348,9.719596679389532,0.106914451782722,-1.0500436205462087,0.0621590051868048,0.7443000000000001,1.7325000000000002,-1.057599999999999,-0.009,-0.0436999999999999,-0.0477999999999999,0.1,44.49412999999998,4709.078103889337,-2036.8686662745245,GNSS_OUTAGE,False,3.9317388511213203,9.694476555555536,4627.725722334815,-1959.2195996416717,4627.725722334815,-1959.2195996416717,4627.725722334815,-1959.2195996416717,predicted_speed
4878675,-0.7759,0.6332,8.9988,-0.0547,-0.0307,-0.0583,52.459496,-1.402418,20.72,71.215,195.231,9.054356105764782,0.0856356818154675,-0.6652405736247502,-0.0212787699672545,-0.2125,-0.6222000000000001,-0.6229000000000013,-0.0613,0.0417999999999999,0.0199999999999999,0.1,53.28713999999998,4709.078103889337,-2036.8686662745245,GNSS_OUTAGE,False,3.9261868511213205,9.573088055555536,4627.049347225637,-1959.8970631911545,4627.049347225637,-1959.8970631911545,4627.049347225637,-1959.8970631911545,predicted_speed
4878775,-0.199,1.0076,8.9756,-0.0167,0.0217,-0.0152,52.459496,-1.402418,20.72,70.77600000000001,195.029,9.03417146837495,0.0313180459160529,-0.020184637389832,-0.0543176358994146,0.5769,0.3744,-0.0231999999999992,0.038,0.0524,0.0431,0.1,50.72075999999997,4709.078103889337,-2036.8686662745245,GNSS_OUTAGE,False,3.9244348511213203,9.509389555555536,4626.378652706998,-1960.5711950475893,4626.378652706998,-1960.5711950475893,4626.378652706998,-1960.5711950475893,predicted_speed
4878875,-0.7626,1.2946,10.6506,0.0394,0.0289,0.0027,52.459496,-1.402418,20.72,71.233,195.043,10.756060072349912,0.0489373068323135,1.7218886039749624,0.0176192609162605,-0.5635999999999999,0.2869999999999999,1.6750000000000007,0.0561,0.0071999999999999,0.0179,0.1,46.69490999999999,4709.078103889337,-2036.8686662745245,GNSS_OUTAGE,False,3.9282928511213204,9.389331055555536,4625.713862849728,-1961.2342559968079,4625.713862849728,-1961.2342559968079,4625.713862849728,-1961.2342559968079,predicted_speed
4878975,-0.7892,-0.4585,9.9224,0.0922,0.0579,0.0762,52.459496,-1.402418,20.72,70.47399999999999,194.802,9.964290273270846,0.132889766347902,-0.7917697990790664,0.0839524595155885,-0.0266,-1.7531,-0.7282000000000011,0.0528,0.029,0.0735,0.1,39.77413,4709.078103889337,-2036.8686662745245,GNSS_OUTAGE,False,3.9374308511213205,9.266612555555536,4625.051809408918,-1961.882628053624,4625.051809408918,-1961.882628053624,4625.051809408918,-1961.882628053624,predicted_speed
4879075,-1.0253,0.8683,10.2502,-0.0131,-0.0561,-0.0233,52.459496,-1.402418,20.72,70.83,194.942,10.33788107012264,0.0621426584561684,0.3735907968517935,-0.0707471078917336,-0.2361000000000001,1.3268,0.3277999999999998,-0.1053,-0.1139999999999999,-0.0995,0.1,46.28079,4709.078103889337,-2036.8686662745245,GNSS_OUTAGE,False,3.9360388511213205,9.120284055555537,4624.401099325685,-1962.5216681150591,4624.401099325685,-1962.5216681150591,4624.401099325685,-1962.5216681150591,predicted_speed
4879175,-0.1596,0.3928,7.7921,-0.0562,-0.0206,-0.0244,52.459496,-1.402418,20.72,70.513,195.065,7.803626490933557,0.0646386881054991,-2.5342545791890823,0.0024960296493307,0.8657000000000001,-0.4755,-2.4581,-0.0431,0.0355,-0.0011,0.1,51.34150000000002,4709.078103889337,-2036.8686662745245,GNSS_OUTAGE,False,3.9303368511213206,9.060525555555538,4623.758283286573,-1963.1601967152706,4623.758283286573,-1963.1601967152706,4623.758283286573,-1963.1601967152706,predicted_speed
4879275,-1.3647,0.6212,9.288,-0.046,-0.0305,-0.0506,52.459496,-1.402418,20.72,69.96600000000001,195.18,9.408253798128534,0.0748772996307959,1.6046273071949768,0.0102386115252968,-1.2051,0.2284,1.495900000000001,0.0102,-0.0098999999999999,-0.0261999999999999,0.1,48.09770000000001,4709.078103889337,-2036.8686662745245,GNSS_OUTAGE,False,3.9256548511213207,8.880257055555537,4623.13119374013,-1963.78896404463,4623.13119374013,-1963.78896404463,4623.13119374013,-1963.78896404463,predicted_speed
4879376,-0.386,0.3845,9.4442,-0.0042,-0.0021,-0.0518,52.459496,-1.402418,20.72,70.27600000000001,195.279,9.459902213553796,0.0520124023671277,0.0516484154252605,-0.0228648972636681,0.9787,-0.2366999999999999,0.1562000000000001,0.0418,0.0283999999999999,-0.0011999999999999,0.101,48.218590000000006,4709.078103889337,-2036.8686662745245,GNSS_OUTAGE,False,3.9251478311213206,8.797034570555537,4622.504087966742,-1964.418385582714,4622.504087966742,-1964.418385582714,4622.504087966742,-1964.418385582714,predicted_speed
4879475,-0.7414,0.6167,10.0256,-0.0097,0.024,-0.0186,52.459496,-1.402418,20.72,69.858,194.462,10.071874116071944,0.0318755392111255,0.6119719025181496,-0.0201368631560022,-0.3553999999999999,0.2322,0.5814000000000004,-0.0055,0.0261,0.0332,0.099,35.87476999999999,4709.078103889337,-2036.8686662745245,GNSS_OUTAGE,False,3.9241063511213206,8.680275455555536,4621.898192956593,-1965.0277860809956,4621.898192956593,-1965.0277860809956,4621.898192956593,-1965.0277860809956,predicted_speed
4879575,-0.3606,0.7557,9.333,0.0468,0.0079,0.0203,52.459496,-1.402418,20.72,69.624,194.6,9.370485785166103,0.0516211197088943,-0.7013883309058411,0.0197455804977688,0.3807999999999999,0.139,-0.6926000000000005,0.0565,-0.0161,0.0389,0.1,47.58671000000002,4709.078103889337,-2036.8686662745245,GNSS_OUTAGE,False,3.9287043511213207,8.600416955555536,4621.289010463983,-1965.6348844328227,4621.289010463983,-1965.6348844328227,4621.289010463983,-1965.6348844328227,predicted_speed
4879675,-1.2041,0.0151,10.5375,0.0259,-0.0872,-0.0174,52.459496,-1.402418,20.72,69.206,195.216,10.606082739164352,0.0926143077499367,1.2355969539982483,0.0409931880410424,-0.8434999999999999,-0.7406,1.2044999999999997,-0.0209,-0.0951,-0.0377,0.1,40.60588,4709.078103889337,-2036.8686662745245,GNSS_OUTAGE,False,3.931212351121321,8.436208455555535,4620.689967494453,-1966.2288908736236,4620.689967494453,-1966.2288908736236,4620.689967494453,-1966.2288908736236,predicted_speed
4879775,-1.227,-0.6219,9.1584,-0.0232,-0.0114,0.0333,52.459496,-1.402418,20.72,69.714,194.833,9.261132715278409,0.0421555453054518,-1.3449500238859446,-0.0504587624444849,-0.0229000000000001,-0.637,-1.379099999999999,-0.0491,0.0758,0.0507,0.1,54.34669,4709.078103889337,-2036.8686662745245,GNSS_OUTAGE,False,3.928810351121321,8.269709955555536,4620.104147679262,-1966.8125827200788,4620.104147679262,-1966.8125827200788,4620.104147679262,-1966.8125827200788,predicted_speed
4879875,-1.4283,-0.3862,8.7505,-0.0609,-0.0267,0.0182,52.459496,-1.402418,20.72,69.124,195.04,8.874707971533486,0.0689415694628429,-0.3864247437449215,0.0267860241573911,-0.2012999999999998,0.2357,-0.4078999999999997,-0.0377,-0.0153,-0.0151,0.1,48.35531,4709.078103889337,-2036.8686662745245,GNSS_OUTAGE,False,3.922638351121321,8.083081455555536,4619.535080610329,-1967.386625165572,4619.535080610329,-1967.386625165572,4619.535080610329,-1967.386625165572,predicted_speed
4879975,-0.8721,0.0855,9.4641,-0.0547,-0.0468,-0.0394,52.459496,-1.402418,20.72,68.188,194.816,9.504580867665863,0.0820651570400008,0.6298728961323796,0.0131235875771578,0.5561999999999999,0.4717,0.7135999999999996,0.0062,-0.0201,-0.0576,0.1,49.24895000000001,4709.078103889337,-2036.8686662745245,GNSS_OUTAGE,False,3.917086351121321,7.952072955555536,4618.978380874321,-1967.9544632118789,4618.978380874321,-1967.9544632118789,4618.978380874321,-1967.9544632118789,predicted_speed
4880076,-1.14,-0.415,10.5948,0.0017,-0.0035,-0.0222,52.459496,-1.402418,20.72,67.878,195.311,10.664033572715343,0.0225384116565475,1.1594527050494785,-0.0595267453834532,-0.2678999999999999,-0.5005,1.1306999999999992,0.0564,0.0433,0.0171999999999999,0.101,59.77458999999998,4709.078103889337,-2036.8686662745245,GNSS_OUTAGE,False,3.917175231121321,7.792696470555536,4618.427333213943,-1968.5164361726056,4618.427333213943,-1968.5164361726056,4618.427333213943,-1968.5164361726056,predicted_speed
4880175,-1.1254,0.4286,10.0586,0.0216,-0.0326,-0.0341,52.459496,-1.402418,20.72,67.82,195.671,10.130432225724627,0.0518857398521019,-0.5336013469907162,0.0293473281955543,0.0145999999999999,0.8435999999999999,-0.5361999999999991,0.0199,-0.0290999999999999,-0.0118999999999999,0.099,36.43687,4709.078103889337,-2036.8686662745245,GNSS_OUTAGE,False,3.9192324511213212,7.6379213555555365,4617.896815748423,-1969.0552500685203,4617.896815748423,-1969.0552500685203,4617.896815748423,-1969.0552500685203,predicted_speed
4880275,-0.9995,0.4835,9.1249,0.0186,-0.0461,-0.0221,52.457993,-1.403088,16.69,67.471,195.257,9.192201722656003,0.0544020220212447,-0.938230503068624,0.0025162821691428,0.1258999999999999,0.0549,-0.9337,-0.003,-0.0135,0.0119999999999999,0.1,47.81277000000002,4663.7021283729455,-2203.994641021473,GNSS_OUTAGE,False,3.921010451121321,7.4941728555555365,4617.370076264935,-1969.5883277217984,4617.370076264935,-1969.5883277217984,4617.370076264935,-1969.5883277217984,predicted_speed
4880375,-0.7957,-0.226,9.3878,0.0051,-0.038,0.0043,52.457993,-1.403088,16.69,67.208,194.998,9.424171227752604,0.0385810834477208,0.2319695050966004,-0.0158209385735239,0.2038000000000001,-0.7095,0.2629000000000001,-0.0134999999999999,0.0081,0.0264,0.1,41.35748999999998,4663.7021283729455,-2203.994641021473,GNSS_OUTAGE,False,3.921438451121321,7.370804355555537,4616.851783572641,-1970.1124081102819,4616.851783572641,-1970.1124081102819,4616.851783572641,-1970.1124081102819,predicted_speed
4880476,-1.4524,-0.7315,9.8821,-0.0509,-0.0367,-0.0308,52.457993,-1.403088,16.69,66.949,195.11,10.01501165351294,0.0699023604751656,0.5908404257603355,0.0313212770274447,-0.6567,-0.5055000000000001,0.4942999999999991,-0.056,0.0012999999999999,-0.0351,0.101,39.57594000000001,4663.7021283729455,-2203.994641021473,GNSS_OUTAGE,False,3.916214731121321,7.179875470555537,4616.344568098142,-1970.630674695277,4616.344568098142,-1970.630674695277,4616.344568098142,-1970.630674695277,predicted_speed
4880575,-1.4,-0.0406,11.6399,-0.031,-0.0633,-0.0437,52.457993,-1.403088,16.69,66.395,195.034,11.723861154500254,0.0829311762849171,1.7088495009873146,0.0130288158097514,0.0524,0.6909000000000001,1.7578000000000014,0.0199,-0.0265999999999999,-0.0129,0.099,51.51260999999997,4663.7021283729455,-2203.994641021473,GNSS_OUTAGE,False,3.913064551121321,6.997914955555537,4615.8615585275775,-1971.1273281962854,4615.8615585275775,-1971.1273281962854,4615.8615585275775,-1971.1273281962854,predicted_speed
4880675,-1.5161,-0.0375,9.7057,0.0316,-0.0485,-0.0363,52.457993,-1.403088,16.69,66.12100000000001,195.11900000000003,9.823470769030669,0.0683264224147584,-1.900390385469585,-0.0146047538701587,-0.1161,0.0030999999999999,-1.9342000000000008,0.0626,0.0147999999999999,0.0074,0.1,40.30382999999999,4663.7021283729455,-2203.994641021473,GNSS_OUTAGE,False,3.916142551121321,6.802506455555537,4615.38579500704,-1971.6135277574783,4615.38579500704,-1971.6135277574783,4615.38579500704,-1971.6135277574783,predicted_speed
4880775,-1.6177,0.7134,10.3023,0.0377,-0.0573,-0.02,52.457993,-1.403088,16.69,65.90899999999999,195.183,10.45290764046062,0.0714463435033592,0.6294368714299505,0.0031199210886008,-0.1015999999999999,0.7509,0.5966000000000005,0.0060999999999999,-0.0087999999999999,0.0163,0.1,44.50018999999998,4663.7021283729455,-2203.994641021473,GNSS_OUTAGE,False,3.9198305511213207,6.5969379555555365,4614.922673057573,-1972.083329804958,4614.922673057573,-1972.083329804958,4614.922673057573,-1972.083329804958,predicted_speed
4880875,-1.4162,-0.1952,9.9662,0.02,-0.0794,-0.0298,52.457993,-1.403088,16.69,65.462,195.253,10.068210760606872,0.0871343789786786,-0.3846968798537471,0.0156880354753194,0.2015,-0.9086,-0.3361,-0.0176999999999999,-0.0221,-0.0098,0.1,38.37572999999999,4663.7021283729455,-2203.994641021473,GNSS_OUTAGE,False,3.9217485511213206,6.411519455555537,4614.4716930365075,-1972.5390631018429,4614.4716930365075,-1972.5390631018429,4614.4716930365075,-1972.5390631018429,predicted_speed
4880975,-1.8838,-0.0441,11.3222,-0.004,-0.0883,-0.0228,52.457993,-1.403088,16.69,64.667,195.137,11.477929259670493,0.0912837882649487,1.4097184990636205,0.0041494092862701,-0.4676,0.1511,1.356,-0.024,-0.0089,0.0069999999999999,0.1,46.14689000000003,4663.7021283729455,-2203.994641021473,GNSS_OUTAGE,False,3.9212665511213207,6.179340955555537,4614.037255983855,-1972.978502510331,4614.037255983855,-1972.978502510331,4614.037255983855,-1972.978502510331,predicted_speed
4881075,-1.9716,-0.0583,9.8751,0.0011,0.0072,0.0491,52.457993,-1.403088,16.69,64.778,195.344,10.07016412279363,0.0496372843737447,-1.407765136876863,-0.041646503891204,-0.0878000000000001,-0.0141999999999999,-1.4471000000000007,0.0051,0.0955,0.0718999999999999,0.1,38.24724000000001,4663.7021283729455,-2203.994641021473,GNSS_OUTAGE,False,3.9212945511213206,5.938382455555537,4613.6197476351945,-1973.400794637517,4613.6197476351945,-1973.400794637517,4613.6197476351945,-1973.400794637517,predicted_speed
4881175,-1.3961,-0.354,9.4056,0.0177,-0.0223,0.0068,52.457993,-1.403088,16.69,64.336,195.406,9.515236338105325,0.0292714878337265,-0.5549277846883065,-0.0203657965400181,0.5755000000000001,-0.2956999999999999,-0.4695,0.0166,-0.0295,-0.0423,0.1,45.57201,4663.7021283729455,-2203.994641021473,GNSS_OUTAGE,False,3.9229825511213208,5.7549739555555375,4613.214443904983,-1973.8093605912725,4613.214443904983,-1973.8093605912725,4613.214443904983,-1973.8093605912725,predicted_speed
4881276,-1.7093,-0.183,11.2713,-0.0087,-0.0649,-0.03,52.457993,-1.403088,16.69,63.997,195.447,11.401640196919038,0.0720256898613265,1.8864038588137149,0.0427542020276,-0.3132000000000001,0.1709999999999999,1.8657000000000004,-0.0264,-0.0426,-0.0368,0.101,53.37805,4663.7021283729455,-2203.994641021473,GNSS_OUTAGE,False,3.9220210311213206,5.538098170555537,4612.820895720661,-1974.2068400459414,4612.820895720661,-1974.2068400459414,4612.820895720661,-1974.2068400459414,predicted_speed
4881375,-1.5055,-0.7556,9.7986,0.0334,-0.0151,0.017,52.457993,-1.403088,16.69,63.194,195.462,9.94233491540091,0.0404050739388013,-1.4593052815181284,-0.0316206159225252,0.2037999999999999,-0.5726,-1.4726999999999997,0.0421,0.0498,0.047,0.099,34.66507999999998,4663.7021283729455,-2203.994641021473,GNSS_OUTAGE,False,3.9252464511213208,5.345693155555537,4612.447331449933,-1974.5817098608657,4612.447331449933,-1974.5817098608657,4612.447331449933,-1974.5817098608657,predicted_speed
4881476,-0.7874,0.0089,10.479,0.0234,-0.0279,0.0497,52.457993,-1.403088,16.69,63.306,195.182,10.50854504534286,0.0616121741216782,0.5662101299419504,0.0212071001828769,0.7181000000000001,0.7645000000000001,0.6803999999999988,-0.0099999999999999,-0.0128,0.0327,0.101,46.16914999999999,4663.7021283729455,-2203.994641021473,GNSS_OUTAGE,False,3.9275270311213206,5.221929270555537,4612.07419290719,-1974.9544484537073,4612.07419290719,-1974.9544484537073,4612.07419290719,-1974.9544484537073,predicted_speed
4881575,-1.5416,-1.1745,9.7317,-0.0672,-0.139,-0.0137,52.457993,-1.403088,16.69,62.777,195.265,9.922800295279554,0.1549984838635527,-0.5857447500633057,0.0933863097418744,-0.7542000000000001,-1.1834,-0.7472999999999992,-0.0906,-0.1111,-0.0634,0.099,31.067110000000003,4663.7021283729455,-2203.994641021473,GNSS_OUTAGE,False,3.9207930511213207,5.025950355555537,4611.724545764036,-1975.3084567443314,4611.724545764036,-1975.3084567443314,4611.724545764036,-1975.3084567443314,predicted_speed
4881675,-1.7894,-0.8229,10.4383,-0.0146,-0.0982,0.0151,52.457993,-1.403088,16.69,63.234,194.751,10.62248669850897,0.1004211631081815,0.6996864032294159,-0.0545773207553711,-0.2478,0.3516000000000001,0.7065999999999999,0.0525999999999999,0.0408,0.0288,0.1,37.667580000000015,4663.7021283729455,-2203.994641021473,GNSS_OUTAGE,False,3.9192510511213206,4.803211855555537,4611.387546264573,-1975.65071363419,4611.387546264573,-1975.65071363419,4611.387546264573,-1975.65071363419,predicted_speed
4881776,-0.7826,-0.562,8.9043,0.0562,-0.0429,0.0699,52.457993,-1.403088,16.69,62.38399999999999,195.351,8.95627518838049,0.0994226332381113,-1.6662115101284805,-0.0009985298700702,1.0068,0.2608999999999999,-1.5340000000000007,0.0708,0.0552999999999999,0.0548,0.101,45.52790999999999,4663.7021283729455,-2203.994641021473,GNSS_OUTAGE,False,3.9248444311213206,4.679932770555537,4611.054033989439,-1975.9856606831727,4611.054033989439,-1975.9856606831727,4611.054033989439,-1975.9856606831727,predicted_speed
4881875,-1.5279,-1.6869,9.6815,0.0325,-0.0786,-0.0061,52.457993,-1.403088,16.69,61.758,195.918,9.945428712227542,0.0852726216320338,0.9891535238470528,-0.0141500116060775,-0.7453000000000001,-1.1249,0.7772000000000006,-0.0237,-0.0357,-0.076,0.099,35.02129,4663.7021283729455,-2203.994641021473,GNSS_OUTAGE,False,3.9279807511213205,4.485310155555537,4610.739735586722,-1976.2993374316484,4610.739735586722,-1976.2993374316484,4610.739735586722,-1976.2993374316484,predicted_speed
4881975,-1.0544,-1.0223,9.4523,-0.0258,-0.0358,0.011,52.457993,-1.403088,16.69,62.14,195.941,9.565711261584262,0.0454783464958874,-0.3797174506432803,-0.0397942751361463,0.4735,0.6646000000000001,-0.2292000000000005,-0.0583,0.0428,0.0171,0.1,50.50547000000002,4663.7021283729455,-2203.994641021473,GNSS_OUTAGE,False,3.9253187511213206,4.3360716555555365,4610.433642114329,-1976.6064562363142,4610.433642114329,-1976.6064562363142,4610.433642114329,-1976.6064562363142,predicted_speed
4882075,-1.6644,-0.4961,9.6632,-0.0591,-0.1038,-0.0578,52.457993,-1.403088,16.69,61.466,194.379,9.818033245513076,0.1326954784459516,0.2523219839288124,0.0872171319500641,-0.6100000000000001,0.5262,0.2109000000000005,-0.0332999999999999,-0.068,-0.0688,0.1,38.97689,4663.7021283729455,-2203.994641021473,GNSS_OUTAGE,False,3.9193267511213206,4.1258331555555365,4610.1441461183795,-1976.9004240246923,4610.1441461183795,-1976.9004240246923,4610.1441461183795,-1976.9004240246923,predicted_speed
4882175,-1.4057,-0.2324,9.781,-0.0101,-0.0794,-0.0149,52.457993,-1.403088,16.69,61.042,195.511,9.88422800475586,0.0814148635078386,0.0661947592427854,-0.0512806149381129,0.2587000000000001,0.2637,0.1178000000000007,0.049,0.0244,0.0428999999999999,0.1,42.92518999999999,4663.7021283729455,-2203.994641021473,GNSS_OUTAGE,False,3.9182347511213207,3.9414646555555364,4609.867893479891,-1977.1815572956477,4609.867893479891,-1977.1815572956477,4609.867893479891,-1977.1815572956477,predicted_speed
4882276,-0.6724,0.0845,9.6722,0.0541,-0.0583,0.0346,52.457993,-1.403088,16.69,60.998000000000005,194.80900000000003,9.695912275283847,0.0867344222324677,-0.1883157294720128,0.0053195587246291,0.7333,0.3169,-0.1088000000000004,0.0642,0.0211,0.0495,0.101,38.57977000000001,4663.7021283729455,-2203.994641021473,GNSS_OUTAGE,False,3.9236160311213206,3.8293157705555365,4609.595336726143,-1977.455959927206,4609.595336726143,-1977.455959927206,4609.595336726143,-1977.455959927206,predicted_speed
4882375,-1.2568,-1.4062,9.7282,0.0172,-0.0679,0.0416,52.457993,-1.403088,16.69,61.114,195.296,9.909329943038529,0.0814666189307007,0.2134176677546815,-0.005267803301767,-0.5843999999999999,-1.4907,0.0559999999999991,-0.0369,-0.0096,0.0069999999999999,0.099,33.08007,4663.7021283729455,-2203.994641021473,GNSS_OUTAGE,False,3.9252376511213205,3.6615320555555364,4609.339466171406,-1977.7127292255561,4609.339466171406,-1977.7127292255561,4609.339466171406,-1977.7127292255561,predicted_speed
4882475,-0.9423,-0.5958,8.355,-0.0383,-0.0787,0.0208,52.457993,-1.403088,16.69,60.48,195.546,8.429052848926741,0.089962325447934,-1.4802770941117878,0.0084957065172333,0.3144999999999999,0.8103999999999999,-1.3731999999999989,-0.0555,-0.0108,-0.0208,0.1,53.30558999999997,4663.7021283729455,-2203.994641021473,GNSS_OUTAGE,False,3.9213256511213204,3.5235035555555365,4609.091732308446,-1977.9632860179272,4609.091732308446,-1977.9632860179272,4609.091732308446,-1977.9632860179272,predicted_speed
4882576,-1.1399,-0.9792,8.8612,-0.0474,-0.0542,0.0388,52.457993,-1.403088,16.69,60.113,195.475,8.987717735331923,0.0817914420951238,0.5586648864051824,-0.0081708833528101,-0.1975999999999999,-0.3833999999999999,0.5061999999999998,-0.0090999999999999,0.0245,0.018,0.101,48.20284999999999,4663.7021283729455,-2203.994641021473,GNSS_OUTAGE,False,3.9164554311213204,3.3641371705555363,4608.854017594028,-1978.2060630859783,4608.854017594028,-1978.2060630859783,4608.854017594028,-1978.2060630859783,predicted_speed
4882675,-1.4117,-0.2816,8.7166,-0.0307,-0.0783,0.0182,52.457993,-1.403088,16.69,60.167,196.201,8.834665302658612,0.0860501016850067,-0.1530524326733111,0.0042586595898828,-0.2718,0.6976,-0.1446000000000005,0.0166999999999999,-0.0240999999999999,-0.0206,0.099,50.83440000000002,4663.7021283729455,-2203.994641021473,GNSS_OUTAGE,False,3.9133349511213202,3.1810183555555365,4608.634396541377,-1978.431765798276,4608.634396541377,-1978.431765798276,4608.634396541377,-1978.431765798276,predicted_speed
4882775,-1.5862,0.1559,10.0285,-0.0249,-0.1104,0.0042,52.457993,-1.403088,16.69,60.566,195.73,10.154365932937417,0.1132510927099602,1.3197006302788044,0.0272009910249534,-0.1745000000000001,0.4375,1.3118999999999996,0.0058,-0.0321,-0.014,0.1,36.06046,4663.7021283729455,-2203.994641021473,GNSS_OUTAGE,False,3.9107629511213204,2.9785998555555366,4608.427223201577,-1978.6457746258307,4608.427223201577,-1978.6457746258307,4608.427223201577,-1978.6457746258307,predicted_speed
4882875,-0.9424,-1.0764,8.7063,-0.0057,-0.1238,0.018,52.457993,-1.403088,16.69,59.85,196.029,8.823061510042873,0.1252315056205905,-1.3313044228945436,0.0119804129106303,0.6438,-1.2323,-1.3221999999999987,0.0192,-0.0133999999999999,0.0138,0.1,43.74270999999998,4663.7021283729455,-2203.994641021473,GNSS_OUTAGE,False,3.9101109511213203,2.8405613555555367,4608.229784091859,-1978.8499943263998,4608.229784091859,-1978.8499943263998,4608.229784091859,-1978.8499943263998,predicted_speed
4882975,-1.5211,-1.0457,10.5028,0.0006,-0.0546,0.0929,52.457993,-1.403088,16.69,59.99,196.037,10.663772387855998,0.1077586655448182,1.840710877813125,-0.0174728400757722,-0.5786999999999999,0.0306999999999999,1.7965,0.0063,0.0691999999999999,0.0749,0.1,44.21583,4663.7021283729455,-2203.994641021473,GNSS_OUTAGE,False,3.9100889511213204,2.644652855555537,4608.045966191858,-1979.0401333989314,4608.045966191858,-1979.0401333989314,4608.045966191858,-1979.0401333989314,predicted_speed
4883075,-2.3011,-1.3566,11.9757,-0.0358,-0.1042,0.0699,52.457993,-1.403088,16.69,59.951,195.953,12.26999654686178,0.1304809947846812,1.606224159005782,0.0227223292398629,-0.78,-0.3108999999999999,1.4728999999999992,-0.0364,-0.0496,-0.0229999999999999,0.1,46.34124,4663.7021283729455,-2203.994641021473,GNSS_OUTAGE,False,3.9064269511213205,2.3707443555555368,4607.88181171473,-1979.2111819172906,4607.88181171473,-1979.2111819172906,4607.88181171473,-1979.2111819172906,predicted_speed
4883175,-2.6276,-0.7724,10.8372,0.0276,-0.0649,0.0516,52.457993,-1.403088,16.69,60.07,196.658,11.177915161603256,0.0873860972924183,-1.0920813852585225,-0.0430948974922628,-0.3265000000000002,0.5842,-1.1385000000000003,0.0634,0.0393,-0.0183,0.1,45.741580000000006,4663.7021283729455,-2203.994641021473,GNSS_OUTAGE,False,3.9091049511213205,2.064185855555537,4607.738485560568,-1979.3597290343805,4607.738485560568,-1979.3597290343805,4607.738485560568,-1979.3597290343805,predicted_speed
4883275,-1.9299,-0.7981,10.2791,-0.0104,-0.1299,-0.0297,52.457993,-1.403088,16.69,59.818000000000005,196.46,10.489107418174342,0.1336572482134807,-0.6888077434289155,0.0462711509210623,0.6977000000000002,-0.0257,-0.5580999999999996,-0.038,-0.0649999999999999,-0.0813,0.1,32.70573000000001,4663.7021283729455,-2203.994641021473,GNSS_OUTAGE,False,3.9079829511213204,1.8273973555555367,4607.6117483786775,-1979.4913781805126,4607.6117483786775,-1979.4913781805126,4607.6117483786775,-1979.4913781805126,predicted_speed
4883375,-1.0421,-1.793,8.0196,-0.0051,-0.112,-0.0427,52.457993,-1.403088,16.69,59.27,196.672,8.283405433153685,0.1199720800853265,-2.2057019850206565,-0.0136851681281541,0.8877999999999999,-0.9949,-2.259499999999999,0.0052999999999999,0.0178999999999999,-0.013,0.1,46.04702999999999,4663.7021283729455,-2203.994641021473,GNSS_OUTAGE,False,3.9073909511213203,1.6793888555555367,4607.495347811733,-1979.6124334459776,4607.495347811733,-1979.6124334459776,4607.495347811733,-1979.6124334459776,predicted_speed
4883475,-1.352,-0.395,9.3216,-0.0122,-0.0507,0.0128,52.457993,-1.403088,16.69,59.245,196.967,9.427415104894871,0.0536951580684888,1.1440096717411876,-0.0662769220168376,-0.3099,1.398,1.3019999999999996,-0.0071,0.0613,0.0555,0.1,54.46557999999998,4663.7021283729455,-2203.994641021473,GNSS_OUTAGE,False,3.9060889511213204,1.5003903555555367,4607.391494760057,-1979.7207212839276,4607.391494760057,-1979.7207212839276,4607.391494760057,-1979.7207212839276,predicted_speed
4883575,-1.8799,-1.1925,9.8123,-0.0122,-0.1314,-0.0151,52.457993,-1.403088,16.69,59.119,197.643,10.06167538484521,0.1328262398775181,0.6342602799503361,0.0791310818090293,-0.5278999999999998,-0.7974999999999999,0.4907000000000003,0.0,-0.0807,-0.0279,0.1,33.467569999999995,4663.7021283729455,-2203.994641021473,GNSS_OUTAGE,False,3.9047869511213205,1.2686018555555367,4607.303804779373,-1979.81239447503,4607.303804779373,-1979.81239447503,4607.303804779373,-1979.81239447503,predicted_speed
4883676,-2.0635,-0.2077,10.6816,0.0186,-0.1052,0.045,52.457993,-1.403088,16.69,58.55,196.68400000000003,10.881073021536064,0.1159223878290988,0.8193976366908551,-0.0169038520484193,-0.1835999999999999,0.9848,0.8692999999999991,0.0308,0.0261999999999999,0.0601,0.101,45.39554999999999,4663.7021283729455,-2203.994641021473,GNSS_OUTAGE,False,3.9065827311213206,1.0159518705555368,4607.232743503686,-1979.8864170454347,4607.232743503686,-1979.8864170454347,4607.232743503686,-1979.8864170454347,predicted_speed
4883776,-1.5597,-1.3722,9.8233,0.0319,-0.0364,0.1125,52.457993,-1.403088,16.69,59.198,198.19,10.04055874042874,0.1224696697145868,-0.840514281107323,0.006547281885488,0.5037999999999998,-1.1645,-0.8582999999999998,0.0133,0.0688,0.0675,0.1,42.034140000000015,4663.7021283729455,-2203.994641021473,GNSS_OUTAGE,False,3.9096907311213207,0.8161833705555368,4607.176037648368,-1979.9451196766909,4607.176037648368,-1979.9451196766909,4607.176037648368,-1979.9451196766909,predicted_speed
4883876,-3.0819,-0.7581,9.1486,-0.0795,-0.2216,-0.0205,52.457993,-1.403088,16.69,58.738,196.883,9.683475883173356,0.2363198256600575,-0.357082857255385,0.1138501559454706,-1.5222,0.6141000000000001,-0.6746999999999996,-0.1114,-0.1851999999999999,-0.133,0.1,43.77217,4663.7021283729455,-2203.994641021473,GNSS_OUTAGE,False,3.9016587311213207,0.46419487055553676,4607.144056045056,-1979.978764079317,4607.144056045056,-1979.978764079317,4607.144056045056,-1979.978764079317,predicted_speed
4883976,-1.4418,-1.2372,9.3562,-0.0327,-0.1796,-0.0302,52.457993,-1.403088,16.69,57.632,198.268,9.547142479297143,0.1850337536775385,-0.1363334038762129,-0.051286071982519,1.6401,-0.4791000000000001,0.2075999999999993,0.0468,0.0419999999999999,-0.0097,0.1,36.81254999999999,4663.7021283729455,-2203.994641021473,GNSS_OUTAGE,False,3.8983067311213206,0.2762163705555367,4607.1250927975225,-1979.9988476566034,4607.1250927975225,-1979.9988476566034,4607.1250927975225,-1979.9988476566034,predicted_speed
4884076,-2.3946,-0.2269,8.2265,0.0313,-0.1043,0.0643,52.457993,-1.403088,16.69,58.673,198.915,8.570933147563338,0.1264621287184428,-0.9762093317338056,-0.0585716249590957,-0.9528,1.0103,-1.1296999999999997,0.064,0.0753,0.0945,0.1,47.17498000000003,4663.7021283729455,-2203.994641021473,GNSS_OUTAGE,False,3.901354731121321,-0.007042129444463308,4607.125577823464,-1979.998337102289,4607.125577823464,-1979.998337102289,4607.125577823464,-1979.998337102289,predicted_speed
4884176,-2.4202,-1.6451,9.0077,0.0715,-0.1101,0.0513,52.457993,-1.403088,16.69,58.144,198.44,9.471134110548746,0.140946621101749,0.9002009629854086,0.0144844923833062,-0.0255999999999998,-1.4182,0.7812000000000001,0.0401999999999999,-0.0058,-0.0129999999999999,0.1,47.21764,4663.7021283729455,-2203.994641021473,GNSS_OUTAGE,False,3.9084227311213207,-0.29286062944446334,4607.1458981346495,-1979.9772478055704,4607.1458981346495,-1979.9772478055704,4607.1458981346495,-1979.9772478055704,predicted_speed
4884276,-2.5974,-1.6599,10.2639,-0.0349,-0.0966,0.0751,52.457993,-1.403088,16.69,58.093,199.108,10.716781138942792,0.127238280403344,1.2456470283940462,-0.0137083406984049,-0.1772,-0.0147999999999999,1.2561999999999998,-0.1064,0.0134999999999999,0.0238,0.1,54.83869999999999,4663.7021283729455,-2203.994641021473,GNSS_OUTAGE,False,3.9048507311213205,-0.5963991294444634,4607.187125975284,-1979.934152743526,4607.187125975284,-1979.934152743526,4607.187125975284,-1979.934152743526,predicted_speed
4884376,-1.7183,-0.0534,9.9708,-0.1339,-0.2565,-0.082,52.457993,-1.403088,16.69,58.154,199.68,10.117917725006466,0.3007415169210929,-0.5988634139363267,0.1735032365177488,0.8791,1.6065,-0.293099999999999,-0.0989999999999999,-0.1599,-0.1571,0.1,28.430820000000008,4663.7021283729455,-2203.994641021473,GNSS_OUTAGE,False,3.8913787311213204,-0.8120276294444634,4607.242464214424,-1979.8747257463053,4607.242464214424,-1979.8747257463053,4607.242464214424,-1979.8747257463053,predicted_speed
4884475,-2.1835,-0.7957,9.744,-0.031,-0.1224,-0.0637,52.457993,-1.403088,16.69,58.309,200.398,10.017302368402383,0.1414229472186179,-0.1006153566040826,-0.1593185697024749,-0.4652,-0.7423,-0.2268000000000007,0.1028999999999999,0.1341,0.0182999999999999,0.099,38.56229999999999,4663.7021283729455,-2203.994641021473,GNSS_OUTAGE,False,3.8882285511213204,-1.0715546444444635,4607.314513587441,-1979.7968625087258,4607.314513587441,-1979.7968625087258,4607.314513587441,-1979.7968625087258,predicted_speed
4884575,-2.4708,-0.2176,10.0746,-0.0442,-0.319,-0.2276,52.457993,-1.403088,16.69,57.589,200.717,10.375440595945792,0.3943556770226593,0.3581382275434102,0.2529327298040413,-0.2873000000000001,0.5781,0.3306000000000004,-0.0132,-0.1966,-0.1639,0.1,33.67635000000002,4663.7021283729455,-2203.994641021473,GNSS_OUTAGE,False,3.8837265511213204,-1.3624331444444635,4607.406595292516,-1979.6964473688245,4607.406595292516,-1979.6964473688245,4607.406595292516,-1979.6964473688245,predicted_speed
4884675,0.283,-0.0699,9.4229,0.0979,0.0735,-0.0154,52.457993,-1.403088,16.69,57.521,200.976,9.427407884461136,0.1233848450985776,-0.9480327114846574,-0.2709708319240816,2.7538,0.1477,-0.6517,0.1421,0.3925,0.2122,0.1,35.967320000000015,4663.7021283729455,-2203.994641021473,GNSS_OUTAGE,False,3.89343455112132,-1.3779316444444636,4607.5007059981235,-1979.5957988156424,4607.5007059981235,-1979.5957988156424,4607.5007059981235,-1979.5957988156424,predicted_speed
4884775,-0.3186,-0.3635,12.0446,0.0187,-0.0304,-0.0196,52.457993,-1.403088,16.69,57.46,200.96,12.054294976065586,0.0407186689369876,2.62688709160445,-0.08266617616159,-0.6015999999999999,-0.2935999999999999,2.6217000000000006,-0.0791999999999999,-0.1038999999999999,-0.0041999999999999,0.1,58.32233,4663.7021283729455,-2203.994641021473,GNSS_OUTAGE,False,3.89522255112132,-1.4535901444444637,4607.600173749969,-1979.4898016014197,4607.600173749969,-1979.4898016014197,4607.600173749969,-1979.4898016014197,predicted_speed
4884875,-0.7803,-0.8134,10.6699,-0.0058,-0.1287,-0.0348,52.457993,-1.403088,16.69,57.485,201.533,10.72927088203108,0.1334480048558239,-1.3250240940345055,0.0927293359188363,-0.4617,-0.4499,-1.3747000000000007,-0.0245,-0.0983,-0.0151999999999999,0.1,39.208869999999976,4663.7021283729455,-2203.994641021473,GNSS_OUTAGE,False,3.89456055112132,-1.5754186444444636,4607.707902032028,-1979.374849192583,4607.707902032028,-1979.374849192583,4607.707902032028,-1979.374849192583,predicted_speed
4884975,-1.0433,-0.3873,11.083,0.0215,-0.0593,-0.0145,52.457993,-1.403088,16.69,56.92,202.127,11.13873265591737,0.0647224072481856,0.4094617738862887,-0.0687255976076382,-0.2629999999999999,0.4261,0.4131,0.0272999999999999,0.0694,0.0203,0.1,53.21192,4663.7021283729455,-2203.994641021473,GNSS_OUTAGE,False,3.89662855112132,-1.7235471444444634,4607.826019270646,-1979.2493323987562,4607.826019270646,-1979.2493323987562,4607.826019270646,-1979.2493323987562,predicted_speed
4885075,-1.4648,-0.4397,9.8615,-0.0242,-0.1078,-0.0754,52.457993,-1.403088,16.69,57.402,202.13,9.97938662343533,0.1337596351669665,-1.1593460324820395,0.0690372279187808,-0.4215000000000002,-0.0524,-1.2215000000000007,-0.0457,-0.0485,-0.0608999999999999,0.1,47.12382000000002,4663.7021283729455,-2203.994641021473,GNSS_OUTAGE,False,3.89412655112132,-1.9138256444444635,4607.956827453372,-1979.1096309123463,4607.956827453372,-1979.1096309123463,4607.956827453372,-1979.1096309123463,predicted_speed
4885175,-0.067,0.0165,11.5243,-0.0305,-0.1222,-0.0901,52.457993,-1.403088,16.69,57.697,203.087,11.524506572517542,0.1548583223465887,1.5451199490822116,0.0210986871796222,1.3978000000000002,0.4562,1.6628000000000007,-0.0063,-0.0143999999999999,-0.0147,0.1,52.72330999999998,4663.7021283729455,-2203.994641021473,GNSS_OUTAGE,False,3.89099455112132,-1.9643241444444635,4608.090637413119,-1978.965823443427,4608.090637413119,-1978.965823443427,4608.090637413119,-1978.965823443427,predicted_speed
4885276,-0.7462,-0.282,8.4954,0.0044,-0.0448,-0.066,52.457993,-1.403088,16.69,57.344,204.04,8.532769749618234,0.0798899242708365,-2.991736822899308,-0.0749683980757522,-0.6792,-0.2985,-3.0289,0.0349,0.0774,0.0240999999999999,0.101,49.15195,4663.7021283729455,-2203.994641021473,GNSS_OUTAGE,False,3.89135613112132,-2.0839268294444633,4608.234069999144,-1978.8117861215596,4608.234069999144,-1978.8117861215596,4608.234069999144,-1978.8117861215596,predicted_speed
4885376,-0.2838,0.3563,10.4472,-0.014,-0.1163,-0.1126,52.457993,-1.403088,16.69,57.316,204.263,10.45712579870779,0.1624821528660917,1.924356049089555,0.0825922285952551,0.4624,0.6383,1.9518000000000004,-0.0184,-0.0715,-0.0466,0.1,43.49585999999999,4663.7021283729455,-2203.994641021473,GNSS_OUTAGE,False,3.88987413112132,-2.1561053294444634,4608.380767164772,-1978.653773959011,4608.380767164772,-1978.653773959011,4608.380767164772,-1978.653773959011,predicted_speed
4885475,-0.4426,-1.0058,10.107,-0.0019,-0.0811,-0.0697,52.457993,-1.403088,16.69,57.528,204.638,10.16656172951308,0.1069528400744926,-0.2905640691947102,-0.055529312791599,-0.1588,-1.3621,-0.3402000000000011,0.0121,0.0351999999999999,0.0429,0.099,47.36662999999999,4663.7021283729455,-2203.994641021473,GNSS_OUTAGE,False,3.88960485112132,-2.2432832444444633,4608.531825625765,-1978.4909762106017,4608.531825625765,-1978.4909762106017,4608.531825625765,-1978.4909762106017,predicted_speed
4885576,0.2978,0.2042,10.3871,0.0459,0.0184,0.025,52.457993,-1.403088,16.69,57.15,205.044,10.39337427835638,0.0554109195014845,0.2268125488433003,-0.0515419205730081,0.7404,1.21,0.2801000000000009,0.0478,0.0995,0.0947,0.101,45.09224999999999,4663.7021283729455,-2203.994641021473,GNSS_OUTAGE,False,3.89415793112132,-2.257441929444463,4608.687667821262,-1978.324549182725,4608.687667821262,-1978.324549182725,4608.687667821262,-1978.324549182725,predicted_speed
4885676,0.3771,-0.4912,9.3102,-0.0011,-0.0554,0.0026,52.457993,-1.403088,16.69,57.524,205.558,9.33077198789039,0.0554718847705754,-1.062602290465989,6.09652690908985e-05,0.0792999999999999,-0.6954,-1.0769000000000002,-0.047,-0.0738,-0.0224,0.1,40.208560000000006,4663.7021283729455,-2203.994641021473,GNSS_OUTAGE,False,3.8939659311213197,-2.2635304294444634,4608.842351456125,-1978.159295822227,4608.842351456125,-1978.159295822227,4608.842351456125,-1978.159295822227,predicted_speed
4885775,-1.0195,-0.1096,9.6473,0.008,-0.0482,0.0483,52.457993,-1.403088,16.69,57.528,205.983,9.70163850594321,0.0687032022543345,0.3708665180528196,0.0132313174837591,-1.3966,0.3816,0.3370999999999995,0.0091,0.0071999999999999,0.0457,0.099,36.85050999999999,4663.7021283729455,-2203.994641021473,GNSS_OUTAGE,False,3.89467675112132,-2.407821444444463,4609.00537377593,-1977.9853819322957,4609.00537377593,-1977.9853819322957,4609.00537377593,-1977.9853819322957,predicted_speed
4885875,-0.8768,-1.0021,8.7738,0.0194,-0.038,0.0448,52.457993,-1.403088,16.69,57.514,206.516,8.874263298437793,0.0618659841916379,-0.8273752075054173,-0.0068372180626965,0.1427,-0.8925,-0.8734999999999999,0.0114,0.0102,-0.0035,0.1,54.09094,4663.7021283729455,-2203.994641021473,GNSS_OUTAGE,False,3.8965347511213198,-2.5392999444444633,4609.179378415561,-1977.800441867773,4609.179378415561,-1977.800441867773,4609.179378415561,-1977.800441867773,predicted_speed
4885975,-1.1047,0.0084,9.6389,0.0534,-0.0666,0.0627,52.457993,-1.403088,16.69,57.211000000000006,207.028,9.702001126571774,0.1059169958033176,0.8277378281339818,0.0440510116116796,-0.2279,1.0105,0.8651,0.034,-0.0286,0.0179,0.1,39.71002000000001,4663.7021283729455,-2203.994641021473,GNSS_OUTAGE,False,3.9017927511213197,-2.6935684444444634,4609.364983185321,-1977.6052394623284,4609.364983185321,-1977.6052394623284,4609.364983185321,-1977.6052394623284,predicted_speed
4886075,0.2504,-0.8491,10.0042,0.0426,-0.017,0.0776,52.457993,-1.403088,16.69,57.272,207.297,10.043290726151463,0.0901416662814705,0.3412895995796905,-0.015775329521847,1.3551,-0.8574999999999999,0.3653000000000013,-0.0108,0.0496,0.0148999999999999,0.1,41.55483000000002,4663.7021283729455,-2203.994641021473,GNSS_OUTAGE,False,3.9059707511213198,-2.7123269444444635,4609.552700142148,-1977.409460202305,4609.552700142148,-1977.409460202305,4609.552700142148,-1977.409460202305,predicted_speed
4886175,-0.6648,-1.2896,10.6678,-0.013,-0.1476,0.0291,52.457993,-1.403088,16.69,57.265,207.672,10.766010590743443,0.1510018874054228,0.7227198645919781,0.0608602211239523,-0.9152,-0.4405000000000001,0.6635999999999989,-0.0556,-0.1306,-0.0485,0.1,38.32612000000001,4663.7021283729455,-2203.994641021473,GNSS_OUTAGE,False,3.9045887511213198,-2.8226054444444637,4609.747767590039,-1977.2054511198517,4609.747767590039,-1977.2054511198517,4609.747767590039,-1977.2054511198517,predicted_speed
4886275,-2.118,-0.6114,11.7361,-0.0163,-0.0945,0.0368,52.457993,-1.403088,16.69,57.114,208.31,11.941347376657292,0.1027140691434235,1.1753367859138493,-0.0482878182619992,-1.4531999999999998,0.6782,1.0683000000000007,-0.0032999999999999,0.0531,0.0076999999999999,0.1,45.76934,4663.7021283729455,-2203.994641021473,GNSS_OUTAGE,False,3.90287675112132,-3.0782039444444638,4609.96011799305,-1976.9826043079445,4609.96011799305,-1976.9826043079445,4609.96011799305,-1976.9826043079445,predicted_speed
4886375,-1.6663,-0.9045,10.2296,0.0209,-0.0272,0.0628,52.457993,-1.403088,16.69,57.175,208.816,10.403816227711827,0.0715575991771663,-1.5375311489454635,-0.0311564699662572,0.4517,-0.2930999999999999,-1.5065000000000008,0.0372,0.0673,0.0259999999999999,0.1,47.21048,4663.7021283729455,-2203.994641021473,GNSS_OUTAGE,False,3.90488475112132,-3.2886324444444637,4610.187462449133,-1976.7449795368566,4610.187462449133,-1976.7449795368566,4610.187462449133,-1976.7449795368566,predicted_speed
4886476,-1.5579,-0.2459,10.217,0.0454,-0.0215,0.0273,52.457993,-1.403088,16.69,57.028,209.507,10.33801761557795,0.0571725458590047,-0.0657986121338787,-0.0143850533181616,0.1083999999999998,0.6586,-0.012599999999999,0.0245,0.0057,-0.0354999999999999,0.101,42.47442,4663.7021283729455,-2203.994641021473,GNSS_OUTAGE,False,3.90938733112132,-3.4902168294444635,4610.432299702831,-1976.4913669214695,4610.432299702831,-1976.4913669214695,4610.432299702831,-1976.4913669214695,predicted_speed
4886575,-1.8068,-0.8511,10.1785,0.0095,-0.1679,-0.0747,52.457993,-1.403088,16.69,57.348,210.036,10.372596574628746,0.1840129071559927,0.0345789590507958,0.1268403612969879,-0.2488999999999999,-0.6052,-0.0385000000000008,-0.0359,-0.1464,-0.102,0.099,34.42710000000001,4663.7021283729455,-2203.994641021473,GNSS_OUTAGE,False,3.91024665112132,-3.7124505444444638,4610.687796717832,-1976.2271672048626,4610.687796717832,-1976.2271672048626,4610.687796717832,-1976.2271672048626,predicted_speed
4886675,-1.9345,-0.7957,10.3192,0.0187,-0.128,-0.0411,52.457993,-1.403088,16.69,57.46,210.764,10.529070109938484,0.1357309839351354,0.1564735353097379,-0.0482819232208572,-0.1277000000000001,0.0554,0.1407000000000007,0.0092,0.0398999999999999,0.0336,0.1,39.92255,4663.7021283729455,-2203.994641021473,GNSS_OUTAGE,False,3.9120346511213198,-3.949699044444464,4610.962874489425,-1975.9437356522928,4610.962874489425,-1975.9437356522928,4610.962874489425,-1975.9437356522928,predicted_speed
4886775,-1.3541,-0.956,10.5033,0.0136,-0.1065,-0.0232,52.457993,-1.403088,16.69,57.161,211.516,10.633288940868672,0.1098428422793219,0.1042188309301881,-0.0258881416558135,0.5804,-0.1603,0.184099999999999,-0.0051,0.0215,0.0179,0.1,38.00263000000001,4663.7021283729455,-2203.994641021473,GNSS_OUTAGE,False,3.91331265112132,-4.128907544444464,4611.250811707278,-1975.647811787624,4611.250811707278,-1975.647811787624,4611.250811707278,-1975.647811787624,predicted_speed
4886875,-1.7161,-0.4545,10.0187,0.0245,-0.0866,-0.0097,52.457993,-1.403088,16.69,57.247,211.616,10.174768751671952,0.0905201634996313,-0.4585201891967205,-0.0193226787796905,-0.3619999999999999,0.5015,-0.4845999999999986,0.0109,0.0199,0.0134999999999999,0.1,34.22452999999997,4663.7021283729455,-2203.994641021473,GNSS_OUTAGE,False,3.91568065112132,-4.344316044444463,4611.55450730263,-1975.3371676112672,4611.55450730263,-1975.3371676112672,4611.55450730263,-1975.3371676112672,predicted_speed
4886975,-1.4655,0.3792,10.5658,0.0224,-0.1043,0.0076,52.457993,-1.403088,16.69,57.262,212.455,10.673687859872988,0.1069486325298271,0.4989191082010364,0.0164284690301957,0.2505999999999999,0.8337,0.5470999999999986,-0.0021,-0.0177,0.0173,0.1,39.65952000000002,4663.7021283729455,-2203.994641021473,GNSS_OUTAGE,False,3.91783865112132,-4.534664544444463,4611.87220848483,-1975.0135972415867,4611.87220848483,-1975.0135972415867,4611.87220848483,-1975.0135972415867,predicted_speed
4887075,-1.4991,0.4386,10.1705,0.0177,-0.1056,-0.0106,52.457993,-1.403088,16.69,56.887,213.562,10.289739599231847,0.1075965148134455,-0.383948260641139,0.0006478822836183,-0.0336,0.0594,-0.3952999999999989,-0.0046999999999999,-0.0012999999999999,-0.0182,0.1,35.83581999999999,4663.7021283729455,-2203.994641021473,GNSS_OUTAGE,False,3.9195266511213203,-4.728373044444463,4612.2040500410985,-1974.6767644967308,4612.2040500410985,-1974.6767644967308,4612.2040500410985,-1974.6767644967308,predicted_speed
4887175,-1.728,0.3989,9.3631,0.0299,-0.068,0.0338,52.457993,-1.403088,16.69,57.445,213.693,9.529572226495793,0.0816115800606752,-0.7601673727360563,-0.0259849347527702,-0.2288999999999998,-0.0397,-0.8074000000000012,0.0121999999999999,0.0375999999999999,0.0443999999999999,0.1,36.991740000000014,4663.7021283729455,-2203.994641021473,GNSS_OUTAGE,False,3.9224346511213204,-4.944971544444463,4612.552115589148,-1974.3255127209136,4612.552115589148,-1974.3255127209136,4612.552115589148,-1974.3255127209136,predicted_speed
4887276,-1.2517,0.2706,10.1092,0.0384,-0.1179,0.0199,52.457993,-1.403088,16.69,57.056,215.052,10.189990279190653,0.1255825624838098,0.66041805269486,0.0439709824231346,0.4762999999999999,-0.1282999999999999,0.7461000000000002,0.0084999999999999,-0.0499,-0.0138999999999999,0.101,33.982590000000016,4663.7021283729455,-2203.994641021473,GNSS_OUTAGE,False,3.92623023112132,-5.115629729444462,4612.917184549424,-1973.959888005249,4612.917184549424,-1973.959888005249,4612.917184549424,-1973.959888005249,predicted_speed
4887375,-1.7051,-0.3393,10.9675,0.053,-0.0787,0.0678,52.457993,-1.403088,16.69,57.157,215.292,11.104438155530428,0.1166170227711203,0.914447876339775,-0.0089655397126895,-0.4534,-0.6099,0.8582999999999998,0.0146,0.0392,0.0479,0.099,47.76474999999999,4663.7021283729455,-2203.994641021473,GNSS_OUTAGE,False,3.9313960511213204,-5.327795144444463,4613.29178860946,-1973.5885699281284,4613.29178860946,-1973.5885699281284,4613.29178860946,-1973.5885699281284,predicted_speed
4887476,-1.8881,-0.2737,11.0215,0.0125,-0.1192,0.039,52.457993,-1.403088,16.69,58.018,215.268,11.18540547096975,0.1260392399215419,0.080967315439322,0.0094222171504215,-0.1829999999999998,0.0655999999999999,0.0540000000000002,-0.0404999999999999,-0.0404999999999999,-0.0288,0.101,40.98221,4663.7021283729455,-2203.994641021473,GNSS_OUTAGE,False,3.9325757311213203,-5.562729729444463,4613.691279000013,-1973.1935170397012,4613.691279000013,-1973.1935170397012,4613.691279000013,-1973.1935170397012,predicted_speed
4887575,-1.4938,-0.2934,10.8692,0.0177,-0.083,0.0465,52.457993,-1.403088,16.69,58.07899999999999,216.215,10.975291824821788,0.0967705533723973,-0.2101136461479615,-0.0292686865491445,0.3942999999999999,-0.0196999999999999,-0.1523000000000003,0.0052,0.0361999999999999,0.0075,0.099,47.048190000000005,4663.7021283729455,-2203.994641021473,GNSS_OUTAGE,False,3.9342468511213204,-5.753976444444463,4614.0969899938,-1972.7936514397636,4614.0969899938,-1972.7936514397636,4614.0969899938,-1972.7936514397636,predicted_speed
4887675,-1.2643,-0.1445,10.0719,0.0051,-0.091,0.0084,52.457993,-1.403088,16.69,57.596,217.659,10.1519704663676,0.0915290664215472,-0.823321358454189,-0.0052414869508501,0.2295,0.1489,-0.7972999999999999,-0.0126,-0.0079999999999999,-0.0381,0.1,35.14492,4663.7021283729455,-2203.994641021473,GNSS_OUTAGE,False,3.9346748511213203,-5.9242049444444635,4614.519101020994,-1972.3779781029239,4614.519101020994,-1972.3779781029239,4614.519101020994,-1972.3779781029239,predicted_speed
4887775,-0.9517,-0.4806,10.108,0.021,-0.0838,0.0001,52.457993,-1.403088,16.69,57.352,218.782,10.164072670440722,0.0863912611321307,0.0121022040731233,-0.0051378052894164,0.3126,-0.3361,0.0361000000000011,0.0159,0.0071999999999999,-0.0083,0.1,40.24294999999999,4663.7021283729455,-2203.994641021473,GNSS_OUTAGE,False,3.9366928511213204,-6.063173444444463,4614.951971447412,-1971.95342667364,4614.951971447412,-1971.95342667364,4614.951971447412,-1971.95342667364,predicted_speed
4887875,-0.9636,-0.1625,10.6773,-0.0036,-0.0753,0.0035,52.457993,-1.403088,16.69,57.161,219.426,10.721924570710245,0.0754672114232399,0.5578519002695206,-0.0109240497088907,-0.0119,0.3181,0.5693000000000001,-0.0246,0.0084999999999999,0.0034,0.1,48.91993000000003,4663.7021283729455,-2203.994641021473,GNSS_OUTAGE,False,3.9362508511213203,-6.2033319444444635,4615.394656229622,-1971.518865451568,4615.394656229622,-1971.518865451568,4615.394656229622,-1971.518865451568,predicted_speed
4887975,-0.9601,0.417,9.624,-0.0048,-0.0767,-0.0077,52.457993,-1.403088,16.69,57.449,219.972,9.680757047359467,0.0772348366995101,-1.041167523350774,0.0017676252762701,0.0035,0.5795,-1.0533,-0.0011999999999999,-0.0013999999999999,-0.0112,0.1,38.438569999999984,4663.7021283729455,-2203.994641021473,GNSS_OUTAGE,False,3.9356888511213204,-6.3431404444444635,4615.847068285689,-1971.0742559166886,4615.847068285689,-1971.0742559166886,4615.847068285689,-1971.0742559166886,predicted_speed
4888076,-1.2321,-0.4035,10.0386,-0.0221,-0.1021,-0.009,52.457993,-1.403088,16.69,57.287,220.254,10.12197473915046,0.1048514186837736,0.4412176917909907,0.0276165819842634,-0.272,-0.8205,0.4146000000000001,-0.0173,-0.0253999999999999,-0.0012999999999999,0.101,34.52666000000001,4663.7021283729455,-2203.994641021473,GNSS_OUTAGE,False,3.9333739311213205,-6.511819029444464,4616.315087011169,-1970.6121742090618,4616.315087011169,-1970.6121742090618,4616.315087011169,-1970.6121742090618,predicted_speed
4888175,-1.3663,0.5103,10.1733,-0.0133,-0.0855,0.009,52.457993,-1.403088,16.69,57.398,220.615,10.277315538115973,0.0869950573308622,0.1553407989655113,-0.0178563613529114,-0.1342000000000001,0.9138,0.1346999999999987,0.0088,0.0165999999999999,0.018,0.099,38.24058999999999,4663.7021283729455,-2203.994641021473,GNSS_OUTAGE,False,3.9319760511213206,-6.690443244444464,4616.785770961482,-1970.1461599572847,4616.785770961482,-1970.1461599572847,4616.785770961482,-1970.1461599572847,predicted_speed
4888275,-1.1124,0.1583,10.5575,0.0068,-0.0338,0.0247,52.457993,-1.403088,16.69,57.427,221.272,10.617122910657104,0.0424119087049852,0.3398073725411343,-0.044583148625877,0.2539,-0.352,0.3841999999999999,0.0201,0.0517,0.0157,0.1,53.08445999999999,4663.7021283729455,-2203.994641021473,GNSS_OUTAGE,False,3.9325740511213207,-6.845481744444464,4617.272514616135,-1969.6648213885096,4617.272514616135,-1969.6648213885096,4617.272514616135,-1969.6648213885096,predicted_speed
