timestamp_ms,ax,ay,az,gyro_yaw,gyro_pitch,gyro_roll,gps_lat,gps_lon,gps_speed,vehicle_speed,vehicle_heading,accel_magnitude,gyro_magnitude,accel_change,gyro_change,ax_change,ay_change,az_change,gyro_yaw_change,gyro_pitch_change,gyro_roll_change,dt,predicted_speed,gps_x,gps_y,phase,gnss_available,ins_heading_rad,ins_speed_mps,ins_x,ins_y,dr_x,dr_y,corrected_x,corrected_y,dr_source_speed_col
6062275,-0.0807,1.8925,10.2909,-0.0283,0.171,0.0093,52.41212,-1.526794,9.45,35.629,333.148,10.463779983829935,0.1735752862593059,0.7546744879564873,0.0124986274908797,-0.2327,-0.2822,0.8297000000000008,-0.0344,0.0102,0.0165,0.1,37.61391000000002,-3714.328360031446,-7304.839510987464,GNSS_OUTAGE,False,5.799310225356678,9.838055555555556,-3714.328360031446,-7304.839510987464,-3714.328360031446,-7304.839510987464,-3714.328360031446,-7304.839510987464,predicted_speed
6062376,-0.5323,2.0065,10.2052,0.0115,0.1463,-0.0373,52.41212,-1.526794,9.45,35.795,333.626,10.41419668433432,0.1514174032269739,-0.0495832994956142,-0.022157883032332,-0.4516,0.1139999999999998,-0.085700000000001,0.0398,-0.0247,-0.0466,0.101,36.68559999999999,-3714.328360031446,-7304.839510987464,GNSS_OUTAGE,False,5.799267805356679,9.772112150555555,-3714.7875544463286,-7303.9658539738,-3714.785575679638,-7303.917405620624,-3714.785575679638,-7303.917405620624,predicted_speed
6062475,0.1164,2.7237,9.7438,0.0379,0.171,0.0156,52.41212,-1.526794,9.45,36.086,333.199,10.117990368151178,0.1758430265890575,-0.2962063161831434,0.0244256233620836,0.6487,0.7172000000000001,-0.4613999999999993,0.0264,0.0247,0.0529,0.099,36.6653,-3714.328360031446,-7304.839510987464,GNSS_OUTAGE,False,5.801839825356678,9.771695855555555,-3715.2354327685775,-7303.108378793136,-3715.2402092954135,-7303.017423068085,-3715.2402092954135,-7303.017423068085,predicted_speed
6062576,-0.0439,2.0696,10.5591,0.0502,0.2012,0.0176,52.41212,-1.526794,9.45,36.266,333.527,10.760100565515176,0.2081135267107834,0.6421101973639978,0.0322705001217259,-0.1603,-0.6541000000000001,0.8153000000000006,0.0122999999999999,0.0301999999999999,0.002,0.101,40.01231,-3714.328360031446,-7304.839510987464,GNSS_OUTAGE,False,5.805706105356679,9.755080850555554,-3715.6882023532276,-7302.233311247567,-3715.7406230237557,-7302.012562836076,-3715.7406230237557,-7302.012562836076,predicted_speed
6062676,0.0242,1.5406,9.6801,0.0098,0.1292,-0.0498,52.41212,-1.526794,9.45,36.59,333.73,9.801957458079482,0.1388118150590935,-0.958143107435694,-0.0693017116516899,0.0681,-0.5289999999999999,-0.8790000000000013,-0.0404,-0.0719999999999999,-0.0674,0.1,35.5531,-3714.328360031446,-7304.839510987464,GNSS_OUTAGE,False,5.805494105356678,9.745440350555555,-3716.136229535413,-7301.367858926358,-3716.1777303459594,-7301.126976298387,-3716.1777303459594,-7301.126976298387,predicted_speed
6062775,0.5608,2.1636,8.825,0.0311,0.1828,-0.0192,52.41212,-1.526794,9.45,36.871,333.796,9.103641392322086,0.1864180517010088,-0.6983160657573961,0.0476062366419152,0.5366,0.6230000000000002,-0.8551000000000002,0.0213,0.0535999999999999,0.0306,0.099,36.12681,-3714.328360031446,-7304.839510987464,GNSS_OUTAGE,False,5.8073929253566785,9.789019655555554,-3716.580124900556,-7300.506385301274,-3716.6164230239683,-7300.235592150082,-3716.6164230239683,-7300.235592150082,predicted_speed
6062876,-0.119,2.3039,9.8425,0.0075,0.1685,-0.0203,52.41212,-1.526794,9.45,36.965,333.56699999999995,10.109249351954873,0.1698840486920417,1.005607959632787,-0.016534003008967,-0.6798,0.1402999999999998,1.0175,-0.0236,-0.0142999999999999,-0.0011,0.101,31.3047,-3714.328360031446,-7304.839510987464,GNSS_OUTAGE,False,5.806946505356678,9.764819550555554,-3717.032259628717,-7299.629882655521,-3717.0073861251494,-7299.449139758757,-3717.0073861251494,-7299.449139758757,predicted_speed
6062976,-0.4154,1.9945,9.1653,0.0105,0.1949,-0.0248,52.41212,-1.526794,9.45,36.698,333.509,9.388999494088814,0.1967518741969183,-0.7202498578660581,0.0268678255048766,-0.2964,-0.3094000000000001,-0.6771999999999991,0.003,0.0263999999999999,-0.0045,0.1,39.16876999999999,-3714.328360031446,-7304.839510987464,GNSS_OUTAGE,False,5.806804505356678,9.711219050555554,-3717.4775830655535,-7298.766885094063,-3717.4927059338474,-7298.475355785812,-3717.4927059338474,-7298.475355785812,predicted_speed
6063075,0.4714,2.3789,9.54,0.0278,0.1493,-0.0342,52.41212,-1.526794,9.45,37.289,333.13,9.84342334607224,0.1556694253859761,0.4544238519834245,-0.0410824488109422,0.8868,0.3843999999999998,0.3746999999999989,0.0172999999999999,-0.0456,-0.0094,0.099,42.29511,-3714.328360031446,-7304.839510987464,GNSS_OUTAGE,False,5.8083766253566775,9.745947755555553,-3717.9186813648303,-7297.908767648207,-3718.018396586261,-7297.437816840778,-3718.018396586261,-7297.437816840778,predicted_speed
6063175,-0.2287,1.674,10.1334,0.0365,0.1934,-0.0333,52.41212,-1.526794,9.45,37.775,332.471,10.273284540496286,0.199611372421513,0.4298611944240473,0.0439419470355369,-0.7001,-0.7048999999999999,0.5934000000000008,0.0087,0.0441,0.0008999999999999,0.1,34.55834999999998,-3714.328360031446,-7304.839510987464,GNSS_OUTAGE,False,5.810834625356677,9.711017255555554,-3718.3605140296268,-7297.044000362924,-3718.462085012381,-7296.586551557434,-3718.462085012381,-7296.586551557434,predicted_speed
6063275,0.1569,2.08,10.8832,0.0398,0.1471,-0.0251,52.412544,-1.527721,11.02,37.67,332.653,11.081293239058338,0.1544424164535119,0.8080086985620518,-0.0451689559680011,0.3856,0.4060000000000001,0.7498000000000005,0.0033,-0.0462999999999999,0.0082,0.1,45.38968000000002,-3777.1097470519003,-7257.6928620904855,GNSS_OUTAGE,False,5.813622625356677,9.714646755555554,-3718.800098242734,-7296.177680944095,-3719.041280448951,-7295.466635968666,-3719.041280448951,-7295.466635968666,predicted_speed
6063376,1.0731,1.103,9.8127,0.0198,0.15,-0.0122,52.412544,-1.527721,11.02,38.225,332.315,9.93263479143374,0.1517922264149254,-1.148658447624598,-0.0026501900385864,0.9162,-0.977,-1.070500000000001,-0.02,0.0028999999999999,0.0129,0.101,29.74590000000001,-3777.1097470519003,-7257.6928620904855,GNSS_OUTAGE,False,5.814418505356677,9.810848750555554,-3719.2477715149134,-7295.2936769979315,-3719.4290152285007,-7294.727640030313,-3719.4290152285007,-7294.727640030313,predicted_speed
6063476,0.4484,2.5809,9.3415,-0.0648,0.1584,-0.048,52.412544,-1.527721,11.02,38.275,332.23,9.70184155817853,0.177745886028341,-0.2307932332552109,0.0259536596134155,-0.6246999999999999,1.4779000000000002,-0.4711999999999996,-0.0846,0.0084,-0.0358,0.1,41.30001000000002,-3777.1097470519003,-7257.6928620904855,GNSS_OUTAGE,False,5.806746505356677,9.843628250555554,-3719.6992175223468,-7294.418938937868,-3719.963533048778,-7293.712548820464,-3719.963533048778,-7293.712548820464,predicted_speed
6063576,-0.14,1.8822,10.6371,-0.0287,0.1533,0.0291,52.412544,-1.527721,11.02,38.221,331.886,10.80324827308898,0.1586549400428489,1.1014067149104498,-0.0190909459854921,-0.5884,-0.6987000000000001,1.2956000000000003,0.0360999999999999,-0.0051,0.0771,0.1,42.55738,-3777.1097470519003,-7257.6928620904855,GNSS_OUTAGE,False,5.802684505356677,9.817567750555554,-3720.1530084045203,-7293.548352813108,-3720.5205942713856,-7292.669879120478,-3720.5205942713856,-7292.669879120478,predicted_speed
6063675,0.2451,1.7492,9.8846,0.0492,0.1795,-0.0048,52.412544,-1.527721,11.02,38.261,331.55800000000005,10.041169842702594,0.1861825179763127,-0.762078430386385,0.0275275779334637,0.3851,-0.133,-0.7524999999999995,0.0779,0.0262,-0.0339,0.099,32.427040000000005,-3777.1097470519003,-7257.6928620904855,GNSS_OUTAGE,False,5.8063752253566765,9.829892755555553,-3720.5996373629987,-7292.683736275109,-3720.9453040124386,-7291.885769253179,-3720.9453040124386,-7291.885769253179,predicted_speed
6063775,0.253,2.2574,9.6118,0.0226,0.0881,-0.056,52.412544,-1.527721,11.02,38.16,331.098,9.87656635678615,0.1068099714446174,-0.1646034859164444,-0.0793725465316952,0.0078999999999999,0.5082,-0.2728000000000001,-0.0266,-0.0914,-0.0512,0.1,35.617889999999974,-3777.1097470519003,-7257.6928620904855,GNSS_OUTAGE,False,5.807443225356677,9.843132255555552,-3721.050451096926,-7291.808727987545,-3721.4234869907527,-7291.019613743787,-3721.4234869907527,-7291.019613743787,predicted_speed
6063876,0.2558,1.7024,9.3523,-0.0054,0.1445,0.0282,52.412544,-1.527721,11.02,38.524,330.881,9.509422416214353,0.1473249809095524,-0.3671439405717969,0.0405150094649349,0.0028,-0.5550000000000002,-0.2595000000000009,-0.0279999999999999,0.0563999999999999,0.0842,0.101,38.18386,-3777.1097470519003,-7257.6928620904855,GNSS_OUTAGE,False,5.8056939053566765,9.856786950555552,-3721.5079520270515,-7290.924542602647,-3721.9447935804137,-7290.083741114176,-3721.9447935804137,-7290.083741114176,predicted_speed
6063976,0.0899,2.1689,8.9328,-0.0299,0.1376,0.0134,52.412544,-1.527721,11.02,38.588,329.997,9.19277569942833,0.1414472693267706,-0.3166467167860229,-0.0058777115827817,-0.1659,0.4664999999999999,-0.4194999999999993,-0.0245,-0.0068999999999999,-0.0147999999999999,0.1,40.57252999999999,-3777.1097470519003,-7257.6928620904855,GNSS_OUTAGE,False,5.801511905356676,9.853716450555552,-3721.964438081198,-7290.051285617992,-3722.508352045217,-7289.107747240806,-3722.508352045217,-7289.107747240806,predicted_speed
6064075,0.2443,1.6181,10.3969,-0.004,0.1053,-0.0136,52.412544,-1.527721,11.02,38.92,329.85400000000004,10.524897135364318,0.1062499411764543,1.3321214359359883,-0.0351973281503163,0.1543999999999999,-0.5507999999999997,1.4641000000000002,0.0259,-0.0322999999999999,-0.027,0.099,41.83724,-3777.1097470519003,-7257.6928620904855,GNSS_OUTAGE,False,5.799935825356676,9.865962255555552,-3722.4182845948208,-7289.18640103071,-3723.086151189006,-7288.112833247479,-3723.086151189006,-7288.112833247479,predicted_speed
6064176,0.0328,1.6957,9.4204,0.0453,0.1487,0.0135,52.412544,-1.527721,11.02,38.642,329.717,9.571855122702182,0.1560321441242156,-0.9530420126621362,0.0497822029477613,-0.2115,0.0775999999999998,-0.9764999999999996,0.0493,0.0433999999999999,0.0271,0.101,38.33029000000002,-3777.1097470519003,-7257.6928620904855,GNSS_OUTAGE,False,5.803307205356676,9.857093950555551,-3722.877908820196,-7288.303282575756,-3723.6284333761105,-7287.184196089967,-3723.6284333761105,-7287.184196089967,predicted_speed
6064276,1.3378,1.9766,9.2289,0.0159,0.1207,-0.0162,52.412544,-1.527721,11.02,38.732,329.05800000000005,9.532536473048502,0.1228158784522587,-0.0393186496536799,-0.0332162656719568,1.3050000000000002,0.2808999999999999,-0.1915000000000013,-0.0294,-0.0279999999999999,-0.0296999999999999,0.1,36.14469,-3777.1097470519003,-7257.6928620904855,GNSS_OUTAGE,False,5.803705205356676,9.97881345055555,-3723.338249412717,-7287.417927439279,-3724.1446700199263,-7286.323060668204,-3724.1446700199263,-7286.323060668204,predicted_speed
6064375,0.6163,1.5944,9.809,-0.0202,0.1521,0.0009,52.412544,-1.527721,11.02,39.154,328.16,9.95682771016954,0.1534381308541003,0.4242912371210376,0.0306222524018415,-0.7215000000000001,-0.3821999999999999,0.5800999999999998,-0.0361,0.0314,0.0171,0.099,34.85249,-3777.1097470519003,-7257.6928620904855,GNSS_OUTAGE,False,5.800525325356675,10.027887255555552,-3723.799026379905,-7286.53857616216,-3724.650295920614,-7285.5088393571805,-3724.650295920614,-7285.5088393571805,predicted_speed
6064475,0.7615,1.8745,9.9144,0.0013,0.1593,-0.026,52.412544,-1.527721,11.02,38.711,327.675,10.11874299802105,0.1614130725808786,0.1619152878515102,0.0079749417267783,0.1452,0.2801,0.1054000000000012,0.0215,0.0071999999999999,-0.0269,0.1,36.22688000000001,-3777.1097470519003,-7257.6928620904855,GNSS_OUTAGE,False,5.799463325356675,10.091976755555551,-3724.2683813588183,-7285.6451636862475,-3725.188386965461,-7284.658485201605,-3725.188386965461,-7284.658485201605,predicted_speed
6064576,-0.0661,1.8423,9.3813,0.0397,0.1059,-0.031,52.412544,-1.527721,11.02,39.193000000000005,327.388,9.560712744874202,0.1172684953429522,-0.558030253146848,-0.0441445772379264,-0.8276,-0.0322,-0.533100000000001,0.0384,-0.0534,-0.005,0.101,40.93451,-3777.1097470519003,-7257.6928620904855,GNSS_OUTAGE,False,5.802269105356675,10.073119550555552,-3724.739015197109,-7284.743179107506,-3725.80733573227,-7283.691108428533,-3725.80733573227,-7283.691108428533,predicted_speed
6064675,0.9123,1.1391,10.4099,0.0204,0.1239,0.0021,52.412544,-1.527721,11.02,39.204,326.071,10.511701009351436,0.125585747599001,0.9509882644772336,0.0083172522560488,0.9784,-0.7032,1.0286000000000008,-0.0192999999999999,0.018,0.0331,0.099,36.64430999999998,-3777.1097470519003,-7257.6928620904855,GNSS_OUTAGE,False,5.803108625356676,10.151497355555552,-3725.2031708099507,-7283.851786362498,-3726.3698090883804,-7282.854974259099,-3726.3698090883804,-7282.854974259099,predicted_speed
6064775,1.0186,1.0025,10.0546,-0.0306,0.1283,0.0225,52.412544,-1.527721,11.02,38.959,326.094,10.155665087526272,0.1338039610773911,-0.3560359218251623,0.00821821347839,0.1062999999999999,-0.1366,-0.3552999999999997,-0.051,0.0044,0.0203999999999999,0.1,34.07934999999999,-3777.1097470519003,-7257.6928620904855,GNSS_OUTAGE,False,5.798856625356676,10.241296855555552,-3725.6800202940194,-7282.945444163117,-3726.8978799997058,-7282.069299577357,-3726.8978799997058,-7282.069299577357,predicted_speed
6064875,0.4359,0.8191,10.9128,-0.0674,0.0667,-0.0429,52.412544,-1.527721,11.02,39.56,324.993,10.952175010471665,0.1040771828980781,0.7965099229453916,-0.029726778179313,-0.5827,-0.1833999999999999,0.8582000000000001,-0.0368,-0.0616,-0.0654,0.1,44.43103000000002,-3777.1097470519003,-7257.6928620904855,GNSS_OUTAGE,False,5.790924625356675,10.272826355555551,-3726.165533953431,-7282.040134216281,-3727.6059088397787,-7281.05839248701,-3727.6059088397787,-7281.05839248701,predicted_speed
6064975,-0.0091,1.2033,10.848,0.0624,0.1073,0.0068,52.412544,-1.527721,11.02,39.247,324.564,10.914536989721553,0.1243112625629713,-0.0376380207501121,0.0202340796648932,-0.445,0.3842,-0.0647999999999999,0.1298,0.0406,0.0497,0.1,44.31619,-3777.1097470519003,-7257.6928620904855,GNSS_OUTAGE,False,5.795972625356676,10.259855855555552,-3726.645864208598,-7281.133531068405,-3728.3196373509873,-7280.055414119244,-3728.3196373509873,-7280.055414119244,predicted_speed
6065075,1.9429,0.2325,10.772,0.1199,0.0477,-0.064,52.412544,-1.527721,11.02,39.564,323.482,10.948283000543968,0.1440392307671767,0.0337460108224139,0.0197279682042054,1.952,-0.9708,-0.0760000000000005,0.0575,-0.0596,-0.0708,0.1,37.01070999999999,-3777.1097470519003,-7257.6928620904855,GNSS_OUTAGE,False,5.806770625356676,10.442085355555552,-3727.124734123984,-7280.205600537673,-3728.931419551709,-7279.229180910243,-3728.931419551709,-7279.229180910243,predicted_speed
6065175,1.5708,0.2914,9.5763,0.0384,0.1044,-0.052,52.412544,-1.527721,11.02,39.658,322.897,9.70864811855904,0.1227921821615692,-1.2396348819849266,-0.0212470486056075,-0.3721000000000001,0.0588999999999999,-1.1957000000000004,-0.0815,0.0567,0.012,0.1,30.18702,-3777.1097470519003,-7257.6928620904855,GNSS_OUTAGE,False,5.809418625356676,10.587104855555552,-3727.607761592095,-7279.263500565655,-3729.4372615577477,-7278.5604106726205,-3729.4372615577477,-7278.5604106726205,predicted_speed
6065275,1.0648,0.9451,8.8556,-0.0795,0.0543,-0.0796,52.412544,-1.527721,11.02,39.42,321.751,8.96931794564113,0.1249195741267156,-0.73933017291791,0.0021273919651463,-0.506,0.6537000000000001,-0.720699999999999,-0.1179,-0.0501,-0.0276,0.1,38.64207999999999,-3777.1097470519003,-7257.6928620904855,GNSS_OUTAGE,False,5.800276625356676,10.681524355555553,-3728.103765871037,-7278.317493493349,-3730.101776787487,-7277.717446861501,-3730.101776787487,-7277.717446861501,predicted_speed
6065376,0.2308,1.321,9.3847,-0.0422,0.0854,-0.0457,52.412544,-1.527721,11.02,39.798,321.856,9.480026568000746,0.1056526857207141,0.5107086223596156,-0.0192668884060014,-0.834,0.3758999999999999,0.5290999999999997,0.0373,0.0311,0.0339,0.101,37.70671999999999,-3777.1097470519003,-7257.6928620904855,GNSS_OUTAGE,False,5.794810505356676,10.692654050555552,-3728.6104727983807,-7277.363786253568,-3730.755167646649,-7276.885463219934,-3730.755167646649,-7276.885463219934,predicted_speed
6065475,0.6868,0.8382,9.6619,0.0134,0.0768,0.0128,52.412544,-1.527721,11.02,40.046,320.522,9.72247834093756,0.0790040505290709,0.2424517729368158,-0.0266486351916432,0.4559999999999999,-0.4828,0.2771999999999988,0.0556,-0.0086,0.0584999999999999,0.099,33.78405999999999,-3777.1097470519003,-7257.6928620904855,GNSS_OUTAGE,False,5.794957025356676,10.748707355555553,-3729.1096119042736,-7276.42399061415,-3731.3458482191786,-7276.168349553394,-3731.3458482191786,-7276.168349553394,predicted_speed
6065575,0.7913,0.6256,9.9922,0.0014,0.0446,0.0016,52.412544,-1.527721,11.02,40.219,320.023,10.042987199533814,0.0446506438923337,0.3205088585962521,-0.0343534066367372,0.1045,-0.2125999999999999,0.3303000000000011,-0.012,-0.0321999999999999,-0.0112,0.1,34.51940000000001,-3777.1097470519003,-7257.6928620904855,GNSS_OUTAGE,False,5.793905025356676,10.815776855555553,-3729.6179433960338,-7275.469312980404,-3731.9619044904957,-7275.4335634558665,-3731.9619044904957,-7275.4335634558665,predicted_speed
6065675,-0.0156,-0.0713,10.8801,0.0231,0.0765,0.0062,52.412544,-1.527721,11.02,40.064,319.361,10.880344804278954,0.0801517311104382,0.8373576047451401,0.0355010872181045,-0.8069,-0.6969000000000001,0.8879000000000001,0.0217,0.0319,0.0046,0.1,45.41884,-3777.1097470519003,-7257.6928620904855,GNSS_OUTAGE,False,5.795023025356676,10.802156355555553,-3730.12456843436,-7274.515270586251,-3732.783595505691,-7274.476199707359,-3732.783595505691,-7274.476199707359,predicted_speed
6065775,0.42,0.4334,11.3373,0.0368,0.0365,-0.0235,52.412544,-1.527721,11.02,39.989,317.67,11.353352229628042,0.0569099288349581,0.4730074253490883,-0.0232418022754801,0.4356,0.5047,0.4572000000000003,0.0137,-0.04,-0.0297,0.1,54.90897000000001,-3777.1097470519003,-7257.6928620904855,GNSS_OUTAGE,False,5.797511025356676,10.832095855555552,-3730.63021583977,-7273.557322932336,-3733.810697823486,-7273.348615631027,-3733.810697823486,-7273.348615631027,predicted_speed
6065876,0.5103,-0.012,9.7342,0.0336,0.023,-0.0416,52.412544,-1.527721,11.02,40.295,317.51,9.747574043319702,0.0582109955249006,-1.6057781863083402,0.0013010666899424,0.0902999999999999,-0.4454,-1.6031000000000013,-0.0032,-0.0134999999999999,-0.0180999999999999,0.101,35.04648,-3777.1097470519003,-7257.6928620904855,GNSS_OUTAGE,False,5.799700705356676,10.871455050555552,-3731.140647898421,-7272.585160210267,-3734.4748443255053,-7272.623572893626,-3734.4748443255053,-7272.623572893626,predicted_speed
6065975,0.9312,0.2127,9.1212,-0.0291,0.0352,-0.042,52.412544,-1.527721,11.02,40.399,316.716,9.171077590447046,0.0620471594837346,-0.5764964528726555,0.003836163958834,0.4209,0.2247,-0.6129999999999995,-0.0627,0.0122,-0.0004,0.099,40.00363999999999,-3777.1097470519003,-7257.6928620904855,GNSS_OUTAGE,False,5.795639725356676,10.951703955555551,-3731.648559749567,-7271.627268920673,-3735.2290895586416,-7271.822739353925,-3735.2290895586416,-7271.822739353925,predicted_speed
6066075,0.2232,0.1437,10.3341,-0.0726,-0.0014,-0.0183,52.412544,-1.527721,11.02,40.273,315.362,10.337508923333512,0.074883976924306,1.1664313328864662,0.0128368174405714,-0.708,-0.069,1.2128999999999994,-0.0435,-0.0366,0.0237,0.1,39.15442,-3777.1097470519003,-7257.6928620904855,GNSS_OUTAGE,False,5.7871877253566755,10.961963455555551,-3732.170249736313,-7270.663170385388,-3735.993280656542,-7271.048830268417,-3735.993280656542,-7271.048830268417,predicted_speed
6066175,0.2944,0.0862,10.6472,-0.0264,-0.0056,-0.0361,52.412544,-1.527721,11.02,40.73,314.8,10.651618170024683,0.0450724971573575,0.3141092466911708,-0.0298114797669485,0.0711999999999999,-0.0574999999999999,0.3131000000000004,0.0462,-0.0042,-0.0178,0.1,51.373050000000006,-3777.1097470519003,-7257.6928620904855,GNSS_OUTAGE,False,5.783355725356675,10.979342955555552,-3732.696463266985,-7269.699552703164,-3737.0058587933927,-7270.043296698968,-3737.0058587933927,-7270.043296698968,predicted_speed
6066276,-0.1759,0.0495,11.1299,0.0432,0.0529,0.0271,52.412544,-1.527721,11.02,40.673,314.052,11.131399960022996,0.0734782961152475,0.479781789998313,0.02840579895789,-0.4703,-0.0366999999999999,0.4826999999999994,0.0696,0.0585,0.0632,0.101,54.47653000000001,-3777.1097470519003,-7257.6928620904855,GNSS_OUTAGE,False,5.786515005356676,10.949395950555552,-3733.223420257327,-7268.727283815068,-3738.104311654438,-7268.980604800205,-3738.104311654438,-7268.980604800205,predicted_speed
6066375,0.8124,0.0093,10.0948,-0.002,-0.0255,-0.0435,52.412544,-1.527721,11.02,40.655,312.875,10.127441300249536,0.0504628576281605,-1.0039586597734615,-0.023015438487087,0.9883,-0.0402,-1.0351,-0.0452,-0.0784,-0.0706,0.099,35.08713,-3777.1097470519003,-7257.6928620904855,GNSS_OUTAGE,False,5.785136925356675,11.017883655555552,-3733.744494319159,-7267.769023899247,-3738.8114259488784,-7268.324088379885,-3738.8114259488784,-7268.324088379885,predicted_speed
6066476,0.0422,-0.2125,9.7909,-0.0278,0.0176,-0.0205,52.412544,-1.527721,11.02,40.759,312.328,9.793296681914626,0.038766609343609,-0.3341446183349088,-0.0116962482845514,-0.7702,-0.2218,-0.3038999999999987,-0.0257999999999999,0.0431,0.0229999999999999,0.101,31.14214000000001,-3777.1097470519003,-7257.6928620904855,GNSS_OUTAGE,False,5.781125205356675,11.009964750555552,-3734.2796278797127,-7266.794246799322,-3739.45736162478,-7267.735754856573,-3739.45736162478,-7267.735754856573,predicted_speed
6066576,0.3683,0.6826,8.9936,0.0009,0.0217,-0.0178,52.412544,-1.527721,11.02,40.691,311.046,9.026983361566588,0.028080954399735,-0.7663133203480381,-0.010685654943874,0.3261,0.8951,-0.7972999999999999,0.0287,0.0040999999999999,0.0027,0.1,41.86245,-3777.1097470519003,-7257.6928620904855,GNSS_OUTAGE,False,5.780023205356675,11.034734250555552,-3734.811720715616,-7265.827535459891,-3740.334359740974,-7266.972155003055,-3740.334359740974,-7266.972155003055,predicted_speed
6066675,0.363,-0.0028,9.293,-0.0164,-0.0035,-0.0163,52.412544,-1.527721,11.02,41.033,309.906,9.300087410341904,0.0233858931837122,0.2731040487753162,-0.0046950612160227,-0.0053,-0.6854,0.2993999999999985,-0.0173,-0.0252,0.0015,0.099,45.02192,-3777.1097470519003,-7257.6928620904855,GNSS_OUTAGE,False,5.777219525356674,11.058731355555551,-3735.342325190323,-7264.869893840565,-3741.284105891895,-7266.177874956611,-3741.284105891895,-7266.177874956611,predicted_speed
6066775,-0.0339,0.0496,10.2335,0.0017,0.0362,0.0061,52.412544,-1.527721,11.02,41.414,309.438,10.233676349191429,0.036749693876276,0.9335889388495248,0.0133638006925637,-0.3969,0.0523999999999999,0.9405,0.0181,0.0397,0.0224,0.1,38.61681000000001,-3777.1097470519003,-7257.6928620904855,GNSS_OUTAGE,False,5.776197525356674,11.043280855555551,-3735.8785274287434,-7263.904478033744,-3742.112557073515,-7265.4964568118885,-3742.112557073515,-7265.4964568118885,predicted_speed
6066875,0.4012,0.5181,10.4672,0.0198,0.0091,-0.0176,52.412544,-1.527721,11.02,40.91,308.51,10.48769111339574,0.0280108907391393,0.254014764204312,-0.0087388031371367,0.4351,0.4685,0.2337000000000006,0.0181,-0.0271,-0.0237,0.1,49.05566999999997,-3777.1097470519003,-7257.6928620904855,GNSS_OUTAGE,False,5.776985525356674,11.07134035555555,-3736.4153292379197,-7262.93618593404,-3743.178835879985,-7264.647996459734,-3743.178835879985,-7264.647996459734,predicted_speed
6066975,-0.0163,0.0662,11.0857,0.0474,0.0303,0.001,52.412544,-1.527721,11.02,41.173,308.006,11.085909643326524,0.0562658866454621,0.598218529930783,0.0282549959063228,-0.4175,-0.4519,0.6184999999999992,0.0275999999999999,0.0212,0.0186,0.1,51.99210999999998,-3777.1097470519003,-7257.6928620904855,GNSS_OUTAGE,False,5.780533525356675,11.057649855555551,-3736.948032634008,-7261.96719506975,-3744.3168078112894,-7263.758723421497,-3744.3168078112894,-7263.758723421497,predicted_speed
6067075,0.9269,-0.0347,10.3208,0.0289,0.0279,-0.0168,52.412544,-1.527721,11.02,41.072,306.649,10.362396457383785,0.0435414744812345,-0.7235131859427391,-0.0127244121642276,0.9432,-0.1008999999999999,-0.764899999999999,-0.0185,-0.0023999999999999,-0.0178,0.1,37.16096999999999,-3777.1097470519003,-7257.6928620904855,GNSS_OUTAGE,False,5.782231525356675,11.138279355555552,-3737.4829622477096,-7260.9902288582525,-3745.1449888359875,-7263.14256229613,-3745.1449888359875,-7263.14256229613,predicted_speed
6067175,0.596,0.428,9.7347,-0.0365,0.0259,0.0057,52.412544,-1.527721,11.02,41.72,306.341,9.762314484280866,0.045117069940323,-0.6000819731029186,0.0015755954590884,-0.3308999999999999,0.4627,-0.5861000000000001,-0.0654,-0.002,0.0225,0.1,37.688589999999984,-3777.1097470519003,-7257.6928620904855,GNSS_OUTAGE,False,5.777389525356675,11.185818855555551,-3738.0249193491636,-7260.011705514189,-3745.988275685702,-7262.522176972529,-3745.988275685702,-7262.522176972529,predicted_speed
6067276,-0.453,0.8311,9.4548,-0.0127,0.0612,0.0193,52.412544,-1.527721,11.02,41.508,305.133,9.502061842042496,0.0654157473396123,-0.2602526422383704,0.0202986773992893,-1.049,0.4030999999999999,-0.2798999999999996,0.0237999999999999,0.0353,0.0136,0.101,44.96306000000001,-3777.1097470519003,-7257.6928620904855,GNSS_OUTAGE,False,5.774902905356675,11.127884750555552,-3738.5719041569014,-7259.029872736195,-3747.0199238545715,-7261.796234454231,-3747.0199238545715,-7261.796234454231,predicted_speed
6067376,-0.2651,0.6125,9.2368,-0.0262,-0.0173,-0.0176,52.412544,-1.527721,11.02,41.321000000000005,305.103,9.260880546686693,0.0359929159696738,-0.241181295355803,-0.0294228313699385,0.1879,-0.2185999999999999,-0.2179999999999999,-0.0135,-0.0785,-0.0369,0.1,46.85566000000003,-3777.1097470519003,-7257.6928620904855,GNSS_OUTAGE,False,5.771090905356675,11.089314250555551,-3739.1152850491626,-7258.063194862547,-3748.084744250218,-7261.047782849674,-3748.084744250218,-7261.047782849674,predicted_speed
6067475,-0.1932,0.4715,9.7236,0.0143,0.0425,0.04,52.412544,-1.527721,11.02,41.67,304.516,9.736941791445608,0.0600894333473032,0.476061244758915,0.0240965173776294,0.0718999999999999,-0.141,0.4867999999999988,0.0405,0.0598,0.0576,0.099,44.714720000000014,-3777.1097470519003,-7257.6928620904855,GNSS_OUTAGE,False,5.771326525356675,11.058247555555552,-3739.651500200532,-7257.108738463082,-3749.097940439287,-7260.351015736774,-3749.097940439287,-7260.351015736774,predicted_speed
6067575,0.4497,0.687,9.7228,0.01,0.0082,0.0225,52.412544,-1.527721,11.02,41.609,303.568,9.757409437448036,0.0259516858797265,0.0204676460024284,-0.0341377474675766,0.6429,0.2155,-0.0007999999999999,-0.0043,-0.0343,-0.0175,0.1,33.555670000000006,-3777.1097470519003,-7257.6928620904855,GNSS_OUTAGE,False,5.771134525356675,11.091157055555552,-3740.194929216972,-7256.141876243114,-3749.8745959129706,-7259.835632083526,-3749.8745959129706,-7259.835632083526,predicted_speed
6067675,-0.2124,0.0672,10.1684,-0.0047,0.0387,0.0559,52.412544,-1.527721,11.02,41.9,302.247,10.170840091162578,0.0681512288957433,0.413430653714542,0.0421995430160167,-0.6621,-0.6198,0.4456000000000006,-0.0147,0.0305,0.0334,0.1,44.41666,-3777.1097470519003,-7257.6928620904855,GNSS_OUTAGE,False,5.769472525356675,11.057856555555553,-3740.7383279733344,-7255.17881876424,-3750.918086081269,-7259.177315205073,-3750.918086081269,-7259.177315205073,predicted_speed
6067775,0.3362,-0.2532,10.325,-0.0054,-0.0236,-0.0117,52.412544,-1.527721,11.02,41.429,302.342,10.333574680622382,0.0268888452708553,0.162734589459804,-0.0412623836248879,0.5486,-0.3203999999999999,0.1565999999999991,-0.0007,-0.0622999999999999,-0.0676,0.1,44.78685000000003,-3777.1097470519003,-7257.6928620904855,GNSS_OUTAGE,False,5.767740525356675,11.079416055555553,-3741.2844566443164,-7254.214828060938,-3751.9691711291557,-7258.511767915211,-3751.9691711291557,-7258.511767915211,predicted_speed
6067875,-0.4068,-0.0496,10.2533,0.0126,-0.0126,-0.0234,52.412544,-1.527721,11.02,41.555,301.216,10.261486602339838,0.0294122423490627,-0.0720880782825439,0.0025233970782073,-0.743,0.2035999999999999,-0.0716999999999998,0.018,0.011,-0.0117,0.1,42.85323,-3777.1097470519003,-7257.6928620904855,GNSS_OUTAGE,False,5.767808525356675,11.026675555555553,-3741.8279203800153,-7253.255389211373,-3752.9871967063386,-7257.894841088709,-3752.9871967063386,-7257.894841088709,predicted_speed
6067975,0.0136,-0.1505,10.2925,0.0334,0.0108,0.0147,52.412544,-1.527721,11.02,41.746,299.894,10.293609253318294,0.0380564055055124,0.0321226509784562,0.0086441631564497,0.4204,-0.1008999999999999,0.039200000000001,0.0208,0.0234,0.0381,0.1,42.55111,-3777.1097470519003,-7257.6928620904855,GNSS_OUTAGE,False,5.769956525356675,11.015975055555552,-3742.3687966022753,-7252.295717404743,-3754.011908927247,-7257.305748208427,-3754.011908927247,-7257.305748208427,predicted_speed
6068076,0.4386,-0.1928,10.0005,0.0024,-0.0184,-0.0309,52.412544,-1.527721,11.02,41.998000000000005,299.73900000000003,10.011969938528582,0.0360434460061742,-0.2816393147897127,-0.0020129594993382,0.425,-0.0423,-0.2919999999999998,-0.031,-0.0292,-0.0456,0.101,28.51540000000001,-3777.1097470519003,-7257.6928620904855,GNSS_OUTAGE,False,5.768995005356675,11.048092550555552,-3742.9176087363076,-7251.324150185378,-3754.706557541502,-7256.908900724911,-3754.706557541502,-7256.908900724911,predicted_speed
6068176,-0.5312,-0.0423,10.3063,-0.0207,0.0082,0.0081,52.412544,-1.527721,11.02,41.63399999999999,299.399,10.320066977495834,0.0236926148831233,0.3080970389672526,-0.0123508311230508,-0.9698,0.1505,0.3057999999999996,-0.0231,0.0266,0.039,0.1,36.19748000000001,-3777.1097470519003,-7257.6928620904855,GNSS_OUTAGE,False,5.765733005356675,10.982912050555552,-3743.460897795798,-7250.369644779977,-3755.582559059137,-7256.415319380519,-3755.582559059137,-7256.415319380519,predicted_speed
6068276,0.0673,0.343,10.1432,-0.0479,-0.0186,-0.008,52.412544,-1.527721,11.02,41.177,298.52,10.149220882905247,0.0520035575706124,-0.1708460945905852,0.028310942687489,0.5985,0.3853,-0.1631,-0.0272,-0.0267999999999999,-0.0161,0.1,34.531,-3777.1097470519003,-7257.6928620904855,GNSS_OUTAGE,False,5.759751005356675,10.977581550555552,-3744.0096205029126,-7249.418868067132,-3756.4253557366706,-7255.957337129124,-3756.4253557366706,-7255.957337129124,predicted_speed
6068375,-0.3087,-0.0115,9.8288,0.0081,0.027,0.0205,52.412544,-1.527721,11.02,41.378,298.216,9.833653307901391,0.0348548418444267,-0.3155675750038575,-0.0171487157261856,-0.376,-0.3545,-0.3144000000000009,0.0559999999999999,0.0456,0.0285,0.099,36.321720000000006,-3777.1097470519003,-7257.6928620904855,GNSS_OUTAGE,False,5.7593728253566745,10.935080355555552,-3744.5511073253615,-7248.481448084177,-3757.3055114669687,-7255.485085269265,-3757.3055114669687,-7255.485085269265,predicted_speed
6068475,-0.0558,-0.0096,10.107,-0.0029,-0.0039,0.0052,52.412544,-1.527721,11.02,42.044,297.86,10.107158591810064,0.0071175838597096,0.2735052839086727,-0.027737257984717,0.2528999999999999,0.0019,0.2782,-0.011,-0.0309,-0.0153,0.1,19.84939000000001,-3777.1097470519003,-7257.6928620904855,GNSS_OUTAGE,False,5.757890825356674,10.917439855555552,-3745.0985817855394,-7247.536897055672,-3757.7929750424337,-7255.22742214867,-3757.7929750424337,-7255.22742214867,predicted_speed
6068576,-0.2561,0.1869,9.5714,-0.02,-0.0412,-0.0341,52.412544,-1.527721,11.02,41.95399999999999,296.866,9.57664955921433,0.0570985989320228,-0.5305090325957345,0.0499810150723131,-0.2002999999999999,0.1965,-0.5355999999999987,-0.0171,-0.0373,-0.0393,0.101,48.30208999999998,-3777.1097470519003,-7257.6928620904855,GNSS_OUTAGE,False,5.754666905356674,10.879392650555552,-3745.6526659872034,-7246.588006577276,-3759.0018509189804,-7254.615026139168,-3759.0018509189804,-7254.615026139168,predicted_speed
6068675,-0.1987,-0.1757,9.8278,0.0001,-0.0019,0.0177,52.412544,-1.527721,11.02,41.598,297.95,9.83137859203886,0.0178019661835427,0.2547290328245299,-0.03929663274848,0.0574,-0.3626,0.2563999999999993,0.0201,0.0393,0.0518,0.099,12.014440000000004,-3777.1097470519003,-7257.6928620904855,GNSS_OUTAGE,False,5.7534967253566744,10.847781455555552,-3746.195285007631,-7245.661242839527,-3759.293709492809,-7254.460168731946,-3759.293709492809,-7254.460168731946,predicted_speed
6068776,-0.0593,0.2448,9.2782,-0.0013,0.001,0.0044,52.412544,-1.527721,11.02,41.764,297.61400000000003,9.28161832710223,0.0046957427527495,-0.54976026493663,-0.0131062234307932,0.1394,0.4205,-0.5495999999999999,-0.0014,0.0029,-0.0133,0.101,30.387319999999995,-3777.1097470519003,-7257.6928620904855,GNSS_OUTAGE,False,5.752161505356675,10.829611050555553,-3746.749198585829,-7244.718079079342,-3760.0491308836213,-7254.0650089102555,-3760.0491308836213,-7254.0650089102555,predicted_speed
6068875,-0.3393,-0.2456,9.5937,-0.0157,0.0061,0.0154,52.412544,-1.527721,11.02,41.767,296.526,9.602839347817914,0.0228223574592985,0.3212210207156847,0.0181266147065489,-0.2799999999999999,-0.4904,0.3155000000000001,-0.0144,0.0051,0.011,0.099,40.404500000000006,-3777.1097470519003,-7257.6928620904855,GNSS_OUTAGE,False,5.749427125356675,10.784080455555552,-3747.292376138793,-7243.798960438027,-3761.043288626838,-7253.568776737361,-3761.043288626838,-7253.568776737361,predicted_speed
6068975,-0.3461,-0.3046,9.6608,-0.0176,-0.0324,-0.0095,52.412544,-1.527721,11.02,41.486,295.237,9.671795232013547,0.0380758453615937,0.068955884195633,0.0152534879022951,-0.0068,-0.0589999999999999,0.0670999999999999,-0.0019,-0.0385,-0.0249,0.1,39.72935999999999,-3777.1097470519003,-7257.6928620904855,GNSS_OUTAGE,False,5.7464751253566755,10.737409955555552,-3747.8413922674117,-7242.876192311111,-3762.041546081664,-7253.098244805115,-3762.041546081664,-7253.098244805115,predicted_speed
6069075,-0.2723,0.1273,10.2514,0.0129,-0.0297,-0.0381,52.412544,-1.527721,11.02,41.501000000000005,295.891,10.255805894224013,0.0500010999879002,0.5840106622104653,0.0119252546263065,0.0738,0.4318999999999999,0.5906000000000002,0.0305,0.0026999999999999,-0.0286,0.1,47.460640000000005,-3777.1097470519003,-7257.6928620904855,GNSS_OUTAGE,False,5.746573125356676,10.698119455555553,-3748.3883093245513,-7241.956747189603,-3763.227569520009,-7252.522572975109,-3763.227569520009,-7252.522572975109,predicted_speed
6069175,-0.0165,-0.2984,9.9164,0.0284,0.0297,0.0339,52.412544,-1.527721,11.02,41.886,295.603,9.920902366720478,0.0532715684019158,-0.3349035275035348,0.0032704684140155,0.2557999999999999,-0.4256999999999999,-0.3350000000000008,0.0155,0.0594,0.072,0.1,40.20854000000001,-3777.1097470519003,-7257.6928620904855,GNSS_OUTAGE,False,5.748221125356676,10.684408955555552,-3748.933011418819,-7241.037581494097,-3764.2348045057115,-7252.039921982577,-3764.2348045057115,-7252.039921982577,predicted_speed
6069277,-0.2782,-0.0485,10.4484,0.0169,0.0068,0.0096,52.412544,-1.527721,11.02,41.897,296.342,10.452215557000343,0.0205915031020078,0.5313131902798656,-0.0326800652999079,-0.2617,0.2499,0.532,-0.0115,-0.0229,-0.0243,0.102,44.35690000000002,-3777.1097470519003,-7257.6928620904855,GNSS_OUTAGE,False,5.748729085356676,10.643730845555552,-3749.486017771465,-7240.10332093322,-3765.3610811862477,-7251.482253734605,-3765.3610811862477,-7251.482253734605,predicted_speed
6069376,-0.0606,0.0369,11.2086,-0.0199,-0.0523,-0.0352,52.412544,-1.527721,11.02,41.868,296.189,11.20882455612541,0.0661085471024738,0.7566089991250671,0.0455170440004659,0.2176,0.0854,0.7602000000000011,-0.0368,-0.0591,-0.0448,0.099,47.99437,-3777.1097470519003,-7257.6928620904855,GNSS_OUTAGE,False,5.745578905356677,10.625791550555553,-3750.024703639198,-7239.19975941628,-3766.545435168453,-7250.899761733969,-3766.545435168453,-7250.899761733969,predicted_speed
6069475,-0.0847,-0.3086,9.1767,-0.0175,-0.0463,-0.0185,52.412544,-1.527721,11.02,41.89,296.539,9.182278090975029,0.0528411771254199,-2.026546465150382,-0.0132673699770539,-0.0240999999999999,-0.3455,-2.0319000000000003,0.0023999999999999,0.0059999999999999,0.0167,0.099,50.2009,-3777.1097470519003,-7257.6928620904855,GNSS_OUTAGE,False,5.7426663253566765,10.605466355555553,-3750.5649834764718,-7238.299496034699,-3767.780494628954,-7250.282933788437,-3767.780494628954,-7250.282933788437,predicted_speed
6069575,-0.5285,-0.417,9.9164,-0.0169,-0.039,-0.0191,52.412544,-1.527721,11.02,41.522,296.774,9.939224829432122,0.0465984978298657,0.7569467384570938,-0.0062426792955542,-0.4438,-0.1084,0.7396999999999991,0.0006,0.0073,-0.0005999999999999,0.1,43.13489999999999,-3777.1097470519003,-7257.6928620904855,GNSS_OUTAGE,False,5.739784325356677,10.540555855555553,-3751.1099829847008,-7237.397271720311,-3768.8502285603818,-7249.743181450765,-3768.8502285603818,-7249.743181450765,predicted_speed
6069675,-0.031,-0.5506,10.3486,0.0009,-0.0023,0.0168,52.412544,-1.527721,11.02,42.156000000000006,296.956,10.363283423703129,0.0169805771397794,0.4240585942710044,-0.0296179206900862,0.4974999999999999,-0.1336,0.4321999999999999,0.0178,0.0366999999999999,0.0359,0.1,44.77071999999998,-3777.1097470519003,-7257.6928620904855,GNSS_OUTAGE,False,5.7386823253566766,10.525395355555553,-3751.6551911096913,-7236.496945349292,-3769.9587452464298,-7249.1794358545285,-3769.9587452464298,-7249.1794358545285,predicted_speed
6069776,0.009,-0.0448,8.9553,-0.0028,-0.0325,-0.0054,52.412544,-1.527721,11.02,41.63,295.351,8.955416580483568,0.0330643312347308,-1.4078668432195585,0.0160837540949514,0.04,0.5058,-1.3933,-0.0037,-0.0302,-0.0221999999999999,0.101,39.75928,-3777.1097470519003,-7257.6928620904855,GNSS_OUTAGE,False,5.737195605356677,10.514123250555553,-3752.2066114522054,-7235.589408359702,-3770.9667963002375,-7248.701834065578,-3770.9667963002375,-7248.701834065578,predicted_speed
6069876,-0.6779,-0.1327,10.5074,-0.0039,-0.0499,-0.0388,52.412544,-1.527721,11.02,41.699,294.986,10.530081313076362,0.0633297718296852,1.5746647325927938,0.0302654405949544,-0.6869,-0.0879,1.5521000000000011,-0.0010999999999999,-0.0174,-0.0334,0.1,47.41781,-3777.1097470519003,-7257.6928620904855,GNSS_OUTAGE,False,5.735613605356677,10.434272750555554,-3752.7498358711664,-7234.698539284599,-3772.1606859049652,-7248.145469314625,-3772.1606859049652,-7248.145469314625,predicted_speed
6069975,-0.1399,-0.0463,10.3822,0.0056,-0.0024,0.0178,52.412544,-1.527721,11.02,41.594,294.769,10.383245761321456,0.0188138247041902,-0.146835551754906,-0.044515947125495,0.5379999999999999,0.0864,-0.1252000000000013,0.0095,0.0475,0.0566,0.099,45.61411999999999,-3777.1097470519003,-7257.6928620904855,GNSS_OUTAGE,False,5.734987925356677,10.408482755555553,-3753.2868491614854,-7233.819094634489,-3773.299675864031,-7247.619929705915,-3773.299675864031,-7247.619929705915,predicted_speed
6070075,-0.7414,-0.6956,9.8456,-0.025,-0.0252,-0.004,52.412544,-1.527721,11.02,41.738,294.144,9.89794790246948,0.0357217020871066,-0.4852978588519754,0.0169078773829163,-0.6014999999999999,-0.6493,-0.5366,-0.0306,-0.0228,-0.0218,0.1,36.97673999999999,-3777.1097470519003,-7257.6928620904855,GNSS_OUTAGE,False,5.731295925356677,10.322282255555553,-3753.8280433641016,-7232.940115712849,-3774.236954394342,-7247.1998006575395,-3774.236954394342,-7247.1998006575395,predicted_speed
6070176,-1.2463,-0.1424,10.6449,-0.0189,-0.0113,0.0105,52.412544,-1.527721,11.02,41.425,294.791,10.71855575439154,0.024395696341773,0.820607851922059,-0.0113260057453335,-0.5049,0.5532,0.7993000000000006,0.0061,0.0139,0.0145,0.101,49.33303,-3777.1097470519003,-7257.6928620904855,GNSS_OUTAGE,False,5.728183105356677,10.184224850555553,-3754.370062703292,-7232.065903610664,-3775.4934691190047,-7246.619448840235,-3775.4934691190047,-7246.619448840235,predicted_speed
6070275,-0.782,-0.0314,9.5179,0.0415,-0.0162,-0.0042,52.412544,-1.527721,11.02,41.53,294.613,9.55002253243415,0.0447474021592315,-1.1685332219573894,0.0203517058174584,0.4642999999999999,0.111,-1.127000000000001,0.0604,-0.0049,-0.0147,0.099,38.47149999999999,-3777.1097470519003,-7257.6928620904855,GNSS_OUTAGE,False,5.731111525356677,10.094866955555554,-3754.8941977989307,-7231.214982680969,-3776.4553102848054,-7246.178819565323,-3776.4553102848054,-7246.178819565323,predicted_speed
6070375,-0.667,-0.1235,9.5133,0.0419,-0.0061,0.0158,52.412544,-1.527721,11.02,41.53,293.948,9.537453441039698,0.0451935836153762,-0.012569091394452,0.0004461814561446,0.1149999999999999,-0.0921,-0.0045999999999999,0.0003999999999999,0.0100999999999999,0.02,0.1,36.91934000000002,-3777.1097470519003,-7257.6928620904855,GNSS_OUTAGE,False,5.7341095253566765,10.016106455555555,-3755.4169374805247,-7230.360601553733,-3777.3925633392537,-7245.762546450541,-3777.3925633392537,-7245.762546450541,predicted_speed
6070475,-0.5123,-0.2274,10.3663,-0.0321,-0.0446,-0.0177,52.412544,-1.527721,11.02,41.911,295.186,10.381441987508287,0.0577309275865198,0.843988546468589,0.0125373439711436,0.1547,-0.1038999999999999,0.8530000000000015,-0.074,-0.0385,-0.0335,0.1,43.84950000000001,-3777.1097470519003,-7257.6928620904855,GNSS_OUTAGE,False,5.729707525356677,9.952815955555554,-3755.9401062124543,-7229.513913929883,-3778.494807079401,-7245.244198846088,-3778.494807079401,-7245.244198846088,predicted_speed
6070575,-1.2713,-0.252,9.6053,-0.0501,-0.0297,-0.0172,52.412544,-1.527721,11.02,41.36,295.243,9.69234212045778,0.0607284118020552,-0.6890998670505084,0.0029974842155353,-0.7590000000000001,-0.0246,-0.761000000000001,-0.018,0.0149,0.0005,0.1,46.3556,-3777.1097470519003,-7257.6928620904855,GNSS_OUTAGE,False,5.723505525356677,9.813625455555554,-3756.4611261750633,-7228.682282614706,-3779.659500869935,-7244.695067528419,-3779.659500869935,-7244.695067528419,predicted_speed
6070675,-0.5876,0.0739,9.9107,-0.0098,-0.026,0.0212,52.412544,-1.527721,11.02,41.396,296.035,9.928378994579123,0.0349496781101056,0.2360368741213463,-0.0257787336919495,0.6837000000000001,0.3258999999999999,0.3054000000000005,0.0403,0.0037,0.0384,0.1,34.56899000000001,-3777.1097470519003,-7257.6928620904855,GNSS_OUTAGE,False,5.721333525356677,9.742804955555554,-3756.9801782184827,-7227.857778242224,-3780.5223103010762,-7244.273594617591,-3780.5223103010762,-7244.273594617591,predicted_speed
6070775,-0.9617,-0.5932,10.584,-0.0027,-0.0239,0.0145,52.412544,-1.527721,11.02,41.234,297.043,10.644144358754254,0.0280846933399672,0.7157653641751285,-0.0068649847701384,-0.3741,-0.6670999999999999,0.6732999999999993,0.0070999999999999,0.0020999999999999,-0.0066999999999999,0.1,52.80728,-3777.1097470519003,-7257.6928620904855,GNSS_OUTAGE,False,5.719871525356677,9.634574455555555,-3757.4946557219882,-7227.043184387729,-3781.82879989741,-7243.606669380506,-3781.82879989741,-7243.606669380506,predicted_speed
6070875,-0.8131,-0.2087,9.4251,0.0023,-0.0087,0.022,52.412544,-1.527721,11.02,41.27,295.31,9.462409698908624,0.0237693079411244,-1.1817346598456293,-0.0043153853988428,0.1485999999999999,0.3844999999999999,-1.1588999999999992,0.005,0.0152,0.0074999999999999,0.1,50.18458,-3777.1097470519003,-7257.6928620904855,GNSS_OUTAGE,False,5.718909525356676,9.541203955555554,-3758.0049231348266,-7226.236975421883,-3783.089001541318,-7243.010705677979,-3783.089001541318,-7243.010705677979,predicted_speed
6070975,-1.1642,-0.2152,10.0017,0.0031,-0.0193,0.0219,52.412544,-1.527721,11.02,40.608,294.968,10.071527966003966,0.0293548973767581,0.6091182670953419,0.0055855894356336,-0.3510999999999998,-0.0065,0.5765999999999991,0.0007999999999999,-0.0106,-9.99999999999994e-05,0.1,37.71069000000002,-3777.1097470519003,-7257.6928620904855,GNSS_OUTAGE,False,5.718027525356677,9.412723455555554,-3758.509020664176,-7225.442067056465,-3784.038623421787,-7242.5685352485425,-3784.038623421787,-7242.5685352485425,predicted_speed
6071075,-1.334,-0.0264,10.229,-0.0052,-0.04,0.0009,52.412544,-1.527721,11.02,40.896,294.99,10.315652861549772,0.0403466231548564,0.2441248955458057,0.0109917257780983,-0.1698000000000001,0.1888,0.2272999999999996,-0.0083,-0.0207,-0.0209999999999999,0.1,42.30528,-3777.1097470519003,-7257.6928620904855,GNSS_OUTAGE,False,5.716315525356676,9.267262955555553,-3759.0066671945688,-7224.660293714848,-3785.103754660235,-7242.072082699894,-3785.103754660235,-7242.072082699894,predicted_speed
6071175,-0.9782,-0.0397,10.1843,0.0016,-0.0311,-0.0063,52.412544,-1.527721,11.02,40.547,294.769,10.23124712926044,0.031772000251794,-0.0844057322893316,-0.0085746229030624,0.3558000000000001,-0.0133,-0.0446999999999988,0.0068,0.0089,-0.0072,0.1,45.48768999999999,-3777.1097470519003,-7257.6928620904855,GNSS_OUTAGE,False,5.715283525356676,9.157382455555554,-3759.499210169311,-7223.888297631694,-3786.251060707757,-7241.542705977574,-3786.251060707757,-7241.542705977574,predicted_speed
6071275,-0.9803,-0.2034,10.0867,-0.0033,-0.0322,0.0102,52.412544,-1.527721,11.02,40.241,294.098,10.136265413849424,0.0339377371078273,-0.0949817154110164,0.0021657368560332,-0.0020999999999999,-0.1637,-0.0975999999999999,-0.0049,-0.0011,0.0165,0.1,39.72307999999999,-3777.1097470519003,-7257.6928620904855,GNSS_OUTAGE,False,5.713761525356676,9.047291955555554,-3759.9869920566293,-7223.126324044425,-3787.2583149082207,-7241.09218159421,-3787.2583149082207,-7241.09218159421,predicted_speed
6071375,-1.2247,-0.3121,9.7337,-0.0153,-0.0288,0.0,52.412544,-1.527721,11.02,40.288,294.013,9.81540687847427,0.0326118076775881,-0.3208585353751534,-0.0013259294302391,-0.2443999999999999,-0.1086999999999999,-0.3529999999999997,-0.012,0.0034,-0.0102,0.1,34.86145999999999,-3777.1097470519003,-7257.6928620904855,GNSS_OUTAGE,False,5.711039525356676,8.912761455555554,-3760.469562242817,-7222.376991552777,-3788.1428790859627,-7240.698107738014,-3788.1428790859627,-7240.698107738014,predicted_speed
6071475,-1.2148,0.2636,9.948,-0.0097,-0.0396,0.0024,52.412544,-1.527721,11.02,40.338,294.39,10.025364232784762,0.0408412781386675,0.2099573543104913,0.0082294704610793,0.0098999999999997,0.5757,0.2142999999999997,0.0055999999999999,-0.0108,0.0024,0.1,37.715919999999976,-3777.1097470519003,-7257.6928620904855,GNSS_OUTAGE,False,5.708877525356676,8.779220955555553,-3760.9464967189406,-7221.639915768784,-3789.09704549994,-7240.2654794419095,-3789.09704549994,-7240.2654794419095,predicted_speed
6071575,-1.3433,-0.2264,9.694,0.0136,-0.0416,-0.0124,52.412544,-1.527721,11.02,39.967,293.785,9.789246541486223,0.0454893394104596,-0.2361176912985367,0.0046480612717921,-0.1284999999999998,-0.49,-0.2539999999999995,0.0233,-0.0019999999999999,-0.0147999999999999,0.1,41.94949999999999,-3777.1097470519003,-7257.6928620904855,GNSS_OUTAGE,False,5.709045525356676,8.632830455555553,-3761.4153567056155,-7220.915051692119,-3790.163338031833,-7239.795521819163,-3790.163338031833,-7239.795521819163,predicted_speed
6071675,-1.1433,-0.2545,9.9499,0.0017,-0.0389,0.003,52.412544,-1.527721,11.02,39.91,294.187,10.01860345307668,0.0390525287273436,0.2293569115904556,-0.006436810683116,0.1999999999999999,-0.0281,0.2558999999999987,-0.0118999999999999,0.0027,0.0154,0.1,43.26658,-3777.1097470519003,-7257.6928620904855,GNSS_OUTAGE,False,5.708023525356676,8.506439955555553,-3761.8780819874146,-7220.201272650147,-3791.2596808408207,-7239.303104788291,-3791.2596808408207,-7239.303104788291,predicted_speed
6071776,-0.8936,-0.3801,10.0159,-0.0086,-0.0266,-0.0128,52.412544,-1.527721,11.02,39.712,293.913,10.06286488928476,0.0307467071407654,0.0442614362080799,-0.0083058215865781,0.2497,-0.1256,0.0660000000000007,-0.0103,0.0122999999999999,-0.0158,0.101,36.69436,-3777.1097470519003,-7257.6928620904855,GNSS_OUTAGE,False,5.705951005356677,8.404005250555553,-3762.3412817840012,-7219.489995573959,-3792.200792944092,-7238.885805819638,-3792.200792944092,-7238.885805819638,predicted_speed
6071876,-1.014,-0.0574,9.7097,-0.027,-0.0321,0.0016,52.412544,-1.527721,11.02,39.697,294.10200000000003,9.762672013849487,0.0419758263766182,-0.3001928754352736,0.0112291192358527,-0.1204,0.3227,-0.3062000000000004,-0.0184,-0.0054999999999999,0.0144,0.1,38.24396,-3777.1097470519003,-7257.6928620904855,GNSS_OUTAGE,False,5.702059005356677,8.290544750555553,-3762.7964042529125,-7218.797034636458,-3793.1705109616523,-7238.451989364452,-3793.1705109616523,-7238.451989364452,predicted_speed
6071975,-1.3317,-0.1464,10.6132,-0.0104,-0.0132,0.0131,52.412544,-1.527721,11.02,39.528,293.957,10.697423619264594,0.0213075104129975,0.9347516054151068,-0.0206683159636206,-0.3177000000000001,-0.089,0.9035000000000012,0.0166,0.0188999999999999,0.0115,0.099,47.346410000000006,-3777.1097470519003,-7257.6928620904855,GNSS_OUTAGE,False,5.699849325356677,8.146766555555553,-3763.240650034721,-7218.123880755688,-3794.3603682625762,-7237.923300397073,-3794.3603682625762,-7237.923300397073,predicted_speed
6072075,-0.9876,-0.0044,9.8588,0.0077,-0.0107,0.016,52.412544,-1.527721,11.02,39.323,294.125,9.908143648534775,0.0207311360036057,-0.7892799707298188,-0.0005763744093917,0.3441000000000001,0.142,-0.7544000000000004,0.0180999999999999,0.0025,0.0029,0.1,32.53627000000001,-3777.1097470519003,-7257.6928620904855,GNSS_OUTAGE,False,5.699427325356677,8.035946055555552,-3763.6835620268903,-7217.4533635991065,-3795.185213249071,-7237.553897396838,-3795.185213249071,-7237.553897396838,predicted_speed
6072175,-1.0757,-0.1445,9.785,-0.0058,-0.0269,-0.007,52.412544,-1.527721,11.02,39.294,293.925,9.845010702889054,0.0283945417290013,-0.0631329456457212,0.0076634057253955,-0.0881,-0.1401,-0.0738000000000003,-0.0135,-0.0162,-0.023,0.1,40.40427000000001,-3777.1097470519003,-7257.6928620904855,GNSS_OUTAGE,False,5.697655325356677,7.916315555555552,-3764.121050205678,-7216.7936025717845,-3796.2111192940615,-7237.098742771443,-3796.2111192940615,-7237.098742771443,predicted_speed
6072276,-1.2893,0.2374,9.576,-0.0053,-0.0094,0.0232,52.412952,-1.529004,8.1,39.334,294.341,9.665320959492242,0.0255869107162236,-0.1796897433968123,-0.0028076310127777,-0.2135999999999998,0.3819,-0.2089999999999996,0.0004999999999999,0.0175,0.0301999999999999,0.101,38.736290000000025,-3864.0013538989497,-7212.325332019783,GNSS_OUTAGE,False,5.695916105356677,7.773915150555552,-3764.556102377554,-7216.13998620071,-3797.2012830562726,-7236.650813418006,-3797.2012830562726,-7236.650813418006,predicted_speed
6072375,-0.914,-0.0848,9.9819,-0.0102,-0.0269,-0.0015,52.412952,-1.529004,8.1,38.833,294.595,10.024016891945063,0.0288079850041616,0.3586959324528234,0.0032210742879379,0.3752999999999998,-0.3222,0.405899999999999,-0.0049,-0.0175,-0.0247,0.099,39.05347,-3864.0013538989497,-7212.325332019783,GNSS_OUTAGE,False,5.693726225356676,7.671489255555552,-3764.978304596073,-7215.508677034828,-3798.1778147575146,-7236.203825375387,-3798.1778147575146,-7236.203825375387,predicted_speed
6072475,-1.0115,-0.1544,9.5118,-0.0084,-0.0141,-0.0035,52.412952,-1.529004,8.1,38.808,294.271,9.56667710597572,0.0167815374742602,-0.4573397859693457,-0.0120264475299013,-0.0975,-0.0696,-0.4701000000000004,0.0018,0.0128,-0.002,0.1,40.55409,-3864.0013538989497,-7212.325332019783,GNSS_OUTAGE,False,5.6916942253566765,7.558278755555552,-3765.3997537693954,-7214.88125662412,-3799.2047473304815,-7235.740773139581,-3799.2047473304815,-7235.740773139581,predicted_speed
6072575,-0.8599,0.0078,10.0396,0.0118,0.0224,0.0278,52.412952,-1.529004,8.1,38.786,294.713,10.076361298107567,0.037601063814738,0.5096841921318482,0.0208195263404777,0.1516,0.1622,0.5278000000000009,0.0202,0.0365,0.0313,0.1,41.86229000000001,-3864.0013538989497,-7212.325332019783,GNSS_OUTAGE,False,5.691682225356677,7.460228255555552,-3765.81574308402,-7214.261980477019,-3800.2610879640697,-7235.254620322512,-3800.2610879640697,-7235.254620322512,predicted_speed
6072675,-0.5754,0.307,9.6703,-0.0057,0.0121,0.0022,52.412952,-1.529004,8.1,38.606,294.2,9.692266827218493,0.0135550728511505,-0.3840944708890763,-0.0240459909635874,0.2845,0.2992,-0.3693000000000008,-0.0175,-0.0103,-0.0255999999999999,0.1,37.418350000000025,-3864.0013538989497,-7212.325332019783,GNSS_OUTAGE,False,5.689920225356676,7.390627755555552,-3766.228931753802,-7213.649208978518,-3801.209144345986,-7234.828546890474,-3801.209144345986,-7234.828546890474,predicted_speed
6072775,-0.9715,0.1899,10.27,0.0031,-0.0033,-0.002,52.412952,-1.529004,8.1,38.477,295.166,10.317595371984694,0.0049497474683058,0.6253285447662034,-0.0086053253828447,-0.3961,-0.1170999999999999,0.5997000000000003,0.0088,-0.0154,-0.0042,0.1,42.044540000000005,-3864.0013538989497,-7212.325332019783,GNSS_OUTAGE,False,5.6890382253566765,7.281417255555552,-3766.636547099359,-7213.0458516195995,-3802.266190278792,-7234.331904776251,-3802.266190278792,-7234.331904776251,predicted_speed
6072875,-0.9346,0.0657,10.788,0.0288,0.0268,0.0182,52.412952,-1.529004,8.1,38.365,294.541,10.828607373526848,0.0433465108169042,0.5110120015421522,0.0383967633485984,0.0369,-0.1242,0.5180000000000007,0.0257,0.0301,0.0202,0.1,49.11924999999997,-3864.0013538989497,-7212.325332019783,GNSS_OUTAGE,False,5.690726225356676,7.175896755555552,-3767.0372511043574,-7212.4505607303345,-3803.507357713792,-7233.765199218793,-3803.507357713792,-7233.765199218793,predicted_speed
6072975,-1.1505,0.0388,10.3475,0.0362,0.0032,-0.0156,52.412952,-1.529004,8.1,38.153,294.969,10.41133574235314,0.0395479455850743,-0.4172716311737066,-0.0037985652318299,-0.2159000000000001,-0.0268999999999999,-0.4405000000000001,0.0074,-0.0236,-0.0338,0.1,45.30157999999999,-3864.0013538989497,-7212.325332019783,GNSS_OUTAGE,False,5.693154225356676,7.0487862555555525,-3767.429436302318,-7211.86486059608,-3804.648122361006,-7233.234003159814,-3804.648122361006,-7233.234003159814,predicted_speed
6073076,-0.8466,-0.0795,10.4253,0.0398,-0.0082,-0.0097,52.412952,-1.529004,8.1,38.027,294.948,10.459920262602388,0.0417776255907393,0.048584520249248,0.002229680005665,0.3039,-0.1183,0.0777999999999998,0.0035999999999999,-0.0114,0.0058999999999999,0.101,44.34842999999998,-3864.0013538989497,-7212.325332019783,GNSS_OUTAGE,False,5.695970105356676,6.951098550555552,-3767.818409569633,-7211.280404113617,-3805.7762452560096,-7232.709196768689,-3805.7762452560096,-7232.709196768689,predicted_speed
6073176,-1.0068,0.3614,9.9449,0.0051,-0.0183,-0.0172,52.412952,-1.529004,8.1,37.987,295.33,10.002264354135018,0.0256269389510335,-0.4576559084673697,-0.0161506866397058,-0.1601999999999999,0.4409,-0.4803999999999995,-0.0347,-0.0101,-0.0075,0.1,31.02774,-3864.0013538989497,-7212.325332019783,GNSS_OUTAGE,False,5.695288105356676,6.838358050555552,-3768.1976734506934,-7210.711378352514,-3806.555264465776,-7232.340456917098,-3806.555264465776,-7232.340456917098,predicted_speed
6073276,-1.0773,0.5106,9.892,0.0221,0.0133,-0.0003,52.412952,-1.529004,8.1,37.454,294.894,9.963581266291753,0.0257951545837585,-0.0386830878432657,0.000168215632725,-0.0705,0.1492,-0.052900000000001,0.017,0.0316,0.0169,0.1,34.40583000000001,-3864.0013538989497,-7212.325332019783,GNSS_OUTAGE,False,5.696306105356676,6.718567550555552,-3768.5697242870524,-7210.15194142624,-3807.422184437069,-7231.938156403577,-3807.422184437069,-7231.938156403577,predicted_speed
6073376,-1.0115,0.3213,9.5262,-0.0079,-0.0079,-0.0032,52.412952,-1.529004,8.1,37.501,295.6,9.585137055879796,0.0116215317406958,-0.3784442104119581,-0.0141736228430627,0.0657999999999998,-0.1893,-0.3658000000000001,-0.03,-0.0212,-0.0029,0.1,45.43234,-3864.0013538989497,-7212.325332019783,GNSS_OUTAGE,False,5.694324105356676,6.605357050555552,-3768.9365953218407,-7209.602657290763,-3808.5603056026994,-7231.392860107779,-3808.5603056026994,-7231.392860107779,predicted_speed
6073475,-1.1108,0.3229,9.6161,-0.012,0.015,-0.0027,52.412952,-1.529004,8.1,37.145,295.373,9.685428243500644,0.0193981957923926,0.1002911876208507,0.0077766640516968,-0.0992999999999999,0.0016,0.0899,-0.0040999999999999,0.0229,0.0005,0.099,44.261840000000014,-3864.0013538989497,-7212.325332019783,GNSS_OUTAGE,False,5.691956025356676,6.483447955555552,-3769.294357323644,-7209.069747974267,-3809.660091774956,-7230.871278210131,-3809.660091774956,-7230.871278210131,predicted_speed
6073576,-1.2931,0.2434,9.8776,-0.0262,-0.0086,0.0001,52.412952,-1.529004,8.1,36.472,295.593,9.964854887553557,0.0275755326331151,0.2794266440529096,0.0081773368407225,-0.1822999999999999,-0.0795,0.2614999999999998,-0.0142,-0.0236,0.0028,0.101,32.36843000000001,-3864.0013538989497,-7212.325332019783,GNSS_OUTAGE,False,5.688105905356676,6.340663750555552,-3769.6533531851314,-7208.539424349687,-3810.4791067084084,-7230.478995027442,-3810.4791067084084,-7230.478995027442,predicted_speed
6073675,-1.5294,0.1161,9.9382,-0.019,-0.0011,0.0088,52.412952,-1.529004,8.1,36.493,295.971,10.05586211172369,0.0209678325060078,0.0910072241701343,-0.0066077001271073,-0.2363000000000001,-0.1273,0.0606000000000008,0.0072,0.0075,0.0087,0.099,27.663870000000003,-3864.0013538989497,-7212.325332019783,GNSS_OUTAGE,False,5.685044825356676,6.177313255555552,-3769.997723390589,-7208.034045806856,-3811.1630387626037,-7230.145847487419,-3811.1630387626037,-7230.145847487419,predicted_speed
6073775,-1.4521,0.3828,9.8485,-0.0142,-0.0176,-0.0083,52.412952,-1.529004,8.1,36.148,296.321,9.962333185554476,0.0240892092024624,-0.0935289261692133,0.0031213766964545,0.0773000000000001,0.2667,-0.0897000000000005,0.0047999999999999,-0.0165,-0.0171,0.1,32.072399999999995,-3864.0013538989497,-7212.325332019783,GNSS_OUTAGE,False,5.682432825356676,6.020042755555552,-3770.3380143522463,-7207.537446160057,-3811.96157379291,-7229.750822658612,-3811.96157379291,-7229.750822658612,predicted_speed
6073876,-1.3265,0.4087,9.8274,0.0104,-0.0141,-0.0039,52.412952,-1.529004,8.1,35.86,296.543,9.924939732814504,0.0179493732481109,-0.0373934527399733,-0.0061398359543514,0.1255999999999999,0.0259,-0.0210999999999987,0.0246,0.0035,0.0044,0.101,19.701549999999987,-3864.0013538989497,-7212.325332019783,GNSS_OUTAGE,False,5.682279305356676,5.873885150555552,-3770.6734389789926,-7207.048109266628,-3812.4560527265553,-7229.503821030975,-3812.4560527265553,-7229.503821030975,predicted_speed
6073975,-1.3067,0.412,9.9424,-0.0096,-0.0029,0.0098,52.412952,-1.529004,8.1,35.172,296.125,10.036360229186672,0.0140217687899922,0.1114204963721707,-0.0039276044581186,0.0198,0.0032999999999999,0.1149999999999984,-0.0199999999999999,0.0112,0.0137,0.099,22.900330000000007,-3864.0013538989497,-7212.325332019783,GNSS_OUTAGE,False,5.680148825356676,5.732581955555552,-3770.9953088510374,-7206.58068536099,-3813.0214727998114,-7229.2265186088725,-3813.0214727998114,-7229.2265186088725,predicted_speed
6074075,-1.6125,-0.0872,9.8639,-0.0253,-0.0441,-0.0284,52.412952,-1.529004,8.1,34.884,296.381,9.99521301924076,0.0582362430106888,-0.0411472099459135,0.0442144742206965,-0.3058,-0.4992,-0.0785,-0.0157,-0.0412,-0.0382,0.1,37.43914000000001,-3864.0013538989497,-7212.325332019783,GNSS_OUTAGE,False,5.6764268253566765,5.559271455555551,-3771.312302707307,-7206.123990839178,-3813.953144922632,-7228.764417573123,-3813.953144922632,-7228.764417573123,predicted_speed
6074175,-1.5036,0.2368,9.9644,0.0059,-0.0111,-0.0092,52.412952,-1.529004,8.1,34.535,296.808,10.079987825389471,0.0155775479456813,0.0847748061487134,-0.0426586950650074,0.1089,0.324,0.1005000000000002,0.0312,0.033,0.0192,0.1,26.38875,-3864.0013538989497,-7212.325332019783,GNSS_OUTAGE,False,5.675824825356677,5.396850955555552,-3771.6203020659464,-7205.680824507602,-3814.6073827698447,-7228.433823590457,-3814.6073827698447,-7228.433823590457,predicted_speed
6074276,-1.314,0.3923,9.7814,-0.0029,-0.0236,-0.0072,52.412952,-1.529004,8.1,34.247,296.967,9.877058329786252,0.0248437114779575,-0.2029294956032199,0.0092661635322762,0.1896,0.1554999999999999,-0.1829999999999998,-0.0087999999999999,-0.0124999999999999,0.002,0.101,34.35589999999999,-3864.0013538989497,-7212.325332019783,GNSS_OUTAGE,False,5.674328005356677,5.251955850555552,-3771.923681180507,-7205.245697277355,-3815.466452559631,-7227.996728730719,-3815.466452559631,-7227.996728730719,predicted_speed
6074375,-1.3859,0.267,10.0191,-0.007,-0.0115,0.0061,52.412952,-1.529004,8.1,33.624,297.131,10.11802216937678,0.0147803924169827,0.2409638395905275,-0.0100633190609748,-0.0718999999999998,-0.1252999999999999,0.2377000000000002,-0.0041,0.0121,0.0133,0.099,32.20134999999999,-3864.0013538989497,-7212.325332019783,GNSS_OUTAGE,False,5.672454925356677,5.102811855555552,-3772.2133837831993,-7204.831840307802,-3816.254550670443,-7227.59290034206,-3816.254550670443,-7227.59290034206,predicted_speed
6074475,-1.736,0.0076,9.9827,-0.0027,-0.0309,-0.0133,52.412952,-1.529004,8.1,33.134,297.413,10.132524515144288,0.0337489259088344,0.0145023457675073,0.0189685334918517,-0.3501000000000001,-0.2594,-0.0364000000000004,0.0043,-0.0194,-0.0194,0.1,36.24986,-3864.0013538989497,-7212.325332019783,GNSS_OUTAGE,False,5.670992925356677,4.917151355555552,-3772.4959543092796,-7204.429425506477,-3817.1484228238487,-7227.129303690013,-3817.1484228238487,-7227.129303690013,predicted_speed
6074576,-1.5205,0.1066,9.9123,0.0036,-0.0113,0.0056,52.412952,-1.529004,8.1,33.034,297.555,10.028807262082566,0.0131152582894886,-0.1037172530617223,-0.0206336676193458,0.2155,0.099,-0.0703999999999993,0.0063,0.0196,0.0189,0.101,31.58403,-3864.0013538989497,-7212.325332019783,GNSS_OUTAGE,False,5.670152605356677,4.751399750555552,-3772.7720600852736,-7204.036919032548,-3817.9340166566694,-7226.719390472175,-3817.9340166566694,-7226.719390472175,predicted_speed
6074675,-1.3843,0.2267,9.839,-0.0125,-0.0314,-0.0265,52.412952,-1.529004,8.1,32.4,297.47900000000004,9.938490850224698,0.0429471768571579,-0.0903164118578683,0.0298319185676692,0.1361999999999998,0.1201,-0.0732999999999997,-0.0161,-0.0201,-0.0321,0.099,33.86374999999999,-3864.0013538989497,-7212.325332019783,GNSS_OUTAGE,False,5.667735025356676,4.602414155555552,-3773.0351124376693,-7203.664883604805,-3818.760205816494,-7226.289688418409,-3818.760205816494,-7226.289688418409,predicted_speed
6074775,-1.3146,0.4163,9.822,0.0051,0.0,0.0074,52.412952,-1.529004,8.1,31.594,298.337,9.918324598943109,0.0089872131386765,-0.020166251281589,-0.0339599637184813,0.0697000000000001,0.1896,-0.0170000000000012,0.0176,0.0314,0.0339,0.1,13.54405,-3864.0013538989497,-7212.325332019783,GNSS_OUTAGE,False,5.667053025356676,4.458893655555552,-3773.292784308513,-7203.300984534607,-3819.0913469349557,-7226.1111113615925,-3819.0913469349557,-7226.1111113615925,predicted_speed
6074876,-1.3776,0.5996,9.5858,0.0099,0.0015,0.025,52.412952,-1.529004,8.1,31.756,298.2,9.702827606424842,0.0269306516816804,-0.2154969925182666,0.0179434385430039,-0.0629999999999999,0.1833,-0.2361999999999984,0.0048,0.0015,0.0176,0.101,36.49988999999999,-3864.0013538989497,-7212.325332019783,GNSS_OUTAGE,False,5.666849005356676,4.307574950555551,-3773.544273438456,-7202.94597068606,-3819.9938234307215,-7225.6272077103,-3819.9938234307215,-7225.6272077103,predicted_speed
6074975,-1.6286,0.2289,10.201,-0.0103,0.0066,0.0021,52.412952,-1.529004,8.1,30.762,298.627,10.332721527748632,0.012412090879461,0.6298939213237897,-0.0145185608022194,-0.2510000000000001,-0.3707,0.6151999999999997,-0.0202,0.0051,-0.0229,0.099,37.66570999999998,-3864.0013538989497,-7212.325332019783,GNSS_OUTAGE,False,5.664649225356676,4.134403655555551,-3773.781606670891,-7202.612497587851,-3820.9030106080245,-7225.130946821586,-3820.9030106080245,-7225.130946821586,predicted_speed
6075075,-1.5288,0.4805,9.8518,0.008,-0.0068,-0.0181,52.412952,-1.529004,8.1,30.755,297.895,9.981286136064831,0.0209248655909661,-0.3514353916838004,0.0085127747115051,0.0998000000000001,0.2516,-0.3491999999999997,0.0183,-0.0133999999999999,-0.0202,0.1,30.32552999999999,-3864.0013538989497,-7212.325332019783,GNSS_OUTAGE,False,5.6642572253566765,3.969463155555551,-3774.011900004261,-7202.289184491861,-3821.64750781237,-7224.736839022494,-3821.64750781237,-7224.736839022494,predicted_speed
6075175,-1.1975,0.4359,9.6441,0.0052,0.0064,0.0076,52.412952,-1.529004,8.1,30.006,297.921,9.727932970061008,0.0112142766151009,-0.2533531660038228,-0.0097105889758652,0.3312999999999999,-0.0445999999999999,-0.2077000000000008,-0.0028,0.0132,0.0257,0.1,34.86312999999999,-3864.0013538989497,-7212.325332019783,GNSS_OUTAGE,False,5.663585225356677,3.837652655555551,-3774.2347561893575,-7201.976757060589,-3822.5031982227215,-7224.28337264442,-3822.5031982227215,-7224.28337264442,predicted_speed
6075276,-1.4032,0.3783,9.9738,-0.0049,-0.0035,0.0021,52.412952,-1.529004,8.1,29.38,298.502,10.079125337547897,0.006377303505401,0.3511923674868882,-0.0048369731096999,-0.2057,-0.0575999999999999,0.3297000000000007,-0.0101,-0.0099,-0.0055,0.101,22.65753999999999,-3864.0013538989497,-7212.325332019783,GNSS_OUTAGE,False,5.661886405356677,3.683748350555551,-3774.4513284466884,-7201.6742276457535,-3823.0618251963874,-7223.980037696311,-3823.0618251963874,-7223.980037696311,predicted_speed
6075375,-1.4311,0.5994,9.8202,-0.0035,0.0225,0.0175,52.412952,-1.529004,8.1,29.142,298.945,9.942014665549433,0.0287184609615487,-0.1371106719984638,0.0223411574561477,-0.0279,0.2211,-0.1536000000000008,0.0013999999999999,0.026,0.0154,0.099,36.510180000000005,-3864.0013538989497,-7212.325332019783,GNSS_OUTAGE,False,5.660359825356677,3.530129555555551,-3774.6551931152553,-7201.390365984765,-3823.940436431853,-7223.494117499766,-3823.940436431853,-7223.494117499766,predicted_speed
6075475,-1.5308,0.1657,10.0956,-0.0124,0.0106,0.0154,52.412952,-1.529004,8.1,28.796,299.207,10.212342752277754,0.0224339029150079,0.2703280867283215,-0.0062845580465408,-0.0996999999999999,-0.4337000000000001,0.2753999999999994,-0.0089,-0.0118999999999999,-0.0021,0.1,34.07472,-3864.0013538989497,-7212.325332019783,GNSS_OUTAGE,False,5.657927825356677,3.364989055555551,-3774.852147964468,-7201.117528485855,-3824.766618214547,-7223.032247634605,-3824.766618214547,-7223.032247634605,predicted_speed
6075576,-1.2054,0.2506,10.2395,0.0061,0.0161,-0.0017,52.412952,-1.529004,8.1,27.889,298.111,10.31325117361155,0.0173005780250256,0.1009084213337949,-0.0051333248899822,0.3253999999999999,0.0849,0.1439000000000003,0.0185,0.0055,-0.0171,0.101,43.38841999999999,-3864.0013538989497,-7212.325332019783,GNSS_OUTAGE,False,5.657340005356677,3.231062550555551,-3775.0433106778537,-7200.853042452436,-3825.8403090034117,-7222.458685214074,-3825.8403090034117,-7222.458685214074,predicted_speed
6075675,-1.087,0.1224,9.8487,0.0009,0.0099,-0.0034,52.412952,-1.529004,8.1,27.698,298.396,9.909260439104424,0.0105061886524086,-0.4039907345071256,-0.006794389372617,0.1184,-0.1281999999999999,-0.3908000000000005,-0.0052,-0.0061999999999999,-0.0017,0.099,28.243369999999995,-3864.0013538989497,-7212.325332019783,GNSS_OUTAGE,False,5.6562490253566775,3.111509655555551,-3775.224027085218,-7200.60358326439,-3826.523551394818,-7222.089319073253,-3826.523551394818,-7222.089319073253,predicted_speed
6075775,-1.0462,0.4158,9.8563,-0.0074,-0.0103,-0.014,52.412952,-1.529004,8.1,27.245,298.508,9.920386775222022,0.0188904737897174,0.0111263361175986,0.0083842851373087,0.0407999999999999,0.2934,0.0076,-0.0083,-0.0202,-0.0106,0.1,25.982439999999997,-3864.0013538989497,-7212.325332019783,GNSS_OUTAGE,False,5.6543170253566775,2.994829155555551,-3775.400191897106,-7200.361393306378,-3827.1577758844246,-7221.744848602703,-3827.1577758844246,-7221.744848602703,predicted_speed
6075875,-1.355,0.3464,9.9623,-0.0114,0.0423,0.0121,52.412952,-1.529004,8.1,26.773000000000003,300.011,10.059992010434204,0.0454495324508404,0.1396052352121817,0.026559058661123,-0.3087999999999999,-0.0694,0.1060000000000016,-0.004,0.0525999999999999,0.0260999999999999,0.1,41.4358,-3864.0013538989497,-7212.325332019783,GNSS_OUTAGE,False,5.6519850253566775,2.847268655555551,-3775.5682132619,-7200.131527674014,-3828.1544558070236,-7221.169160021064,-3828.1544558070236,-7221.169160021064,predicted_speed
6075975,-1.2508,0.5378,9.5659,-0.0036,0.0034,-0.007,52.412952,-1.529004,8.1,26.471,299.241,9.662306778921891,0.0085743804440904,-0.3976852315123107,-0.03687515200675,0.1042,0.1913999999999999,-0.3964000000000016,0.0078,-0.0389,-0.0191,0.1,39.29363000000001,-3864.0013538989497,-7212.325332019783,GNSS_OUTAGE,False,5.650433025356677,2.7101281555555508,-3775.728481146685,-7199.912982138023,-3829.1068599941796,-7220.635984554632,-3829.1068599941796,-7220.635984554632,predicted_speed
6076075,-0.9846,0.0693,10.0215,0.001,-0.0031,-0.0076,52.412952,-1.529004,8.1,25.837,297.386,10.069990163848225,0.0082686153617156,0.4076833849263312,-0.0003057650823747,0.2661999999999999,-0.4684999999999999,0.4556000000000004,0.0046,-0.0065,-0.0005999999999999,0.1,28.34356,-3864.0013538989497,-7212.325332019783,GNSS_OUTAGE,False,5.649341025356677,2.599607655555551,-3775.882442047645,-7199.703517008219,-3829.8059443014995,-7220.273830356451,-3829.8059443014995,-7220.273830356451,predicted_speed
6076176,-1.2111,0.3333,9.9237,-0.0049,0.0078,-0.008,52.412952,-1.529004,8.1,25.34,298.747,10.0028832738366,0.0122004098291819,-0.0671068900116242,0.0039317944674663,-0.2265,0.264,-0.0977999999999994,-0.0059,0.0109,-0.0004,0.101,22.506339999999987,-3864.0013538989497,-7212.325332019783,GNSS_OUTAGE,False,5.647642205356678,2.465105450555551,-3776.030237644455,-7199.50315399739,-3830.359549912821,-7219.970149627835,-3830.359549912821,-7219.970149627835,predicted_speed
6076275,-1.2902,0.3334,10.0283,0.0038,0.0186,0.0065,52.412952,-1.529004,8.1,24.689,298.723,10.11645058753316,0.0200661406354086,0.1135673136965582,0.0078657308062267,-0.0790999999999999,9.9999999999989e-05,0.1045999999999995,0.0087,0.0107999999999999,0.0144999999999999,0.099,31.86215,-3864.0013538989497,-7212.325332019783,GNSS_OUTAGE,False,5.646838325356677,2.325435755555551,-3776.167047396872,-7199.317996001244,-3831.1279444131023,-7219.5490649300955,-3831.1279444131023,-7219.5490649300955,predicted_speed
6076375,-0.7877,0.1946,10.0881,0.0037,0.001,-0.0058,52.412952,-1.529004,8.1,24.602,298.958,10.120676956607202,0.0069519781357538,0.0042263690740433,-0.0131141624996548,0.5025000000000001,-0.1387999999999999,0.0598000000000009,-9.999999999999984e-05,-0.0175999999999999,-0.0122999999999999,0.1,34.709329999999994,-3864.0013538989497,-7212.325332019783,GNSS_OUTAGE,False,5.646016325356677,2.234605255555551,-3776.2999890474916,-7199.138382182143,-3831.971549719304,-7219.082254946934,-3831.971549719304,-7219.082254946934,predicted_speed
6076476,-0.8946,0.1317,9.9352,-0.0086,-0.0076,-0.0143,52.412952,-1.529004,8.1,24.109,298.224,9.976264485768208,0.0183360301046873,-0.1444124708389935,0.0113840519689334,-0.1069,-0.0628999999999999,-0.1529000000000007,-0.0123,-0.0086,-0.0085,0.101,34.0718,-3864.0013538989497,-7212.325332019783,GNSS_OUTAGE,False,5.6439438053566775,2.132069550555551,-3776.4284574846383,-7198.96556217122,-3832.8138012909226,-7218.630189280717,-3832.8138012909226,-7218.630189280717,predicted_speed
6076575,-0.9689,0.2712,9.9931,-0.0116,0.006,-0.0064,52.412952,-1.529004,8.1,23.486,298.849,10.043623064412564,0.0145437271701582,0.0673585786443542,-0.003792302934529,-0.0743,0.1394999999999999,0.0579,-0.0029999999999999,0.0136,0.0079,0.099,20.396220000000003,-3864.0013538989497,-7212.325332019783,GNSS_OUTAGE,False,5.641615325356677,2.024208555555551,-3776.548385655736,-7198.805012957874,-3833.305086976785,-7218.359555295836,-3833.305086976785,-7218.359555295836,predicted_speed
6076675,-1.0517,0.2257,10.0525,0.0048,0.0082,-0.0019,52.412952,-1.529004,8.1,23.432,299.373,10.109884748601242,0.0096896852374058,0.0662616841886798,-0.0048540419327524,-0.0828000000000001,-0.0454999999999999,0.0594000000000001,0.0163999999999999,0.0022,0.0045,0.1,37.34535,-3864.0013538989497,-7212.325332019783,GNSS_OUTAGE,False,5.640903325356677,1.906978055555551,-3776.6626182662167,-7198.652315335933,-3834.2090986517296,-7217.850732008816,-3834.2090986517296,-7217.850732008816,predicted_speed
6076775,-0.9784,0.4189,9.9914,0.0035,0.0174,0.0076,52.412952,-1.529004,8.1,22.471,299.353,10.047926041228608,0.0193072525233395,-0.0619587073726339,0.0096175672859337,0.0733,0.1931999999999999,-0.0610999999999997,-0.0012999999999999,0.0091999999999999,0.0095,0.1,34.59816000000001,-3864.0013538989497,-7212.325332019783,GNSS_OUTAGE,False,5.640061325356678,1.7970775555555512,-3776.7703886937707,-7198.5085084781285,-3835.0467741252005,-7217.379631037956,-3835.0467741252005,-7217.379631037956,predicted_speed
6076876,-0.9934,0.2462,9.9843,-0.0009,0.0141,0.0034,52.412952,-1.529004,8.1,22.097,299.323,10.036618179944876,0.0145320335810236,-0.0113078612837327,-0.0047752189423158,-0.0149999999999999,-0.1727,-0.0071000000000012,-0.0044,-0.0032999999999999,-0.0042,0.101,23.74264999999999,-3864.0013538989497,-7212.325332019783,GNSS_OUTAGE,False,5.638766505356678,1.6845630505555511,-3776.872598081302,-7198.372489523198,-3835.627540105157,-7217.053413748641,-3835.627540105157,-7217.053413748641,predicted_speed
6076976,-1.0506,0.3575,9.9486,0.0011,0.0038,0.0055,52.412952,-1.529004,8.1,21.398000000000003,299.186,10.010305118726402,0.0067749538743817,-0.0263130612184738,-0.0077570797066419,-0.0572,0.1112999999999999,-0.0356999999999985,0.002,-0.0103,0.0021,0.1,20.756169999999997,-3864.0013538989497,-7212.325332019783,GNSS_OUTAGE,False,5.6376845053566775,1.5674425505555512,-3776.966895198448,-7198.247282433978,-3836.1309010152727,-7216.7722562339295,-3836.1309010152727,-7216.7722562339295,predicted_speed
6077075,-0.9876,0.2872,9.8538,0.0028,0.0026,0.0021,52.412952,-1.529004,8.1,20.725,299.161,9.907331226924835,0.0043600458713183,-0.1029738918015645,-0.0024149080030634,0.0629999999999999,-0.0702999999999999,-0.0948000000000011,0.0017,-0.0012,-0.0034,0.099,19.484680000000004,-3864.0013538989497,-7212.325332019783,GNSS_OUTAGE,False,5.636781625356678,1.4577302555555511,-3777.053819118951,-7198.132082015134,-3836.59881554437,-7216.5111654657985,-3836.59881554437,-7216.5111654657985,predicted_speed
6077176,-0.9109,0.3681,9.991,0.0054,0.0182,0.0077,52.412952,-1.529004,8.1,20.106,299.601,10.039189081793408,0.0204863369102433,0.1318578548685707,0.016126291038925,0.0766999999999999,0.0808999999999999,0.1372,0.0026,0.0156,0.0056,0.101,35.4611,-3864.0013538989497,-7212.325332019783,GNSS_OUTAGE,False,5.636123105356678,1.3535482505555512,-3777.136233087005,-7198.023008108073,-3837.463850831656,-7216.019737058444,-3837.463850831656,-7216.019737058444,predicted_speed
6077278,0.0255,0.1682,10.06,-0.0059,-0.0093,-0.0101,52.412952,-1.529004,8.1,19.505,299.209,10.06143834101268,0.0149435604860421,0.0222492592192722,-0.0055427764242012,0.9364,-0.1999,0.0690000000000008,-0.0113,-0.0275,-0.0178,0.102,13.08878,-3864.0013538989497,-7212.325332019783,GNSS_OUTAGE,False,5.634305465356678,1.3438475405555512,-3777.2190651848505,-7197.9137940985365,-3837.787544484229,-7215.838764057633,-3837.787544484229,-7215.838764057633,predicted_speed
6077376,1.0148,-0.2612,9.7695,0.0244,0.0082,0.0031,52.412952,-1.529004,8.1,18.954,299.741,9.825536867265829,0.0259270129401749,-0.2359014737468516,0.0109834524541328,0.9893,-0.4294,-0.2904999999999997,0.0303,0.0175,0.0132,0.098,17.189759999999996,-3864.0013538989497,-7212.325332019783,GNSS_OUTAGE,False,5.635528505356678,1.4314786505555512,-3777.303701786165,-7197.801916929009,-3838.193848916315,-7215.606626605972,-3838.193848916315,-7215.606626605972,predicted_speed
6077475,1.0186,-0.394,9.6911,0.0391,0.014,0.0101,52.412952,-1.529004,8.1,18.158,299.163,9.752445907053266,0.0427413149072416,-0.0730909602125624,0.0168143019670667,0.0038,-0.1328,-0.0784000000000002,0.0147,0.0058,0.0069999999999999,0.099,28.388510000000007,-3864.0013538989497,-7212.325332019783,GNSS_OUTAGE,False,5.638219325356678,1.5203801555555512,-3777.3941886618254,-7197.6816352433725,-3838.8755710463934,-7215.22620252123,-3838.8755710463934,-7215.22620252123,predicted_speed
6077575,0.6191,-0.2944,9.6556,-0.0083,0.0123,0.0013,52.412952,-1.529004,8.1,17.611,299.493,9.6799053471612,0.014895301272549,-0.0725405598920652,-0.0278460136346926,-0.3994999999999999,0.0996,-0.0355000000000007,-0.0474,-0.0017,-0.0087999999999999,0.1,15.801749999999997,-3864.0013538989497,-7212.325332019783,GNSS_OUTAGE,False,5.636197325356678,1.5702296555555513,-3777.4888398828475,-7197.556346145399,-3839.2576292036983,-7215.010106030414,-3839.2576292036983,-7215.010106030414,predicted_speed
6077675,0.5308,-0.1764,9.8293,-0.012,0.0022,-0.0095,52.412952,-1.529004,8.1,16.87,299.345,9.845202084772051,0.0154625353677849,0.165296737610852,0.0005672340952359,-0.0882999999999999,0.118,0.1737000000000002,-0.0037,-0.0101,-0.0108,0.1,7.495580000000003,-3864.0013538989497,-7212.325332019783,GNSS_OUTAGE,False,5.633805325356677,1.6112491555555513,-3777.5862709435582,-7197.428016776892,-3839.439123147575,-7214.90806886179,-3839.439123147575,-7214.90806886179,predicted_speed
6077776,0.5124,-0.1111,9.9038,0.0047,-0.0123,-0.0194,52.412952,-1.529004,8.1,16.43,300.483,9.91766864792326,0.0234465349252293,0.0724665631512078,0.0079839995574444,-0.0184,0.0653,0.0745000000000004,0.0167,-0.0145,-0.0099,0.101,15.597910000000004,-3864.0013538989497,-7212.325332019783,GNSS_OUTAGE,False,5.633076105356677,1.6508204505555513,-3777.687189901272,-7197.29529446372,-3839.8162448701933,-7214.686077882838,-3839.8162448701933,-7214.686077882838,predicted_speed
6077876,0.6922,-0.0935,9.9282,-0.0064,-0.0095,-0.0062,52.412952,-1.529004,8.1,15.630999999999998,299.461,9.95274024226494,0.0130249760076554,0.0350715943416801,-0.0104215589175739,0.1798,0.0176,0.0243999999999999,-0.0111,0.0028,0.0132,0.1,2.9441900000000016,-3864.0013538989497,-7212.325332019783,GNSS_OUTAGE,False,5.631244105356677,1.7079799505555513,-3777.790818275362,-7197.159525854688,-3839.887452614151,-7214.6458544397165,-3839.887452614151,-7214.6458544397165,predicted_speed
6077975,0.7544,-0.2397,9.8435,-0.0011,0.0044,-0.0039,52.412952,-1.529004,8.1,15.214,300.822,9.875275575901668,0.0059816385714952,-0.0774646663632729,-0.0070433374361601,0.0621999999999999,-0.1462,-0.0846999999999997,0.0053,0.0139,0.0023,0.099,7.851400000000002,-3864.0013538989497,-7212.325332019783,GNSS_OUTAGE,False,5.629955125356677,1.7707256555555513,-3777.8973587993873,-7197.020314318482,-3840.072871187358,-7214.5352262688375,-3840.072871187358,-7214.5352262688375,predicted_speed
6078075,0.5753,-0.2644,9.8383,0.0025,0.0222,0.0104,52.412952,-1.529004,8.1,14.314,300.551,9.858652257788588,0.0246424430607032,-0.0166233181130799,0.0186608044892079,-0.1790999999999999,-0.0247,-0.0052000000000003,0.0036,0.0178,0.0143,0.1,6.56989,-3864.0013538989497,-7212.325332019783,GNSS_OUTAGE,False,5.629013125356677,1.8161951555555513,-3778.007874735043,-7196.876189801495,-3840.23003336764,-7214.442462138805,-3840.23003336764,-7214.442462138805,predicted_speed
6078175,0.642,-0.1583,9.9124,0.0011,0.0134,0.0006,52.412952,-1.529004,8.1,13.86,299.992,9.934429860339243,0.0134584545918169,0.0757776025506551,-0.0111839884688862,0.0666999999999999,0.1061,0.0740999999999996,-0.0014,-0.0088,-0.0098,0.1,2.8539700000000017,-3864.0013538989497,-7212.325332019783,GNSS_OUTAGE,False,5.627931125356676,1.8683346555555513,-3778.1217237254577,-7196.728050842294,-3840.2986947493687,-7214.402833253134,-3840.2986947493687,-7214.402833253134,predicted_speed
6078276,0.8554,-0.1621,9.8362,-0.0003,0.0212,0.0091,52.412952,-1.529004,8.1,13.302,299.848,9.874655234994282,0.0230724944468516,-0.0597746253449607,0.0096140398550346,0.2134,-0.0037999999999999,-0.0762,-0.0014,0.0078,0.0085,0.101,10.954879999999998,-3864.0013538989497,-7212.325332019783,GNSS_OUTAGE,False,5.626696905356677,1.9425489505555513,-3778.2414706658806,-7196.5726349251745,-3840.5652702798507,-7214.249867290153,-3840.5652702798507,-7214.249867290153,predicted_speed
6078375,0.7006,-0.1382,9.881,-0.0025,-0.0051,-0.0098,52.412952,-1.529004,8.1,12.168,300.706,9.906770442480234,0.0113269589917152,0.0321152074859512,-0.0117455354551363,-0.1548,0.0239,0.0448000000000003,-0.0022,-0.0263,-0.0189,0.099,4.967240000000002,-3864.0013538989497,-7212.325332019783,GNSS_OUTAGE,False,5.625269325356677,1.9999684555555512,-3778.362539650711,-7196.415966280406,-3840.682718022515,-7214.180115287573,-3840.682718022515,-7214.180115287573,predicted_speed
6078475,0.7781,-0.2228,10.0001,-0.0097,-0.0196,-0.0131,52.412952,-1.529004,8.1,11.905,300.583,10.03280018040826,0.0254923517942146,0.1260297379280253,0.0141653928024993,0.0775,-0.0846,0.1190999999999995,-0.0072,-0.0144999999999999,-0.0033,0.1,13.266000000000004,-3864.0013538989497,-7212.325332019783,GNSS_OUTAGE,False,5.623107325356677,2.0657179555555514,-3778.489205025186,-7196.252786043771,-3840.9999571021326,-7213.992627644345,-3840.9999571021326,-7213.992627644345,predicted_speed
6078576,0.6473,-0.1856,9.884,0.0013,-0.0061,-0.0158,52.412952,-1.529004,8.1,11.196,299.374,9.90691176149258,0.0169864652002704,-0.1258884189156788,-0.0085058865939441,-0.1308,0.0372,-0.1160999999999994,0.011,0.0134999999999999,-0.0027,0.101,3.891080000000005,-3864.0013538989497,-7212.325332019783,GNSS_OUTAGE,False,5.622034705356676,2.1189141505555513,-3778.62061280584,-7196.083870632425,-3841.0950886958717,-7213.939080607195,-3841.0950886958717,-7213.939080607195,predicted_speed
6078675,0.681,-0.081,9.7713,0.0006,0.0065,-0.0066,52.412952,-1.529004,8.1,10.515999999999998,299.807,9.795336936011951,0.0092827797560859,-0.1115748254806288,-0.0077036854441844,0.0337,0.1045999999999999,-0.1127000000000002,-0.0007,0.0126,0.0092,0.099,8.154340000000005,-3864.0013538989497,-7212.325332019783,GNSS_OUTAGE,False,5.620914025356677,2.174393255555551,-3778.7529812715006,-7195.91411321616,-3841.289666579058,-7213.827613231333,-3841.289666579058,-7213.827613231333,predicted_speed
6078775,0.765,-0.2093,10.0173,-0.0023,0.0064,0.0057,52.412952,-1.529004,8.1,10.156,299.966,10.048648206599731,0.0088735562205916,0.2533112705877798,-0.0004092235354943,0.0839999999999999,-0.1283,0.2460000000000004,-0.0029,-9.99999999999994e-05,0.0123,0.1,10.38944,-3864.0013538989497,-7212.325332019783,GNSS_OUTAGE,False,5.619492025356677,2.2388327555555514,-3778.8909001591155,-7195.737755337083,-3841.5396832456036,-7213.683463791043,-3841.5396832456036,-7213.683463791043,predicted_speed
6078876,0.698,-0.2024,9.8623,0.0109,0.0216,0.0149,52.412952,-1.529004,8.1,9.198,299.766,9.889040957039262,0.0284144329522867,-0.1596072495604694,0.0195408767316951,-0.067,0.0069,-0.1550000000000011,0.0132,0.0152,0.0092,0.101,12.06372999999999,-3864.0013538989497,-7212.325332019783,GNSS_OUTAGE,False,5.619389005356677,2.2971496505555513,-3779.0338454854714,-7195.555008914291,-3841.8334822580346,-7213.515434958634,-3841.8334822580346,-7213.515434958634,predicted_speed
6078975,0.6474,-0.2056,9.8203,0.0025,0.0067,0.0023,52.412952,-1.529004,8.1,8.456,300.35400000000004,9.843764026529689,0.0075119904153293,-0.0452769305095728,-0.0209024425369574,-0.0505999999999999,-0.0032,-0.0419999999999998,-0.0084,-0.0149,-0.0126,0.099,1.1155800000000005,-3864.0013538989497,-7212.325332019783,GNSS_OUTAGE,False,5.618456425356677,2.3493023555555514,-3779.177312048579,-7195.371948170934,-3841.8599552957126,-7213.499931876021,-3841.8599552957126,-7213.499931876021,predicted_speed
6079076,0.7656,-0.2231,9.9698,0.0078,-0.0066,-0.0033,52.412952,-1.529004,8.1,8.262,300.093,10.001641315804122,0.0107373181009039,0.1578772892744329,0.0032253276855746,0.1181999999999999,-0.0174999999999999,0.1494999999999997,0.0052999999999999,-0.0133,-0.0056,0.101,14.37046000000001,-3864.0013538989497,-7212.325332019783,GNSS_OUTAGE,False,5.618040305356677,2.4144468505555516,-3779.327815376831,-7195.18007314807,-3842.2087841659104,-7213.297779786782,-3842.2087841659104,-7213.297779786782,predicted_speed
6079176,0.7748,-0.1673,9.8371,-0.0074,-0.0106,-0.0155,52.412952,-1.529004,8.1,7.272,301.219,9.868983774431896,0.0201834090282092,-0.132657541372227,0.0094460909273053,0.0092,0.0557999999999999,-0.1326999999999998,-0.0152,-0.004,-0.0121999999999999,0.1,19.42511000000001,-3864.0013538989497,-7212.325332019783,GNSS_OUTAGE,False,5.616108305356677,2.4798663505555516,-3779.481242780631,-7194.98524655099,-3842.67023436041,-7213.018106425393,-3842.67023436041,-7213.018106425393,predicted_speed
6079275,0.6637,-0.1179,9.7364,0.0013,-0.0051,-0.0075,52.412952,-1.529004,8.1,6.901,299.879,9.759707119580996,0.0091624232602516,-0.1092766548508983,-0.0110209857679576,-0.1111,0.0494,-0.1006999999999997,0.0087,0.0055,0.008,0.099,6.47559,-3864.0013538989497,-7212.325332019783,GNSS_OUTAGE,False,5.6150569253566776,2.533632755555552,-3779.636636230527,-7194.788349660623,-3842.824642753724,-7212.929392951942,-3842.824642753724,-7212.929392951942,predicted_speed
6079375,0.7226,-0.227,9.8843,-0.007,0.0155,0.0024,52.412952,-1.529004,8.1,6.516,299.392,9.913277270912983,0.0171758551461055,0.1535701513319889,0.0080134318858539,0.0589,-0.1091,0.1478999999999999,-0.0083,0.0206,0.0098999999999999,0.1,4.96374,-3864.0013538989497,-7212.325332019783,GNSS_OUTAGE,False,5.613164925356678,2.5938322555555517,-3779.7977137226685,-7194.585042751677,-3842.9447766156895,-7212.861723097412,-3842.9447766156895,-7212.861723097412,predicted_speed
6079476,0.8352,-0.2344,9.8661,0.0013,0.0213,0.0066,52.412952,-1.529004,8.1,5.267,300.085,9.90416233762351,0.0223369648788728,-0.0091149332894744,0.0051611097327673,0.1126,-0.0073999999999999,-0.0182000000000002,0.0083,0.0058,0.0042,0.101,5.254969999999997,-3864.0013538989497,-7212.325332019783,GNSS_OUTAGE,False,5.612092305356677,2.6660063505555516,-3779.9651551195484,-7194.374168611999,-3843.0723461963194,-7212.787818211483,-3843.0723461963194,-7212.787818211483,predicted_speed
6079575,0.62,-0.1284,9.7017,0.0029,0.016,0.0105,52.412952,-1.529004,8.1,5.058,300.938,9.722338682127877,0.0193561359780303,-0.1818236554956342,-0.0029808289008425,-0.2152,0.106,-0.1643999999999987,0.0015999999999999,-0.0052999999999999,0.0039,0.099,5.399029999999999,-3864.0013538989497,-7212.325332019783,GNSS_OUTAGE,False,5.611199325356678,2.7154464555555515,-3780.1325124300793,-7194.163786414795,-3843.1996953488792,-7212.711486556327,-3843.1996953488792,-7212.711486556327,predicted_speed
6079675,0.7786,-0.2047,9.9716,-0.0029,0.0021,-0.001,52.412952,-1.529004,8.1,4.651,298.797,10.004045512191556,0.0037175260590882,0.2817068300636798,-0.0156386099189421,0.1585999999999999,-0.0763,0.2698999999999998,-0.0058,-0.0139,-0.0115,0.1,6.799169999999998,-3864.0013538989497,-7212.325332019783,GNSS_OUTAGE,False,5.609717325356677,2.7812459555555513,-3780.3059788867913,-7193.9463866009755,-3843.3652045040926,-7212.620508413121,-3843.3652045040926,-7212.620508413121,predicted_speed
6079775,0.7896,-0.2857,9.8561,-0.0033,-0.0038,-0.0093,52.412952,-1.529004,8.1,3.892,298.362,9.891804681654405,0.0105744976240008,-0.1122408305371518,0.0068569715649126,0.011,-0.081,-0.1155000000000008,-0.0004,-0.0059,-0.0082999999999999,0.1,4.830710000000002,-3864.0013538989497,-7212.325332019783,GNSS_OUTAGE,False,5.608195325356678,2.848145455555551,-3780.4839565044563,-7193.724028122454,-3843.4832836721625,-7212.556764417082,-3843.4832836721625,-7212.556764417082,predicted_speed
6079875,0.7345,-0.1759,9.8026,-0.0013,-0.0016,-0.001,52.412952,-1.529004,8.1,3.4560000000000004,302.21,9.831652852903218,0.0022912878474779,-0.0601518287511861,-0.0082832097765229,-0.0550999999999999,0.1098,-0.0534999999999996,0.002,0.0021999999999999,0.0082999999999999,0.1,10.560919999999994,-3864.0013538989497,-7212.325332019783,GNSS_OUTAGE,False,5.606873325356678,2.9095349555555514,-3780.666070422462,-7193.497117440809,-3843.731494671699,-7212.400397101445,-3843.731494671699,-7212.400397101445,predicted_speed
6079976,0.8532,-0.2896,9.9475,0.0008,0.0167,0.0058,52.412952,-1.529004,8.1,3.168,299.636,9.988221796195756,0.0176966098448262,0.1565689432925374,0.0154053219973482,0.1186999999999999,-0.1137,0.1448999999999998,0.0021,0.0183,0.0068,0.101,6.22929,-3864.0013538989497,-7212.325332019783,GNSS_OUTAGE,False,5.605750205356678,2.9835270505555513,-3780.854946937064,-7193.262321386729,-3843.8833987200283,-7212.313977301337,-3843.8833987200283,-7212.313977301337,predicted_speed
6080075,0.6941,-0.2099,9.7651,0.0066,0.0085,0.0065,52.412952,-1.529004,8.1,2.012,301.66900000000004,9.791987072601762,0.0125721915352893,-0.196234723593994,-0.0051244183095369,-0.1590999999999999,0.0797,-0.1823999999999994,0.0058,-0.0081999999999999,0.0007,0.099,3.5126500000000016,-3864.0013538989497,-7212.325332019783,GNSS_OUTAGE,False,5.605223525356678,3.0403030555555515,-3781.0437299302675,-7193.027894504563,-3843.965612716697,-7212.263262331098,-3843.965612716697,-7212.263262331098,predicted_speed
6080175,0.8227,-0.3197,9.9422,-0.006,-0.0091,-0.0197,52.412952,-1.529004,8.1,1.901,299.806,9.981301729734454,0.0225144398109302,0.1893146571326927,0.0099422482756409,0.1285999999999999,-0.1097999999999999,0.1770999999999993,-0.0126,-0.0176,-0.0261999999999999,0.1,7.738399999999999,-3864.0013538989497,-7212.325332019783,GNSS_OUTAGE,False,5.603431525356678,3.1105125555555513,-3781.239257232393,-7192.785981384402,-3844.152132533865,-7212.156415484314,-3844.152132533865,-7212.156415484314,predicted_speed
6080276,0.664,-0.2652,9.8793,-0.0012,0.0179,0.0018,52.412952,-1.529004,8.1,0.994,296.617,9.905139854136335,0.0180302523554164,-0.0761618755981174,-0.0044841874555137,-0.1586999999999999,0.0544999999999999,-0.062899999999999,0.0048,0.027,0.0215,0.101,1.3791,-3864.0013538989497,-7212.325332019783,GNSS_OUTAGE,False,5.602106405356678,3.1653954505555513,-3781.440553560021,-7192.537604578988,-3844.186723486221,-7212.139080786775,-3844.186723486221,-7212.139080786775,predicted_speed
6080375,0.8506,-0.2886,9.8888,-0.0036,0.0081,-0.007,52.412952,-1.529004,8.1,0.389,296.617,9.929510348451226,0.0112946890174099,0.0243704943148888,-0.0067355633380065,0.1866,-0.0234,0.0094999999999991,-0.0024,-0.0098,-0.0088,0.099,3.12725,-3864.0013538989497,-7212.325332019783,GNSS_OUTAGE,False,5.600569925356678,3.2376649555555512,-3781.642751005959,-7192.288898077059,-3844.263608763101,-7212.100550971053,-3844.263608763101,-7212.100550971053,predicted_speed
6080476,0.6538,-0.2194,9.8214,-0.0039,-0.0019,-0.0104,52.412952,-1.529004,8.1,0.0969999999999999,296.617,9.845582195076124,0.0112685402781371,-0.0839281533751012,-2.6148739272726512e-05,-0.1967999999999999,0.0692,-0.0673999999999992,-0.0002999999999999,-0.01,-0.0033999999999999,0.101,4.9784700000000015,-3864.0013538989497,-7212.325332019783,GNSS_OUTAGE,False,5.598972105356678,3.2915176505555515,-3781.8528762721926,-7192.031282260955,-3844.388480069443,-7212.037973731073,-3844.388480069443,-7212.037973731073,predicted_speed
6080575,0.9073,-0.263,9.8873,0.0005,0.0235,0.0068,52.412952,-1.529004,8.1,0.248,296.617,9.932324178156891,0.0244691642685237,0.0867419830807669,0.0132006239903865,0.2534999999999999,-0.0436,0.0658999999999991,0.0043999999999999,0.0254,0.0172,0.099,8.034519999999995,-3864.0013538989497,-7212.325332019783,GNSS_OUTAGE,False,5.597841525356678,3.3694004555555517,-3782.064006211219,-7191.773031367212,-3844.586013459737,-7211.938983060353,-3844.586013459737,-7211.938983060353,predicted_speed
6080676,0.7823,-0.1291,9.8548,-0.0046,-0.0061,-0.0082,52.412952,-1.529004,8.1,0.173,296.617,9.886644685635265,0.011207586716149,-0.0456794925216286,-0.0132615775523747,-0.125,0.1339,-0.0325000000000006,-0.0051,-0.0296,-0.015,0.101,5.572220000000002,-3864.0013538989497,-7212.325332019783,GNSS_OUTAGE,False,5.596173005356678,3.436231650555552,-3782.284121725142,-7191.504704355206,-3844.7257773612223,-7211.868942636656,-3844.7257773612223,-7211.868942636656,predicted_speed
6080775,0.7801,-0.2171,9.7845,0.001,0.0068,0.0025,52.412952,-1.529004,8.1,0.104,296.617,9.817949310828611,0.0073136858012906,-0.0686953748066514,-0.0038939009148584,-0.0021999999999999,-0.088,-0.0702999999999995,0.0056,0.0129,0.0107,0.099,4.092870000000001,-3864.0013538989497,-7212.325332019783,GNSS_OUTAGE,False,5.595091925356678,3.501521655555552,-3782.5042676085195,-7191.2369312069095,-3844.8264029726006,-7211.818515735426,-3844.8264029726006,-7211.818515735426,predicted_speed
6080875,0.8778,-0.2625,9.838,-0.0001,0.0112,0.0023,52.412952,-1.529004,8.1,0.054,296.617,9.88057099007947,0.0114341593481987,0.0626216792508582,0.004120473546908,0.0977,-0.0454,0.0534999999999996,-0.0011,0.0044,-0.0002,0.1,3.4908500000000005,-3864.0013538989497,-7212.325332019783,GNSS_OUTAGE,False,5.593889925356678,3.577241155555552,-3782.731777853105,-7190.96087753195,-3844.91309448402,-7211.77507168352,-3844.91309448402,-7211.77507168352,predicted_speed
6080975,0.6616,-0.2219,9.8435,-0.0015,0.0106,-0.0002,52.412952,-1.529004,8.1,0.086,296.617,9.868203809204593,0.0107074740251844,-0.012367180874877,-0.0007266853230142,-0.2162,0.0406,0.0055000000000013,-0.0014,-0.0005999999999999,-0.0025,0.1,2.85,-3864.0013538989497,-7212.325332019783,GNSS_OUTAGE,False,5.592547925356678,3.631340655555552,-3782.963104649785,-7190.680959217607,-3844.9838711738075,-7211.739603087638,-3844.9838711738075,-7211.739603087638,predicted_speed
6081075,0.7477,-0.3069,9.8495,0.0011,-0.0095,-0.0126,52.412952,-1.529004,8.1,0.036,296.617,9.882605585067129,0.0158183437818249,0.0144017758625363,0.0051108697566404,0.0861,-0.085,0.0060000000000002,0.0026,-0.0201,-0.0124,0.1,2.198070000000001,-3864.0013538989497,-7212.325332019783,GNSS_OUTAGE,False,5.591465925356678,3.694050155555552,-3783.1987341852464,-7190.396461787855,-3845.038457882061,-7211.712247839726,-3845.038457882061,-7211.712247839726,predicted_speed
6081175,0.8588,-0.3231,9.9129,0.003,0.0057,-0.0012,52.412952,-1.529004,8.1,0.047,296.617,9.9552758605676,0.0065520989003524,0.0726702755004726,-0.0092662448814724,0.1110999999999999,-0.0161999999999999,0.0633999999999996,0.0019,0.0152,0.0114,0.1,1.2946200000000003,-3864.0013538989497,-7212.325332019783,GNSS_OUTAGE,False,5.5905739253566775,3.7678696555555518,-3783.4393311356334,-7190.106493643264,-3845.0706083796513,-7211.696136136708,-3845.0706083796513,-7211.696136136708,predicted_speed
6081275,0.8874,-0.257,9.8837,0.002,0.0071,0.0025,52.413055,-1.529287,0.0,0.0579999999999999,296.617,9.9267846481124,0.0077884529914483,-0.0284912124552025,0.0012363540910958,0.0285999999999999,0.0660999999999999,-0.0292000000000012,-0.001,0.0014,0.0037,0.1,4.199580000000001,-3883.1676241543837,-7200.872254574669,GNSS_OUTAGE,False,5.589581925356677,3.8445491555555518,-3783.6851178294964,-7189.810868063832,-3845.1749004396156,-7211.643871853939,-3845.1749004396156,-7211.643871853939,predicted_speed
6081376,0.7247,-0.1896,9.7691,-0.0014,0.0016,-0.0008,52.413055,-1.529287,0.0,0.054,296.617,9.797777965436858,0.0022715633383201,-0.1290066826755413,-0.0055168896531281,-0.1626999999999999,0.0674,-0.1145999999999993,-0.0034,-0.0055,-0.0033,0.101,11.98054,-3883.1676241543837,-7200.872254574669,GNSS_OUTAGE,False,5.588236605356677,3.9055627505555517,-3783.937709904846,-7189.507887231177,-3845.475399524774,-7211.493281586915,-3845.475399524774,-7211.493281586915,predicted_speed
6081475,0.7808,-0.2108,9.6475,0.0032,0.0108,0.006,52.413055,-1.529287,0.0,0.0139999999999999,296.617,9.681339862333108,0.012762444906835,-0.11643810310375,0.0104908815685149,0.0561,-0.0211999999999999,-0.121599999999999,0.0046,0.0092,0.0068,0.099,14.663779999999996,-3883.1676241543837,-7200.872254574669,GNSS_OUTAGE,False,5.587373325356677,3.9709220555555516,-3784.1897041361276,-7189.2061534893755,-3845.8359171634033,-7211.312613990408,-3845.8359171634033,-7211.312613990408,predicted_speed
6081575,0.8773,-0.2456,9.8623,-0.0021,0.0005,-0.0039,52.413055,-1.529287,0.0,0.022,296.617,9.904288764974494,0.0044575778176045,0.2229489026413862,-0.0083048670892305,0.0964999999999999,-0.0348,0.2147999999999985,-0.0053,-0.0103,-0.0098999999999999,0.1,7.439370000000001,-3883.1676241543837,-7200.872254574669,GNSS_OUTAGE,False,5.585971325356677,4.046591555555551,-3784.4495294371136,-7188.895928014693,-3846.0206659292653,-7211.220030127902,-3846.0206659292653,-7211.220030127902,predicted_speed
6081675,0.7223,-0.2071,9.9091,-0.0016,0.005,-0.0003,52.413055,-1.529287,0.0,0.0579999999999999,296.617,9.937548516107984,0.0052583267300539,0.0332597511334906,0.0008007489124494,-0.1549999999999999,0.0385,0.046800000000001,0.0004999999999999,0.0045,0.0036,0.1,12.740420000000013,-3883.1676241543837,-7200.872254574669,GNSS_OUTAGE,False,5.584619325356678,4.106761055555551,-3784.7136435475995,-7188.581446536197,-3846.3370605798286,-7211.0614740548,-3846.3370605798286,-7211.0614740548,predicted_speed
6081776,0.7518,-0.184,9.7955,-0.001,-0.002,-0.0073,52.413055,-1.529287,0.0,0.032,296.617,9.82603070878572,0.0076347887986505,-0.1115178073222633,0.0023764620685965,0.0294999999999999,0.0231,-0.1135999999999999,0.0006,-0.007,-0.007,0.101,10.62785,-3883.1676241543837,-7200.872254574669,GNSS_OUTAGE,False,5.583314405356678,4.170511750555551,-3784.9849604149103,-7188.259243390731,-3846.6036311352623,-7210.9278865229035,-3846.6036311352623,-7210.9278865229035,predicted_speed
6081876,0.8945,-0.2612,9.8711,-0.0011,0.014,0.0037,52.413055,-1.529287,0.0,0.04,296.617,9.914987186073414,0.0145223964964464,0.0889564772876934,0.0068876076977958,0.1426999999999999,-0.0771999999999999,0.0755999999999996,-0.0001,0.016,0.011,0.1,5.204900000000002,-3883.1676241543837,-7200.872254574669,GNSS_OUTAGE,False,5.582012405356678,4.247901250555551,-3785.2589986112753,-7187.9346671789135,-3846.7328892379555,-7210.863110910727,-3846.7328892379555,-7210.863110910727,predicted_speed
6081976,0.7884,-0.2476,9.9455,0.0021,0.0053,-0.0034,52.413055,-1.529287,0.0,0.094,296.617,9.97977207004248,0.0066377707101104,0.0647848839690663,-0.007884625786336,-0.1060999999999999,0.0136,0.0743999999999989,0.0031999999999999,-0.0087,-0.0071,0.1,5.1075300000000015,-3883.1676241543837,-7200.872254574669,GNSS_OUTAGE,False,5.581030405356678,4.314680750555551,-3785.5376684591347,-7187.60526193353,-3846.859729261251,-7210.799547080018,-3846.859729261251,-7210.799547080018,predicted_speed
6082075,0.7263,-0.2159,9.8893,0.0006,0.0095,-0.0014,52.413055,-1.529287,0.0,0.076,296.617,9.918285083117947,0.0096213304693269,-0.0614869869245335,0.0029835597592165,-0.0621,0.0316999999999999,-0.0561999999999986,-0.0015,0.0042,0.002,0.099,3.395410000000002,-3883.1676241543837,-7200.872254574669,GNSS_OUTAGE,False,5.5799097253566785,4.374644555555551,-3785.8177560981007,-7187.274932251408,-3846.9432074091346,-7210.75771335339,-3846.9432074091346,-7210.75771335339,predicted_speed
6082175,0.9099,-0.2281,9.8162,-0.0038,-0.0028,-0.0081,52.413055,-1.529287,0.0,0.022,296.617,9.860919331380822,0.0093749666666074,-0.0573657517371248,-0.0002463638027195,0.1836000000000001,-0.0121999999999999,-0.0731000000000001,-0.0044,-0.0123,-0.0066999999999999,0.1,6.777550000000002,-3883.1676241543837,-7200.872254574669,GNSS_OUTAGE,False,5.578337725356678,4.453574055555551,-3786.1063110611613,-7186.935698921713,-3847.1115205859314,-7210.673365921103,-3847.1115205859314,-7210.673365921103,predicted_speed
6082278,0.8613,-0.3238,9.8948,-0.0027,0.0157,0.0042,52.413055,-1.529287,0.0,0.036,296.617,9.93749219722964,0.0164748292859137,0.0765728658488189,0.0070998626193063,-0.0486,-0.0956999999999999,0.0785999999999997,0.0010999999999999,0.0185,0.0122999999999999,0.103,1.5529000000000002,-3883.1676241543837,-7200.872254574669,GNSS_OUTAGE,False,5.576831865356678,4.529865640555551,-3786.409148865726,-7186.580758675871,-3847.151242128113,-7210.653460111272,-3847.151242128113,-7210.653460111272,predicted_speed
6082376,0.7998,-0.2638,9.8035,-0.001,0.0017,-0.0022,52.413055,-1.529287,0.0,0.018,296.617,9.83960785448282,0.0029546573405388,-0.0978843427468216,-0.0135201719453748,-0.0615,0.06,-0.0913000000000003,0.0017,-0.0139999999999999,-0.0063999999999999,0.098,3.47954,-3883.1676241543837,-7200.872254574669,GNSS_OUTAGE,False,5.575565705356678,4.596426750555551,-3786.701953286998,-7186.238456743914,-3847.2359245550324,-7210.61102287964,-3847.2359245550324,-7210.61102287964,predicted_speed
6082475,0.7218,-0.2911,9.8151,-0.0044,0.0064,0.0013,52.413055,-1.529287,0.0,0.04,296.617,9.845908919952487,0.007874642849044,0.0063010654696693,0.0049199855085051,-0.0779999999999999,-0.0273,0.0115999999999996,-0.0034,0.0047,0.0035,0.099,3.792450000000001,-3883.1676241543837,-7200.872254574669,GNSS_OUTAGE,False,5.5739500253566785,4.655945055555551,-3787.0021412057386,-7185.888668851045,-3847.3291641643705,-7210.564297354136,-3847.3291641643705,-7210.564297354136,predicted_speed
6082576,0.8245,-0.3017,9.87,0.0026,0.001,0.0005,52.413055,-1.529287,0.0,0.022,296.617,9.908971850802685,0.0028301943396169,0.0630629308501955,-0.005044448509427,0.1027,-0.0105999999999999,0.0548999999999999,0.007,-0.0054,-0.0007999999999999,0.101,4.231909999999999,-3883.1676241543837,-7200.872254574669,GNSS_OUTAGE,False,5.573008705356679,4.727038450555551,-3787.313410715489,-7185.5266584356905,-3847.435310054578,-7210.511104054258,-3847.435310054578,-7210.511104054258,predicted_speed
6082675,0.6623,-0.1887,9.7739,0.0034,0.0118,0.0051,52.413055,-1.529287,0.0,0.072,296.617,9.798130953911569,0.0132969921410821,-0.1108408968911174,0.0104667978014651,-0.1622,0.113,-0.0960999999999998,0.0007999999999999,0.0108,0.0046,0.099,7.997159999999997,-3883.1676241543837,-7200.872254574669,GNSS_OUTAGE,False,5.572165225356678,4.780666255555551,-3787.622280456375,-7185.168051293492,-3847.6319249273424,-7210.412573683775,-3847.6319249273424,-7210.412573683775,predicted_speed
6082776,0.8049,-0.3365,9.8097,0.0008,0.0127,0.0023,52.413055,-1.529287,0.0,0.086,296.617,9.848416641775469,0.0129313572373513,0.0502856878639015,-0.0003656349037307,0.1425999999999999,-0.1478,0.0358,-0.0026,0.0008999999999999,-0.0028,0.101,2.6465000000000005,-3883.1676241543837,-7200.872254574669,GNSS_OUTAGE,False,5.571042105356678,4.849780050555551,-3787.9423621429387,-7184.797269723038,-3847.698305142998,-7210.379308309954,-3847.698305142998,-7210.379308309954,predicted_speed
6082875,0.6947,-0.2617,9.8832,-0.0042,-0.0047,-0.0061,52.413055,-1.529287,0.0,0.072,296.617,9.91104117739403,0.0087715449038353,0.0626245356185606,-0.004159812333516,-0.1101999999999999,0.0748,0.073500000000001,-0.005,-0.0174,-0.0084,0.099,3.5631100000000013,-3883.1676241543837,-7200.872254574669,GNSS_OUTAGE,False,5.569446225356678,4.906615455555551,-3788.2603687898,-7184.430078186278,-3847.7859062938182,-7210.3354084069415,-3847.7859062938182,-7210.3354084069415,predicted_speed
6082975,0.6981,-0.2001,9.8258,0.001,0.01,0.0048,52.413055,-1.529287,0.0,0.072,296.617,9.852600126870064,0.0111373246338606,-0.0584410505239656,0.0023657797300253,0.0034,0.0615999999999999,-0.0574000000000012,0.0052,0.0147,0.0109,0.1,2.945630000000001,-3883.1676241543837,-7200.872254574669,GNSS_OUTAGE,False,5.5683542253566785,4.964364955555551,-3788.5857778779614,-7184.055167370934,-3847.8590578519725,-7210.298749684104,-3847.8590578519725,-7210.298749684104,predicted_speed
6083076,0.8546,-0.3035,9.8859,-0.0007,-0.0057,-0.0052,52.413055,-1.529287,0.0,0.072,296.617,9.9274101466596,0.0077472575792986,0.0748100197895365,-0.003390067054562,0.1564999999999999,-0.1033999999999999,0.0601000000000002,-0.0017,-0.0157,-0.0099999999999999,0.101,3.7080200000000008,-3883.1676241543837,-7200.872254574669,GNSS_OUTAGE,False,5.567079605356678,5.038498450555551,-3788.9198386100193,-7183.67127835904,-3847.9520633941056,-7210.252141457603,-3847.9520633941056,-7210.252141457603,predicted_speed
6083176,0.6582,-0.2291,9.8105,-0.0038,-0.001,-0.0042,52.413055,-1.529287,0.0,0.126,296.617,9.83522365276967,0.0057515215378193,-0.0921864938899297,-0.0019957360414792,-0.1964,0.0744,-0.0754000000000001,-0.0031,0.0047,0.001,0.1,6.759899999999999,-3883.1676241543837,-7200.872254574669,GNSS_OUTAGE,False,5.565507605356678,5.092257950555551,-3789.2547243232098,-7183.287660750671,-3848.1199382521045,-7210.1680136817085,-3848.1199382521045,-7210.1680136817085,predicted_speed
6083275,0.7864,-0.2513,9.9033,0.0021,0.0021,-0.0031,52.413055,-1.529287,0.0,0.1009999999999999,296.617,9.937652013428524,0.0042930175867331,0.1024283606588536,-0.0014585039510862,0.1281999999999999,-0.0222,0.0928000000000004,0.0059,0.0031,0.0010999999999999,0.099,10.260939999999998,-3883.1676241543837,-7200.872254574669,GNSS_OUTAGE,False,5.564535425356678,5.158171655555551,-3789.590926397206,-7182.903290130707,-3848.37220948496,-7210.041592024557,-3848.37220948496,-7210.041592024557,predicted_speed
6083376,0.8787,-0.3527,10.0065,-0.0028,0.0079,-0.0025,52.413055,-1.529287,0.0,0.0579999999999999,296.617,10.05119660687224,0.0087464278422679,0.1135445934437147,0.0044534102555348,0.0923,-0.1013999999999999,0.103200000000001,-0.0049,0.0058,0.0005999999999999,0.101,5.364400000000002,-3883.1676241543837,-7200.872254574669,GNSS_OUTAGE,False,5.563048705356678,5.234739250555551,-3789.939603080475,-7182.505851553998,-3848.5067607900282,-7209.974163809433,-3848.5067607900282,-7209.974163809433,predicted_speed
6083475,0.7049,-0.2319,9.8952,-0.004,0.0008,-0.0039,52.413055,-1.529287,0.0,0.043,296.617,9.922985672669292,0.0056435804238089,-0.1282109342029471,-0.0031028474184589,-0.1738,0.1208,-0.1112999999999999,-0.0012,-0.0071,-0.0013999999999999,0.099,6.061020000000001,-3883.1676241543837,-7200.872254574669,GNSS_OUTAGE,False,5.561472625356678,5.29258445555555,-3790.2857722914164,-7182.112523318303,-3848.655774524419,-7209.899487981251,-3848.655774524419,-7209.899487981251,predicted_speed
6083575,0.7725,-0.2607,9.7998,-0.0116,-0.0011,-0.0065,52.413055,-1.529287,0.0,0.13,296.617,9.83365653152478,0.0133424135747622,-0.0893291411445105,0.0076988331509532,0.0676,-0.0287999999999999,-0.0954000000000014,-0.0075999999999999,-0.0019,-0.0026,0.1,4.5886000000000005,-3883.1676241543837,-7200.872254574669,GNSS_OUTAGE,False,5.559120625356678,5.35777395555555,-3790.6406900266534,-7181.711162110907,-3848.76972747837,-7209.842382297369,-3848.76972747837,-7209.842382297369,predicted_speed
6083676,0.7488,-0.2966,9.832,0.0007,0.0064,0.0037,52.413055,-1.529287,0.0,0.122,296.617,9.864932691103371,0.0074256312862947,0.0312761595785904,-0.0059167822884674,-0.0236999999999999,-0.0358999999999999,0.0322000000000013,0.0122999999999999,0.0075,0.0102,0.101,1.3062400000000003,-3883.1676241543837,-7200.872254574669,GNSS_OUTAGE,False,5.557987405356678,5.42122165055555,-3791.0038665529364,-7181.301398067728,-3848.8024909368614,-7209.825963418888,-3848.8024909368614,-7209.825963418888,predicted_speed
6083776,0.6258,-0.1815,9.7418,-0.0002,-0.0016,-0.0078,52.413055,-1.529287,0.0,0.158,296.617,9.76356672174672,0.0079649231006959,-0.1013659693566513,0.0005392918144011,-0.123,0.1150999999999999,-0.0902000000000011,-0.0009,-0.008,-0.0115,0.1,10.117019999999998,-3883.1676241543837,-7200.872254574669,GNSS_OUTAGE,False,5.556775405356678,5.47174115055555,-3791.367294179803,-7180.89235054944,-3849.0537362653236,-7209.700055877167,-3849.0537362653236,-7209.700055877167,predicted_speed
6083876,0.7579,-0.37,9.9894,0.0013,0.0157,0.0014,52.413055,-1.529287,0.0,0.155,296.617,10.024940137975888,0.0158158148699331,0.2613734162291674,0.0078508917692372,0.1321,-0.1885,0.2476000000000002,0.0015,0.0173,0.0092,0.1,4.445889999999999,-3883.1676241543837,-7200.872254574669,GNSS_OUTAGE,False,5.555713405356678,5.53547065055555,-3791.7353939175446,-7180.478929533639,-3849.1641451696605,-7209.6447262365555,-3849.1641451696605,-7209.6447262365555,predicted_speed
6083976,0.6588,-0.2512,9.8369,-0.0019,0.0064,-0.0022,52.413055,-1.529287,0.0,0.047,296.617,9.862135696186703,0.0070292247083159,-0.1628044417891843,-0.0087865901616172,-0.0990999999999999,0.1188,-0.1524999999999998,-0.0031999999999999,-0.0093,-0.0036,0.1,2.1919100000000014,-3883.1676241543837,-7200.872254574669,GNSS_OUTAGE,False,5.5543314053566775,5.58929015055555,-3792.107649111686,-7180.062003024161,-3849.218578900928,-7209.617447650591,-3849.218578900928,-7209.617447650591,predicted_speed
6084076,0.6231,-0.275,9.874,-0.0007,0.0076,-0.0013,52.413055,-1.529287,0.0,0.05,296.617,9.897462028722313,0.0077420927403383,0.0353263325356092,0.0007128680320223,-0.0357,-0.0238,0.0371000000000005,0.0012,0.0011999999999999,0.0009,0.1,2.202690000000001,-3883.1676241543837,-7200.872254574669,GNSS_OUTAGE,False,5.553069405356678,5.63953965055555,-3792.483781591048,-7179.641802556918,-3849.273280341921,-7209.5900349062185,-3849.273280341921,-7209.5900349062185,predicted_speed
6084175,0.7498,-0.2844,9.8868,-0.0018,-0.0053,-0.0086,52.413055,-1.529287,0.0,0.0289999999999999,296.617,9.919269007341216,0.0102610915598682,0.021806978618903,0.0025189988195299,0.1267,-0.0093999999999999,0.0127999999999985,-0.0010999999999999,-0.0129,-0.0073,0.099,3.67074,-3883.1676241543837,-7200.872254574669,GNSS_OUTAGE,False,5.551711125356678,5.70182995555555,-3792.860836625951,-7179.221721032722,-3849.3635276394675,-7209.544808929479,-3849.3635276394675,-7209.544808929479,predicted_speed
6084275,0.572,-0.2104,9.8184,0.0003,0.0069,-0.0003,52.413055,-1.529287,0.0,0.05,296.617,9.837297937950238,0.0069130311730817,-0.0819710693909776,-0.0033480603867865,-0.1778,0.0739999999999999,-0.0683999999999986,0.0021,0.0121999999999999,0.0083,0.1,2.863030000000001,-3883.1676241543837,-7200.872254574669,GNSS_OUTAGE,False,5.550549125356678,5.746969455555551,-3793.245212178706,-7178.794483377927,-3849.434627915314,-7209.5091781736655,-3849.434627915314,-7209.5091781736655,predicted_speed
6084376,0.7221,-0.1994,9.7833,0.0047,0.011,0.0074,52.413055,-1.529287,0.0,0.299,296.617,9.811939036704214,0.0140659162517057,-0.0253589012460242,0.007152885078624,0.1501,0.011,-0.0350999999999999,0.0044,0.0040999999999999,0.0077,0.101,5.90634,-3883.1676241543837,-7200.872254574669,GNSS_OUTAGE,False,5.549819905356678,5.807720450555551,-3793.63785322622,-7178.358698076307,-3849.5827723033494,-7209.43493800438,-3849.5827723033494,-7209.43493800438,predicted_speed
6084476,0.6333,-0.2343,9.7949,-0.0018,-0.0058,-0.0053,52.413055,-1.529287,0.0,0.2769999999999999,296.617,9.818148063153254,0.0080603970125546,0.0062090264490404,-0.006005519239151,-0.0887999999999999,-0.0349,0.0115999999999996,-0.0065,-0.0168,-0.0127,0.1,3.9738700000000007,-3883.1676241543837,-7200.872254574669,GNSS_OUTAGE,False,5.548447905356678,5.858989950555551,-3794.030635418142,-7177.923957024511,-3849.681459097822,-7209.385482709953,-3849.681459097822,-7209.385482709953,predicted_speed
6084575,0.5828,-0.1801,9.7372,0.0007,0.0066,-0.0025,52.413055,-1.529287,0.0,0.076,296.617,9.75628800774147,0.0070922492905988,-0.0618600554117847,-0.0009681477219557,-0.0504999999999999,0.0542,-0.0577000000000005,0.0025,0.0124,0.0028,0.099,8.185310000000001,-3883.1676241543837,-7200.872254574669,GNSS_OUTAGE,False,5.547337125356678,5.904747255555551,-3794.423008211844,-7177.490637684656,-3849.8826997487763,-7209.284634205382,-3849.8826997487763,-7209.284634205382,predicted_speed
6084676,0.6946,-0.3007,9.9206,0.0044,-0.0034,-0.0012,52.413055,-1.529287,0.0,0.2739999999999999,296.617,9.949431843577804,0.0056885850613311,0.1931438358363344,-0.0014036642292677,0.1118,-0.1206,0.1834000000000006,0.0037,-0.01,0.0013,0.101,5.456300000000003,-3883.1676241543837,-7200.872254574669,GNSS_OUTAGE,False,5.546577605356678,5.962720750555551,-3794.827576859268,-7177.044531241303,-3850.0195561140445,-7209.216050846538,-3850.0195561140445,-7209.216050846538,predicted_speed
6084776,0.5519,-0.2284,9.911,0.0019,0.0095,0.0052,52.413055,-1.529287,0.0,0.079,296.617,9.928981879830378,0.0109954536059227,-0.020449963747426,0.0053068685445916,-0.1427,0.0723,-0.0096000000000007,-0.0025,0.0129,0.0063999999999999,0.1,2.863920000000001,-3883.1676241543837,-7200.872254574669,GNSS_OUTAGE,False,5.545575605356678,6.005850250555551,-3795.23148279699,-7176.600051358975,-3850.0906784920853,-7209.180409014567,-3850.0906784920853,-7209.180409014567,predicted_speed
6084875,0.608,-0.2481,9.8877,-0.0079,-0.0084,-0.0128,52.413055,-1.529287,0.0,0.1009999999999999,296.617,9.909481767479065,0.0172281745986044,-0.0195001123513129,0.0062327209926816,0.0561,-0.0196999999999999,-0.0232999999999989,-0.0098,-0.0179,-0.018,0.099,2.9173800000000005,-3883.1676241543837,-7200.872254574669,GNSS_OUTAGE,False,5.5436134253566784,6.0541023555555515,-3795.635431867808,-7176.157272720613,-3850.1624039918256,-7209.14446493789,-3850.1624039918256,-7209.14446493789,predicted_speed
6084975,0.7103,-0.288,9.9868,-0.0005,0.0078,0.0007,52.413055,-1.529287,0.0,0.14,296.617,10.016169144438408,0.0078472925267253,0.1066873769593428,-0.009380882071879,0.1023,-0.0398999999999999,0.0990999999999999,0.0074,0.0162,0.0135,0.1,2.824100000000001,-3883.1676241543837,-7200.872254574669,GNSS_OUTAGE,False,5.542371425356678,6.113071855555551,-3796.047996188355,-7175.706177213516,-3850.232537482924,-7209.109318670652,-3850.232537482924,-7209.109318670652,predicted_speed
6085075,0.5726,-0.1515,9.7203,-0.0022,0.0043,-0.0039,52.413055,-1.529287,0.0,0.025,296.617,9.73832917393944,0.0062080592780675,-0.2778399704989684,-0.0016392332486578,-0.1377,0.1364999999999999,-0.2665000000000006,-0.0017,-0.0034999999999999,-0.0046,0.1,13.096520000000009,-3883.1676241543837,-7200.872254574669,GNSS_OUTAGE,False,5.540959425356678,6.158271355555551,-3796.4642522140016,-7175.252333647957,-3850.5577754946216,-7208.946330889834,-3850.5577754946216,-7208.946330889834,predicted_speed
6085176,0.6509,-0.2746,9.8596,-0.0058,0.0006,-0.005,52.413055,-1.529287,0.0,0.079,296.617,9.884876738229972,0.0076811457478686,0.1465475642905325,0.0014730864698011,0.0783,-0.1231,0.1393000000000004,-0.0035999999999999,-0.0037,-0.0011,0.101,3.2322299999999995,-3883.1676241543837,-7200.872254574669,GNSS_OUTAGE,False,5.539169705356678,6.211831150555551,-3796.889154100508,-7174.790724716752,-3850.6388471456507,-7208.905703140268,-3850.6388471456507,-7208.905703140268,predicted_speed
6085276,0.5707,-0.217,9.7788,0.001,0.0038,-0.0032,52.413055,-1.529287,0.0,0.076,296.617,9.797842463011946,0.0050675437837279,-0.0870342752180253,-0.0026136019641406,-0.0802,0.0576,-0.0807999999999999,0.0068,0.0032,0.0018,0.1,9.297940000000002,-3883.1676241543837,-7200.872254574669,GNSS_OUTAGE,False,5.538077705356678,6.256840650555551,-3797.3133997460177,-7174.330837576759,-3850.869751501807,-7208.789989148552,-3850.869751501807,-7208.789989148552,predicted_speed
6085375,0.5732,-0.265,9.8204,0.0066,-0.0032,-0.0072,52.413055,-1.529287,0.0,0.011,296.617,9.840682872646592,0.0102781321260236,0.0428404096346461,0.0052105883422957,0.0025,-0.048,0.0415999999999989,0.0056,-0.007,-0.004,0.099,2.481050000000002,-3883.1676241543837,-7200.872254574669,GNSS_OUTAGE,False,5.537551025356678,6.301647555555551,-3797.736652139704,-7173.872511722413,-3850.930749572381,-7208.759420949881,-3850.930749572381,-7208.759420949881,predicted_speed
6085476,0.6239,-0.2234,9.892,-0.0003,0.0071,-0.0001,52.413055,-1.529287,0.0,0.036,296.617,9.914172823286872,0.0071070387644925,0.0734899506402797,-0.0031710933615311,0.0506999999999999,0.0416,0.0716000000000001,-0.0069,0.0103,0.0070999999999999,0.101,3.891880000000001,-3883.1676241543837,-7200.872254574669,GNSS_OUTAGE,False,5.5363168053566785,6.352480350555551,-3798.172519689579,-7173.401692542329,-3851.02836673985,-7208.710501681766,-3851.02836673985,-7208.710501681766,predicted_speed
6085575,0.4583,-0.155,9.8376,-0.0056,-0.0051,-0.012,52.413055,-1.529287,0.0,0.036,296.617,9.849489207568077,0.0141904897730839,-0.0646836157187955,0.0070834510085913,-0.1656,0.0683999999999999,-0.0543999999999993,-0.0053,-0.0122,-0.0119,0.099,11.091090000000005,-3883.1676241543837,-7200.872254574669,GNSS_OUTAGE,False,5.534582325356679,6.385912155555551,-3798.602808679067,-7172.93851338566,-3851.3010476977356,-7208.573852020291,-3851.3010476977356,-7208.573852020291,predicted_speed
6085675,0.6945,-0.2623,9.9936,0.008,0.016,0.0051,52.413055,-1.529287,0.0,0.09,296.617,10.021136287866762,0.0186013440374613,0.1716470802986851,0.0044108542643774,0.2362,-0.1072999999999999,0.1560000000000005,0.0136,0.0211,0.0171,0.1,9.918220000000002,-3883.1676241543837,-7200.872254574669,GNSS_OUTAGE,False,5.534190325356679,6.443301655555551,-3799.0415350574062,-7172.4666230094135,-3851.547356041661,-7208.450418568697,-3851.547356041661,-7208.450418568697,predicted_speed
6085775,0.4949,-0.1848,9.8721,0.0001,0.0008,-0.0004,52.413055,-1.529287,0.0,0.036,296.617,9.886224530122709,0.0009,-0.134911757744053,-0.0177013440374613,-0.1996,0.0774999999999999,-0.121500000000001,-0.0079,-0.0152,-0.0055,0.1,4.372170000000001,-3883.1676241543837,-7200.872254574669,GNSS_OUTAGE,False,5.533008325356679,6.480731155555551,-3799.4833707280154,-7171.992513314002,-3851.655934188955,-7208.3960063824325,-3851.655934188955,-7208.3960063824325,predicted_speed
6085876,0.5434,-0.2106,9.8378,-0.0067,-0.0029,-0.007,52.413055,-1.529287,0.0,0.072,296.617,9.85504666452676,0.0101143462467922,-0.03117786559595,0.0092143462467922,0.0484999999999999,-0.0258,-0.0343,-0.0068,-0.0036999999999999,-0.0066,0.101,4.519000000000002,-3883.1676241543837,-7200.872254574669,GNSS_OUTAGE,False,5.531127705356679,6.523433450555551,-3799.9334708505135,-7171.511352933728,-3851.7692809467667,-7208.339204483964,-3851.7692809467667,-7208.339204483964,predicted_speed
6085976,0.5492,-0.1968,9.8619,-0.0017,0.0078,0.0027,52.413055,-1.529287,0.0,0.065,296.617,9.8791407769097,0.0084273364712701,0.0240941123829419,-0.001687009775522,0.0058,0.0138,0.0241000000000006,0.005,0.0107,0.0097,0.1,8.140179999999997,-3883.1676241543837,-7200.872254574669,GNSS_OUTAGE,False,5.529765705356679,6.5662929505555505,-3800.38269515088,-7171.0324379526655,-3851.971433576478,-7208.237898955957,-3851.971433576478,-7208.237898955957,predicted_speed
6086075,0.3989,-0.1701,9.7488,-0.0005,0.0013,0.0003,52.413055,-1.529287,0.0,0.018,296.617,9.758440278036238,0.0014247806848775,-0.1207004988734627,-0.0070025557863926,-0.1503,0.0267,-0.113100000000001,0.0012,-0.0065,-0.0024,0.099,11.511139999999996,-3883.1676241543837,-7200.872254574669,GNSS_OUTAGE,False,5.528536125356679,6.5938441555555505,-3800.8298783228943,-7170.5568722466105,-3852.2544417101744,-7208.096073996986,-3852.2544417101744,-7208.096073996986,predicted_speed
6086176,0.5985,-0.258,9.8966,0.0003,0.0054,-0.0002,52.413055,-1.529287,0.0,0.018,296.617,9.918036993780571,0.0054120236510939,0.1595967157443354,0.0039872429662164,0.1996,-0.0879,0.1478000000000001,0.0007999999999999,0.0041,-0.0005,0.101,5.768620000000003,-3883.1676241543837,-7200.872254574669,GNSS_OUTAGE,False,5.527362505356678,6.64211155055555,-3801.290008299977,-7170.06868733338,-3852.3991317686045,-7208.023564909236,-3852.3991317686045,-7208.023564909236,predicted_speed
6086275,0.4714,-0.1768,9.9219,-0.004,0.0065,-0.0036,52.413055,-1.529287,0.0,0.032,296.617,9.9346653597391,0.0084386017799159,0.0166283659585264,0.0030265781288219,-0.1271,0.0812,0.0253000000000014,-0.0043,0.0010999999999999,-0.0034,0.099,5.469520000000001,-3883.1676241543837,-7200.872254574669,GNSS_OUTAGE,False,5.525786425356678,6.67684025555555,-3801.744142533741,-7169.588382641812,-3852.5336031282973,-7207.956176757446,-3852.5336031282973,-7207.956176757446,predicted_speed
6086376,0.4818,-0.2285,9.9174,0.0014,0.0198,0.0091,52.413055,-1.529287,0.0,0.061,296.617,9.931725240359803,0.0218359794834122,-0.0029401193792946,0.0133973777034963,0.0104,-0.0516999999999999,-0.0045000000000001,0.0054,0.0133,0.0127,0.101,2.794770000000002,-3883.1676241543837,-7200.872254574669,GNSS_OUTAGE,False,5.524723905356678,6.71332095055555,-3802.2105058314673,-7169.09619277936,-3852.6037022914593,-7207.921047693099,-3852.6037022914593,-7207.921047693099,predicted_speed
6086475,0.6121,-0.199,9.9743,-0.0052,-0.0089,-0.0138,52.413055,-1.529287,0.0,0.047,296.617,9.995045167481734,0.0172246915792417,0.0633199271219293,-0.0046112879041705,0.1302999999999999,0.0295,0.0568999999999988,-0.0066,-0.0287,-0.0229,0.099,9.24952,-3883.1676241543837,-7200.872254574669,GNSS_OUTAGE,False,5.523029025356679,6.76197895555555,-3802.6717704177336,-7168.61103360147,-3852.8311071699322,-7207.8070874081495,-3852.8311071699322,-7207.8070874081495,predicted_speed
6086575,0.4365,-0.0995,9.7576,-0.0049,-0.0038,-0.0081,52.413055,-1.529287,0.0,0.022,296.617,9.767865184368588,0.0102009803450452,-0.227179983113146,-0.0070237112341964,-0.1755999999999999,0.0995,-0.2166999999999994,0.0002999999999999,0.0051,0.0057,0.1,4.550709999999999,-3883.1676241543837,-7200.872254574669,GNSS_OUTAGE,False,5.521347025356679,6.79356845555555,-3803.1406983371926,-7168.119472486292,-3852.9441191664177,-7207.750453269917,-3852.9441191664177,-7207.750453269917,predicted_speed
6086676,0.6176,-0.1994,9.9379,-0.0037,0.0083,-0.0004,52.413055,-1.529287,0.0,0.043,296.617,9.95906855735013,0.0090961530330134,0.1912033729815423,-0.0011048273120318,0.1811,-0.0998999999999999,0.1803000000000008,0.0011999999999999,0.0121,0.0076999999999999,0.101,10.63607,-3883.1676241543837,-7200.872254574669,GNSS_OUTAGE,False,5.519769405356679,6.84376495055555,-3803.6186034557527,-7167.620080710732,-3853.210895898074,-7207.6167624161335,-3853.210895898074,-7207.6167624161335,predicted_speed
6086775,0.4872,-0.1925,9.9036,0.0,0.0123,0.0003,52.413055,-1.529287,0.0,0.036,296.617,9.917444885150612,0.0123036579926459,-0.0416236721995186,0.0032075049596324,-0.1304,0.0068999999999999,-0.0343,0.0037,0.004,0.0007,0.099,2.413450000000001,-3883.1676241543837,-7200.872254574669,GNSS_OUTAGE,False,5.518589325356679,6.88005785555555,-3804.0901096691923,-7167.128538090379,-3853.270231982968,-7207.587027094764,-3853.270231982968,-7207.587027094764,predicted_speed
6086875,0.4564,-0.1815,9.8112,-0.0001,-0.0001,-0.0049,52.413055,-1.529287,0.0,0.032,296.617,9.8234865831842,0.0049020403915104,-0.0939583019664134,-0.0074016176011354,-0.0308,0.011,-0.0924000000000013,-0.0001,-0.0124,-0.0052,0.1,7.4292500000000015,-3883.1676241543837,-7200.872254574669,GNSS_OUTAGE,False,5.517387325356679,6.91363735555555,-3804.569302466585,-7166.630182717409,-3853.4547294294966,-7207.494569176886,-3853.4547294294966,-7207.494569176886,predicted_speed
6086975,0.556,-0.2288,9.9181,-0.0056,-0.0008,-0.0082,52.413055,-1.529287,0.0,0.0069999999999999,296.617,9.936306811386212,0.0099619275243298,0.1128202282020129,0.0050598871328193,0.0996,-0.0473,0.1069000000000013,-0.0055,-0.0007,-0.0033,0.1,2.4755500000000006,-3883.1676241543837,-7200.872254574669,GNSS_OUTAGE,False,5.515635325356679,6.9571768555555495,-3805.052390917499,-7166.129534491018,-3853.5162070556034,-7207.4637606566985,-3853.5162070556034,-7207.4637606566985,predicted_speed
6087075,0.3831,-0.1484,9.7707,0.0035,0.0103,0.0071,52.413055,-1.529287,0.0,0.025,296.617,9.77933365112368,0.0129903810567665,-0.1569731602625328,0.0030284535324367,-0.1729,0.0804,-0.147400000000001,0.0091,0.0111,0.0153,0.1,4.33893,-3883.1676241543837,-7200.872254574669,GNSS_OUTAGE,False,5.514793325356679,6.983426355555549,-3805.537725030479,-7165.627405786986,-3853.6239597231897,-7207.409762146268,-3853.6239597231897,-7207.409762146268,predicted_speed
6087175,0.5277,-0.2485,9.9893,0.0012,-0.0042,-0.0112,52.413055,-1.529287,0.0,0.011,296.617,10.00631470772332,0.0120216471417189,0.2269810565996408,-0.0009687339150476,0.1445999999999999,-0.1001,0.2186000000000003,-0.0023,-0.0144999999999999,-0.0183,0.1,7.587679999999995,-3883.1676241543837,-7200.872254574669,GNSS_OUTAGE,False,5.51372132535668,7.024135855555549,-3806.0264295112456,-7165.122873552484,-3853.8123916086524,-7207.315332547812,-3853.8123916086524,-7207.315332547812,predicted_speed
6087275,0.417,-0.1632,9.9086,-0.0027,0.0128,0.0015,52.413055,-1.529287,0.0,0.022,296.617,9.918713485124972,0.0131673839467071,-0.0876012225983462,0.0011457368049881,-0.1106999999999999,0.0852999999999999,-0.0807000000000002,-0.0039,0.017,0.0127,0.1,2.6131800000000003,-3883.1676241543837,-7200.872254574669,GNSS_OUTAGE,False,5.51225932535668,7.053775355555549,-3806.517936375094,-7164.616930403053,-3853.8772871280275,-7207.282811205572,-3853.8772871280275,-7207.282811205572,predicted_speed
6087375,0.4453,-0.1543,9.8944,0.0043,0.0071,0.0045,52.413055,-1.529287,0.0,0.068,296.617,9.90561719127082,0.009441927769264,-0.0130962938541543,-0.003725456177443,0.0282999999999999,0.0089,-0.0142000000000006,0.007,-0.0057,0.0029999999999999,0.1,5.444600000000001,-3883.1676241543837,-7200.872254574669,GNSS_OUTAGE,False,5.51149732535668,7.08624485555555,-3807.0120928727006,-7164.109034727346,-3854.012497922841,-7207.215052497805,-3854.012497922841,-7207.215052497805,predicted_speed
6087475,0.4536,-0.1424,9.7935,-0.0083,-0.0064,-0.0039,52.413055,-1.529287,0.0,0.079,296.617,9.80503304277961,0.0111830228471554,-0.1005841484912082,0.0017410950778913,0.0083,0.0118999999999999,-0.1008999999999993,-0.0126,-0.0135,-0.0084,0.1,5.543989999999999,-3883.1676241543837,-7200.872254574669,GNSS_OUTAGE,False,5.5094753253566795,7.11954435555555,-3807.50960227316,-7163.599757283548,-3854.1501769615834,-7207.146056869426,-3854.1501769615834,-7207.146056869426,predicted_speed
6087575,0.3276,-0.1763,9.7886,-0.0015,0.0023,-0.001,52.413055,-1.529287,0.0,0.086,296.617,9.795667073252336,0.0029223278392404,-0.0093659695272734,-0.0082606950079149,-0.126,-0.0339,-0.0048999999999992,0.0068,0.0087,0.0029,0.1,6.734650000000001,-3883.1676241543837,-7200.872254574669,GNSS_OUTAGE,False,5.508133325356679,7.14024385555555,-3808.0092431299054,-7163.089669215231,-3854.3174247629445,-7207.062243332845,-3854.3174247629445,-7207.062243332845,predicted_speed
6087675,0.5033,-0.2464,9.9325,-0.0048,0.0039,-0.0019,52.413055,-1.529287,0.0,0.119,296.617,9.948295336388036,0.0064699304478487,0.1526282631356998,0.0035476026086082,0.1756999999999999,-0.0701,0.1438999999999985,-0.0032999999999999,0.0015999999999999,-0.0009,0.1,5.113889999999999,-3883.1676241543837,-7200.872254574669,GNSS_OUTAGE,False,5.506461325356679,7.17851335555555,-3808.512418643021,-7162.57768782596,-3854.4444227300105,-7206.998600351164,-3854.4444227300105,-7206.998600351164,predicted_speed
6087776,0.3366,-0.1274,9.8511,-0.003,0.018,0.0023,52.413055,-1.529287,0.0,0.083,296.617,9.857672216603676,0.0183926615800976,-0.0906231197843627,0.0119227311322489,-0.1666999999999999,0.119,-0.0813999999999985,0.0017999999999999,0.0140999999999999,0.0042,0.101,3.292230000000002,-3883.1676241543837,-7200.872254574669,GNSS_OUTAGE,False,5.5049544053566795,7.20032885055555,-3809.0229513718095,-7162.0597838964095,-3854.52699931697,-7206.957218427244,-3854.52699931697,-7206.957218427244,predicted_speed
6087875,0.5015,-0.1745,10.0013,-0.0011,-0.0036,-0.0095,52.413055,-1.529287,0.0,0.1009999999999999,296.617,10.015385873245226,0.0102186104730535,0.1577136566415511,-0.008174051107044,0.1648999999999999,-0.0470999999999999,0.1501999999999999,0.0019,-0.0215999999999999,-0.0118,0.099,6.82257,-3883.1676241543837,-7200.872254574669,GNSS_OUTAGE,False,5.5036654253566795,7.23803745555555,-3809.52665264874,-7161.550125738775,-3854.6947362051246,-7206.87315979271,-3854.6947362051246,-7206.87315979271,predicted_speed
6087976,0.4395,-0.1331,9.8942,-0.0055,0.0088,0.005,52.413055,-1.529287,0.0,0.072,296.617,9.904850806549284,0.0115191145493045,-0.1105350666959417,0.0013005040762509,-0.0619999999999999,0.0413999999999999,-0.1071000000000008,-0.0043999999999999,0.0124,0.0144999999999999,0.101,4.307339999999999,-3883.1676241543837,-7200.872254574669,GNSS_OUTAGE,False,5.5019060053566795,7.27024585055555,-3810.043734489486,-7161.028766679521,-3854.8027740506195,-7206.819018369973,-3854.8027740506195,-7206.819018369973,predicted_speed
6088075,0.42,-0.1985,9.9032,-0.0001,0.0064,0.004,52.413055,-1.529287,0.0,0.047,296.617,9.914089594612308,0.0075478473752454,0.0092387880630226,-0.003971267174059,-0.0195,-0.0654,0.0090000000000003,0.0053999999999999,-0.0024,-0.001,0.099,8.644720000000003,-3883.1676241543837,-7200.872254574669,GNSS_OUTAGE,False,5.500716025356679,7.29988595555555,-3810.5532536755672,-7160.5162540748,-3855.0153095660876,-7206.712509626328,-3855.0153095660876,-7206.712509626328,predicted_speed
6088175,0.41,-0.1554,9.7982,-0.0064,-0.0122,-0.015,52.413055,-1.529287,0.0,0.0139999999999999,296.617,9.808005526099585,0.0203666393889615,-0.1060840685127217,0.012818792013716,-0.01,0.0431,-0.1050000000000004,-0.0063,-0.0186,-0.019,0.1,7.8027,-3883.1676241543837,-7200.872254574669,GNSS_OUTAGE,False,5.498884025356679,7.32882545555555,-3811.0709111489155,-7159.9974597361,-3855.2090812423708,-7206.615404077877,-3855.2090812423708,-7206.615404077877,predicted_speed
6088276,0.352,-0.1169,9.6937,0.0055,0.014,0.0121,52.413055,-1.529287,0.0,0.036,296.617,9.700793230452858,0.0193044036426925,-0.1072122956467271,-0.001062235746269,-0.0579999999999999,0.0385,-0.1044999999999998,0.0119,0.0262,0.0271,0.101,3.02436,-3883.1676241543837,-7200.872254574669,GNSS_OUTAGE,False,5.498235605356679,7.35219635055555,-3811.5957531965105,-7159.472146734286,-3855.2849390428696,-7206.577389165363,-3855.2849390428696,-7206.577389165363,predicted_speed
6088376,0.4184,-0.2032,9.7809,0.0042,0.0079,0.0038,52.413055,-1.529287,0.0,0.043,296.617,9.791953513472173,0.0097205966895042,0.091160283019315,-0.0095838069531883,0.0664,-0.0862999999999999,0.087200000000001,-0.0013,-0.0060999999999999,-0.0083,0.1,3.4847100000000024,-3883.1676241543837,-7200.872254574669,GNSS_OUTAGE,False,5.497463605356678,7.38197585055555,-3812.117906569485,-7158.950331125404,-3855.371478073982,-7206.534021526501,-3855.371478073982,-7206.534021526501,predicted_speed
6088475,0.3048,-0.1501,9.8124,-0.0043,-0.0074,-0.0119,52.413055,-1.529287,0.0,0.094,296.617,9.818280236884664,0.0146581035608294,0.0263267234124917,0.0049375068713252,-0.1135999999999999,0.0530999999999999,0.0314999999999994,-0.0085,-0.0153,-0.0157,0.099,5.508169999999999,-3883.1676241543837,-7200.872254574669,GNSS_OUTAGE,False,5.495857825356678,7.40021115555555,-3812.636946280712,-7158.433290345839,-3855.5068996666114,-7206.466157180811,-3855.5068996666114,-7206.466157180811,predicted_speed
6088576,0.4081,-0.2077,9.7762,0.0022,0.0187,0.0034,52.413055,-1.529287,0.0,0.032,296.617,9.786918378120868,0.0191334785128057,-0.0313618587637964,0.0044753749519763,0.1033,-0.0575999999999999,-0.0362000000000009,0.0065,0.0261,0.0153,0.101,6.373849999999999,-3883.1676241543837,-7200.872254574669,GNSS_OUTAGE,False,5.494876105356678,7.4292481505555505,-3813.1690690168757,-7157.904256685447,-3855.6667702645923,-7206.3860406106505,-3855.6667702645923,-7206.3860406106505,predicted_speed
6088675,0.4067,-0.1924,9.9271,-0.0019,-0.0078,-0.0048,52.413055,-1.529287,0.0,0.0069999999999999,296.617,9.937290227219894,0.009353608929178,0.1503718490990255,-0.0097798695836276,-0.0014,0.0153,0.1509,-0.0041,-0.0265,-0.0081999999999999,0.099,3.01595,-3883.1676241543837,-7200.872254574669,GNSS_OUTAGE,False,5.493507925356678,7.457571555555551,-3813.6933548669867,-7157.384438810506,-3855.740919165641,-7206.348882085516,-3855.740919165641,-7206.348882085516,predicted_speed
6088776,0.4148,-0.2069,9.8506,-0.0085,-0.0064,-0.0138,52.413055,-1.529287,0.0,0.011,296.617,9.861500241342592,0.0174255559452202,-0.0757899858773019,0.0080719470160421,0.0080999999999999,-0.0145,-0.0764999999999993,-0.0066,0.0013999999999999,-0.009,0.101,5.225120000000001,-3883.1676241543837,-7200.872254574669,GNSS_OUTAGE,False,5.491445505356678,7.4872852505555505,-3814.2314604541275,-7156.853115247275,-3855.87197701277,-7206.283204560461,-3855.87197701277,-7206.283204560461,predicted_speed
6088876,0.3312,-0.0941,9.7985,0.0042,0.0177,0.0085,52.413055,-1.529287,0.0,0.047,296.617,9.804547439836274,0.0200793426187213,-0.056952801506318,0.0026537866735011,-0.0836,0.1128,-0.0520999999999993,0.0127,0.0241,0.0223,0.1,1.88224,-3883.1676241543837,-7200.872254574669,GNSS_OUTAGE,False,5.4906735053566775,7.50834475055555,-3814.766143911861,-7156.325985273779,-3855.9187204220984,-7206.259779855229,-3855.9187204220984,-7206.259779855229,predicted_speed
6088976,0.3006,-0.2154,9.7668,-0.0024,-0.0062,-0.0042,52.413055,-1.529287,0.0,0.025,296.617,9.773798635126468,0.007863841300535,-0.0307488047098054,-0.0122155013181863,-0.0306,-0.1213,-0.0317000000000007,-0.0066,-0.0239,-0.0127,0.1,2.3045800000000005,-3883.1676241543837,-7200.872254574669,GNSS_OUTAGE,False,5.489241505356677,7.5263442505555505,-3815.3028652580065,-7155.798359673216,-3855.975952191836,-7206.23109907744,-3855.975952191836,-7206.23109907744,predicted_speed
6089075,0.4028,-0.1306,9.9301,-0.0044,-0.0007,-0.0056,52.413055,-1.529287,0.0,0.011,296.617,9.939124217454976,0.0071561162651259,0.1653255823285082,-0.000707725035409,0.1022,0.0848,0.1632999999999995,-0.002,0.0055,-0.0014,0.099,3.206330000000002,-3883.1676241543837,-7200.872254574669,GNSS_OUTAGE,False,5.487625825356678,7.5542815555555505,-3815.837038128603,-7155.274933770408,-3856.054781696934,-7206.191594943124,-3856.054781696934,-7206.191594943124,predicted_speed
6089175,0.2833,-0.1482,9.795,0.0039,0.0194,0.0064,52.413055,-1.529287,0.0,0.04,296.617,9.800216687910527,0.0207973556011335,-0.1389075295444488,0.0136412393360075,-0.1195,-0.0176,-0.1350999999999995,0.0083,0.0201,0.012,0.1,3.600390000000001,-3883.1676241543837,-7200.872254574669,GNSS_OUTAGE,False,5.4868238253566775,7.57055105555555,-3816.378193509532,-7154.745515895248,-3856.1441935166335,-7206.146787652624,-3856.1441935166335,-7206.146787652624,predicted_speed
6089276,0.4858,-0.1617,9.9932,-0.0005,-0.0116,-0.0121,52.413055,-1.529287,0.0,0.025,296.617,10.006307749115056,0.0167696153802047,0.2060910612045283,-0.0040277402209287,0.2025,-0.0135,0.1981999999999999,-0.0043999999999999,-0.031,-0.0185,0.101,6.377710000000002,-3883.1676241543837,-7200.872254574669,GNSS_OUTAGE,False,5.485569405356677,7.607435750555551,-3816.928096977615,-7154.208888043197,-3856.3041609321594,-7206.066622563913,-3856.3041609321594,-7206.066622563913,predicted_speed
6089376,0.2087,-0.1347,9.7361,-0.0036,0.0097,-0.0001,52.413055,-1.529287,0.0,0.011,296.617,9.739268093137184,0.0103469802357982,-0.2670396559778716,-0.0064226351444064,-0.2771,0.027,-0.2570999999999994,-0.0031,0.0213,0.012,0.1,2.811060000000001,-3883.1676241543837,-7200.872254574669,GNSS_OUTAGE,False,5.484017405356677,7.616245250555551,-3817.4740112451937,-7153.677804688515,-3856.3739705888593,-7206.031638581057,-3856.3739705888593,-7206.031638581057,predicted_speed
6089476,0.4192,-0.2103,9.847,0.0009,0.0056,-0.001,52.413055,-1.529287,0.0,0.0289999999999999,296.617,9.858162289696796,0.0057593402399927,0.1188941965596122,-0.0045876399958054,0.2105,-0.0756,0.1108999999999991,0.0045,-0.0041,-0.0009,0.1,4.942240000000002,-3883.1676241543837,-7200.872254574669,GNSS_OUTAGE,False,5.482915405356676,7.64610475055555,-3818.0226529858573,-7153.145243500513,-3856.496705812486,-7205.970131804458,-3856.496705812486,-7205.970131804458,predicted_speed
6089576,0.321,-0.1485,9.8357,0.0038,-0.0019,-0.0027,52.413055,-1.529287,0.0,0.032,296.617,9.842057088840727,0.0050338851794612,-0.0161052008560691,-0.0007254550605314,-0.0982,0.0617999999999999,-0.0113000000000003,0.0029,-0.0075,-0.0017,0.1,7.78743,-3883.1676241543837,-7200.872254574669,GNSS_OUTAGE,False,5.482103405356677,7.666144250555551,-3818.5731660406973,-7152.611733375816,-3856.6900982747156,-7205.873216293011,-3856.6900982747156,-7205.873216293011,predicted_speed
6089675,0.3237,-0.168,9.8525,0.0014,0.0085,-0.0003,52.413055,-1.529287,0.0,0.0969999999999999,296.617,9.85924753416811,0.0086197447758039,0.0171904453273832,0.0035858595963426,0.0026999999999999,-0.0195,0.0167999999999999,-0.0024,0.0104,0.0024,0.099,4.758260000000001,-3883.1676241543837,-7200.872254574669,GNSS_OUTAGE,False,5.481061925356677,7.6862506555555505,-3819.120154616314,-7152.082742470255,-3856.807082889814,-7205.814591341071,-3856.807082889814,-7205.814591341071,predicted_speed
6089775,0.4064,-0.1814,9.9296,0.0003,0.0025,-0.0035,52.413055,-1.529287,0.0,0.086,296.617,9.93956855602898,0.004311612227462,0.08032102186087,-0.0043081325483419,0.0827,-0.0133999999999999,0.0771000000000015,-0.0011,-0.006,-0.0032,0.1,7.594139999999999,-3883.1676241543837,-7200.872254574669,GNSS_OUTAGE,False,5.479899925356677,7.714830155555551,-3819.675345550762,-7151.547066197122,-3856.99567520244,-7205.720081347132,-3856.99567520244,-7205.720081347132,predicted_speed
6089876,0.2464,-0.1252,9.863,-0.0038,0.001,0.0007,52.413055,-1.529287,0.0,0.025,296.617,9.866871692689632,0.003991240408695,-0.0726968633393472,-0.0003203718187669,-0.1599999999999999,0.0562,-0.0666000000000011,-0.0041,-0.0015,0.0042,0.101,4.94446,-3883.1676241543837,-7200.872254574669,GNSS_OUTAGE,False,5.478312205356677,7.727535450555551,-3820.237871578478,-7151.006034603618,-3857.1196934609325,-7205.657931598315,-3857.1196934609325,-7205.657931598315,predicted_speed
6089976,0.3871,-0.1703,9.9384,-0.0038,-0.0126,-0.012,52.413055,-1.529287,0.0,0.1009999999999999,296.617,9.947393782292927,0.0178101094887145,0.0805220896032938,0.0138188690800195,0.1407,-0.0451,0.0754000000000001,0.0,-0.0136,-0.0127,0.1,6.14933,-3883.1676241543837,-7200.872254574669,GNSS_OUTAGE,False,5.476740205356677,7.754184950555551,-3820.7975930787748,-7150.46939162679,-3857.272405468586,-7205.581402440171,-3857.272405468586,-7205.581402440171,predicted_speed
6090076,0.2957,-0.1002,9.8243,0.0061,0.0186,0.0109,52.413055,-1.529287,0.0,0.1119999999999999,296.617,9.829259840903584,0.0224049101761198,-0.1181339413893418,0.0045948006874053,-0.0913999999999999,0.0701,-0.1141000000000005,0.0099,0.0312,0.0229,0.1,1.20084,-3883.1676241543837,-7200.872254574669,GNSS_OUTAGE,False,5.476158205356677,7.771694450555551,-3821.3588914063876,-7149.931863456601,-3857.3022270405736,-7205.566457840634,-3857.3022270405736,-7205.566457840634,predicted_speed
6090176,0.2736,-0.1589,9.7801,-0.0014,-0.0025,-0.0038,52.413055,-1.529287,0.0,0.061,296.617,9.785216511656754,0.0047592016137163,-0.0440433292468309,-0.0176457085624035,-0.0221,-0.0587,-0.0442,-0.0075,-0.0210999999999999,-0.0147,0.1,3.21742,-3883.1676241543837,-7200.872254574669,GNSS_OUTAGE,False,5.474826205356678,7.786993950555551,-3821.9220116140677,-7149.394026697387,-3857.382128211541,-7205.526416658262,-3857.382128211541,-7205.526416658262,predicted_speed
6090276,0.3374,-0.134,9.8924,-0.0046,0.0001,-0.0053,52.413055,-1.529287,0.0,0.011,296.617,9.899059173477044,0.0070185468581466,0.1138426618202892,0.0022593452444303,0.0637999999999999,0.0249,0.1123000000000011,-0.0031999999999999,0.0026,-0.0015,0.1,4.4809100000000015,-3883.1676241543837,-7200.872254574669,GNSS_OUTAGE,False,5.473174205356678,7.808673450555552,-3822.4875897942384,-7148.855626165543,-3857.4934067999748,-7205.4706511895,-3857.4934067999748,-7205.4706511895,predicted_speed
6090375,0.1952,-0.148,9.7352,0.0015,0.0128,0.0066,52.413055,-1.529287,0.0,0.05,296.617,9.73828147467509,0.0144792955629754,-0.1607776988019544,0.0074607487048287,-0.1421999999999999,-0.0139999999999999,-0.1571999999999995,0.0060999999999999,0.0127,0.0119,0.099,7.122939999999995,-3883.1676241543837,-7200.872254574669,GNSS_OUTAGE,False,5.472142625356677,7.816058355555552,-3823.0485917995047,-7148.322683983513,-3857.6685284608902,-7205.382891795274,-3857.6685284608902,-7205.382891795274,predicted_speed
6090476,0.3344,-0.2199,9.937,-0.0056,-0.0006,-0.0077,52.413055,-1.529287,0.0,0.061,296.617,9.945056478974868,0.009539916142189,0.2067750042997787,-0.0049393794207863,0.1391999999999999,-0.0719,0.2017999999999986,-0.0071,-0.0134,-0.0143,0.101,0.90452,-3883.1676241543837,-7200.872254574669,GNSS_OUTAGE,False,5.4703731053566775,7.837651650555552,-3823.623472222452,-7147.778489607644,-3857.6912158716837,-7205.371522365488,-3857.6912158716837,-7205.371522365488,predicted_speed
6090575,0.2249,-0.0796,9.8119,0.0019,0.0034,-0.0044,52.413055,-1.529287,0.0,0.054,296.617,9.814799935811225,0.0058762232769015,-0.1302565431636448,-0.0036636928652875,-0.1094999999999999,0.1403,-0.1250999999999997,0.0075,0.004,0.0033,0.099,1.50845,-3883.1676241543837,-7200.872254574669,GNSS_OUTAGE,False,5.469381125356677,7.847976855555552,-3824.188240776323,-7147.244928617309,-3857.728302000362,-7205.352937250603,-3857.728302000362,-7205.352937250603,predicted_speed
6090675,0.3572,-0.1112,9.8908,-0.0007,0.001,-0.0012,52.413055,-1.529287,0.0,0.0289999999999999,296.617,9.897872595664182,0.0017117242768623,0.0830726598529594,-0.0041644990000392,0.1323,-0.0315999999999999,0.0789000000000008,-0.0026,-0.0024,0.0032,0.1,3.4790000000000005,-3883.1676241543837,-7200.872254574669,GNSS_OUTAGE,False,5.468119125356678,7.871636355555552,-3824.7611156338967,-7146.705075871922,-3857.8146992297557,-7205.309640673385,-3857.8146992297557,-7205.309640673385,predicted_speed
6090775,0.2375,-0.0858,9.7978,-0.0024,0.0058,-0.0002,52.413055,-1.529287,0.0,0.076,296.617,9.801053654072096,0.006280127387243,-0.096818941592085,0.0045684031103806,-0.1197,0.0253999999999999,-0.0929999999999999,-0.0016999999999999,0.0048,0.0009999999999999,0.1,1.52903,-3883.1676241543837,-7200.872254574669,GNSS_OUTAGE,False,5.466687125356677,7.883325855555552,-3825.3356148480066,-7146.165243566076,-3857.8526710479964,-7205.290611709469,-3857.8526710479964,-7205.290611709469,predicted_speed
6090875,0.2954,-0.1884,9.8685,-0.0058,0.0096,-0.0025,52.413055,-1.529287,0.0,0.05,296.617,9.874717614696634,0.0114913010577566,0.0736639606245361,0.0052111736705136,0.0579,-0.1026,0.0706999999999986,-0.0034,0.0037999999999999,-0.0023,0.1,3.236360000000001,-3883.1676241543837,-7200.872254574669,GNSS_OUTAGE,False,5.4649151253566774,7.900805355555552,-3825.9123456841567,-7145.625235422343,-3857.9330425735266,-7205.250334816498,-3857.9330425735266,-7205.250334816498,predicted_speed
6090975,0.3101,-0.1546,9.8752,-0.0043,-0.001,-0.0052,52.413055,-1.529287,0.0,0.047,296.617,9.881277154801396,0.0068212902005412,0.0065595401047637,-0.0046700108572154,0.0146999999999999,0.0338,0.0067000000000003,0.0014999999999999,-0.0105999999999999,-0.0026999999999999,0.1,2.3632700000000013,-3883.1676241543837,-7200.872254574669,GNSS_OUTAGE,False,5.463293125356677,7.919754855555552,-3826.4913369998735,-7145.084870521517,-3857.991731846395,-7205.220923634537,-3857.991731846395,-7205.220923634537,predicted_speed
6091075,0.1592,-0.0963,9.7814,0.0055,0.0179,0.0086,52.413055,-1.529287,0.0,0.025,296.617,9.783169439910566,0.0206063097132892,-0.0981077148908315,0.013785019512748,-0.1508999999999999,0.0582999999999999,-0.0937999999999998,0.0098,0.0189,0.0138,0.1,2.44077,-3883.1676241543837,-7200.872254574669,GNSS_OUTAGE,False,5.462651125356677,7.923614355555552,-3827.0709574368575,-7144.54461429195,-3858.052345748547,-7205.190547955671,-3858.052345748547,-7205.190547955671,predicted_speed
6091176,0.3854,-0.111,9.9559,-0.0066,0.0066,-0.0102,52.413055,-1.529287,0.0,0.011,296.617,9.963975058680145,0.0138260623461634,0.180805618769579,-0.0067802473671257,0.2262,-0.0147,0.1745000000000001,-0.0121,-0.0113,-0.0188,0.101,3.95031,-3883.1676241543837,-7200.872254574669,GNSS_OUTAGE,False,5.460780605356677,7.950358650555552,-3827.6593730967797,-7143.998213444019,-3858.151428472789,-7205.14089424743,-3858.151428472789,-7205.14089424743,predicted_speed
6091275,0.1945,-0.0699,9.8704,-0.0002,0.0089,0.0004,52.413055,-1.529287,0.0,0.0139999999999999,296.617,9.87256361944556,0.0089112288714856,-0.0914114392345855,-0.0049148334746778,-0.1909,0.0411,-0.0854999999999996,0.0064,0.0023,0.0106,0.099,1.3274899999999996,-3883.1676241543837,-7200.872254574669,GNSS_OUTAGE,False,5.459580725356678,7.957674255555552,-3828.2373104852777,-7143.462832664368,-3858.1840655936476,-7205.124538681015,-3858.1840655936476,-7205.124538681015,predicted_speed
6091376,0.2953,-0.1365,9.8809,0.0014,0.0201,0.0024,52.413055,-1.529287,0.0,0.0139999999999999,296.617,9.886254050448027,0.0202911310675378,0.0136904310024679,0.0113799021960521,0.1008,-0.0666,0.0105000000000003,0.0016,0.0112,0.0019999999999999,0.101,3.504150000000002,-3883.1676241543837,-7200.872254574669,GNSS_OUTAGE,False,5.458518205356678,7.975318450555552,-3828.828811996716,-7142.916053227642,-3858.2719576143127,-7205.0804930132745,-3858.2719576143127,-7205.0804930132745,predicted_speed
6091475,0.2586,-0.0794,9.8547,-0.0069,0.0007,-0.0066,52.413055,-1.529287,0.0,0.022,296.617,9.858412164745396,0.0095739229159211,-0.0278418857026316,-0.0107172081516167,-0.0367,0.0571,-0.0262000000000011,-0.0083,-0.0194,-0.009,0.099,0.8270200000000003,-3883.1676241543837,-7200.872254574669,GNSS_OUTAGE,False,5.456655025356678,7.988979955555552,-3829.410593046313,-7142.380266067206,-3858.292290386456,-7205.070303572648,-3858.292290386456,-7205.070303572648,predicted_speed
6091575,0.1313,-0.1119,9.7231,-0.0005,0.0068,-0.0016,52.413055,-1.529287,0.0,0.025,296.617,9.724630322536688,0.0070035705179572,-0.1337818422087071,-0.0025703523979638,-0.1273,-0.0325,-0.1315999999999988,0.0063999999999999,0.0060999999999999,0.005,0.1,2.542410000000001,-3883.1676241543837,-7200.872254574669,GNSS_OUTAGE,False,5.455413025356678,7.9900494555555515,-3829.999001148865,-7141.839724849653,-3858.3554284088714,-7205.038662971647,-3858.3554284088714,-7205.038662971647,predicted_speed
6091676,0.3334,-0.161,9.8865,0.002,0.0113,-0.0018,52.413055,-1.529287,0.0,0.086,296.617,9.893430083141034,0.0116159373276546,0.1687997606043456,0.0046123668096973,0.2020999999999999,-0.0491,0.1633999999999993,0.0025,0.0045,-0.0001999999999999,0.101,2.742360000000001,-3883.1676241543837,-7200.872254574669,GNSS_OUTAGE,False,5.4544111053566775,8.011541750555551,-3830.5954400756627,-7141.292906997115,-3858.424213010498,-7205.004192678599,-3858.424213010498,-7205.004192678599,predicted_speed
6091776,0.1388,-0.0823,9.8931,0.0015,0.0125,0.0043,52.413055,-1.529287,0.0,0.061,296.617,9.894415917071608,0.0133037588673276,0.0009858339305743,0.001687821539673,-0.1945999999999999,0.0787,0.0066000000000006,-0.0005,0.0012,0.0060999999999999,0.1,3.490340000000001,-3883.1676241543837,-7200.872254574669,GNSS_OUTAGE,False,5.4533691053566775,8.013361250555551,-3831.1866717326757,-7140.751995994209,-3858.510891856615,-7204.960754973705,-3858.510891856615,-7204.960754973705,predicted_speed
6091875,0.2195,-0.1134,9.8485,-0.0071,-0.0055,-0.0087,52.413055,-1.529287,0.0,0.047,296.617,9.851598452027975,0.0125039993602047,-0.0428174650436332,-0.0007997595071229,0.0807,-0.0311,-0.0446000000000008,-0.0086,-0.018,-0.013,0.099,1.5717200000000005,-3883.1676241543837,-7200.872254574669,GNSS_OUTAGE,False,5.451486125356677,8.02315185555555,-3831.773714739346,-7140.216944274168,-3858.549533515382,-7204.941390330019,-3858.549533515382,-7204.941390330019,predicted_speed
6091975,0.3268,-0.1297,9.9552,0.0,0.0096,-0.0018,52.413055,-1.529287,0.0,0.05,296.617,9.961406897120506,0.0097672923576598,0.1098084450925309,-0.0027367070025448,0.1072999999999999,-0.0163,0.1067,0.0071,0.0150999999999999,0.0069,0.1,2.8944,-3883.1676241543837,-7200.872254574669,GNSS_OUTAGE,False,5.4502941253566775,8.04377135555555,-3832.3688568703046,-7139.675808043481,-3858.6214128314946,-7204.9053691707495,-3858.6214128314946,-7204.9053691707495,predicted_speed
6092076,0.1623,-0.0658,9.7502,0.0002,0.0069,0.0026,52.413055,-1.529287,0.0,0.036,296.617,9.751772709102688,0.007376313442364,-0.2096341880178176,-0.0023909789152958,-0.1644999999999999,0.0639,-0.205,0.0002,-0.0026999999999999,0.0043999999999999,0.101,1.7834999999999996,-3883.1676241543837,-7200.872254574669,GNSS_OUTAGE,False,5.449110405356677,8.04798255055555,-3832.9709119925506,-7139.129686595662,-3858.6661470520203,-7204.8829513380615,-3858.6661470520203,-7204.8829513380615,predicted_speed
6092175,0.3255,-0.1085,9.9258,-0.0026,-0.003,-0.0108,52.413055,-1.529287,0.0,0.032,296.617,9.93172835613218,0.011506519890914,0.1799556470294909,0.00413020644855,0.1632,-0.0427,0.1756000000000011,-0.0028,-0.0098999999999999,-0.0134,0.099,6.181650000000002,-3883.1676241543837,-7200.872254574669,GNSS_OUTAGE,False,5.447672925356677,8.068267155555551,-3833.5633034587518,-7138.593881211532,-3858.8181265457683,-7204.806789267439,-3858.8181265457683,-7204.806789267439,predicted_speed
