timestamp_ms,ax,ay,az,gyro_yaw,gyro_pitch,gyro_roll,gps_lat,gps_lon,gps_speed,vehicle_speed,vehicle_heading,accel_magnitude,gyro_magnitude,accel_change,gyro_change,ax_change,ay_change,az_change,gyro_yaw_change,gyro_pitch_change,gyro_roll_change,dt,predicted_speed,gps_x,gps_y,phase,gnss_available,ins_heading_rad,ins_speed_mps,ins_x,ins_y,dr_x,dr_y,corrected_x,corrected_y,dr_source_speed_col
4497576,0.7829,0.0323,8.5393,0.0227,-0.0032,-0.0024,52.477577,-1.434048,13.23,47.794,85.55799999999999,8.575174644868756,0.0230497288487305,-0.407648832746732,-0.0028857680618744,0.778,0.1462,-0.4428000000000001,0.0201,-0.029,-0.0018999999999999,0.1,52.99552999999999,2566.9257074960296,-26.35319761498456,GNSS_OUTAGE,False,1.4962358611496986,13.238055555555555,2566.9257074960296,-26.35319761498456,2566.9257074960296,-26.35319761498456,2566.9257074960296,-26.35319761498456,predicted_speed
4497676,-1.285,-0.4143,10.8659,0.0042,0.0571,0.0156,52.477577,-1.434048,13.23,47.84,85.814,10.94945899576778,0.0593414694796143,2.374284350899025,0.0362917406308838,-2.0679,-0.4466,2.326599999999999,-0.0185,0.0603,0.018,0.1,48.95588000000001,2566.9257074960296,-26.35319761498456,GNSS_OUTAGE,False,1.4972273611496987,13.169551055555555,2568.2391002696445,-26.256397964856816,2568.2391002696445,-26.256397964856816,2568.2391002696445,-26.256397964856816,predicted_speed
4497776,0.3232,0.0727,9.0589,-0.0244,-0.0356,-0.0352,52.477577,-1.434048,13.23,47.743,85.573,9.064955197903627,0.055693446652187,-1.884503797864154,-0.0036480228274273,1.6082,0.487,-1.8070000000000004,-0.0286,-0.0927,-0.0508,0.1,50.309249999999984,2566.9257074960296,-26.35319761498456,GNSS_OUTAGE,False,1.4953588611496986,13.261866555555555,2569.5615151754505,-26.156448666331528,2569.5615151754505,-26.156448666331528,2569.5615151754505,-26.156448666331528,predicted_speed
4497875,-0.4103,0.4437,10.3772,-0.0265,-0.0016,-0.0302,52.477577,-1.434048,13.23,47.952,85.406,10.394782134321046,0.0402100733647676,1.329826936417419,-0.0154833732874193,-0.7335,0.371,1.3183000000000007,-0.0020999999999999,0.034,0.005,0.099,46.065250000000006,2566.9257074960296,-26.35319761498456,GNSS_OUTAGE,False,1.4933011461496986,13.280642400555555,2570.8723527800694,-26.054661226145733,2570.8723527800694,-26.054661226145733,2570.8723527800694,-26.054661226145733,predicted_speed
4497975,0.3889,0.2755,10.2077,-0.003,0.0728,0.0207,52.477577,-1.434048,13.23,47.653,85.30799999999999,10.218820027282996,0.0757451648621877,-0.1759621070380514,0.03553509149742,0.7992,-0.1681999999999999,-0.1694999999999993,0.0235,0.0744,0.0509,0.1,44.81891,2566.9257074960296,-26.35319761498456,GNSS_OUTAGE,False,1.4935726461496985,13.379527900555555,2572.2063181136887,-25.9514422495968,2572.2063181136887,-25.9514422495968,2572.2063181136887,-25.9514422495968,predicted_speed
4498075,-0.6901,0.2404,9.3032,-0.0095,0.0227,-0.0187,52.477577,-1.434048,13.23,47.84,85.491,9.331857286199783,0.0309067953693035,-0.8869627410832095,-0.0448383694928842,-1.0790000000000002,-0.0351,-0.9045000000000004,-0.0065,-0.0501,-0.0394,0.1,47.15624999999999,2566.9257074960296,-26.35319761498456,GNSS_OUTAGE,False,1.4931941461496985,13.370513400555556,2573.5393455463213,-25.847788258869585,2573.5393455463213,-25.847788258869585,2573.5393455463213,-25.847788258869585,predicted_speed
4498175,-0.1955,0.3573,8.8952,-0.0442,-0.0159,-0.0425,52.477577,-1.434048,13.23,48.18600000000001,85.56299999999999,8.904519446887631,0.0633458759510041,-0.4273378393121536,0.0324390805817006,0.4946,0.1169,-0.4079999999999995,-0.0347,-0.0386,-0.0238,0.1,51.79610000000002,2566.9257074960296,-26.35319761498456,GNSS_OUTAGE,False,1.4893456461496986,13.410958900555556,2574.8759953370763,-25.7386758251196,2574.8759953370763,-25.7386758251196,2574.8759953370763,-25.7386758251196,predicted_speed
4498276,-0.8956,0.1937,9.9865,0.0129,0.0442,-0.0016,52.477577,-1.434048,13.23,47.7,85.571,10.028449596024302,0.0460717918036622,1.1239301491366709,-0.0172740841473418,-0.7001,-0.1636,1.0912999999999986,0.0571,0.0601,0.0409,0.101,42.95843999999999,2566.9257074960296,-26.35319761498456,GNSS_OUTAGE,False,1.4912257611496986,13.381098755555556,2576.2232101027253,-25.63125036788594,2576.2232101027253,-25.63125036788594,2576.2232101027253,-25.63125036788594,predicted_speed
4498375,-0.6245,0.4036,9.3318,0.0106,0.0363,-0.0069,52.477577,-1.434048,13.23,48.06,85.905,9.361377273136682,0.0384403433907659,-0.6670723228876199,-0.0076314484128963,0.2710999999999999,0.2099,-0.6547000000000001,-0.0023,-0.0079,-0.0053,0.099,46.14612,2566.9257074960296,-26.35319761498456,GNSS_OUTAGE,False,1.4928409461496985,13.378668800555555,2577.5436758668197,-25.5281039301951,2577.5436758668197,-25.5281039301951,2577.5436758668197,-25.5281039301951,predicted_speed
4498476,-1.067,0.3853,10.3948,-0.0071,0.0228,-0.0197,52.477577,-1.434048,13.23,48.298,85.387,10.456520077444504,0.0309570670445376,1.0951428043078213,-0.0074832763462282,-0.4424999999999999,-0.0183,1.0630000000000006,-0.0177,-0.0134999999999999,-0.0127999999999999,0.101,47.57773,2566.9257074960296,-26.35319761498456,GNSS_OUTAGE,False,1.4927010611496985,13.331497255555556,2578.8860531687255,-25.4230569754011,2578.8860531687255,-25.4230569754011,2578.8860531687255,-25.4230569754011,predicted_speed
4498576,-0.2,0.854,8.4865,-0.0002,0.0505,0.0013,52.477577,-1.434048,13.23,48.02,85.59299999999999,8.531705471357999,0.0505171258089769,-1.924814606086505,0.0195600587644392,0.867,0.4687,-1.9083000000000008,0.0069,0.0277,0.0209999999999999,0.1,47.56504000000001,2566.9257074960296,-26.35319761498456,GNSS_OUTAGE,False,1.4932525611496985,13.371492755555556,2580.2191842952343,-25.319473266969208,2580.2191842952343,-25.319473266969208,2580.2191842952343,-25.319473266969208,predicted_speed
4498676,-0.4776,0.4231,10.0779,0.0024,0.0454,0.0148,52.477577,-1.434048,13.23,48.121,85.723,10.098078222117314,0.0478117140458277,1.5663727507593157,-0.0027054117631491,-0.2776,-0.4309,1.5914,0.0026,-0.0051,0.0135,0.1,48.01895,2566.9257074960296,-26.35319761498456,GNSS_OUTAGE,False,1.4940640611496985,13.383728255555555,2581.5536189906916,-25.21687763477433,2581.5536189906916,-25.21687763477433,2581.5536189906916,-25.21687763477433,predicted_speed
4498776,-1.4219,0.4497,9.879,-0.0018,0.0453,0.0136,52.477577,-1.434048,13.23,48.222,85.28399999999999,9.99092942123004,0.0473317018498173,-0.1071488008872751,-0.0004800121960104,-0.9443,0.0266,-0.1989,-0.0042,-0.0001,-0.0012,0.1,39.10678,2566.9257074960296,-26.35319761498456,GNSS_OUTAGE,False,1.4944555611496986,13.301533755555555,2582.8798982395597,-25.11543131141345,2582.8798982395597,-25.11543131141345,2582.8798982395597,-25.11543131141345,predicted_speed
4498876,-0.2202,0.0105,10.6731,-0.0162,0.0099,-0.0131,52.477577,-1.434048,13.23,48.258,85.595,10.675376428960243,0.023066425817625,0.6844470077302063,-0.0242652760321922,1.2017,-0.4392,0.7941000000000003,-0.0144,-0.0354,-0.0267,0.1,58.37523000000001,2566.9257074960296,-26.35319761498456,GNSS_OUTAGE,False,1.4934070611496986,13.339509255555555,2584.2098565766773,-25.012300843939585,2584.2098565766773,-25.012300843939585,2584.2098565766773,-25.012300843939585,predicted_speed
4498976,-1.1057,0.3249,10.0173,0.0055,0.0361,0.0126,52.477577,-1.434048,13.23,48.348,85.527,10.083374028072152,0.0386292635187366,-0.5920024008880933,0.0155628377011116,-0.8855,0.3144,-0.6557999999999993,0.0216999999999999,0.0262,0.0257,0.1,34.182659999999984,2566.9257074960296,-26.35319761498456,GNSS_OUTAGE,False,1.4945285611496986,13.288934755555555,2585.534886990093,-24.911047335863742,2585.534886990093,-24.911047335863742,2585.534886990093,-24.911047335863742,predicted_speed
4499076,-0.6202,0.4238,8.0637,0.0101,0.0727,0.0321,52.477577,-1.434048,13.23,48.359,85.446,8.098611743379232,0.0801106110324968,-1.98476228469292,0.0414813475137601,0.4854999999999999,0.0988999999999999,-1.9536,0.0046,0.0366,0.0194999999999999,0.1,49.12504999999998,2566.9257074960296,-26.35319761498456,GNSS_OUTAGE,False,1.4961100611496985,13.286910255555556,2586.859873993195,-24.81190459531939,2586.859873993195,-24.81190459531939,2586.859873993195,-24.81190459531939,predicted_speed
4499175,-1.2252,0.401,8.8706,-0.021,0.0253,0.0036,52.477577,-1.434048,13.23,48.488,85.499,8.963786052779259,0.0330764266510153,0.865174309400027,-0.0470341843814814,-0.6050000000000001,-0.0227999999999999,0.8068999999999988,-0.0311,-0.0474,-0.0284999999999999,0.099,53.55429000000003,2566.9257074960296,-26.35319761498456,GNSS_OUTAGE,False,1.4945968461496986,13.225011000555556,2588.1653508563772,-24.712234955672617,2588.1653508563772,-24.712234955672617,2588.1653508563772,-24.712234955672617,predicted_speed
4499277,-1.2051,0.4567,8.7436,0.0061,-0.0013,-0.0284,52.477577,-1.434048,13.23,48.499,85.15299999999999,8.838064372926913,0.0290767948715122,-0.1257216798523455,-0.0039996317795031,0.0201,0.0556999999999999,-0.1269999999999989,0.0271,-0.0266,-0.032,0.102,48.98837999999999,2566.9257074960296,-26.35319761498456,GNSS_OUTAGE,False,1.4958019761496986,13.163286210555556,2589.504232170223,-24.611637758871158,2589.504232170223,-24.611637758871158,2589.504232170223,-24.611637758871158,predicted_speed
4499376,-0.8305,0.6727,9.5004,-0.0056,-0.0024,-0.027,52.477577,-1.434048,13.23,48.64,85.182,9.560327175363822,0.027678872809419,0.7222628024369087,-0.0013979220620931,0.3746,0.2159999999999999,0.7568000000000001,-0.0117,-0.0010999999999999,0.0014,0.099,44.94645999999998,2566.9257074960296,-26.35319761498456,GNSS_OUTAGE,False,1.4958133611496987,13.140462255555557,2590.8014825110645,-24.514183368646098,2590.8014825110645,-24.514183368646098,2590.8014825110645,-24.514183368646098,predicted_speed
4499475,-1.0197,0.194,8.8015,-0.0293,-0.0091,-0.0542,52.477577,-1.434048,13.23,48.532,85.601,8.862495491677274,0.0622811367911665,-0.6978316836865481,0.0346022639817474,-0.1892,-0.4786999999999999,-0.6989000000000001,-0.0237,-0.0067,-0.0272,0.099,50.54554,2566.9257074960296,-26.35319761498456,GNSS_OUTAGE,False,1.4934784461496986,13.098907500555557,2592.0944001379557,-24.414018040357476,2592.0944001379557,-24.414018040357476,2592.0944001379557,-24.414018040357476,predicted_speed
4499576,-1.0087,0.2738,9.8187,-0.0136,0.024,-0.0321,52.477577,-1.434048,13.23,48.74,85.411,9.874173981655376,0.0423245791473465,1.0116784899781024,-0.01995655764382,0.0110000000000001,0.0797999999999999,1.017199999999999,0.0157,0.0331,0.0221,0.101,44.66242,2566.9257074960296,-26.35319761498456,GNSS_OUTAGE,False,1.4926820611496987,13.057624255555556,2593.4091986198287,-24.311104115893293,2593.4091986198287,-24.311104115893293,2593.4091986198287,-24.311104115893293,predicted_speed
4499675,-1.8125,0.4104,8.8615,-0.0096,0.1285,0.0374,52.477577,-1.434048,13.23,48.762,85.052,9.05426786990533,0.1341758920223748,-0.819906111750047,0.0918513128750283,-0.8038000000000001,0.1366,-0.9572000000000004,0.004,0.1045,0.0695,0.099,44.01568,2566.9257074960296,-26.35319761498456,GNSS_OUTAGE,False,1.4922974461496987,12.937582300555556,2594.68607503762,-24.210664355819727,2594.68607503762,-24.210664355819727,2594.68607503762,-24.210664355819727,predicted_speed
4499775,-1.6185,0.1862,9.5029,-0.0305,-0.0093,-0.0458,52.477577,-1.434048,13.23,48.776,85.65899999999999,9.641541427593411,0.0558066304304425,0.5872735576880821,-0.0783692615919322,0.1939999999999999,-0.2241999999999999,0.6414000000000009,-0.0209,-0.1378,-0.0832,0.1,41.597260000000006,2566.9257074960296,-26.35319761498456,GNSS_OUTAGE,False,1.4898189461496987,12.835727800555556,2595.965441707723,-24.106837552300576,2595.965441707723,-24.106837552300576,2595.965441707723,-24.106837552300576,predicted_speed
4499875,-0.1699,0.576,9.9712,0.0354,0.1103,0.0734,52.477577,-1.434048,13.23,48.816,85.27,9.989267813508656,0.1371379232743445,0.3477263859152444,0.0813312928439019,1.4486,0.3897999999999999,0.4682999999999993,0.0659,0.1196,0.1192,0.1,41.07851000000001,2566.9257074960296,-26.35319761498456,GNSS_OUTAGE,False,1.4939304461496987,12.878733300555556,2597.249512298705,-24.0079414874488,2597.249512298705,-24.0079414874488,2597.249512298705,-24.0079414874488,predicted_speed
4499975,-0.2862,0.662,8.4171,-0.007,0.1107,0.0558,52.477577,-1.434048,13.23,48.928,85.351,8.44794216658708,0.1241657360144094,-1.5413256469215764,-0.0129721872599351,-0.1163,0.086,-1.5541,-0.0424,0.0004,-0.0176,0.1,48.312559999999976,2566.9257074960296,-26.35319761498456,GNSS_OUTAGE,False,1.4938019461496987,12.910108800555555,2598.5366984256257,-23.90863908523356,2598.5366984256257,-23.90863908523356,2598.5366984256257,-23.90863908523356,predicted_speed
4500075,-1.3227,0.8338,9.1182,-0.0519,0.004,-0.0391,52.477577,-1.434048,13.23,48.859,85.318,9.251287962764968,0.0651031489253784,0.8033457961778883,-0.0590625870890309,-1.0365,0.1717999999999999,0.7011000000000003,-0.0449,-0.1067,-0.0949,0.1,48.12846,2566.9257074960296,-26.35319761498456,GNSS_OUTAGE,False,1.4891834461496987,12.837834300555555,2599.816208804312,-23.803982092541126,2599.816208804312,-23.803982092541126,2599.816208804312,-23.803982092541126,predicted_speed
4500175,-1.7212,0.3999,9.5278,-0.0112,0.0664,0.0031,52.477577,-1.434048,13.23,48.924,85.194,9.690274624075418,0.0674092723592237,0.4389866613104498,0.0023061234338452,-0.3985000000000001,-0.4339,0.4095999999999993,0.0407,0.0624,0.0422,0.1,45.144770000000015,2566.9257074960296,-26.35319761498456,GNSS_OUTAGE,False,1.4886349461496986,12.725709800555554,2601.084486959664,-23.699543498446726,2601.084486959664,-23.699543498446726,2601.084486959664,-23.699543498446726,predicted_speed
4500276,-1.6392,0.3495,9.9629,0.0028,0.0568,0.0,52.477577,-1.434048,13.23,48.82,85.17200000000001,10.102895787842217,0.0568689722080503,0.4126211637667989,-0.0105403001511733,0.082,-0.0504,0.4351000000000002,0.014,-0.0095999999999999,-0.0031,0.101,40.81136000000001,2566.9257074960296,-26.35319761498456,GNSS_OUTAGE,False,1.4894949611496986,12.620746055555555,2602.3549718192044,-23.596023156977967,2602.3549718192044,-23.596023156977967,2602.3549718192044,-23.596023156977967,predicted_speed
4500375,-1.6931,0.5261,10.0772,-0.0302,0.013,-0.0148,52.477577,-1.434048,13.23,48.931,85.565,10.231975794537435,0.0360566221379651,0.1290800066952186,-0.0208123500700851,-0.0539,0.1766,0.1143,-0.033,-0.0438,-0.0148,0.099,40.39590000000001,2566.9257074960296,-26.35319761498456,GNSS_OUTAGE,False,1.4870709461496987,12.512524700555556,2603.5893725542956,-23.49243031251375,2603.5893725542956,-23.49243031251375,2603.5893725542956,-23.49243031251375,predicted_speed
4500476,-1.5427,0.1531,10.7686,-0.0207,-0.029,-0.0187,52.477577,-1.434048,13.23,49.014,84.917,10.87961896667342,0.0402390357737359,0.6476431721359841,0.0041824136357707,0.1504000000000001,-0.373,0.6913999999999998,0.0095,-0.042,-0.0039,0.101,48.65078999999998,2566.9257074960296,-26.35319761498456,GNSS_OUTAGE,False,1.4855574611496987,12.417307455555555,2604.8389672559197,-23.38565756063409,2604.8389672559197,-23.38565756063409,2604.8389672559197,-23.38565756063409,predicted_speed
4500576,-1.3435,0.846,9.3076,0.0067,0.0303,0.0176,52.477577,-1.434048,13.23,48.899,85.292,9.442040352063744,0.0356754817767048,-1.4375786146096754,-0.004563553997031,0.1992,0.6929,-1.4609999999999983,0.0274,0.0593,0.0363,0.1,53.64645999999999,2566.9257074960296,-26.35319761498456,GNSS_OUTAGE,False,1.4867989611496986,12.342952955555555,2606.068910790378,-23.282101881532004,2606.068910790378,-23.282101881532004,2606.068910790378,-23.282101881532004,predicted_speed
4500676,-1.3589,0.221,10.9389,0.0089,-0.0001,-0.0235,52.477577,-1.434048,13.23,48.92,85.2,11.025197658999137,0.0251290668350418,1.5831573069353908,-0.010546414941663,-0.0154,-0.625,1.6312999999999995,0.0021999999999999,-0.0304,-0.0411,0.1,61.90874999999998,2566.9257074960296,-26.35319761498456,GNSS_OUTAGE,False,1.4882604611496986,12.267058455555555,2607.2914407434764,-23.180969565737318,2607.2914407434764,-23.180969565737318,2607.2914407434764,-23.180969565737318,predicted_speed
4500776,-1.0316,0.4818,10.9636,-0.0025,0.0065,-0.0007,52.477577,-1.434048,13.23,49.06399999999999,84.89200000000001,11.022561170617289,0.0069992856778388,-0.0026364883818459,-0.018129781157203,0.3272999999999999,0.2608,0.0246999999999992,-0.0114,0.0066,0.0228,0.1,50.12037000000001,2566.9257074960296,-26.35319761498456,GNSS_OUTAGE,False,1.4885819611496987,12.223893955555555,2608.5097012770952,-23.080584773098362,2608.5097012770952,-23.080584773098362,2608.5097012770952,-23.080584773098362,predicted_speed
4500875,-0.3608,0.0124,9.3011,0.0106,0.0508,0.0301,52.477577,-1.434048,13.23,48.913,85.16,9.30810354529858,0.0599917494327345,-1.7144576253187085,0.0529924637548956,0.6708000000000001,-0.4694,-1.6624999999999996,0.0131,0.0443,0.0307999999999999,0.099,43.20691,2566.9257074960296,-26.35319761498456,GNSS_OUTAGE,False,1.4901971461496986,12.247570300555555,2609.7182744995307,-22.98296327952355,2609.7182744995307,-22.98296327952355,2609.7182744995307,-22.98296327952355,predicted_speed
4500975,-1.7295,0.043,9.3765,-0.0328,-0.0112,0.0023,52.477577,-1.434048,13.23,48.899,85.447,9.534766462792888,0.0347357164889397,0.2266629174943073,-0.0252560329437947,-1.3687,0.0305999999999999,0.0754000000000001,-0.0434,-0.062,-0.0278,0.1,44.32884999999998,2566.9257074960296,-26.35319761498456,GNSS_OUTAGE,False,1.4874886461496986,12.134615800555554,2610.9275276997196,-22.881989500234162,2610.9275276997196,-22.881989500234162,2610.9275276997196,-22.881989500234162,predicted_speed
4501075,-2.356,-1.4669,11.2278,-0.0271,-0.0417,-0.0256,52.477577,-1.434048,13.23,48.974,85.446,11.565726282858332,0.0559344258931831,2.030959820065444,0.0211987094042434,-0.6264999999999998,-1.5099,1.8513,0.0057,-0.0305,-0.0279,0.1,47.592239999999954,2566.9257074960296,-26.35319761498456,GNSS_OUTAGE,False,1.4853501461496985,11.959011300555554,2612.119065818446,-22.77992861404371,2612.119065818446,-22.77992861404371,2612.119065818446,-22.77992861404371,predicted_speed
4501175,-0.0341,0.2004,8.5117,0.0052,0.0338,0.0058,52.477577,-1.434048,13.23,49.014,85.012,8.514127075631418,0.0346860202387071,-3.0515992072269142,-0.021248405654476,2.3219,1.6673,-2.716100000000001,0.0322999999999999,0.0755,0.0314,0.1,55.101400000000005,2566.9257074960296,-26.35319761498456,GNSS_OUTAGE,False,1.4864416461496985,12.015596800555555,2613.3163530564534,-22.678691592953076,2613.3163530564534,-22.678691592953076,2613.3163530564534,-22.678691592953076,predicted_speed
4501275,0.1853,-0.6803,12.0398,-0.0304,-0.1022,-0.09,52.477577,-1.434048,13.23,48.967,84.62,12.060428193890962,0.1395313584826006,3.546301118259544,0.1048453382438934,0.2193999999999999,-0.8807,3.5281,-0.0356,-0.136,-0.0958,0.1,46.03287000000002,2566.9257074960296,-26.35319761498456,GNSS_OUTAGE,False,1.4839731461496986,12.094122300555554,2614.5212097145877,-22.573818452647597,2614.5212097145877,-22.573818452647597,2614.5212097145877,-22.573818452647597,predicted_speed
4501376,-1.112,-1.0362,11.5479,-0.0213,-0.0191,-0.0535,52.477577,-1.434048,13.23,48.784,85.104,11.647499682335262,0.0606691849294186,-0.4129285115557,-0.0788621735531819,-1.2973,-0.3559,-0.4918999999999993,0.0091,0.0831,0.0365,0.101,51.28162,2566.9257074960296,-26.35319761498456,GNSS_OUTAGE,False,1.4823990611496987,12.042405755555555,2615.7327437253334,-22.46644233131126,2615.7327437253334,-22.46644233131126,2615.7327437253334,-22.46644233131126,predicted_speed
4501475,-0.4752,-0.1344,9.9624,0.0379,0.0759,-0.0027,52.477577,-1.434048,13.23,48.65,84.855,9.974632432325514,0.0848793850119096,-1.672867250009748,0.024210200082491,0.6368,0.9018,-1.5854999999999997,0.0592,0.095,0.0508,0.099,35.600940000000016,2566.9257074960296,-26.35319761498456,GNSS_OUTAGE,False,1.4867169461496987,12.054756500555555,2616.921948753011,-22.36621842537923,2616.921948753011,-22.36621842537923,2616.921948753011,-22.36621842537923,predicted_speed
4501576,-0.8261,-0.8387,9.9836,-0.0081,-0.037,-0.0439,52.477577,-1.434048,13.23,48.398,84.665,10.052767174265998,0.0579812038509032,0.0781347419404845,-0.0268981811610064,-0.3508999999999999,-0.7043,0.0211999999999985,-0.046,-0.1129,-0.0412,0.101,46.66237999999999,2566.9257074960296,-26.35319761498456,GNSS_OUTAGE,False,1.4864760611496988,12.031915855555555,2618.1328547502594,-22.263871836721723,2618.1328547502594,-22.263871836721723,2618.1328547502594,-22.263871836721723,predicted_speed
4501675,0.7933,-0.7882,9.927,0.0315,0.0364,-0.0331,52.477577,-1.434048,13.23,48.229,84.58200000000001,9.98979044474908,0.0584193461106849,-0.0629767295169188,0.0004381422597816,1.6194,0.0504999999999999,-0.0565999999999995,0.0395999999999999,0.0733999999999999,0.0108,0.099,28.860289999999985,2566.9257074960296,-26.35319761498456,GNSS_OUTAGE,False,1.4901603461496988,12.169848100555555,2619.333754883487,-22.166825648931344,2619.333754883487,-22.166825648931344,2619.333754883487,-22.166825648931344,predicted_speed
4501776,-1.0883,0.1424,13.1809,0.0398,0.0068,-0.0046,52.477577,-1.434048,13.23,48.042,84.568,13.226518795964417,0.0406379133322566,3.236728351215336,-0.0177814327784283,-1.8816,0.9306,3.2539,0.0083,-0.0296,0.0284999999999999,0.101,55.26310999999997,2566.9257074960296,-26.35319761498456,GNSS_OUTAGE,False,1.494757361149699,12.120525255555554,2620.554390601221,-22.07383047204322,2620.554390601221,-22.07383047204322,2620.554390601221,-22.07383047204322,predicted_speed
4501875,-1.2091,-0.3751,12.3674,0.2151,0.0184,0.0242,52.477577,-1.434048,13.23,47.815,84.439,12.432023390422012,0.2172376808935319,-0.7944954055424027,0.1765997675612753,-0.1208,-0.5175,-0.8134999999999994,0.1753,0.0116,0.0288,0.099,41.90383999999998,2566.9257074960296,-26.35319761498456,GNSS_OUTAGE,False,1.516618046149699,12.060219900555554,2621.7466004902712,-22.00917531724471,2621.7466004902712,-22.00917531724471,2621.7466004902712,-22.00917531724471,predicted_speed
4501975,0.3083,-0.9486,9.2891,0.1824,-0.0342,-0.0263,52.477577,-1.434048,13.23,47.585,84.515,9.34249804174451,0.1874328946583283,-3.089525348677503,-0.0298047862352036,1.5174,-0.5735,-3.0783000000000005,-0.0327,-0.0526,-0.0505,0.1,37.30643000000001,2566.9257074960296,-26.35319761498456,GNSS_OUTAGE,False,1.535429546149699,12.151045400555553,2622.960945177582,-21.966209939737535,2622.960945177582,-21.966209939737535,2622.960945177582,-21.966209939737535,predicted_speed
4502075,0.9392,-0.8368,7.9955,-0.1833,0.0639,0.0296,52.477577,-1.434048,13.23,47.556,84.461,8.09384649780313,0.1963625728085675,-1.2486515439413797,0.0089296781502392,0.6309,0.1118,-1.2935999999999996,-0.3657,0.0980999999999999,0.0559,0.1,37.62470999999999,2566.9257074960296,-26.35319761498456,GNSS_OUTAGE,False,1.517671046149699,12.304960900555553,2624.189705264234,-21.900870234402237,2624.189705264234,-21.900870234402237,2624.189705264234,-21.900870234402237,predicted_speed
4502176,-1.7238,0.1682,7.4109,-0.2709,0.0808,0.027,52.477577,-1.434048,13.23,47.304,84.193,7.610598957375168,0.2839796647649264,-0.4832475404279615,0.0876170919563588,-2.6630000000000003,1.005,-0.5846,-0.0875999999999999,0.0169,-0.0026,0.101,43.19283,2566.9257074960296,-26.35319761498456,GNSS_OUTAGE,False,1.4908873611496989,12.191452555555554,2625.4171127487793,-21.802580074041533,2625.4171127487793,-21.802580074041533,2625.4171127487793,-21.802580074041533,predicted_speed
4502275,-2.0905,1.5295,10.5546,-0.0883,-0.0355,0.0141,52.477577,-1.434048,13.23,46.951,83.956,10.867802982203902,0.0962078479127352,3.257204024828733,-0.1877718168521911,-0.3667,1.3613000000000002,3.143700000000001,0.1825999999999999,-0.1162999999999999,-0.0129,0.099,40.78633999999999,2566.9257074960296,-26.35319761498456,GNSS_OUTAGE,False,1.4827114461496989,12.043888600555553,2626.6048350400797,-21.697688274066543,2626.6048350400797,-21.697688274066543,2626.6048350400797,-21.697688274066543,predicted_speed
4502376,0.3032,-1.0758,7.2223,-0.0181,-0.0933,-0.0409,52.47768,-1.432354,11.1,46.584,84.287,7.308275663246427,0.103466467998091,-3.5595273189574748,0.0072586200853557,2.3937,-2.6053,-3.332300000000001,0.0702,-0.0578,-0.055,0.101,40.04383999999999,2681.652427682256,-14.90012017057818,GNSS_OUTAGE,False,1.481460561149699,12.135107255555553,2627.825593259251,-21.588339850148685,2627.825593259251,-21.588339850148685,2627.825593259251,-21.588339850148685,predicted_speed
4502476,2.3075,-0.2296,8.3905,-0.1161,-0.0066,0.0052,52.47768,-1.432354,11.1,46.397,83.81299999999999,8.70504236979924,0.1164036511454859,1.396766706552814,0.0129371831473949,2.0043,0.8462000000000001,1.1681999999999997,-0.0979999999999999,0.0867,0.0461,0.1,41.72777000000001,2681.652427682256,-14.90012017057818,GNSS_OUTAGE,False,1.470422061149699,12.425852755555553,2629.0619242693233,-21.46382559168192,2629.0619242693233,-21.46382559168192,2629.0619242693233,-21.46382559168192,predicted_speed
4502576,0.378,0.6221,11.411,-0.1186,0.0713,0.0967,52.47768,-1.432354,11.1,46.069,83.844,11.43419491743953,0.1688210294957355,2.7291525476402896,0.0524173783502495,-1.9295,0.8517,3.0205,-0.0025,0.0779,0.0915,0.1,44.44126000000002,2681.652427682256,-14.90012017057818,GNSS_OUTAGE,False,1.459133561149699,12.523648255555553,2630.3064896027086,-21.32427349666217,2630.3064896027086,-21.32427349666217,2630.3064896027086,-21.32427349666217,predicted_speed
4502676,-2.2619,-1.0292,12.3579,0.2138,0.0088,-0.0014,52.47768,-1.432354,11.1,45.716,83.819,12.605282093630432,0.2139856069926199,1.171087176190902,0.0451645774968844,-2.6399,-1.6513,0.9469000000000012,0.3324,-0.0625,-0.0980999999999999,0.1,40.49523,2681.652427682256,-14.90012017057818,GNSS_OUTAGE,False,1.4810850611496988,12.357453755555554,2631.5372656043564,-21.21356185782401,2631.5372656043564,-21.21356185782401,2631.5372656043564,-21.21356185782401,predicted_speed
4502775,1.936,-0.5866,10.4684,0.2469,-0.0955,-0.0537,52.47768,-1.432354,11.1,45.702,83.682,10.662063314387137,0.2701176595485752,-1.943218779243296,0.0561320525559553,4.1979,0.4425999999999999,-1.8895,0.0331,-0.1043,-0.0523,0.099,40.84361999999999,2681.652427682256,-14.90012017057818,GNSS_OUTAGE,False,1.506093946149699,12.608513300555554,2632.782896511856,-21.1328539160678,2632.782896511856,-21.1328539160678,2632.782896511856,-21.1328539160678,predicted_speed
4502875,1.6697,-0.3913,9.7967,0.0061,-0.0193,0.0413,52.47768,-1.432354,11.1,45.328,83.772,9.945669644121503,0.0459933690872934,-0.7163936702656315,-0.2241242904612818,-0.2663,0.1953,-0.6717000000000013,-0.2408,0.0762,0.095,0.1,29.112619999999996,2681.652427682256,-14.90012017057818,GNSS_OUTAGE,False,1.5072754461496989,12.835478800555554,2634.0638557673587,-21.05137664231972,2634.0638557673587,-21.05137664231972,2634.0638557673587,-21.05137664231972,predicted_speed
4502975,0.1323,-1.056,10.0474,-0.1255,-0.0179,0.0161,52.47768,-1.432354,11.1,44.906000000000006,83.044,10.10360757600967,0.1277883797534032,0.1579379318881653,0.0817950106661097,-1.5374,-0.6647000000000001,0.2507000000000001,-0.1316,0.0014,-0.0252,0.1,40.22870999999997,2681.652427682256,-14.90012017057818,GNSS_OUTAGE,False,1.495296946149699,12.908704300555554,2635.351048862972,-20.95400928743597,2635.351048862972,-20.95400928743597,2635.351048862972,-20.95400928743597,predicted_speed
4503075,-0.735,-1.0219,8.8601,-0.0879,-0.0624,-0.0089,52.47768,-1.432354,11.1,44.626000000000005,83.405,8.949071271366654,0.1081636722749371,-1.1545363046430168,-0.0196247074784661,-0.8673,0.0341,-1.1873000000000005,0.0375999999999999,-0.0445,-0.025,0.1,51.58894000000002,2681.652427682256,-14.90012017057818,GNSS_OUTAGE,False,1.487078446149699,12.895199800555554,2636.636052562988,-20.846179468238308,2636.636052562988,-20.846179468238308,2636.636052562988,-20.846179468238308,predicted_speed
4503176,-2.4829,-1.1628,10.6724,0.0512,-0.0296,-0.0094,52.47768,-1.432354,11.1,44.096,82.39299999999999,11.01893906009104,0.05988288570201,2.0698677887243857,-0.048280786572927,-1.7479,-0.1409,1.8123000000000005,0.1391,0.0327999999999999,-0.0005,0.101,48.82132000000001,2681.652427682256,-14.90012017057818,GNSS_OUTAGE,False,1.492826861149699,12.705022355555554,2637.915361335596,-20.74622982550183,2637.915361335596,-20.74622982550183,2637.915361335596,-20.74622982550183,predicted_speed
4503276,-0.0296,-1.5214,11.2691,0.1073,-0.0174,0.0052,52.47768,-1.432354,11.1,44.269,82.895,11.371374100345127,0.1088259619759917,0.3524350402540896,0.0489430762739816,2.4533,-0.3586,0.5967000000000002,0.0561,0.0122,0.0146,0.1,43.07668,2681.652427682256,-14.90012017057818,GNSS_OUTAGE,False,1.5041283611496992,12.762057855555554,2639.188732048078,-20.661210794221244,2639.188732048078,-20.661210794221244,2639.188732048078,-20.661210794221244,predicted_speed
4503375,0.1966,-1.5809,9.6842,0.0498,-0.0757,-0.0554,52.47768,-1.432354,11.1,43.582,82.44,9.8143581557838,0.1062058849593561,-1.5570159445613283,-0.0026200770166355,0.2262,-0.0594999999999998,-1.5848999999999993,-0.0575,-0.0583,-0.0606,0.099,40.06199,2681.652427682256,-14.90012017057818,GNSS_OUTAGE,False,1.5096243461496992,12.840916800555554,2640.4576050356363,-20.583494357600962,2640.4576050356363,-20.583494357600962,2640.4576050356363,-20.583494357600962,predicted_speed
4503476,0.3617,-0.4549,10.8944,-0.0537,-0.0853,-0.0434,52.47768,-1.432354,11.1,43.222,82.241,10.909890570486947,0.1097421523390169,1.0955324147031469,0.0035362673796607,0.1651,1.126,1.2101999999999986,-0.1035,-0.0095999999999999,0.0119999999999999,0.101,43.36751000000003,2681.652427682256,-14.90012017057818,GNSS_OUTAGE,False,1.5047778611496991,12.938043955555555,2641.761500831457,-20.497287879536238,2641.761500831457,-20.497287879536238,2641.761500831457,-20.497287879536238,predicted_speed
4503576,0.0012,-1.3671,11.0396,-0.0101,-0.0237,-0.0101,52.47768,-1.432354,11.1,42.775,82.15299999999999,11.123926105921417,0.0276714654472798,0.2140355354344691,-0.0820706868917371,-0.3605,-0.9122,0.1452000000000008,0.0436,0.0616,0.0333,0.1,54.12900999999999,2681.652427682256,-14.90012017057818,GNSS_OUTAGE,False,1.5043393611496991,12.998159455555555,2643.0584474963243,-20.410969626485553,2643.0584474963243,-20.410969626485553,2643.0584474963243,-20.410969626485553,predicted_speed
4503675,1.8628,-0.7521,9.6365,0.0195,-0.0195,0.0553,52.47768,-1.432354,11.1,42.523,81.866,9.84366854886937,0.0617947408765503,-1.280257557052046,0.0341232754292705,1.8616,0.615,-1.4031000000000002,0.0296,0.0041999999999999,0.0654,0.099,35.55065999999999,2681.652427682256,-14.90012017057818,GNSS_OUTAGE,False,1.5068356461496992,13.241972200555555,2644.3667221198066,-20.32717719585181,2644.3667221198066,-20.32717719585181,2644.3667221198066,-20.32717719585181,predicted_speed
4503775,0.2364,-0.1751,9.6453,-0.0345,-0.0887,0.0063,52.47768,-1.432354,11.1,41.803,81.926,9.64978533750881,0.0953814971574676,-0.1938832113605606,0.0335867562809172,-1.6264,0.577,0.0088000000000008,-0.054,-0.0692,-0.049,0.1,31.177829999999982,2681.652427682256,-14.90012017057818,GNSS_OUTAGE,False,1.5039571461496992,13.325607700555555,2645.696307406176,-20.238176228658883,2645.696307406176,-20.238176228658883,2645.696307406176,-20.238176228658883,predicted_speed
4503876,-0.5503,-1.5773,9.99,-0.0359,-0.1228,-0.0339,52.47768,-1.432354,11.1,41.645,81.27199999999999,10.128711930941664,0.1323550527936127,0.4789265934328544,0.0369735556361451,-0.7867,-1.4022,0.3446999999999995,-0.0013999999999999,-0.0341,-0.0402,0.101,36.86445000000001,2681.652427682256,-14.90012017057818,GNSS_OUTAGE,False,1.5009084611496992,13.330622855555555,2647.0394135500055,-20.144156282758992,2647.0394135500055,-20.144156282758992,2647.0394135500055,-20.144156282758992,predicted_speed
4503975,0.0784,-0.5928,9.4102,0.0374,-0.0124,0.032,52.47768,-1.432354,11.1,41.346,81.23100000000001,9.42917930893246,0.0507594326209424,-0.6995326220092046,-0.0815956201726702,0.6287,0.9845,-0.5798000000000005,0.0733,0.1104,0.0659,0.099,42.06357,2681.652427682256,-14.90012017057818,GNSS_OUTAGE,False,1.5051768461496993,13.397780000555555,2648.362939153528,-20.05718235002905,2648.362939153528,-20.05718235002905,2648.362939153528,-20.05718235002905,predicted_speed
4504075,0.9211,-1.0682,9.8157,0.0058,-0.0657,-0.0311,52.47768,-1.432354,11.1,41.04,81.143,9.916523732639376,0.0729200932528202,0.4873444237069169,0.0221606606318777,0.8427,-0.4754,0.4054999999999999,-0.0316,-0.0532999999999999,-0.0631,0.1,30.15531,2681.652427682256,-14.90012017057818,GNSS_OUTAGE,False,1.5063283461496992,13.549885500555554,2649.7151129307995,-19.969889470363086,2649.7151129307995,-19.969889470363086,2649.7151129307995,-19.969889470363086,predicted_speed
4504175,0.3774,-0.9268,9.095,-0.0486,-0.0913,-0.0525,52.47768,-1.432354,11.1,41.155,81.207,9.149886010218928,0.1159909479226719,-0.7666377224204499,0.0430708546698517,-0.5437000000000001,0.1414,-0.720699999999999,-0.0544,-0.0256,-0.0214,0.1,40.51739,2681.652427682256,-14.90012017057818,GNSS_OUTAGE,False,1.5020398461496993,13.647621000555555,2651.07665037675,-19.876127148382604,2651.07665037675,-19.876127148382604,2651.07665037675,-19.876127148382604,predicted_speed
4504276,0.0627,-0.5527,8.9443,-0.014,-0.0331,-0.0083,52.47768,-1.432354,11.1,40.73,80.7,8.961579719558378,0.0368849562830159,-0.1883062906605488,-0.079105991639656,-0.3147,0.3741,-0.1507000000000005,0.0346,0.0582,0.0441999999999999,0.101,58.02404000000002,2681.652427682256,-14.90012017057818,GNSS_OUTAGE,False,1.5012030611496994,13.714549155555554,2652.458466853017,-19.779806476225836,2652.458466853017,-19.779806476225836,2652.458466853017,-19.779806476225836,predicted_speed
4504375,-0.3753,-0.7132,11.3423,-0.0258,-0.0979,-0.0555,52.47768,-1.432354,11.1,40.741,81.166,11.370895902258535,0.1154569183721789,2.4093161827001595,0.0785719620891629,-0.438,-0.1604999999999999,2.398,-0.0118,-0.0648,-0.0472,0.099,46.99285,2681.652427682256,-14.90012017057818,GNSS_OUTAGE,False,1.4992146461496993,13.736790000555555,2653.814926421416,-19.68254263922622,2653.814926421416,-19.68254263922622,2653.814926421416,-19.68254263922622,predicted_speed
4504476,-0.0556,-0.2186,9.1525,-0.0296,-0.0783,-0.0238,52.47768,-1.432354,11.1,40.406,80.796,9.15527900011791,0.0870258007719549,-2.215616902140628,-0.028431117600224,0.3197,0.4945999999999999,-2.1898,-0.0038,0.0196,0.0317,0.101,47.34969999999998,2681.652427682256,-14.90012017057818,GNSS_OUTAGE,False,1.4968022611496994,13.791769855555554,2655.204083579618,-19.579565246715564,2655.204083579618,-19.579565246715564,2655.204083579618,-19.579565246715564,predicted_speed
4504575,-0.0643,-1.0897,10.3788,-0.0216,-0.0817,-0.0367,52.47768,-1.432354,11.1,40.414,80.878,10.43604666624292,0.0921321876436243,1.280767666125012,0.0051063868716693,-0.0087,-0.8710999999999999,1.2263000000000002,0.008,-0.0034,-0.0129,0.099,44.34198000000001,2681.652427682256,-14.90012017057818,GNSS_OUTAGE,False,1.4952296461496994,13.844799700555553,2656.5708072269204,-19.476089442211897,2656.5708072269204,-19.476089442211897,2656.5708072269204,-19.476089442211897,predicted_speed
4504675,0.0069,-0.4663,9.1538,0.0002,-0.0479,0.0115,52.47768,-1.432354,11.1,40.219,81.187,9.16567170151757,0.0492615468697441,-1.2703749647253506,-0.0428706407738801,0.0712,0.6234,-1.2249999999999996,0.0218,0.0338,0.0482,0.1,47.65276999999998,2681.652427682256,-14.90012017057818,GNSS_OUTAGE,False,1.4958211461496995,13.905485200555553,2657.957449247748,-19.371930464183805,2657.957449247748,-19.371930464183805,2657.957449247748,-19.371930464183805,predicted_speed
4504775,-0.1092,-1.0325,10.8974,-0.0093,-0.0767,-0.0094,52.47768,-1.432354,11.1,40.032,81.084,10.946748725078145,0.0778314846318634,1.7810770235605735,0.0285699377621193,-0.1161,-0.5662,1.743599999999999,-0.0095,-0.0288,-0.0209,0.1,54.19888999999999,2681.652427682256,-14.90012017057818,GNSS_OUTAGE,False,1.4954626461496996,13.954560700555554,2659.348947469486,-19.266905027479854,2659.348947469486,-19.266905027479854,2659.348947469486,-19.266905027479854,predicted_speed
4504875,0.0442,-1.1481,9.0311,-0.0119,-0.0845,-0.008,52.47768,-1.432354,11.1,40.05,81.275,9.10389226979318,0.0857079926261256,-1.842856455284965,0.0078765079942621,0.1534,-0.1155999999999999,-1.866299999999999,-0.0026,-0.0078,0.0014,0.1,40.99061,2681.652427682256,-14.90012017057818,GNSS_OUTAGE,False,1.4948441461496995,14.018976200555555,2660.746803445979,-19.160530189756013,2660.746803445979,-19.160530189756013,2660.746803445979,-19.160530189756013,predicted_speed
4504975,-0.8533,-1.4725,9.9787,-0.0386,-0.1192,-0.0172,52.47768,-1.432354,11.1,39.935,81.094,10.122787700529928,0.1264691266673412,1.0188954307367482,0.0407611340412156,-0.8975,-0.3244,0.9475999999999996,-0.0267,-0.0346999999999999,-0.0092,0.1,36.40437999999999,2681.652427682256,-14.90012017057818,GNSS_OUTAGE,False,1.4915556461496995,13.993641700555555,2662.141776550799,-19.04975962839747,2662.141776550799,-19.04975962839747,2662.141776550799,-19.04975962839747,predicted_speed
4505075,-0.4309,-1.145,8.6934,-0.018,-0.0426,0.0412,52.47768,-1.432354,11.1,39.161,80.816,8.779060506113396,0.0619370648319727,-1.343727194416532,-0.0645320618353684,0.4223999999999999,0.3274999999999999,-1.2852999999999994,0.0206,0.0766,0.0584,0.1,57.24164999999997,2681.652427682256,-14.90012017057818,GNSS_OUTAGE,False,1.4903271461496994,14.010547200555555,2663.5382976009164,-18.93713953619132,2663.5382976009164,-18.93713953619132,2663.5382976009164,-18.93713953619132,predicted_speed
4505175,0.6854,-1.5922,10.6857,-0.0137,-0.0434,0.0379,52.47768,-1.432354,11.1,38.768,81.688,10.82538953063584,0.0592255012642358,2.046329024522443,-0.0027115635677369,1.1163,-0.4472,1.9923,0.0042999999999999,-0.0008,-0.0032999999999999,0.1,42.11929999999998,2681.652427682256,-14.90012017057818,GNSS_OUTAGE,False,1.4895286461496995,14.139082700555555,2664.947539406819,-18.822360929180668,2664.947539406819,-18.822360929180668,2664.947539406819,-18.822360929180668,predicted_speed
4505275,-0.6325,-1.8583,10.564,-0.0254,-0.1104,-0.0206,52.47768,-1.432354,11.1,39.29,81.398,10.744832764636218,0.1151419992878358,-0.0805567659996207,0.0559164980236,-1.3178999999999998,-0.2661,-0.1217000000000005,-0.0116999999999999,-0.067,-0.0585,0.1,36.91552000000001,2681.652427682256,-14.90012017057818,GNSS_OUTAGE,False,1.4875601461496994,14.135828200555554,2666.3562282175308,-18.70483551179536,2666.3562282175308,-18.70483551179536,2666.3562282175308,-18.70483551179536,predicted_speed
4505375,1.0093,-1.2302,10.2905,-0.0274,-0.1183,-0.0205,52.47768,-1.432354,11.1,40.327,80.969,10.412803118277038,0.1231499086479563,-0.3320296463591798,0.0080079093601204,1.6418,0.6281000000000001,-0.2735000000000003,-0.002,-0.0079,9.99999999999994e-05,0.1,40.08463,2681.652427682256,-14.90012017057818,GNSS_OUTAGE,False,1.4853916461496994,14.296753700555554,2667.780692758933,-18.582882922518145,2667.780692758933,-18.582882922518145,2667.780692758933,-18.582882922518145,predicted_speed
4505476,-0.3003,-1.3756,9.8476,-0.0108,-0.0637,-0.0024,52.47768,-1.432354,11.1,39.863,81.91199999999999,9.947747544544946,0.0646536155214849,-0.4650555737320925,-0.0584962931264714,-1.3096,-0.1453999999999999,-0.4428999999999998,0.0166,0.0545999999999999,0.0181,0.101,42.83592000000002,2681.652427682256,-14.90012017057818,GNSS_OUTAGE,False,1.4848780611496994,14.327018855555554,2669.2223840017527,-18.458709613880114,2669.2223840017527,-18.458709613880114,2669.2223840017527,-18.458709613880114,predicted_speed
4505575,0.0853,-1.3701,8.3221,-0.0071,-0.0835,-0.0269,52.47768,-1.432354,11.1,38.898,81.226,8.434559769780519,0.088012896782233,-1.5131877747644271,0.023359281260748,0.3856,0.0054999999999998,-1.5254999999999992,0.0037,-0.0197999999999999,-0.0245,0.099,47.79128999999998,2681.652427682256,-14.90012017057818,GNSS_OUTAGE,False,1.4847409461496994,14.394859100555554,2670.6422015321236,-18.33622416999461,2670.6422015321236,-18.33622416999461,2670.6422015321236,-18.33622416999461,predicted_speed
4505675,0.2268,-0.524,9.0379,-0.0109,-0.0603,0.0022,52.47768,-1.432354,11.1,39.629,81.069,9.055917990463474,0.0613167187641347,0.6213582206829553,-0.0266961780180982,0.1415,0.8461000000000001,0.7157999999999998,-0.0037999999999999,0.0232,0.0291,0.1,48.52054,2681.652427682256,-14.90012017057818,GNSS_OUTAGE,False,1.4842224461496993,14.477534600555554,2672.0845328972778,-18.211043044441258,2672.0845328972778,-18.211043044441258,2672.0845328972778,-18.211043044441258,predicted_speed
4505775,0.5245,-1.7047,10.1478,0.0172,-0.0369,-0.0063,52.47768,-1.432354,11.1,40.216,81.577,10.303346406871896,0.041196359062422,1.2474284164084215,-0.0201203597017127,0.2976999999999999,-1.1807,1.1098999999999997,0.0281,0.0233999999999999,-0.0085,0.1,31.212279999999986,2681.652427682256,-14.90012017057818,GNSS_OUTAGE,False,1.4865139461496992,14.589980100555554,2673.5383519636057,-18.088220751159678,2673.5383519636057,-18.088220751159678,2673.5383519636057,-18.088220751159678,predicted_speed
4505876,0.4724,-0.7972,8.0646,-0.0244,-0.0972,-0.0211,52.47768,-1.432354,11.1,39.524,81.393,8.117663626931089,0.1024129386357016,-2.185682779940807,0.0612165795732796,-0.0520999999999999,0.9075,-2.0832,-0.0416,-0.0602999999999999,-0.0148,0.101,49.68907000000001,2681.652427682256,-14.90012017057818,GNSS_OUTAGE,False,1.4846267611496993,14.698287955555553,2675.0173710057434,-17.960457944863915,2675.0173710057434,-17.960457944863915,2675.0173710057434,-17.960457944863915,predicted_speed
4505975,-0.1941,-1.1628,8.9547,-0.0147,-0.0892,-0.0202,52.47768,-1.432354,11.1,38.678,81.907,9.031967157823372,0.0926324457196289,0.9143035308922832,-0.0097804929160727,-0.6665,-0.3656,0.8901000000000003,0.0097,0.0079999999999999,0.0009,0.099,47.922169999999966,2681.652427682256,-14.90012017057818,GNSS_OUTAGE,False,1.4837372461496994,14.738467600555554,2676.470953292066,-17.833589721891034,2676.470953292066,-17.833589721891034,2676.470953292066,-17.833589721891034,predicted_speed
4506075,-0.8894,-1.6329,9.7092,-0.0299,-0.0598,-0.0042,52.47768,-1.432354,11.1,39.478,81.661,9.885644106986655,0.0669902231672652,0.8536769491632832,-0.0256422225523637,-0.6953,-0.4700999999999999,0.7544999999999984,-0.0152,0.0294,0.016,0.1,38.68659,2681.652427682256,-14.90012017057818,GNSS_OUTAGE,False,1.4813187461496993,14.709523100555554,2677.9360211330045,-17.702148024148503,2677.9360211330045,-17.702148024148503,2677.9360211330045,-17.702148024148503,predicted_speed
4506176,-0.3907,-1.2799,8.6629,-0.0655,-0.1586,-0.0675,52.47768,-1.432354,11.1,40.705,81.695,8.765650398572829,0.1843921364917712,-1.1199937084138265,0.117401913324506,0.4987,0.353,-1.046299999999999,-0.0356,-0.0988,-0.0633,0.101,42.86155999999997,2681.652427682256,-14.90012017057818,GNSS_OUTAGE,False,1.4752804611496992,14.730657855555554,2679.417035942457,-17.560255842515634,2679.417035942457,-17.560255842515634,2679.417035942457,-17.560255842515634,predicted_speed
4506275,-0.733,-1.0625,10.2744,0.0176,-0.0617,-0.0169,52.47768,-1.432354,11.1,40.774,82.154,10.355167338580287,0.0663495290111391,1.58951694000746,-0.118042607480632,-0.3423,0.2174,1.6114999999999997,0.0831,0.0968999999999999,0.0506,0.099,46.23808000000002,2681.652427682256,-14.90012017057818,GNSS_OUTAGE,False,1.4775886461496992,14.717486400555554,2680.867742572701,-17.424645903029777,2680.867742572701,-17.424645903029777,2680.867742572701,-17.424645903029777,predicted_speed
4506375,0.0618,-1.3662,10.2081,-0.0162,-0.0497,0.001,52.47768,-1.432354,11.1,40.518,81.956,10.299302271998815,0.0522831712886661,-0.0558650665814717,-0.014066357722473,0.7948,-0.3037000000000001,-0.0663,-0.0338,0.0119999999999999,0.0179,0.1,38.71402999999998,2681.652427682256,-14.90012017057818,GNSS_OUTAGE,False,1.4765401461496992,14.783661900555554,2682.3395465524163,-17.28550698973119,2682.3395465524163,-17.28550698973119,2682.3395465524163,-17.28550698973119,predicted_speed
4506476,0.1036,-1.2209,10.7561,-0.0356,-0.0786,-0.0176,52.47768,-1.432354,11.1,40.471,82.75399999999999,10.825664736172094,0.088062932042943,0.5263624641732765,0.0357797607542769,0.0418,0.1452999999999999,0.548,-0.0194,-0.0289,-0.0186,0.101,42.50681000000002,2681.652427682256,-14.90012017057818,GNSS_OUTAGE,False,1.4735217611496991,14.854720955555553,2683.8327806623097,-17.13979340287722,2683.8327806623097,-17.13979340287722,2683.8327806623097,-17.13979340287722,predicted_speed
4506575,-0.3804,-0.9229,9.5254,0.009,0.0014,0.0447,52.47768,-1.432354,11.1,40.741,82.704,9.577561993012626,0.0456185269380763,-1.2481027431594676,-0.0424444051048666,-0.484,0.298,-1.2307000000000006,0.0446,0.08,0.0622999999999999,0.099,46.94159,2681.652427682256,-14.90012017057818,GNSS_OUTAGE,False,1.4749785461496991,14.876456900555553,2685.2987942846303,-16.998891758820694,2685.2987942846303,-16.998891758820694,2685.2987942846303,-16.998891758820694,predicted_speed
4506675,-0.51,-1.8038,11.7314,0.0194,-0.021,0.0416,52.47768,-1.432354,11.1,41.04,83.414,11.880216344831435,0.0504769254214239,2.302654351818811,0.0048583984833476,-0.1296,-0.8809,2.2060000000000013,0.0104,-0.0224,-0.0030999999999999,0.1,52.30819,2681.652427682256,-14.90012017057818,GNSS_OUTAGE,False,1.4774900461496991,14.885452400555552,2686.780864540785,-16.860202582914685,2686.780864540785,-16.860202582914685,2686.780864540785,-16.860202582914685,predicted_speed
4506775,-0.4585,-0.8481,8.675,-0.0425,-0.1059,-0.0172,52.47768,-1.432354,11.1,41.31,83.538,8.728408838957993,0.115398873478037,-3.1518075058734443,0.064921948056613,0.0514999999999999,0.9557,-3.0564,-0.0619,-0.0848999999999999,-0.0588,0.1,42.81494,2681.652427682256,-14.90012017057818,GNSS_OUTAGE,False,1.4738115461496992,14.899597900555552,2688.263822505304,-16.715925587338536,2688.263822505304,-16.715925587338536,2688.263822505304,-16.715925587338536,predicted_speed
4506876,-0.8006,-1.7903,8.3363,-0.0073,-0.0768,0.0013,52.47768,-1.432354,11.1,41.263000000000005,83.791,8.563879502888863,0.0771571124394893,-0.1645293360691297,-0.0382417610385477,-0.3420999999999999,-0.9422,-0.3387000000000011,0.0352,0.0291,0.0185,0.101,54.65432999999998,2681.652427682256,-14.90012017057818,GNSS_OUTAGE,False,1.4736514611496991,14.879332755555552,2689.759549573347,-16.570164571899895,2689.759549573347,-16.570164571899895,2689.759549573347,-16.570164571899895,predicted_speed
4506975,-0.8281,-1.5568,10.9103,-0.0009,-0.0786,0.0028,52.47768,-1.432354,11.1,41.515,83.79700000000001,11.05187866111459,0.0786550061979528,2.487999158225726,0.0014978937584635,-0.0274999999999999,0.2335,2.574,0.0064,-0.0018,0.0015,0.099,55.316010000000006,2681.652427682256,-14.90012017057818,GNSS_OUTAGE,False,1.4741281461496991,14.856746400555553,2691.223500613608,-16.428204619747607,2691.223500613608,-16.428204619747607,2691.223500613608,-16.428204619747607,predicted_speed
4507075,-1.4395,-1.3544,9.7394,-0.0145,-0.1168,-0.0167,52.47768,-1.432354,11.1,41.623000000000005,83.831,9.937930970277463,0.1188754810715817,-1.113947690837124,0.0402204748736289,-0.6114,0.2023999999999999,-1.1708999999999996,-0.0136,-0.0382,-0.0195,0.1,33.25913,2681.652427682256,-14.90012017057818,GNSS_OUTAGE,False,1.473249646149699,14.772791900555552,2692.69375695716,-16.28432936261272,2692.69375695716,-16.28432936261272,2692.69375695716,-16.28432936261272,predicted_speed
4507178,0.0184,-1.5608,9.9704,-0.0551,-0.0727,0.0005,52.47768,-1.432354,11.1,41.656000000000006,84.786,10.091843803785313,0.0912225301118095,0.1539128335078476,-0.0276529509597722,1.4579,-0.2063999999999999,0.2309999999999998,-0.0406,0.0441,0.0172,0.103,39.18771000000001,2681.652427682256,-14.90012017057818,GNSS_OUTAGE,False,1.4681629911496992,14.836482465555552,2694.2138732114545,-16.127764644314155,2694.2138732114545,-16.127764644314155,2694.2138732114545,-16.127764644314155,predicted_speed
4507275,-1.6214,-0.6374,9.3261,-0.0035,-0.0619,-0.0084,52.47768,-1.432354,11.1,41.908,85.205,9.487431577091874,0.0625653258602558,-0.6044122266934391,-0.0286572042515537,-1.6398,0.9234,-0.6442999999999994,0.0516,0.0108,-0.0089,0.097,49.01649999999999,2681.652427682256,-14.90012017057818,GNSS_OUTAGE,False,1.4683778461496992,14.737402300555551,2695.63591023675,-15.98161038446905,2695.63591023675,-15.98161038446905,2695.63591023675,-15.98161038446905,predicted_speed
4507376,-0.8885,-1.1204,9.5675,0.0303,-0.0633,-0.0025,52.47768,-1.432354,11.1,42.232,84.802,9.673767862627262,0.0702227171220254,0.186336285535388,0.0076573912617695,0.7329,-0.4830000000000001,0.2414000000000005,0.0338,-0.0013999999999999,0.0058999999999999,0.101,37.60067999999999,2681.652427682256,-14.90012017057818,GNSS_OUTAGE,False,1.4720153611496993,14.708259255555552,2697.1142026300367,-15.835106411165508,2697.1142026300367,-15.835106411165508,2697.1142026300367,-15.835106411165508,predicted_speed
4507476,-1.182,-0.5647,9.9672,0.0277,-0.0759,0.0008,52.47768,-1.432354,11.1,42.156000000000006,85.98700000000001,10.052914300340973,0.0808006188095115,0.3791464377137092,0.0105779016874861,-0.2935,0.5557000000000001,0.3996999999999993,-0.0026,-0.0126,0.0033,0.1,37.84886,2681.652427682256,-14.90012017057818,GNSS_OUTAGE,False,1.4753568611496994,14.650054755555551,2698.5725410270584,-15.695499236635081,2698.5725410270584,-15.695499236635081,2698.5725410270584,-15.695499236635081,predicted_speed
4507576,-0.5427,-1.0278,9.9157,0.0147,-0.0618,0.0164,52.47768,-1.432354,11.1,42.412,86.552,9.983586661115332,0.0656070880317058,-0.069327639225639,-0.0151935307778057,0.6393,-0.4631,-0.0515000000000007,-0.013,0.0140999999999999,0.0156,0.1,36.219740000000016,2681.652427682256,-14.90012017057818,GNSS_OUTAGE,False,1.4773983611496995,14.655780255555552,2700.0317314475415,-15.558816151502231,2700.0317314475415,-15.558816151502231,2700.0317314475415,-15.558816151502231,predicted_speed
4507676,-0.7198,-1.1235,9.6271,-0.0272,-0.081,0.0071,52.47768,-1.432354,11.1,42.685,86.066,9.719126437082709,0.0857394308355263,-0.264460224032625,0.0201323428038204,-0.1771,-0.0956999999999999,-0.2885999999999988,-0.0419,-0.0192,-0.0093,0.1,36.58473999999999,2681.652427682256,-14.90012017057818,GNSS_OUTAGE,False,1.4752498611496994,14.643795755555551,2701.4894318530346,-15.419112647146353,2701.4894318530346,-15.419112647146353,2701.4894318530346,-15.419112647146353,predicted_speed
4507775,-1.2572,-1.0106,8.774,-0.0166,-0.1221,-0.0121,52.47768,-1.432354,11.1,42.754,86.956,8.921039188345715,0.1238159117399698,-0.7980872487369925,0.0380764809044435,-0.5374000000000001,0.1129,-0.8531000000000013,0.0105999999999999,-0.0411,-0.0192,0.099,44.488200000000006,2681.652427682256,-14.90012017057818,GNSS_OUTAGE,False,1.4741722461496993,14.57872850055555,2702.925993764173,-15.279872578266476,2702.925993764173,-15.279872578266476,2702.925993764173,-15.279872578266476,predicted_speed
4507876,-0.7608,-1.0167,9.5245,0.0045,-0.0833,0.0093,52.47768,-1.432354,11.1,42.804,87.25200000000001,9.608777017914402,0.0839382511135417,0.6877378295686878,-0.039877660626428,0.4964,-0.0060999999999999,0.7505000000000006,0.0211,0.0388,0.0214,0.101,36.65131,2681.652427682256,-14.90012017057818,GNSS_OUTAGE,False,1.4752039611496994,14.562483155555551,2704.3900896173263,-15.139488325639435,2704.3900896173263,-15.139488325639435,2704.3900896173263,-15.139488325639435,predicted_speed
4507976,-0.8899,-1.1922,9.3769,-0.0136,-0.0797,-0.0076,52.47768,-1.432354,11.1,43.232,87.476,9.494183296102936,0.0812084355224258,-0.1145937218114667,-0.0027298155911159,-0.1291,-0.1755,-0.1476000000000006,-0.0180999999999999,0.0036,-0.0169,0.1,41.31333000000001,2681.652427682256,-14.90012017057818,GNSS_OUTAGE,False,1.4744154611496993,14.533488655555551,2705.8366934307674,-14.999630069001084,2705.8366934307674,-14.999630069001084,2705.8366934307674,-14.999630069001084,predicted_speed
4508076,-0.9471,-0.3863,8.4642,-0.0079,-0.0937,-0.0261,52.47768,-1.432354,11.1,43.106,87.02,8.52577901074148,0.0975874479633523,-0.968404285361455,0.0163790124409264,-0.0572,0.8059,-0.9126999999999992,0.0056999999999999,-0.014,-0.0185,0.1,50.14742999999999,2681.652427682256,-14.90012017057818,GNSS_OUTAGE,False,1.4741969611496994,14.498774155555552,2707.2798113848658,-14.8597905513479,2707.2798113848658,-14.8597905513479,2707.2798113848658,-14.8597905513479,predicted_speed
4508175,-0.9972,-1.0898,10.4525,0.0053,-0.0502,0.0328,52.47768,-1.432354,11.1,43.394,88.314,10.556364342423958,0.0601994186018436,2.0305853316824773,-0.0373880293615086,-0.0500999999999999,-0.7035000000000001,1.9883000000000008,0.0132,0.0435,0.0589,0.099,55.796940000000006,2681.652427682256,-14.90012017057818,GNSS_OUTAGE,False,1.4752874461496994,14.459446900555552,2708.704772623839,-14.723278761401179,2708.704772623839,-14.723278761401179,2708.704772623839,-14.723278761401179,predicted_speed
4508276,-1.1649,-0.5376,9.7468,-0.0052,-0.1247,-0.0425,52.47768,-1.432354,11.1,43.488,87.929,9.830875648181092,0.1318460465846435,-0.7254886942428662,0.0716466279827998,-0.1677,0.5522000000000001,-0.7057000000000002,-0.0104999999999999,-0.0745,-0.0753,0.101,29.572180000000014,2681.652427682256,-14.90012017057818,GNSS_OUTAGE,False,1.4753394611496995,14.402387455555552,2710.1527914330986,-14.584634057650453,2710.1527914330986,-14.584634057650453,2710.1527914330986,-14.584634057650453,predicted_speed
4508375,-0.5533,-1.3072,10.0725,-0.0047,-0.0854,0.0072,52.47768,-1.432354,11.1,43.812,88.889,10.172028754383266,0.0858317540307781,0.3411531062021744,-0.0460142925538654,0.6116,-0.7696,0.3256999999999994,0.0004999999999999,0.0393,0.0497,0.099,37.72045,2681.652427682256,-14.90012017057818,GNSS_OUTAGE,False,1.4754399461496994,14.407006300555551,2711.572605439551,-14.448833880014764,2711.572605439551,-14.448833880014764,2711.572605439551,-14.448833880014764,predicted_speed
4508475,-0.5481,-0.5878,10.1023,0.0049,-0.0626,0.0264,52.47768,-1.432354,11.1,43.679,89.618,10.134218654637367,0.0681155635666328,-0.0378100997458989,-0.0177161904641453,0.0051999999999999,0.7193999999999999,0.0297999999999998,0.0096,0.0228,0.0192,0.1,37.59439,2681.652427682256,-14.90012017057818,GNSS_OUTAGE,False,1.4765014461496995,14.41219180055555,2713.007422047932,-14.313135592356062,2713.007422047932,-14.313135592356062,2713.007422047932,-14.313135592356062,predicted_speed
4508575,-0.9622,-0.5531,10.16,-0.0134,-0.1122,-0.0128,52.47768,-1.432354,11.1,44.096,90.04299999999999,10.220437781719529,0.1137200070348221,0.0862191270821615,0.0456044434681893,-0.4141,0.0346999999999999,0.0577000000000005,-0.0183,-0.0495999999999999,-0.0392,0.1,33.57239000000001,2681.652427682256,-14.90012017057818,GNSS_OUTAGE,False,1.4757329461496995,14.375967300555551,2714.438527854295,-14.17667853222132,2714.438527854295,-14.17667853222132,2714.438527854295,-14.17667853222132,predicted_speed
4508675,-0.685,-1.31,9.2369,-0.0101,-0.0738,0.0506,52.47768,-1.432354,11.1,44.302,90.078,9.354445286065872,0.090048931143018,-0.8659924956536571,-0.0236710758918041,0.2772,-0.7569,-0.9230999999999998,0.0033,0.0383999999999999,0.0634,0.1,47.19521,2681.652427682256,-14.90012017057818,GNSS_OUTAGE,False,1.4752944461496995,14.36746280055555,2715.868727112015,-14.03967504149842,2715.868727112015,-14.03967504149842,2715.868727112015,-14.03967504149842,predicted_speed
4508775,-0.9246,-0.7828,9.2784,-0.0148,-0.1273,-0.0094,52.47768,-1.432354,11.1,44.41,90.727,9.357155954669132,0.1285017120508516,0.0027106686032603,0.0384527809078336,-0.2395999999999999,0.5272,0.0414999999999992,-0.0047,-0.0534999999999999,-0.06,0.1,35.08823999999999,2681.652427682256,-14.90012017057818,GNSS_OUTAGE,False,1.4743859461496995,14.33499830055555,2717.2955699379886,-13.901684778299636,2717.2955699379886,-13.901684778299636,2717.2955699379886,-13.901684778299636,predicted_speed
4508875,-0.7447,-0.7194,10.3101,-0.0022,-0.1042,0.0119,52.47768,-1.432354,11.1,44.647,91.616,10.36196296364738,0.1049003813148455,1.0048070089782488,-0.0236013307360061,0.1798999999999999,0.0634,1.0317000000000007,0.0126,0.0230999999999999,0.0213,0.1,36.92979,2681.652427682256,-14.90012017057818,GNSS_OUTAGE,False,1.4747374461496996,14.32052380055555,2718.721020402294,-13.764334885565626,2718.721020402294,-13.764334885565626,2718.721020402294,-13.764334885565626,predicted_speed
4508975,-0.344,-1.662,10.6063,0.0016,-0.0895,0.0366,52.47768,-1.432354,11.1,44.831,91.54,10.74123734445897,0.0967076522308343,0.379274380811589,-0.0081927290840112,0.4007,-0.9426,0.2961999999999989,0.0038,0.0147,0.0247,0.1,36.860219999999984,2681.652427682256,-14.90012017057818,GNSS_OUTAGE,False,1.4754689461496997,14.34611930055555,2720.1491188857563,-13.627784120679005,2720.1491188857563,-13.627784120679005,2720.1491188857563,-13.627784120679005,predicted_speed
4509075,-0.4223,-1.0934,9.4074,0.0066,-0.0751,0.0666,52.47768,-1.432354,11.1,44.852,91.946,9.48013900794709,0.1005938864941602,-1.2610983365118802,0.0038862342633259,-0.0783,0.5686,-1.1988999999999983,0.005,0.0143999999999999,0.03,0.1,38.70217,2681.652427682256,-14.90012017057818,GNSS_OUTAGE,False,1.4767004461496998,14.36388480055555,2721.579153139505,-13.492825242712502,2721.579153139505,-13.492825242712502,2721.579153139505,-13.492825242712502,predicted_speed
4509175,-1.1936,-1.1335,9.369,-0.0155,-0.066,0.0567,52.47768,-1.432354,11.1,45.302,92.523,9.512500418396836,0.0883806539916966,0.0323614104497469,-0.0122132325024636,-0.7713,-0.0401,-0.0384000000000011,-0.0221,0.0090999999999999,-0.0099,0.1,39.0278,2681.652427682256,-14.90012017057818,GNSS_OUTAGE,False,1.4757219461496998,14.30452030055555,2723.0031450114016,-13.357030695464148,2723.0031450114016,-13.357030695464148,2723.0031450114016,-13.357030695464148,predicted_speed
4509275,-0.9426,-1.3029,9.3786,-0.0515,-0.114,0.012,52.47768,-1.432354,11.1,45.407,92.551,9.51547062052109,0.1256672192737628,0.0029702021242528,0.0372865652820662,0.251,-0.1694,0.0096000000000007,-0.036,-0.048,-0.0447,0.1,34.42789000000002,2681.652427682256,-14.90012017057818,GNSS_OUTAGE,False,1.4711434461496997,14.27025580055555,2724.4230907742744,-13.215058738258715,2724.4230907742744,-13.215058738258715,2724.4230907742744,-13.215058738258715,predicted_speed
4509376,-0.9144,-1.3822,10.6591,-0.0192,-0.1275,0.0066,52.47768,-1.432354,11.1,45.482,93.388,10.787169091564293,0.1291063515091337,1.271698471043203,0.0034391322353708,0.0282,-0.0793000000000001,1.2805,0.0322999999999999,-0.0134999999999999,-0.0054,0.101,37.90196000000002,2681.652427682256,-14.90012017057818,GNSS_OUTAGE,False,1.4697814611496998,14.23849685555555,2725.853848065448,-13.070037380714481,2725.853848065448,-13.070037380714481,2725.853848065448,-13.070037380714481,predicted_speed
4509475,-0.8984,-1.2489,10.3344,0.0068,-0.0794,0.0095,52.47768,-1.432354,11.1,45.839,92.888,10.448286803586509,0.0802549063920705,-0.3388822879777837,-0.0488514451170632,0.016,0.1333000000000002,-0.3247,0.026,0.0481,0.0029,0.099,47.12950999999999,2681.652427682256,-14.90012017057818,GNSS_OUTAGE,False,1.4710204461496998,14.208950800555549,2727.253538062184,-12.929916792378528,2727.253538062184,-12.929916792378528,2727.253538062184,-12.929916792378528,predicted_speed
4509575,-1.0678,-0.8769,10.3831,-0.0104,-0.0906,0.0384,52.47768,-1.432354,11.1,45.886,94.418,10.474632025040307,0.0989498863061499,0.0263452214537984,0.0186949799140794,-0.1694000000000001,0.3719999999999999,0.0487000000000001,-0.0172,-0.0112,0.0288999999999999,0.1,35.83337,2681.652427682256,-14.90012017057818,GNSS_OUTAGE,False,1.4705519461496999,14.16216630055555,2728.6626449140076,-12.788186684817656,2728.6626449140076,-12.788186684817656,2728.6626449140076,-12.788186684817656,predicted_speed
4509676,-0.7685,-1.1004,9.7836,-0.0106,-0.0622,0.0361,52.47768,-1.432354,11.1,46.012,94.343,9.875236775389236,0.0726939474784524,-0.5993952496510708,-0.0262559388276975,0.2993000000000001,-0.2235,-0.5995000000000008,-0.0002,0.0284,-0.0022999999999999,0.101,34.221330000000016,2681.652427682256,-14.90012017057818,GNSS_OUTAGE,False,1.4700585611497,14.14514325555555,2730.084061423376,-12.644510017546935,2730.084061423376,-12.644510017546935,2730.084061423376,-12.644510017546935,predicted_speed
4509775,-0.748,-1.115,9.3992,-0.0498,-0.1513,-0.0167,52.47768,-1.432354,11.1,46.22,94.597,9.49461371726096,0.1601581093794503,-0.3806230581282754,0.0874641619009979,0.0204999999999999,-0.0145999999999999,-0.3843999999999994,-0.0392,-0.0890999999999999,-0.0528,0.099,33.05148000000001,2681.652427682256,-14.90012017057818,GNSS_OUTAGE,False,1.4656941461497,14.130486800555548,2731.4752601738146,-12.497751207936847,2731.4752601738146,-12.497751207936847,2731.4752601738146,-12.497751207936847,predicted_speed
4509875,-0.4627,-0.8613,9.8369,-0.018,-0.108,0.034,52.47768,-1.432354,11.1,46.3,94.772,9.885369522177712,0.1146472851837321,0.3907558049167505,-0.0455108241957182,0.2853,0.2537,0.4376999999999995,0.0317999999999999,0.0432999999999999,0.0507,0.1,29.84946000000001,2681.652427682256,-14.90012017057818,GNSS_OUTAGE,False,1.4644656461496999,14.144212300555548,2732.8816930603134,-12.34763807791128,2732.8816930603134,-12.34763807791128,2732.8816930603134,-12.34763807791128,predicted_speed
4509976,-0.7686,-0.6683,9.8208,0.0131,-0.0995,0.0451,52.47768,-1.432354,11.1,46.156000000000006,95.534,9.873473729645507,0.1100266785829691,-0.0118957925322025,-0.0046206066007629,-0.3058999999999999,0.1929999999999999,-0.0160999999999997,0.0311,0.0084999999999999,0.0110999999999999,0.101,33.804129999999994,2681.652427682256,-14.90012017057818,GNSS_OUTAGE,False,1.4663659611497,14.127179155555549,2734.3007648501434,-12.19890281104588,2734.3007648501434,-12.19890281104588,2734.3007648501434,-12.19890281104588,predicted_speed
4510075,-0.5026,-0.9033,10.033,0.0069,-0.097,0.0457,52.47768,-1.432354,11.1,46.357,96.191,10.086111572355325,0.1074481270195064,0.2126378427098156,-0.0025785515634626,0.2659999999999999,-0.235,0.2121999999999992,-0.0062,0.0025,0.0005999999999999,0.099,28.94005,2681.652427682256,-14.90012017057818,GNSS_OUTAGE,False,1.4676148461497,14.136817300555549,2735.6928663002273,-12.054751794772121,2735.6928663002273,-12.054751794772121,2735.6928663002273,-12.054751794772121,predicted_speed
4510176,-0.9006,-0.9407,9.9168,-0.015,-0.1174,0.0417,52.47768,-1.432354,11.1,46.318000000000005,96.533,10.00194576519989,0.1254856565508584,-0.0841658071554345,0.0180375295313519,-0.3979999999999999,-0.0373999999999999,-0.1161999999999991,-0.0219,-0.0204,-0.0039999999999999,0.101,30.000300000000006,2681.652427682256,-14.90012017057818,GNSS_OUTAGE,False,1.4666770611497,14.10645215555555,2737.109902202914,-11.906675580804391,2737.109902202914,-11.906675580804391,2737.109902202914,-11.906675580804391,predicted_speed
4510276,-1.2308,-0.7497,9.4072,0.0081,-0.066,0.0808,52.47768,-1.432354,11.1,46.152,96.953,9.516949646288982,0.10464344222167,-0.4849961189109084,-0.0208422143291883,-0.3301999999999999,0.1909999999999999,-0.5096000000000007,0.0231,0.0514,0.0390999999999999,0.1,36.61586999999997,2681.652427682256,-14.90012017057818,GNSS_OUTAGE,False,1.4680585611497,14.04336765555555,2738.506834063841,-11.76265083633796,2738.506834063841,-11.76265083633796,2738.506834063841,-11.76265083633796,predicted_speed
4510376,-1.0184,-0.7986,10.0269,-0.0062,-0.0948,0.0421,52.47768,-1.432354,11.1,46.318000000000005,96.758,10.110075377068164,0.1039128962160135,0.5931257307791817,-0.0007305460056565,0.2123999999999999,-0.0488999999999999,0.6196999999999999,-0.0143,-0.0287999999999999,-0.0387,0.1,36.18320999999999,2681.652427682256,-14.90012017057818,GNSS_OUTAGE,False,1.4680100611497,14.00152315555555,2739.899596572862,-11.61898768789232,2739.899596572862,-11.61898768789232,2739.899596572862,-11.61898768789232,predicted_speed
4510476,-0.7678,-1.1001,9.4165,-0.0174,-0.1345,0.0182,52.47768,-1.432354,11.1,46.145,97.782,9.511582891401408,0.1368365813662413,-0.5984924856667551,0.0329236851502278,0.2505999999999999,-0.3015000000000001,-0.6104000000000003,-0.0111999999999999,-0.0397,-0.0238999999999999,0.1,31.99368,2681.652427682256,-14.90012017057818,GNSS_OUTAGE,False,1.4668415611497,13.98473865555555,2741.2905208716975,-11.473871363688746,2741.2905208716975,-11.473871363688746,2741.2905208716975,-11.473871363688746,predicted_speed
4510576,-0.9032,-1.0063,9.4407,-0.0001,-0.0592,0.0741,52.47768,-1.432354,11.1,45.81,98.125,9.537044952185138,0.0948443988857539,0.0254620607837292,-0.0419921824804874,-0.1353999999999999,0.0938000000000001,0.0242000000000004,0.0173,0.0753,0.0559,0.1,37.27689,2681.652427682256,-14.90012017057818,GNSS_OUTAGE,False,1.4674030611497002,13.954414155555549,2742.6785101783425,-11.329849042897706,2742.6785101783425,-11.329849042897706,2742.6785101783425,-11.329849042897706,predicted_speed
4510675,-0.5077,-0.5903,9.7217,-0.0147,-0.0838,0.0469,52.47768,-1.432354,11.1,45.842,98.852,9.752828526637796,0.097150090066865,0.2157835744526597,0.0023056911811111,0.3954999999999999,0.4159999999999999,0.2810000000000006,-0.0146,-0.0245999999999999,-0.0272,0.099,33.65444,2681.652427682256,-14.90012017057818,GNSS_OUTAGE,False,1.4665135461497003,13.963547400555548,2744.0533914986154,-11.18595059017953,2744.0533914986154,-11.18595059017953,2744.0533914986154,-11.18595059017953,predicted_speed
4510776,-0.7338,-0.5738,9.8034,-0.0112,-0.0505,0.0468,52.47768,-1.432354,11.1,45.659,99.113,9.847556064323776,0.0697562183608028,0.0947275376859799,-0.0273938717060622,-0.2260999999999999,0.0165,0.0816999999999996,0.0034999999999999,0.0332999999999999,-9.999999999999593e-05,0.101,40.398550000000014,2681.652427682256,-14.90012017057818,GNSS_OUTAGE,False,1.4659595611497003,13.950029055555548,2745.4546087992317,-11.038510946926486,2745.4546087992317,-11.038510946926486,2745.4546087992317,-11.038510946926486,predicted_speed
4510875,-0.5559,-1.0315,10.8211,-0.0075,-0.0303,0.0646,52.47768,-1.432354,11.1,45.724,99.728,10.884356768776003,0.0717460800322916,1.0368007044522258,0.0019898616714888,0.1779,-0.4577000000000001,1.0176999999999996,0.0037,0.0202,0.0178,0.099,47.76477999999998,2681.652427682256,-14.90012017057818,GNSS_OUTAGE,False,1.4657828461497002,13.954390500555549,2746.8284830667294,-10.893702930253292,2746.8284830667294,-10.893702930253292,2746.8284830667294,-10.893702930253292,predicted_speed
4510975,-0.75,-0.3543,10.0547,-0.0046,-0.0579,0.0305,52.47768,-1.432354,11.1,45.508,100.066,10.088856257277136,0.0656035060038714,-0.7955005114988687,-0.0061425740284201,-0.1941,0.6772,-0.7663999999999991,0.0029,-0.0276,-0.0341,0.1,36.16248,2681.652427682256,-14.90012017057818,GNSS_OUTAGE,False,1.4658943461497003,13.93938600055555,2748.2147589508672,-10.747744053226528,2748.2147589508672,-10.747744053226528,2748.2147589508672,-10.747744053226528,predicted_speed
4511075,-0.7358,-0.8089,10.7876,0.0174,-0.0722,-0.0083,52.47768,-1.432354,11.1,45.608,100.416,10.842879442749512,0.0747294453344864,0.7540231854723789,0.0091259393306149,0.0141999999999999,-0.4545999999999999,0.732899999999999,0.022,-0.0143,-0.0388,0.1,49.24803999999998,2681.652427682256,-14.90012017057818,GNSS_OUTAGE,False,1.4682058461497003,13.925801500555549,2749.600017207636,-10.60512905968754,2749.600017207636,-10.60512905968754,2749.600017207636,-10.60512905968754,predicted_speed
4511176,0.0297,0.2342,9.8318,0.0308,-0.0523,0.0121,52.47768,-1.432354,11.1,45.277,101.606,9.834633850327116,0.0618897406683854,-1.008245592422396,-0.012839704666101,0.7655,1.0431,-0.9558,0.0134,0.0199,0.0204,0.101,25.38758,2681.652427682256,-14.90012017057818,GNSS_OUTAGE,False,1.4718938611497003,13.989396655555549,2751.006041478496,-10.465614599530282,2751.006041478496,-10.465614599530282,2751.006041478496,-10.465614599530282,predicted_speed
4511276,0.7652,-0.4054,9.4091,-0.0169,-0.0509,0.0286,52.477585,-1.430803,12.27,45.356,102.517,9.448864641320672,0.0607814116321758,-0.3857692090064457,-0.0011083290362095,0.7355,-0.6396,-0.4226999999999989,-0.0477,0.0013999999999999,0.0165,0.1,38.44010999999998,2786.694424735874,-25.46363820184738,GNSS_OUTAGE,False,1.4707753611497003,14.125912155555548,2752.411572664845,-10.32456132425691,2752.411572664845,-10.32456132425691,2752.411572664845,-10.32456132425691,predicted_speed
4511375,-1.147,-0.072,10.0395,-0.011,-0.0262,0.0542,52.477585,-1.430803,12.27,45.097,101.428,10.10506572220092,0.0611970587528518,0.6562010808802476,0.0004156471206759,-1.9122,0.3334,0.6303999999999998,0.0058999999999999,0.0247,0.0255999999999999,0.099,36.54129999999999,2786.694424735874,-25.46363820184738,GNSS_OUTAGE,False,1.4702521461497002,14.071754700555548,2753.797640775329,-10.184728728503716,2753.797640775329,-10.184728728503716,2753.797640775329,-10.184728728503716,predicted_speed
4511475,-0.9594,-0.1287,10.4059,0.0149,-0.0511,0.0271,52.477585,-1.430803,12.27,45.047,102.424,10.45082613289495,0.0597296408828983,0.3457604106940302,-0.0014674178699535,0.1876,-0.0567,0.3664000000000005,0.0259,-0.0249,-0.0271,0.1,42.93374999999999,2786.694424735874,-25.46363820184738,GNSS_OUTAGE,False,1.4723136461497002,14.035810200555549,2755.1944207421725,-10.046723641334175,2755.1944207421725,-10.046723641334175,2755.1944207421725,-10.046723641334175,predicted_speed
4511575,-0.2422,0.5246,9.6407,0.0171,-0.0018,0.0077,52.477585,-1.430803,12.27,44.82,102.911,9.657999921826466,0.0188398513794562,-0.7928262110684834,-0.040889789503442,0.7172000000000001,0.6533,-0.7652000000000001,0.0022,0.0493,-0.0194,0.1,39.09705999999999,2786.694424735874,-25.46363820184738,GNSS_OUTAGE,False,1.4745951461497002,14.071585700555548,2756.595072940308,-9.911562030144445,2756.595072940308,-9.911562030144445,2756.595072940308,-9.911562030144445,predicted_speed
4511675,-0.3495,-0.2948,9.7401,-0.0053,0.0065,-0.0187,52.477585,-1.430803,12.27,44.93899999999999,103.82,9.750825877842349,0.0204946334439042,0.0928259560158828,0.001654782064448,-0.1072999999999999,-0.8193999999999999,0.0993999999999992,-0.0224,0.0083,-0.0264,0.1,29.38648000000001,2786.694424735874,-25.46363820184738,GNSS_OUTAGE,False,1.4746366461497002,14.096631200555548,2757.9982237259724,-9.776218080394452,2757.9982237259724,-9.776218080394452,2757.9982237259724,-9.776218080394452,predicted_speed
4511775,0.2077,0.1819,9.5117,-0.0019,-0.0477,-0.0469,52.477585,-1.430803,12.27,44.762,103.898,9.51570616349622,0.0669216706306708,-0.2351197143461281,0.0464270371867666,0.5571999999999999,0.4767,-0.2284000000000006,0.0034,-0.0542,-0.0281999999999999,0.1,46.23637999999999,2786.694424735874,-25.46363820184738,GNSS_OUTAGE,False,1.4750181461497003,14.177396700555548,2759.4094655766003,-9.640637067397515,2759.4094655766003,-9.640637067397515,2759.4094655766003,-9.640637067397515,predicted_speed
4511875,-0.0076,-0.3174,10.4351,-0.0097,0.0045,0.0688,52.477585,-1.430803,12.27,44.752,104.521,10.43992876077227,0.0696260008904719,0.9242225972760494,0.002704330259801,-0.2153,-0.4993,0.9234000000000008,-0.0078,0.0521999999999999,0.1157,0.1,36.80253999999999,2786.694424735874,-25.46363820184738,GNSS_OUTAGE,False,1.4746196461497003,14.236632200555547,2760.826549460971,-9.503924855815013,2760.826549460971,-9.503924855815013,2760.826549460971,-9.503924855815013,predicted_speed
4511975,-0.3266,0.2938,9.4166,0.0061,-0.0602,-0.0352,52.477585,-1.430803,12.27,44.64,105.228,9.426841547411309,0.0700020713979236,-1.0130872133609632,0.0003760705074516,-0.319,0.6112,-1.0184999999999995,0.0158,-0.0647,-0.104,0.1,46.98662,2786.694424735874,-25.46363820184738,GNSS_OUTAGE,False,1.4758011461497003,14.263967700555547,2762.246515107078,-9.368627740174752,2762.246515107078,-9.368627740174752,2762.246515107078,-9.368627740174752,predicted_speed
4512075,-1.1303,-0.5756,10.3563,0.0507,-0.044,0.0185,52.477585,-1.430803,12.27,44.356,105.311,10.433687897383168,0.0696328945255042,1.0068463499718607,-0.0003691768724193,-0.8037000000000001,-0.8694,0.9396999999999984,0.0446,0.0162,0.0537,0.1,40.39984,2786.694424735874,-25.46363820184738,GNSS_OUTAGE,False,1.4814426461497003,14.210933200555546,2763.6619391390923,-9.241816723690329,2763.6619391390923,-9.241816723690329,2763.6619391390923,-9.241816723690329,predicted_speed
4512175,-0.0045,-0.5084,9.1756,0.0125,-0.0088,-0.0015,52.477585,-1.430803,12.27,44.258,106.029,9.189674976298129,0.0153603385379359,-1.2440129210850408,-0.0542725559875683,1.1258,0.0672,-1.1807,-0.0382,0.0351999999999999,-0.02,0.1,47.204270000000015,2786.694424735874,-25.46363820184738,GNSS_OUTAGE,False,1.4832641461497003,14.270478700555547,2765.083523562185,-9.117063561605065,2765.083523562185,-9.117063561605065,2765.083523562185,-9.117063561605065,predicted_speed
4512276,-0.059,-0.4335,9.6895,-0.0493,-0.0505,-0.0197,52.477585,-1.430803,12.27,44.23,106.179,9.699371809555505,0.0732723003596857,0.5096968332573759,0.0579119618217497,-0.0545,0.0748999999999999,0.5139000000000014,-0.0617999999999999,-0.0417,-0.0181999999999999,0.101,35.181279999999994,2786.694424735874,-25.46363820184738,GNSS_OUTAGE,False,1.4788620611497003,14.325115155555547,2766.524250232203,-8.984236989468492,2766.524250232203,-8.984236989468492,2766.524250232203,-8.984236989468492,predicted_speed
4512377,-0.5814,0.0391,9.9624,-0.0237,-0.0222,0.0068,52.477585,-1.430803,12.27,44.201,107.19,9.979427264627969,0.0331778540595982,0.2800554550724641,-0.0400944463000874,-0.5224,0.4726,0.2728999999999999,0.0255999999999999,0.0283,0.0265,0.101,43.28841000000003,2786.694424735874,-25.46363820184738,GNSS_OUTAGE,False,1.4770455761497003,14.326989210555547,2767.9649216963107,-8.848775860406775,2767.9649216963107,-8.848775860406775,2767.9649216963107,-8.848775860406775,predicted_speed
4512475,-0.4019,0.4715,10.1285,0.0193,-0.037,0.0028,52.477585,-1.430803,12.27,44.514,107.944,10.147430616170777,0.0418249925283914,0.1680033515428096,0.0086471384687931,0.1795,0.4323999999999999,0.1661000000000001,0.043,-0.0147999999999999,-0.004,0.098,41.42596,2786.694424735874,-25.46363820184738,GNSS_OUTAGE,False,1.4794970461497003,14.346398600555547,2769.365013151243,-8.720592158735757,2769.365013151243,-8.720592158735757,2769.365013151243,-8.720592158735757,predicted_speed
4512575,-0.5172,-0.0287,10.5065,0.0434,-0.0021,0.0203,52.477585,-1.430803,12.27,44.04600000000001,108.516,10.519261465521238,0.0479589407722897,0.3718308493504612,0.0061339482438983,-0.1153,-0.5002,0.3780000000000001,0.0241,0.0349,0.0174999999999999,0.1,48.45785,2786.694424735874,-25.46363820184738,GNSS_OUTAGE,False,1.4844085461497003,14.354674100555547,2770.7951275535906,-8.596739498166647,2770.7951275535906,-8.596739498166647,2770.7951275535906,-8.596739498166647,predicted_speed
4512676,-0.6621,0.0245,10.4899,0.0135,-0.0143,0.0171,52.477585,-1.430803,12.27,44.363,109.046,10.510802950774028,0.026060506518485,-0.0084585147472093,-0.0218984342538047,-0.1449,0.0532,-0.0166000000000003,-0.0299,-0.0122,-0.0031999999999999,0.101,53.615300000000005,2786.694424735874,-25.46363820184738,GNSS_OUTAGE,False,1.4863492611497002,14.348397455555547,2772.239151463975,-8.474505214583056,2772.239151463975,-8.474505214583056,2772.239151463975,-8.474505214583056,predicted_speed
4512775,-0.2405,0.2519,9.692,0.0075,0.008,0.0179,52.477585,-1.430803,12.27,44.075,109.82,9.698255402906236,0.0209919032009963,-0.8125475478677924,-0.0050686033174886,0.4216,0.2274,-0.7979000000000003,-0.006,0.0223,0.0007999999999999,0.099,37.98354000000001,2786.694424735874,-25.46363820184738,GNSS_OUTAGE,False,1.4876575461497001,14.383983500555548,2773.65824723052,-8.356250736742433,2773.65824723052,-8.356250736742433,2773.65824723052,-8.356250736742433,predicted_speed
4512875,-0.0238,-0.1494,9.9018,-0.0134,-0.0349,-0.0212,52.477585,-1.430803,12.27,44.042,110.321,9.902955621429392,0.0429768542357395,0.2047002185231559,0.0219849510347431,0.2167,-0.4013,0.2097999999999995,-0.0209,-0.0429,-0.0390999999999999,0.1,32.338809999999995,2786.694424735874,-25.46363820184738,GNSS_OUTAGE,False,1.4868890461497002,14.441599000555549,2775.097326357925,-8.235217344675137,2775.097326357925,-8.235217344675137,2775.097326357925,-8.235217344675137,predicted_speed
4512975,0.0488,0.0651,9.2892,-0.0552,0.0036,0.007,52.477585,-1.430803,12.27,44.413,111.187,9.289556291341368,0.0557584074378025,-0.6133993300880238,0.012781553202063,0.0726,0.2145,-0.6126000000000005,-0.0418,0.0385,0.0282,0.1,43.11850999999999,2786.694424735874,-25.46363820184738,GNSS_OUTAGE,False,1.4819405461497002,14.506474500555548,2776.542250890343,-8.106488482453464,2776.542250890343,-8.106488482453464,2776.542250890343,-8.106488482453464,predicted_speed
4513076,-0.3447,0.5044,9.7284,-0.026,0.0106,0.0159,52.477585,-1.430803,12.27,44.06,111.376,9.747564003893489,0.0322671659740981,0.4580077125521189,-0.0234912414637044,-0.3935,0.4392999999999999,0.4392000000000013,0.0292,0.007,0.0089,0.101,35.48367,2786.694424735874,-25.46363820184738,GNSS_OUTAGE,False,1.4798917611497002,14.532255255555548,2778.0039483352543,-7.973246286916067,2778.0039483352543,-7.973246286916067,2778.0039483352543,-7.973246286916067,predicted_speed
4513175,-0.2663,0.476,10.0665,0.0052,0.0085,-0.0003,52.477585,-1.430803,12.27,44.125,112.141,10.081265492982515,0.0099689518004652,0.3337014890890284,-0.0222982141736329,0.0784,-0.0283999999999999,0.3380999999999989,0.0312,-0.0020999999999999,-0.0162,0.099,32.57784999999999,2786.694424735874,-25.46363820184738,GNSS_OUTAGE,False,1.4809723461497002,14.565287100555548,2779.4400985373886,-7.843897494691155,2779.4400985373886,-7.843897494691155,2779.4400985373886,-7.843897494691155,predicted_speed
4513276,-0.3016,-0.728,9.1199,0.0043,0.0289,0.0052,52.477585,-1.430803,12.27,44.111,112.554,9.153880192027858,0.0296772640248389,-0.9273853009546578,0.0197083122243736,-0.0353,-1.204,-0.9466,-0.0008999999999999,0.0203999999999999,0.0055,0.101,52.35197,2786.694424735874,-25.46363820184738,GNSS_OUTAGE,False,1.4819838611497003,14.595420955555548,2780.908426130916,-7.713147750246253,2780.908426130916,-7.713147750246253,2780.908426130916,-7.713147750246253,predicted_speed
4513375,0.4223,1.532,9.4682,-0.0748,-0.0294,-0.0124,52.477585,-1.430803,12.27,44.19,113.152,9.600633965004604,0.0813213379132439,0.446753772976745,0.0516440738884049,0.7239,2.26,0.3483,-0.0791,-0.0583,-0.0175999999999999,0.099,36.28911,2786.694424735874,-25.46363820184738,GNSS_OUTAGE,False,1.4751444461497003,14.696624200555549,2782.356741053604,-7.574189656466934,2782.356741053604,-7.574189656466934,2782.356741053604,-7.574189656466934,predicted_speed
4513476,-1.1467,0.3166,10.2121,0.0115,-0.0052,-0.0482,52.477585,-1.430803,12.27,44.04600000000001,113.54,10.281154743510088,0.0498249937280477,0.6805207785054854,-0.0314963441851961,-1.569,-1.2154,0.7439,0.0863,0.0242,-0.0358,0.101,54.37402999999997,2786.694424735874,-25.46363820184738,GNSS_OUTAGE,False,1.4768831611497002,14.641402955555549,2783.829006350942,-7.435516637806195,2783.829006350942,-7.435516637806195,2783.829006350942,-7.435516637806195,predicted_speed
4513576,-0.032,0.3515,9.4684,0.0781,-0.0138,-0.0051,52.477585,-1.430803,12.27,44.1,114.202,9.474976243241986,0.079473643429756,-0.8061785002681017,0.0296486497017082,1.1147,0.0348999999999999,-0.7436999999999987,0.0666,-0.0086,0.0431,0.1,37.97223999999999,2786.694424735874,-25.46363820184738,GNSS_OUTAGE,False,1.4852646611497002,14.698198455555548,2785.293453117925,-7.30995372503665,2785.293453117925,-7.30995372503665,2785.293453117925,-7.30995372503665,predicted_speed
4513676,-0.0878,0.0284,10.1092,-0.0399,-0.0197,-0.0346,52.477585,-1.430803,12.27,44.114,114.87,10.10962116204163,0.0563671890375952,0.6346449187996441,-0.0231064543921607,-0.0558,-0.3231,0.6407999999999987,-0.118,-0.0058999999999999,-0.0295,0.1,43.79823,2786.694424735874,-25.46363820184738,GNSS_OUTAGE,False,1.4818461611497002,14.749413955555548,2786.762563394234,-7.178930382203955,2786.762563394234,-7.178930382203955,2786.762563394234,-7.178930382203955,predicted_speed
4513776,-0.3387,0.4308,9.4157,-0.045,0.0002,-0.0076,52.477585,-1.430803,12.27,44.082,115.629,9.431633624139565,0.0456377037108573,-0.6779875379020677,-0.0107294853267379,-0.2509,0.4024,-0.6935000000000002,-0.0051,0.0198999999999999,0.027,0.1,43.81674000000001,2786.694424735874,-25.46363820184738,GNSS_OUTAGE,False,1.4779176611497002,14.775539455555547,2788.233748899794,-7.041894364103284,2788.233748899794,-7.041894364103284,2788.233748899794,-7.041894364103284,predicted_speed
4513876,-0.0317,0.1472,10.2431,-0.0095,0.0657,0.0631,52.477585,-1.430803,12.27,44.132,115.837,10.244206672065925,0.0915879358867749,0.812573047926362,0.0459502321759176,0.307,-0.2836,0.8274000000000008,0.0355,0.0654999999999999,0.0707,0.1,46.55932,2786.694424735874,-25.46363820184738,GNSS_OUTAGE,False,1.4775391611497002,14.832364955555548,2789.7105402894617,-6.90377234141445,2789.7105402894617,-6.90377234141445,2789.7105402894617,-6.90377234141445,predicted_speed
4513976,-0.0407,0.4286,9.3542,-0.0505,0.0416,0.0278,52.477585,-1.430803,12.27,44.23,116.225,9.364102310953252,0.0710890286893835,-0.8801043611126733,-0.0204989071973913,-0.009,0.2814,-0.8888999999999996,-0.041,-0.0240999999999999,-0.0353,0.1,48.12812999999999,2786.694424735874,-25.46363820184738,GNSS_OUTAGE,False,1.4730606611497001,14.888290455555548,2791.1922641522774,-6.7584921939326845,2791.1922641522774,-6.7584921939326845,2791.1922641522774,-6.7584921939326845,predicted_speed
4514076,0.1531,0.6886,9.4496,-0.0259,0.0346,0.0402,52.477585,-1.430803,12.27,44.125,117.227,9.475893083504056,0.0590255029627024,0.1117907725508047,-0.012063525726681,0.1938,0.26,0.0953999999999997,0.0246,-0.0069999999999999,0.0124,0.1,45.26273999999999,2786.694424735874,-25.46363820184738,GNSS_OUTAGE,False,1.4710421611497002,14.963595955555549,2792.6811848619996,-6.609471526331452,2792.6811848619996,-6.609471526331452,2792.6811848619996,-6.609471526331452,predicted_speed
4514178,-0.7548,-0.1924,10.4855,0.0243,0.0508,0.0415,52.477585,-1.430803,12.27,44.183,117.294,10.514392566858058,0.0699526983039253,1.038499483354002,0.0109271953412228,-0.9079,-0.881,1.0358999999999998,0.0501999999999999,0.0162,0.0013,0.102,51.27403000000001,2786.694424735874,-25.46363820184738,GNSS_OUTAGE,False,1.4741036911497003,14.94780176555555,2794.1987387414897,-6.462276223325003,2794.1987387414897,-6.462276223325003,2794.1987387414897,-6.462276223325003,predicted_speed
4514276,-0.4369,0.2028,9.9155,0.0114,-0.0008,-0.005,52.477585,-1.430803,12.27,44.1,117.882,9.927192437945385,0.0124739729036101,-0.5872001289126754,-0.0574787254003152,0.3179,0.3952,-0.5700000000000003,-0.0128999999999999,-0.0516,-0.0465,0.098,10.741980000000002,2786.694424735874,-25.46363820184738,GNSS_OUTAGE,False,1.4757809611497004,14.96378115555555,2795.6585747743356,-6.323150444562707,2795.6585747743356,-6.323150444562707,2795.6585747743356,-6.323150444562707,predicted_speed
4514375,0.6362,0.1099,10.2806,0.0435,0.0855,0.0427,52.477585,-1.430803,12.27,43.97,118.669,10.300852625389805,0.1050037618373741,0.3736601874444201,0.092529788933764,1.0731,-0.0929,0.3651,0.0321,0.0863,0.0477,0.099,40.03445999999999,2786.694424735874,-25.46363820184738,GNSS_OUTAGE,False,1.4806532461497004,15.08616050055555,2797.146040727831,-6.188701315941804,2797.146040727831,-6.188701315941804,2797.146040727831,-6.188701315941804,predicted_speed
4514475,-0.0997,-0.2777,11.167,0.0314,0.0317,-0.023,52.477585,-1.430803,12.27,44.082,119.043,11.170897295204178,0.0501981075340495,0.8700446698143747,-0.0548056543033246,-0.7359,-0.3876,0.8864000000000001,-0.0121,-0.0538,-0.0657,0.1,54.73535999999999,2786.694424735874,-25.46363820184738,GNSS_OUTAGE,False,1.4843647461497005,15.13618600055555,2798.654009164706,-6.058039692569574,2798.654009164706,-6.058039692569574,2798.654009164706,-6.058039692569574,predicted_speed
4514576,-0.0247,0.1312,9.7586,0.0242,0.0228,-0.0966,52.477585,-1.430803,12.27,44.374,119.118,9.75951317894494,0.1021618324033002,-1.4113841162592369,0.0519637248692506,0.075,0.4089,-1.4084000000000003,-0.0071999999999999,-0.0088999999999999,-0.0736,0.101,39.4561,2786.694424735874,-25.46363820184738,GNSS_OUTAGE,False,1.4873861611497006,15.19428675555555,2800.183296839139,-5.930184910571821,2800.183296839139,-5.930184910571821,2800.183296839139,-5.930184910571821,predicted_speed
4514676,0.6987,0.5738,9.3182,0.0008,0.0741,0.0003,52.477585,-1.430803,12.27,44.042,119.351,9.361959163017108,0.0741049256122695,-0.3975540159278328,-0.0280569067910306,0.7234,0.4426,-0.4404000000000003,-0.0234,0.0513,0.0969,0.1,42.43416,2786.694424735874,-25.46363820184738,GNSS_OUTAGE,False,1.4880376611497006,15.32415225555555,2801.7104673057233,-5.803508987414379,2801.7104673057233,-5.803508987414379,2801.7104673057233,-5.803508987414379,predicted_speed
4514776,-0.5962,0.2092,10.2456,-0.0457,0.0046,-0.0417,52.477585,-1.430803,12.27,43.988,119.806,10.265063976420214,0.0620366020990834,0.9031048134031056,-0.0120683235131861,-1.2949,-0.3646,0.9274000000000004,-0.0465,-0.0695,-0.042,0.1,40.80323,2786.694424735874,-25.46363820184738,GNSS_OUTAGE,False,1.4840391611497006,15.32452775555555,2803.237156460565,-5.670724448417519,2803.237156460565,-5.670724448417519,2803.237156460565,-5.670724448417519,predicted_speed
4514875,0.6572,2.0942,9.086,0.0224,0.0386,-0.0147,52.477585,-1.430803,12.27,44.032,120.285,9.34735157571384,0.0469873387201275,-0.9177124007063728,-0.0150492633789558,1.2534,1.885,-1.1595999999999993,0.0681,0.034,0.027,0.099,44.95864,2786.694424735874,-25.46363820184738,GNSS_OUTAGE,False,1.4868225461497007,15.448986100555551,2804.761216722304,-5.542441671695711,2804.761216722304,-5.542441671695711,2804.761216722304,-5.542441671695711,predicted_speed
4514975,-0.0724,0.0903,10.0395,0.0264,0.0419,0.0154,52.477585,-1.430803,12.27,44.244,120.634,10.040167135063042,0.0518626069533724,0.6928155593492011,0.0048752682332449,-0.7296,-2.0039,0.9535,0.004,0.0032999999999999,0.0301,0.1,38.19710000000002,2786.694424735874,-25.46363820184738,GNSS_OUTAGE,False,1.4900340461497006,15.501741600555551,2806.3063380885646,-5.417382125763753,2806.3063380885646,-5.417382125763753,2806.3063380885646,-5.417382125763753,predicted_speed
4515075,0.2378,0.7668,10.3246,0.0053,0.028,-0.015,52.477585,-1.430803,12.27,44.06,120.808,10.355766327993308,0.0322038817536023,0.3155991929302661,-0.0196587251997701,0.3102,0.6765,0.2850999999999999,-0.0211,-0.0139,-0.0304,0.1,44.222489999999965,2786.694424735874,-25.46363820184738,GNSS_OUTAGE,False,1.4911355461497007,15.58551710055555,2807.8599472532956,-5.293357949972187,2807.8599472532956,-5.293357949972187,2807.8599472532956,-5.293357949972187,predicted_speed
4515176,-0.2653,0.1635,9.526,0.0169,0.0288,-0.0255,52.477585,-1.430803,12.27,44.194,120.345,9.53109607233082,0.0420154733401874,-0.8246702556624879,0.0098115915865851,-0.5031,-0.6033000000000001,-0.7986000000000004,0.0116,0.0007999999999999,-0.0104999999999999,0.101,45.883300000000006,2786.694424735874,-25.46363820184738,GNSS_OUTAGE,False,1.4934196611497006,15.61931725555555,2809.4327781357465,-5.171414078119411,2809.4327781357465,-5.171414078119411,2809.4327781357465,-5.171414078119411,predicted_speed
4515276,-0.232,-0.2947,10.2313,-0.0044,0.0312,-0.0032,52.477585,-1.430803,12.27,44.06399999999999,120.984,10.238172287083277,0.0316708067469081,0.7070762147524547,-0.0103446665932793,0.0332999999999999,-0.4582,0.7052999999999994,-0.0213,0.0023999999999999,0.0222999999999999,0.1,45.02197,2786.694424735874,-25.46363820184738,GNSS_OUTAGE,False,1.4935511611497005,15.65611275555555,2810.9937208764486,-5.050598406966074,2810.9937208764486,-5.050598406966074,2810.9937208764486,-5.050598406966074,predicted_speed
4515375,0.0822,0.1607,9.938,-0.0149,0.0156,-0.0386,52.477585,-1.430803,12.27,43.715,121.02,9.93963909455469,0.0442191135144068,-0.2985331925285841,0.0125483067674987,0.3142,0.4554,-0.2932999999999985,-0.0104999999999999,-0.0156,-0.0354,0.099,35.04846000000001,2786.694424735874,-25.46363820184738,GNSS_OUTAGE,False,1.4926418461497006,15.72364610055555,2812.545610182668,-4.929063753867169,2812.545610182668,-4.929063753867169,2812.545610182668,-4.929063753867169,predicted_speed
4515475,-0.6046,0.5845,9.9756,-0.0176,-0.0022,-0.0242,52.477585,-1.430803,12.27,44.168,121.278,10.010982807397085,0.0300039997333688,0.0713437128423937,-0.0142151137810379,-0.6868000000000001,0.4238,0.0375999999999994,-0.0027,-0.0178,0.0144,0.1,33.923579999999994,2786.694424735874,-25.46363820184738,GNSS_OUTAGE,False,1.4914533461497006,15.72318160055555,2814.112981824529,-4.804442195816971,2814.112981824529,-4.804442195816971,2814.112981824529,-4.804442195816971,predicted_speed
4515576,-0.0586,0.2618,10.5106,0.0392,0.0209,0.013,52.477585,-1.430803,12.27,44.19,121.259,10.51402328131339,0.0462866071342456,0.5030404739163057,0.0162826074008767,0.546,-0.3227,0.5350000000000001,0.0568,0.0231,0.0372,0.101,47.474500000000006,2786.694424735874,-25.46363820184738,GNSS_OUTAGE,False,1.4959897611497006,15.77785845555555,2815.7020887984686,-4.68534431960712,2815.7020887984686,-4.68534431960712,2815.7020887984686,-4.68534431960712,predicted_speed
4515676,-0.1889,0.6003,9.7694,-0.0196,-0.0331,-0.0315,52.477585,-1.430803,12.27,43.981,121.425,9.789648597370592,0.049719412707714,-0.7243746839427985,0.0034328055734684,-0.1303,0.3384999999999999,-0.741200000000001,-0.0588,-0.0539999999999999,-0.0445,0.1,37.539,2786.694424735874,-25.46363820184738,GNSS_OUTAGE,False,1.4946012611497006,15.818963955555551,2817.2793954167537,-4.564928215261527,2817.2793954167537,-4.564928215261527,2817.2793954167537,-4.564928215261527,predicted_speed
4515775,0.1486,1.22,9.7535,-0.0039,0.0316,0.0252,52.477585,-1.430803,12.27,43.70399999999999,121.534,9.830627864485566,0.0406055414937419,0.0409792671149737,-0.0091138712139721,0.3375,0.6197,-0.0158999999999984,0.0157,0.0647,0.0567,0.099,37.21208000000001,2786.694424735874,-25.46363820184738,GNSS_OUTAGE,False,1.4947809461497006,15.893070900555552,2818.8482657653635,-4.445439701478148,2818.8482657653635,-4.445439701478148,2818.8482657653635,-4.445439701478148,predicted_speed
4515876,0.0114,0.3799,10.379,0.0125,0.0355,0.0301,52.477585,-1.430803,12.27,43.895,121.675,10.38595662276711,0.0481924267909388,0.5553287582815436,0.0075868852971968,-0.1372,-0.8401,0.6254999999999988,0.0164,0.0038999999999999,0.0048999999999999,0.101,48.09947000000001,2786.694424735874,-25.46363820184738,GNSS_OUTAGE,False,1.4966206611497006,15.954817755555553,2820.455271305147,-4.3260198984030405,2820.455271305147,-4.3260198984030405,2820.455271305147,-4.3260198984030405,predicted_speed
4515975,0.4402,1.1267,9.6974,0.0168,0.0103,0.0235,52.477585,-1.430803,12.27,43.945,121.934,9.772553181743245,0.0306688767319574,-0.6134034410238645,-0.0175235500589814,0.4287999999999999,0.7468,-0.6815999999999995,0.0042999999999999,-0.0251999999999999,-0.0065999999999999,0.099,29.77835,2786.694424735874,-25.46363820184738,GNSS_OUTAGE,False,1.4988496461497005,16.057793100555553,2822.040880139109,-4.21174336042592,2822.040880139109,-4.21174336042592,2822.040880139109,-4.21174336042592,predicted_speed
4516075,0.0464,0.0514,9.8342,0.012,0.0093,0.0177,52.477585,-1.430803,12.27,43.801,121.84,9.834443784983469,0.0233190908913705,0.0618906032402239,-0.0073497858405869,-0.3938,-1.0753,0.1367999999999991,-0.0047999999999999,-0.001,-0.0058,0.1,2.08436,2786.694424735874,-25.46363820184738,GNSS_OUTAGE,False,1.5006211461497005,16.122428600555555,2823.649154837911,-4.0986967638614775,2823.649154837911,-4.0986967638614775,2823.649154837911,-4.0986967638614775,predicted_speed
4516175,0.1399,0.5045,8.9955,-0.0679,0.0284,0.0116,52.477585,-1.430803,12.27,43.83,122.066,9.010722085937395,0.0745085901087921,-0.8237216990460716,0.0511894992174216,0.0935,0.4530999999999999,-0.8386999999999993,-0.0799,0.0191,-0.0061,0.1,45.427130000000005,2786.694424735874,-25.46363820184738,GNSS_OUTAGE,False,1.4944026461497006,16.196414100555554,2825.2640724368475,-3.975086708399865,2825.2640724368475,-3.975086708399865,2825.2640724368475,-3.975086708399865,predicted_speed
4516276,0.0435,0.6737,9.6512,-0.0638,0.0324,0.0217,52.477585,-1.430803,12.27,44.057,121.864,9.674782962940304,0.0747735915948939,0.6640608770029068,0.0002650014861018,-0.0964,0.1692,0.6556999999999995,0.0041,0.0039999999999999,0.0101,0.101,38.15856000000001,2786.694424735874,-25.46363820184738,GNSS_OUTAGE,False,1.4885360611497007,16.261403055555554,2826.900920416292,-3.840134625656089,2826.900920416292,-3.840134625656089,2826.900920416292,-3.840134625656089,predicted_speed
4516375,-0.2095,0.6642,10.179,-0.004,0.0409,-0.0298,52.477585,-1.430803,12.27,43.837,121.751,10.202798287234732,0.0507626831442152,0.5280153242944294,-0.0240109084506786,-0.253,-0.0094999999999999,0.5278000000000009,0.0597999999999999,0.0085,-0.0515,0.099,44.47597,2786.694424735874,-25.46363820184738,GNSS_OUTAGE,False,1.4887058461497007,16.300058100555553,2828.5091919628726,-3.70781347711189,2828.5091919628726,-3.70781347711189,2828.5091919628726,-3.70781347711189,predicted_speed
4516476,-0.3046,-0.8757,10.3466,0.0042,0.0536,-0.0326,52.477585,-1.430803,12.27,43.78,122.075,10.38805868341145,0.0628757504925388,0.1852603961767158,0.0121130673483235,-0.0950999999999999,-1.5399,0.1676000000000002,0.0081999999999999,0.0127,-0.0027999999999999,0.101,39.02546,2786.694424735874,-25.46363820184738,GNSS_OUTAGE,False,1.4897072611497006,16.329888955555553,2830.153091222482,-3.5742182781099583,2830.153091222482,-3.5742182781099583,2830.153091222482,-3.5742182781099583,predicted_speed
4516575,0.4069,0.943,10.3291,-0.0176,0.0498,-0.027,52.477585,-1.430803,12.27,43.913,121.947,10.380034846762316,0.0593194740367781,-0.0080238366491318,-0.0035562764557606,0.7115,1.8187,-0.0175,-0.0218,-0.0038,0.0055999999999999,0.099,45.3877,2786.694424735874,-25.46363820184738,GNSS_OUTAGE,False,1.4885306461497005,16.429567600555554,2831.774117641216,-3.4405617872024363,2831.774117641216,-3.4405617872024363,2831.774117641216,-3.4405617872024363,predicted_speed
4516675,-1.2923,1.19,10.4665,0.005,0.0285,-0.0294,52.477585,-1.430803,12.27,44.021,121.885,10.612905424058011,0.0412505757535576,0.2328705772956958,-0.0180688982832205,-1.6992,0.247,0.1373999999999995,0.0226,-0.0212999999999999,-0.0023999999999999,0.1,49.81117000000002,2786.694424735874,-25.46363820184738,GNSS_OUTAGE,False,1.4896021461497004,16.360333100555554,2833.4047611425876,-3.3078713088474747,2833.4047611425876,-3.3078713088474747,2833.4047611425876,-3.3078713088474747,predicted_speed
4516776,-0.6191,0.7562,10.4975,0.035,0.0059,-0.0164,52.477585,-1.430803,12.27,43.193000000000005,121.626,10.54289474006072,0.0390994884877027,-0.0700106839972924,-0.0021510872658549,0.6732,-0.4337999999999999,0.0310000000000005,0.03,-0.0226,0.0129999999999999,0.101,50.84174000000001,2786.694424735874,-25.46363820184738,GNSS_OUTAGE,False,1.4937143611497004,16.358399455555553,2835.052053542276,-3.180642691051917,2835.052053542276,-3.180642691051917,2835.052053542276,-3.180642691051917,predicted_speed
4516875,0.4694,0.7228,9.1976,0.0238,0.047,-0.0046,52.477585,-1.430803,12.27,43.736,121.702,9.23789055791418,0.0528828894823268,-1.30500418214654,0.0137834009946241,1.0885,-0.0333999999999999,-1.299900000000001,-0.0112,0.0411,0.0118,0.099,45.48444999999999,2786.694424735874,-25.46363820184738,GNSS_OUTAGE,False,1.4966363461497003,16.464265600555553,2836.6775357365245,-3.059875487197641,2836.6775357365245,-3.059875487197641,2836.6775357365245,-3.059875487197641,predicted_speed
4516975,0.4013,0.9216,9.3254,-0.0178,0.0697,0.0024,52.477585,-1.430803,12.27,43.873000000000005,121.545,9.379417541084308,0.0719770102185413,0.1415269831701273,0.0190941207362144,-0.0681,0.1987999999999999,0.1278000000000005,-0.0416,0.0226999999999999,0.0069999999999999,0.1,41.71325999999999,2786.694424735874,-25.46363820184738,GNSS_OUTAGE,False,1.4954278461497004,16.564391100555554,2838.3292724482917,-2.935150348103119,2838.3292724482917,-2.935150348103119,2838.3292724482917,-2.935150348103119,predicted_speed
4517075,0.0574,0.5325,9.3739,-0.0467,0.0525,-0.0095,52.477585,-1.430803,12.27,43.783,121.649,9.389188049027457,0.0709040901500047,0.0097705079431484,-0.0010729200685365,-0.3439,-0.3891,0.0485000000000006,-0.0289,-0.0172,-0.0118999999999999,0.1,43.59479999999999,2786.694424735874,-25.46363820184738,GNSS_OUTAGE,False,1.4913293461497004,16.630126600555553,2839.9870369077694,-2.8031348020552422,2839.9870369077694,-2.8031348020552422,2839.9870369077694,-2.8031348020552422,predicted_speed
4517175,-0.4139,0.8336,9.9196,-0.0053,0.0528,-0.0376,52.477585,-1.430803,12.27,43.769,121.214,9.963165477397231,0.0650360669167501,0.5739774283697745,-0.0058680232332546,-0.4713,0.3011,0.5457000000000001,0.0414,0.0003,-0.0281,0.1,43.818689999999975,2786.694424735874,-25.46363820184738,GNSS_OUTAGE,False,1.4913708461497004,16.648732100555552,2841.6466615289955,-2.6710404335899707,2841.6466615289955,-2.6710404335899707,2841.6466615289955,-2.6710404335899707,predicted_speed
4517275,0.4599,1.3539,8.6605,0.0084,0.067,0.0069,52.477585,-1.430803,12.27,43.862,121.218,8.777745352310012,0.0678761371912102,-1.1854201250872194,0.0028400702744601,0.8737999999999999,0.5203000000000001,-1.2591,0.0137,0.0142,0.0445,0.1,44.637780000000014,2786.694424735874,-25.46363820184738,GNSS_OUTAGE,False,1.4927823461497003,16.75471760055555,2843.317037262106,-2.5404627594692,2843.317037262106,-2.5404627594692,2843.317037262106,-2.5404627594692,predicted_speed
4517376,0.1068,0.7196,10.1199,-0.0326,0.0885,0.0463,52.477585,-1.430803,12.27,43.722,120.991,10.146014311541256,0.1050652178411104,1.3682689592312445,0.0371890806499001,-0.3530999999999999,-0.6343000000000001,1.4593999999999987,-0.0409999999999999,0.0214999999999999,0.0394,0.101,41.43056999999999,2786.694424735874,-25.46363820184738,GNSS_OUTAGE,False,1.4900669611497004,16.82609985555555,2845.0109385461365,-2.4034173350377004,2845.0109385461365,-2.4034173350377004,2845.0109385461365,-2.4034173350377004,predicted_speed
4517475,-0.3186,1.6273,9.9768,-0.0155,0.0703,0.0225,52.477585,-1.430803,12.27,43.751000000000005,121.087,10.11366152735991,0.075422741928413,-0.0323527841813451,-0.0296424759126973,-0.4254,0.9077,-0.1430999999999986,0.0170999999999999,-0.0181999999999999,-0.0238,0.099,37.41217999999998,2786.694424735874,-25.46363820184738,GNSS_OUTAGE,False,1.4890982461497004,16.85395400055555,2846.673914685067,-2.267252293449091,2846.673914685067,-2.267252293449091,2846.673914685067,-2.267252293449091,predicted_speed
4517576,0.3494,1.7421,11.5217,0.0815,0.0588,0.0374,52.477585,-1.430803,12.27,43.628,121.24,11.65789705135536,0.1072308257918402,1.5442355239954484,0.0318080838634272,0.6679999999999999,0.1148,1.5448999999999984,0.097,-0.0115,0.0149,0.101,45.60068,2786.694424735874,-25.46363820184738,GNSS_OUTAGE,False,1.4979069611497005,16.94983885555555,2848.3813027907504,-2.1425809922345347,2848.3813027907504,-2.1425809922345347,2848.3813027907504,-2.1425809922345347,predicted_speed
4517676,1.3065,0.3046,8.8634,0.0519,0.0272,-0.0163,52.477585,-1.430803,12.27,43.657,120.923,8.964350671967267,0.060820555735705,-2.693546379388092,-0.0464102700561352,0.9571,-1.4375,-2.6582999999999988,-0.0296,-0.0316,-0.0537,0.1,35.05590999999998,2786.694424735874,-25.46363820184738,GNSS_OUTAGE,False,1.5036684611497004,17.14048435555555,2850.091490796297,-2.0276069729291146,2850.091490796297,-2.0276069729291146,2850.091490796297,-2.0276069729291146,predicted_speed
4517776,1.0779,1.3374,10.5008,-0.0253,0.1159,0.0132,52.477585,-1.430803,12.27,43.668,121.523,10.640362202951552,0.119361384040233,1.676011530984285,0.058540828304528,-0.2285999999999999,1.0328,1.6373999999999995,-0.0772,0.0887,0.0295,0.1,36.417330000000014,2786.694424735874,-25.46363820184738,GNSS_OUTAGE,False,1.5017099611497005,17.30826985555555,2851.818188870004,-1.908125525904524,2851.818188870004,-1.908125525904524,2851.818188870004,-1.908125525904524,predicted_speed
4517875,-0.9048,0.7787,8.8405,-0.0424,0.0184,-0.106,52.477585,-1.430803,12.27,43.65,121.381,8.920732984458173,0.1156387478313389,-1.7196292184933792,-0.003722636208894,-1.9827,-0.5587,-1.6602999999999994,-0.0171,-0.0975,-0.1192,0.099,43.96594999999998,2786.694424735874,-25.46363820184738,GNSS_OUTAGE,False,1.4980781461497004,17.27809020055555,2853.5241992052797,-1.7838484245373067,2853.5241992052797,-1.7838484245373067,2853.5241992052797,-1.7838484245373067,predicted_speed
4517976,-0.0095,1.2602,9.9702,0.0291,0.1335,-0.0019,52.477585,-1.430803,12.27,43.924,121.259,10.049531448281558,0.1366479783970476,1.1287984638233848,0.0210092305657086,0.8953000000000001,0.4815,1.1296999999999997,0.0715,0.1151,0.1041,0.101,34.724039999999995,2786.694424735874,-25.46363820184738,GNSS_OUTAGE,False,1.5015944611497003,17.33772615555555,2855.2711182754333,-1.6627650186465732,2855.2711182754333,-1.6627650186465732,2855.2711182754333,-1.6627650186465732,predicted_speed
4518075,-0.6592,1.5432,9.8904,0.0134,0.1159,-0.0542,52.477585,-1.430803,12.27,43.826,121.202,10.031750746504818,0.1286468421687839,-0.0177807017767399,-0.0080011362282637,-0.6497,0.2829999999999999,-0.0798000000000005,-0.0157,-0.0176,-0.0523,0.099,35.22946000000001,2786.694424735874,-25.46363820184738,GNSS_OUTAGE,False,1.5034868461497004,17.33186090055555,2856.983087076279,-1.5473589501737424,2856.983087076279,-1.5473589501737424,2856.983087076279,-1.5473589501737424,predicted_speed
4518176,0.0064,1.9062,10.053,0.0515,0.0598,-0.0656,52.477585,-1.430803,12.27,43.769,120.546,10.23212824391876,0.1026238276425119,0.2003774974139425,-0.0260230145262719,0.6656,0.363,0.1626000000000012,0.0380999999999999,-0.0561,-0.0114,0.101,38.08905,2786.694424735874,-25.46363820184738,GNSS_OUTAGE,False,1.5092655611497003,17.39310275555555,2858.7364660333096,-1.4393358396298166,2858.7364660333096,-1.4393358396298166,2858.7364660333096,-1.4393358396298166,predicted_speed
4518276,0.5241,1.181,10.0634,0.0352,0.0745,-0.0264,52.477585,-1.430803,12.27,43.664,120.638,10.146007163904429,0.0865231182979439,-0.0861210800143315,-0.016100709344568,0.5177,-0.7251999999999998,0.0103999999999988,-0.0162999999999999,0.0146999999999999,0.0392,0.1,38.086010000000016,2786.694424735874,-25.46363820184738,GNSS_OUTAGE,False,1.5133570611497003,17.50550825555555,2860.4841298834945,-1.3388407670633693,2860.4841298834945,-1.3388407670633693,2860.4841298834945,-1.3388407670633693,predicted_speed
4518375,0.5473,1.4533,9.8243,0.0115,0.0829,-0.0295,52.477585,-1.430803,12.27,43.657,120.756,9.946280142344676,0.0887406896524925,-0.1997270215597542,0.0022175713545486,0.0232,0.2723,-0.2391000000000005,-0.0237,0.0084,-0.0030999999999999,0.099,41.90946999999999,2786.694424735874,-25.46363820184738,GNSS_OUTAGE,False,1.5150613461497002,17.61908650055555,2862.2257109281577,-1.2416731469593507,2862.2257109281577,-1.2416731469593507,2862.2257109281577,-1.2416731469593507,predicted_speed
4518476,0.4512,1.0658,9.477,0.0022,0.1012,0.0223,52.477585,-1.430803,12.27,43.711000000000006,120.36,9.547410124216931,0.1036511939149762,-0.3988700181277416,0.0149105042624836,-0.0961,-0.3874999999999999,-0.3472999999999988,-0.0093,0.0182999999999999,0.0518,0.101,38.01859,2786.694424735874,-25.46363820184738,GNSS_OUTAGE,False,1.5158607611497001,17.72525315555555,2864.0132607629357,-1.1433741797449444,2864.0132607629357,-1.1433741797449444,2864.0132607629357,-1.1433741797449444,predicted_speed
4518575,-0.3287,1.621,9.6575,0.0017,0.0956,0.0224,52.477585,-1.430803,12.27,43.816,120.422,9.79811160071164,0.0982039204920048,0.250701476494708,-0.0054472734229713,-0.7799,0.5551999999999999,0.1805000000000003,-0.0005,-0.0055999999999999,9.99999999999994e-05,0.099,41.51171,2786.694424735874,-25.46363820184738,GNSS_OUTAGE,False,1.5165948461497,17.75210740055555,2865.7681384961024,-1.04816395377367,2865.7681384961024,-1.04816395377367,2865.7681384961024,-1.04816395377367,predicted_speed
4518675,0.0083,1.1397,9.2105,-0.0241,0.0843,0.02,52.477585,-1.430803,12.27,43.798,120.535,9.280748635212571,0.0899294167667065,-0.5173629654990695,-0.0082745037252982,0.3369999999999999,-0.4813,-0.4470000000000009,-0.0258,-0.0113,-0.0023999999999999,0.1,40.11559999999999,2786.694424735874,-25.46363820184738,GNSS_OUTAGE,False,1.5147563461497,17.81293290055555,2867.546635460621,-0.9483925530872742,2867.546635460621,-0.9483925530872742,2867.546635460621,-0.9483925530872742,predicted_speed
4518775,-0.4515,0.9449,8.9657,-0.0637,0.0784,-0.007,52.477585,-1.430803,12.27,43.794,120.087,9.026653020361422,0.101258332990426,-0.254095614851149,0.0113289162237194,-0.4598,-0.1947999999999999,-0.2447999999999996,-0.0396,-0.0059,-0.027,0.1,45.37324999999998,2786.694424735874,-25.46363820184738,GNSS_OUTAGE,False,1.5089578461497,17.827778400555548,2869.326005717597,-0.8382185290048844,2869.326005717597,-0.8382185290048844,2869.326005717597,-0.8382185290048844,predicted_speed
4518875,-0.1143,1.9112,9.3423,-0.0028,0.1528,0.0772,52.477585,-1.430803,12.27,43.657,119.654,9.536473101728962,0.1712177560885552,0.5098200813675398,0.0699594230981292,0.3372,0.9663,0.3765999999999998,0.0609,0.0744,0.0842,0.1,41.61438999999999,2786.694424735874,-25.46363820184738,GNSS_OUTAGE,False,1.5092493461496999,17.876343900555547,2871.110255369225,-0.7282644787121831,2871.110255369225,-0.7282644787121831,2871.110255369225,-0.7282644787121831,predicted_speed
4518975,-0.8496,0.1334,10.8013,0.0357,0.0454,-0.083,52.477585,-1.430803,12.27,43.654,119.711,10.835483256874149,0.1011170114273558,1.2990101551451865,-0.0701007446611994,-0.7353000000000001,-1.7778,1.4589999999999996,0.0385,-0.1074,-0.1602,0.1,43.77790000000001,2786.694424735874,-25.46363820184738,GNSS_OUTAGE,False,1.5133908461496999,17.851379400555548,2872.8924527547847,-0.6258440514082698,2872.8924527547847,-0.6258440514082698,2872.8924527547847,-0.6258440514082698,predicted_speed
4519075,0.0947,1.6298,8.39,0.0622,0.0441,-0.0886,52.477585,-1.430803,12.27,43.808,119.266,8.54735725999563,0.1168914453670584,-2.2881259968785184,0.0157744339397026,0.9443,1.4964,-2.411299999999999,0.0264999999999999,-0.0013,-0.0055999999999999,0.1,41.49822999999999,2786.694424735874,-25.46363820184738,GNSS_OUTAGE,False,1.5201823461497,17.920844900555547,2874.6822422761807,-0.5351782441871099,2874.6822422761807,-0.5351782441871099,2874.6822422761807,-0.5351782441871099,predicted_speed
4519175,1.6736,0.0498,10.2975,-0.0064,0.0618,-0.0204,52.477585,-1.430803,12.27,43.463,119.138,10.432733258834904,0.0653938835060283,1.8853759988392744,-0.0514975618610301,1.5789,-1.5799999999999998,1.9074999999999989,-0.0686,0.0177,0.0682,0.1,18.755350000000004,2786.694424735874,-25.46363820184738,GNSS_OUTAGE,False,1.5201138461497,18.14820040055555,2876.4947319384587,-0.44323803577931103,2876.4947319384587,-0.44323803577931103,2876.4947319384587,-0.44323803577931103,predicted_speed
4519278,0.9391,1.4309,9.298,-0.0555,0.1574,0.0523,52.477585,-1.430803,12.27,43.657,118.917,9.454215336028684,0.1749008290432038,-0.9785179228062192,0.1095069455371755,-0.7344999999999999,1.3811,-0.9994999999999994,-0.0491,0.0956,0.0727,0.103,38.33778,2786.694424735874,-25.46363820184738,GNSS_OUTAGE,False,1.5149859911497,18.30672306555555,2878.377388560723,-0.33805710947836204,2878.377388560723,-0.33805710947836204,2878.377388560723,-0.33805710947836204,predicted_speed
4519375,0.0899,1.9298,10.5121,-0.0266,0.0729,0.0402,52.477585,-1.430803,12.27,43.452,118.813,10.68814560436,0.0873957092768289,1.2339302683313154,-0.0875051197663748,-0.8492000000000001,0.4988999999999999,1.2141000000000002,0.0289,-0.0845,-0.0121,0.097,41.19700999999999,2786.694424735874,-25.46363820184738,GNSS_OUTAGE,False,1.5129601461497,18.37363900055555,2880.156651552004,-0.23503643921085704,2880.156651552004,-0.23503643921085704,2880.156651552004,-0.23503643921085704,predicted_speed
4519475,-0.3502,1.5645,10.2271,-0.0093,0.0782,0.0354,52.477585,-1.430803,12.27,43.70399999999999,118.397,10.351998584814432,0.0863417048708212,-0.3361470195455691,-0.0010540044060076,-0.4401,-0.3652999999999999,-0.2850000000000001,0.0173,0.0052999999999999,-0.0047999999999999,0.1,46.300410000000014,2786.694424735874,-25.46363820184738,GNSS_OUTAGE,False,1.5126016461497,18.39861450055555,2881.9933984246204,-0.1280267137944398,2881.9933984246204,-0.1280267137944398,2881.9933984246204,-0.1280267137944398,predicted_speed
4519575,-0.0902,-0.0501,11.7595,0.085,0.1124,-0.0031,52.477585,-1.430803,12.27,43.801,118.817,11.759952648714194,0.1409552056505895,1.407954063899762,0.0546135007797683,0.26,-1.6146,1.532399999999999,0.0943,0.0341999999999999,-0.0385,0.1,47.39165,2786.694424735874,-25.46363820184738,GNSS_OUTAGE,False,1.5216731461497,18.44959000055555,2883.8361318490965,-0.037432904933681996,2883.8361318490965,-0.037432904933681996,2883.8361318490965,-0.037432904933681996,predicted_speed
4519675,1.3656,-0.0326,11.7035,0.0856,0.1184,-0.0197,52.477585,-1.430803,12.27,43.164,118.324,11.782946930628178,0.1474245908931071,0.0229942819139843,0.0064693852425175,1.4558,0.0175,-0.0559999999999991,0.0005999999999999,0.006,-0.0166,0.1,42.33089000000001,2786.694424735874,-25.46363820184738,GNSS_OUTAGE,False,1.5308046461497,18.646145500555548,2885.6992555266593,0.03711628945341383,2885.6992555266593,0.03711628945341383,2885.6992555266593,0.03711628945341383,predicted_speed
4519775,0.3902,-0.0651,9.5325,-0.0097,0.1736,-0.0283,52.477585,-1.430803,12.27,43.578,118.697,9.540704916304666,0.1761588487700802,-2.242242014323512,0.0287342578769731,-0.9754,-0.0325,-2.171,-0.0953,0.0552,-0.0086,0.1,21.50404,2786.694424735874,-25.46363820184738,GNSS_OUTAGE,False,1.5304061461497,18.745161000555548,2887.5722428230033,0.11280774935162027,2887.5722428230033,0.11280774935162027,2887.5722428230033,0.11280774935162027,predicted_speed
4519875,0.1076,1.6101,9.8806,-0.0704,0.0459,-0.1697,52.477585,-1.430803,12.27,43.322,117.893,10.01150618688317,0.1893701666049855,0.4708012705785034,0.0132113178349053,-0.2825999999999999,1.6752,0.3480999999999987,-0.0607,-0.1277,-0.1414,0.1,40.36542,2786.694424735874,-25.46363820184738,GNSS_OUTAGE,False,1.5239376461497,18.81591650055555,2889.4517691118,0.2009443891903528,2889.4517691118,0.2009443891903528,2889.4517691118,0.2009443891903528,predicted_speed
4519975,-0.294,2.0604,9.2262,0.0192,0.1197,-0.0709,52.477585,-1.430803,12.27,43.103,118.026,9.458036297244794,0.1404405212180587,-0.5534698896383752,-0.0489296453869268,-0.4015999999999999,0.4502999999999999,-0.654399999999999,0.0896,0.0738,0.0987999999999999,0.1,38.185620000000014,2786.694424735874,-25.46363820184738,GNSS_OUTAGE,False,1.5264291461497002,18.84651200055555,2891.334565698376,0.2845336196461696,2891.334565698376,0.2845336196461696,2891.334565698376,0.2845336196461696,predicted_speed
4520075,1.1088,1.6539,9.8367,0.0258,0.1086,-0.0328,52.477585,-1.430803,12.27,42.995,117.606,10.03620892269586,0.1163419099035253,0.5781726254510673,-0.0240986113145334,1.4028,-0.4065000000000001,0.6105,0.0066,-0.0110999999999999,0.0381,0.1,36.81771999999999,2786.694424735874,-25.46363820184738,GNSS_OUTAGE,False,1.5295806461497001,19.01738750055555,2893.2346894045286,0.36289288700465944,2893.2346894045286,0.36289288700465944,2893.2346894045286,0.36289288700465944,predicted_speed
4520175,0.5954,1.3628,10.0083,0.0043,0.1261,-0.0346,52.477585,-1.430803,12.27,42.966,116.993,10.118191236085629,0.1308314182450071,0.0819823133897674,0.0144895083414818,-0.5134,-0.2910999999999999,0.1715999999999997,-0.0215,0.0174999999999999,-0.0017999999999999,0.1,34.64550999999999,2786.694424735874,-25.46363820184738,GNSS_OUTAGE,False,1.5305821461497002,19.13692300055555,2895.1468345203393,0.4398297141581269,2895.1468345203393,0.4398297141581269,2895.1468345203393,0.4398297141581269,predicted_speed
4520276,0.5606,0.8839,9.5007,0.0052,0.1232,-0.0505,52.477142,-1.429401,11.2,42.955,117.051,9.558182466347878,0.1332498780487246,-0.5600087697377507,0.0024184598037174,-0.0348,-0.4789,-0.5076,0.0008999999999999,-0.0028999999999999,-0.0159,0.101,31.675809999999988,2881.6453466373414,-74.72299070493737,GNSS_OUTAGE,False,1.5316845611497003,19.25413905555555,2897.090015345822,0.5158697247325887,2897.090015345822,0.5158697247325887,2897.090015345822,0.5158697247325887,predicted_speed
4520375,0.5494,1.7156,9.8704,-0.006,0.076,-0.0843,52.477142,-1.429401,11.2,43.085,116.57,10.033440082045638,0.1136595354556757,0.4752576156977603,-0.0195903425930489,-0.0111999999999999,0.8317,0.3696999999999999,-0.0112,-0.0472,-0.0338,0.099,37.69057999999998,2881.6453466373414,-74.72299070493737,GNSS_OUTAGE,False,1.5316563461497004,19.36792520055555,2899.0059714402814,0.5908985262597485,2899.0059714402814,0.5908985262597485,2899.0059714402814,0.5908985262597485,predicted_speed
4520475,0.4857,1.6833,9.8314,0.0278,0.102,-0.0639,52.477142,-1.429401,11.2,42.613,116.432,9.986282057903232,0.1235315749110323,-0.0471580241424067,0.0098720394553566,-0.0636999999999999,-0.0322999999999999,-0.0389999999999997,0.0338,0.0259999999999999,0.0204,0.1,36.42794999999998,2881.6453466373414,-74.72299070493737,GNSS_OUTAGE,False,1.5350078461497003,19.47649070055555,2900.9523733540505,0.6605870487289685,2900.9523733540505,0.6605870487289685,2900.9523733540505,0.6605870487289685,predicted_speed
4520575,0.4847,0.7243,10.9957,-0.0084,0.0975,-0.0377,52.477142,-1.429401,11.2,42.638000000000005,115.917,11.030184181145843,0.1048718265312471,1.0439021232426118,-0.0186597483797851,-0.001,-0.959,1.164299999999999,-0.0361999999999999,-0.0044999999999999,0.0262,0.1,42.82123999999999,2881.6453466373414,-74.72299070493737,GNSS_OUTAGE,False,1.5347393461497003,19.584956200555553,2902.909595986224,0.7311891866987816,2902.909595986224,0.7311891866987816,2902.909595986224,0.7311891866987816,predicted_speed
4520675,0.6988,1.8397,9.4786,-0.0199,0.1062,-0.0238,52.477142,-1.429401,11.2,42.674,115.299,9.680737342268923,0.1106385556666391,-1.3494468388769183,0.0057667291353919,0.2140999999999999,1.1153999999999995,-1.5170999999999992,-0.0115,0.0087,0.0138999999999999,0.1,36.91576,2881.6453466373414,-74.72299070493737,GNSS_OUTAGE,False,1.5333208461497003,19.714831700555553,2904.879694931327,0.8050541737725392,2904.879694931327,0.8050541737725392,2904.879694931327,0.8050541737725392,predicted_speed
4520775,-0.2668,1.7812,9.1738,-0.0154,0.1109,0.0065,52.477142,-1.429401,11.2,42.3,115.201,9.348928394206473,0.1121526638114316,-0.331808948062454,0.0015141081447924,-0.9656,-0.0584999999999999,-0.3048000000000002,0.0045,0.0046999999999999,0.0303,0.1,41.16978999999999,2881.6453466373414,-74.72299070493737,GNSS_OUTAGE,False,1.5323523461497004,19.748147200555554,2906.853050502621,0.8809552132313978,2906.853050502621,0.8809552132313978,2906.853050502621,0.8809552132313978,predicted_speed
4520875,0.658,0.6656,9.1558,-0.0319,0.0712,-0.0038,52.477142,-1.429401,11.2,41.958,114.583,9.203513513870666,0.0781120349242035,-0.1454148803358048,-0.034040628887228,0.9248,-1.1156,-0.0180000000000006,-0.0164999999999999,-0.0397,-0.0103,0.1,42.21939000000001,2881.6453466373414,-74.72299070493737,GNSS_OUTAGE,False,1.5297338461497003,19.873942700555553,2908.838769508205,0.9625396205194299,2908.838769508205,0.9625396205194299,2908.838769508205,0.9625396205194299,predicted_speed
4520975,0.1899,0.9246,10.8883,-0.0302,0.1353,0.0115,52.477142,-1.429401,11.2,42.232,114.153,10.929136473665244,0.1391056433075236,1.7256229597945794,0.06099360838332,-0.4681,0.259,1.7325,0.0016999999999999,0.0641,0.0153,0.1,40.32746,2881.6453466373414,-74.72299070493737,GNSS_OUTAGE,False,1.5272853461497002,19.952928200555554,2910.832173876617,1.0493293766048157,2910.832173876617,1.0493293766048157,2910.832173876617,1.0493293766048157,predicted_speed
4521075,-0.3179,0.9229,9.5984,-0.0031,0.1141,0.0026,52.477142,-1.429401,11.2,42.145,113.76,9.647905854640166,0.114171712783859,-1.281230619025079,-0.0249339305236646,-0.5078,-0.0016999999999999,-1.2898999999999994,0.0271,-0.0212,-0.0089,0.1,35.16411999999999,2881.6453466373414,-74.72299070493737,GNSS_OUTAGE,False,1.5275468461497002,19.981133700555553,2912.8284187848603,1.1357198037826488,2912.8284187848603,1.1357198037826488,2912.8284187848603,1.1357198037826488,predicted_speed
4521175,0.0809,0.9145,9.5717,0.0528,0.1112,-0.0153,52.477142,-1.429401,11.2,41.749,113.653,9.615627694019771,0.1240458383018148,-0.032278160620395,0.0098741255179558,0.3988,-0.0084,-0.0266999999999999,0.0559,-0.0029,-0.0179,0.1,35.637869999999985,2881.6453466373414,-74.72299070493737,GNSS_OUTAGE,False,1.5333983461497,20.04921920055555,2914.8319388174414,1.2106823582090294,2914.8319388174414,1.2106823582090294,2914.8319388174414,1.2106823582090294,predicted_speed
4521276,0.5606,0.8683,9.9945,0.0179,0.0764,-0.0311,52.477142,-1.429401,11.2,41.778,113.214,10.047798141881634,0.0844072271787197,0.4321704478618624,-0.0396386111230951,0.4797,-0.0462,0.4228000000000005,-0.0349,-0.0348,-0.0158,0.101,36.73366,2881.6453466373414,-74.72299070493737,GNSS_OUTAGE,False,1.5357834611497,20.16643525555555,2916.867500442348,1.2819823418438983,2916.867500442348,1.2819823418438983,2916.867500442348,1.2819823418438983,predicted_speed
4521376,0.5599,0.7042,9.0676,-0.0101,0.1142,0.006,52.477142,-1.429401,11.2,41.688,112.786,9.112121345219236,0.1148026567636829,-0.9356767966623972,0.0303954295849632,-0.0007,-0.1640999999999999,-0.9268999999999998,-0.0279999999999999,0.0378,0.0371,0.1,39.68185000000001,2881.6453466373414,-74.72299070493737,GNSS_OUTAGE,False,1.5353449611497,20.282420755555552,2918.8944681047487,1.3538712327548728,2918.8944681047487,1.3538712327548728,2918.8944681047487,1.3538712327548728,predicted_speed
4521475,0.0542,0.9386,10.4184,-0.0302,0.0744,-0.019,52.477142,-1.429401,11.2,41.274,112.122,10.46073449428863,0.0825130292741697,1.3486131490693936,-0.0322896274895131,-0.5056999999999999,0.2343999999999999,1.3507999999999996,-0.0201,-0.0398,-0.025,0.099,39.540290000000006,2881.6453466373414,-74.72299070493737,GNSS_OUTAGE,False,1.5329209461497002,20.347182100555553,2920.907394453023,1.4301480620628337,2920.907394453023,1.4301480620628337,2920.907394453023,1.4301480620628337,predicted_speed
4521576,0.2297,0.9395,10.0591,0.0265,0.0845,0.0009,52.477142,-1.429401,11.2,41.411,111.738,10.105489357275085,0.0885624638320321,-0.3552451370135454,0.0060494345578623,0.1755,0.0009,-0.3592999999999993,0.0567,0.0101,0.0199,0.101,40.687260000000016,2881.6453466373414,-74.72299070493737,GNSS_OUTAGE,False,1.5361746611497002,20.430977255555554,2922.9696865449832,1.501576591114791,2922.9696865449832,1.501576591114791,2922.9696865449832,1.501576591114791,predicted_speed
4521675,0.0317,0.5368,10.0175,0.0313,0.0495,-0.0141,52.477142,-1.429401,11.2,41.447,110.919,10.031922317282964,0.06023910689909,-0.0735670399921204,-0.028323356932942,-0.1979999999999999,-0.4026999999999999,-0.0416000000000007,0.0048,-0.035,-0.015,0.099,40.98756000000001,2881.6453466373414,-74.72299070493737,GNSS_OUTAGE,False,1.5398391461497003,20.493511100555555,2924.997572046745,1.5643742708590953,2924.997572046745,1.5643742708590953,2924.997572046745,1.5643742708590953,predicted_speed
4521775,0.5743,0.4915,9.5296,0.0132,0.0634,-0.006,52.477142,-1.429401,11.2,41.27,110.524,9.559532880847264,0.0650369125958482,-0.4723894364356997,0.0047978056967581,0.5426000000000001,-0.0453,-0.4878999999999998,-0.0181,0.0138999999999999,0.0081,0.1,39.50260000000001,2881.6453466373414,-74.72299070493737,GNSS_OUTAGE,False,1.5417306461497002,20.610936600555554,2927.0577951479167,1.6242729262624178,2927.0577951479167,1.6242729262624178,2927.0577951479167,1.6242729262624178,predicted_speed
4521875,-0.5504,0.1403,9.8566,-0.0215,-0.0145,-0.0248,52.477142,-1.429401,11.2,41.177,109.668,9.872952335041427,0.0358823076181005,0.3134194541941646,-0.0291546049777476,-1.1247,-0.3511999999999999,0.3269999999999999,-0.0346999999999999,-0.0779,-0.0187999999999999,0.1,40.27047999999999,2881.6453466373414,-74.72299070493737,GNSS_OUTAGE,False,1.5401521461497003,20.615892100555556,2929.1184164497517,1.6874387512039375,2929.1184164497517,1.6874387512039375,2929.1184164497517,1.6874387512039375,predicted_speed
4521975,-0.172,0.3725,9.6747,0.0024,0.0719,0.0505,52.477142,-1.429401,11.2,41.332,109.359,9.683396116032846,0.0878955061422368,-0.1895562190085833,0.0520131985241362,0.3784,0.2322,-0.1819000000000006,0.0238999999999999,0.0864,0.0753,0.1,45.95065,2881.6453466373414,-74.72299070493737,GNSS_OUTAGE,False,1.5409636461497003,20.658687600555556,2931.183365977921,1.7490600128559373,2931.183365977921,1.7490600128559373,2931.183365977921,1.7490600128559373,predicted_speed
4522075,-0.1574,0.4399,9.2354,-0.0103,0.043,0.0147,52.477142,-1.429401,11.2,41.144,108.612,9.2472103863814,0.0465959225683964,-0.4361857296514468,-0.0412995835738404,0.0145999999999999,0.0674,-0.4392999999999993,-0.0127,-0.0289,-0.0358,0.1,50.62731999999999,2881.6453466373414,-74.72299070493737,GNSS_OUTAGE,False,1.5405051461497004,20.702943100555554,2933.2527105555046,1.8117620819912879,2933.2527105555046,1.8117620819912879,2933.2527105555046,1.8117620819912879,predicted_speed
4522175,-0.1051,0.7766,9.7115,-0.0138,0.0396,0.0067,52.477142,-1.429401,11.2,41.108,108.311,9.743068603884506,0.0424675169982894,0.4958582175031072,-0.004128405570107,0.0523,0.3366999999999999,0.4760999999999988,-0.0034999999999999,-0.0033999999999999,-0.008,0.1,35.97258999999999,2881.6453466373414,-74.72299070493737,GNSS_OUTAGE,False,1.5396966461497004,20.752428600555554,2935.326949919233,1.8762910690597414,2935.326949919233,1.8762910690597414,2935.326949919233,1.8762910690597414,predicted_speed
4522276,-0.1723,0.6616,9.5102,0.0024,0.0446,-0.0193,52.477142,-1.429401,11.2,40.586,107.485,9.53474204632721,0.0486560376520735,-0.2083265575572959,0.0061885206537841,-0.0672,-0.1149999999999999,-0.2012999999999998,0.0162,0.0049999999999999,-0.026,0.101,43.88652,2881.6453466373414,-74.72299070493737,GNSS_OUTAGE,False,1.5405162611497003,20.795621755555555,2937.42634489959,1.939880322690177,2937.42634489959,1.939880322690177,2937.42634489959,1.939880322690177,predicted_speed
4522375,0.7217,1.137,9.6324,0.0016,0.0773,0.0155,52.477142,-1.429401,11.2,40.597,107.81,9.72608603961532,0.078854930093178,0.1913439932881093,0.0301988924411045,0.894,0.4754,0.1222000000000012,-0.0007999999999999,0.0326999999999999,0.0348,0.099,33.98526999999999,2881.6453466373414,-74.72299070493737,GNSS_OUTAGE,False,1.5412404461497002,20.926465600555556,2939.4971601842863,2.0011029201228268,2939.4971601842863,2.0011029201228268,2939.4971601842863,2.0011029201228268,predicted_speed
4522475,-0.323,0.662,9.3288,-0.0428,0.0197,-0.0179,52.477142,-1.429401,11.2,41.076,106.866,9.357835350122375,0.0504017856826521,-0.3682506894929425,-0.0284531444105259,-1.0447,-0.475,-0.3036000000000012,-0.0443999999999999,-0.0576,-0.0334,0.1,44.47443000000001,2881.6453466373414,-74.72299070493737,GNSS_OUTAGE,False,1.5375319461497003,20.954161100555556,2941.5914170923475,2.070792785364896,2941.5914170923475,2.070792785364896,2941.5914170923475,2.070792785364896,predicted_speed
4522575,-0.0426,0.2368,10.3073,0.0036,0.0502,-0.0326,52.477142,-1.429401,11.2,41.119,106.456,10.310107772957563,0.0599646562568318,0.952272422835188,0.0095628705741796,0.2804,-0.4252,0.9785000000000004,0.0464,0.0305,-0.0146999999999999,0.1,44.69273000000002,2881.6453466373414,-74.72299070493737,GNSS_OUTAGE,False,1.5384634461497004,21.009896600555557,2943.691308644841,2.1387119978742497,2943.691308644841,2.1387119978742497,2943.691308644841,2.1387119978742497,predicted_speed
4522675,-0.07,0.9293,9.948,0.0204,0.0453,-0.0347,52.477142,-1.429401,11.2,40.511,105.592,9.991556559915978,0.0605998349832736,-0.3185512130415873,0.0006351787264418,-0.0274,0.6925,-0.3592999999999993,0.0168,-0.0049,-0.0021,0.1,39.14724999999998,2881.6453466373414,-74.72299070493737,GNSS_OUTAGE,False,1.5410749461497004,21.06289210055556,2945.7966676170668,2.2013046049795957,2945.7966676170668,2.2013046049795957,2945.7966676170668,2.2013046049795957,predicted_speed
4522775,0.1377,-0.1445,10.6727,0.0118,0.0395,-0.0312,52.477142,-1.429401,11.2,40.435,104.872,10.674566353252953,0.051700386845748,0.6830097933369732,-0.0088994481375256,0.2077,-1.0738,0.7247000000000003,-0.0086,-0.0058,0.0035,0.1,50.70933999999999,2881.6453466373414,-74.72299070493737,GNSS_OUTAGE,False,1.5428264461497003,21.13665760055556,2947.909506655627,2.2604158760440023,2947.909506655627,2.2604158760440023,2947.909506655627,2.2604158760440023,predicted_speed
4522875,0.1252,0.5283,10.5256,-0.0043,0.022,-0.0177,52.477142,-1.429401,11.2,40.241,104.742,10.539593506867332,0.0285618626843558,-0.1349728463856188,-0.0231385241613922,-0.0124999999999999,0.6728,-0.1471,-0.0161,-0.0175,0.0134999999999999,0.1,47.22633,2881.6453466373414,-74.72299070493737,GNSS_OUTAGE,False,1.5429679461497003,21.20917310055556,2950.029602779593,2.3194299526422144,2950.029602779593,2.3194299526422144,2950.029602779593,2.3194299526422144,predicted_speed
4522975,-0.3037,0.0233,10.0868,-0.0169,0.0121,-0.0763,52.477142,-1.429401,11.2,40.5,104.431,10.09139786253619,0.0790804021234085,-0.4481956443311414,0.0505185394390526,-0.4289,-0.505,-0.4388000000000005,-0.0125999999999999,-0.0098999999999999,-0.0586,0.1,42.22833999999999,2881.6453466373414,-74.72299070493737,GNSS_OUTAGE,False,1.5418494461497003,21.238798600555562,2952.1525928790575,2.3809010639516344,2952.1525928790575,2.3809010639516344,2952.1525928790575,2.3809010639516344,predicted_speed
4523075,-0.2169,0.8572,10.4812,0.0326,0.0418,0.0165,52.477142,-1.429401,11.2,40.626,104.321,10.518431008948054,0.0555180150942016,0.4270331464118637,-0.0235623870292069,0.0868,0.8339,0.3943999999999992,0.0494999999999999,0.0296999999999999,0.0928,0.1,45.84252999999999,2881.6453466373414,-74.72299070493737,GNSS_OUTAGE,False,1.5456809461497003,21.27710410055556,2954.2796322633058,2.434333702995282,2954.2796322633058,2.434333702995282,2954.2796322633058,2.434333702995282,predicted_speed
4523175,-0.2601,0.5843,9.7999,0.0414,0.0685,0.061,52.477142,-1.429401,11.2,40.594,103.704,9.82074836812348,0.1006340399666037,-0.6976826408245742,0.0451160248724021,-0.0431999999999999,-0.2728999999999999,-0.6813000000000002,0.0088,0.0267,0.0445,0.1,49.96206000000001,2881.6453466373414,-74.72299070493737,GNSS_OUTAGE,False,1.5503924461497003,21.31108960055556,2956.410297628873,2.477813578799966,2956.410297628873,2.477813578799966,2956.410297628873,2.477813578799966,predicted_speed
4523275,0.105,1.0994,9.449,0.0168,0.0437,0.0447,52.477142,-1.429401,11.2,40.136,102.951,9.513322572056516,0.0647303638179177,-0.3074257960669655,-0.0359036761486859,0.3651,0.5150999999999999,-0.3508999999999993,-0.0246,-0.0248,-0.0163,0.1,46.32641999999999,2881.6453466373414,-74.72299070493737,GNSS_OUTAGE,False,1.5526439461497004,21.38158510055556,2958.548103877448,2.5166241144693515,2958.548103877448,2.5166241144693515,2958.548103877448,2.5166241144693515,predicted_speed
4523376,0.0947,0.0383,10.6183,-0.0077,0.029,0.0294,52.477142,-1.429401,11.2,40.392,102.147,10.618791356364431,0.0420077373825346,1.1054687843079185,-0.0227226264353831,-0.0102999999999999,-1.0611,1.1692999999999998,-0.0245,-0.0147,-0.0152999999999999,0.101,47.032300000000006,2881.6453466373414,-74.72299070493737,GNSS_OUTAGE,False,1.5524434611497004,21.45174525555556,2960.7143652686536,2.55638568310038,2960.7143652686536,2.55638568310038,2960.7143652686536,2.55638568310038,predicted_speed
4523475,0.3825,0.3378,9.7994,-0.0111,0.0237,-0.0048,52.477142,-1.429401,11.2,40.183,101.549,9.812678301564768,0.02660714189837,-0.8061130547996651,-0.0154005954841645,0.2878,0.2995,-0.8188999999999993,-0.0034,-0.0053,-0.0342,0.099,23.43304000000001,2881.6453466373414,-74.72299070493737,GNSS_OUTAGE,False,1.5519103461497004,21.54900830055556,2962.8473366394705,2.5966737292239457,2962.8473366394705,2.5966737292239457,2962.8473366394705,2.5966737292239457,predicted_speed
4523575,0.2267,-0.4915,9.1472,-0.0524,0.048,-0.0056,52.477142,-1.429401,11.2,40.327,101.235,9.163199931246726,0.0712819752812729,-0.6494783703180413,0.0446748333829028,-0.1558,-0.8292999999999999,-0.6522000000000006,-0.0413,0.0243,-0.0008,0.1,44.755009999999984,2881.6453466373414,-74.72299070493737,GNSS_OUTAGE,False,1.5472418461497004,21.63167380055556,2965.009903969974,2.6476213020374657,2965.009903969974,2.6476213020374657,2965.009903969974,2.6476213020374657,predicted_speed
4523675,0.1496,0.5681,8.3488,-0.0723,0.0468,-0.0335,52.477142,-1.429401,11.2,40.288,99.774,8.36944318398781,0.092410930089465,-0.7937567472589162,0.0211289548081921,-0.0771,1.0596,-0.7983999999999991,-0.0199,-0.0011999999999999,-0.0279,0.1,44.57139999999997,2881.6453466373414,-74.72299070493737,GNSS_OUTAGE,False,1.5405833461497005,21.706629300555562,2967.179576258564,2.713193522083094,2967.179576258564,2.713193522083094,2967.179576258564,2.713193522083094,predicted_speed
4523775,-0.7,0.2111,9.4779,-0.0692,-0.0304,-0.0681,52.477142,-1.429401,11.2,40.054,99.041,9.50605867960008,0.1017369647669911,1.1366154956122685,0.009326034677526,-0.8495999999999999,-0.357,1.129099999999999,0.0031,-0.0772,-0.0345999999999999,0.1,44.027210000000025,2881.6453466373414,-74.72299070493737,GNSS_OUTAGE,False,1.5342348461497004,21.69662480055556,2969.3477887608137,2.7925019229549974,2969.3477887608137,2.7925019229549974,2969.3477887608137,2.7925019229549974,predicted_speed
4523875,-0.3641,-0.0346,12.8054,-0.0121,-0.0278,-0.0381,52.477142,-1.429401,11.2,40.313,98.64,12.81062196499452,0.0486914776937402,3.3045632853944404,-0.0530454870732509,0.3359,-0.2457,3.327500000000001,0.0571,0.0026,0.0299999999999999,0.1,52.16421999999999,2881.6453466373414,-74.72299070493737,GNSS_OUTAGE,False,1.5335963461497004,21.72021030055556,2971.518307100944,2.8732824290290844,2971.518307100944,2.8732824290290844,2971.518307100944,2.8732824290290844,predicted_speed
4523975,-0.1235,0.2052,11.0394,0.0879,-0.0272,-0.0045,52.477142,-1.429401,11.2,40.313,97.728,11.04199762950527,0.0921222014500305,-1.7686243354892497,0.0434307237562903,0.2405999999999999,0.2397999999999999,-1.766,0.1,0.0005999999999999,0.0336,0.1,42.0114,2881.6453466373414,-74.72299070493737,GNSS_OUTAGE,False,1.5429578461497004,21.767855800555562,2973.694249251734,2.9338730054695867,2973.694249251734,2.9338730054695867,2973.694249251734,2.9338730054695867,predicted_speed
4524075,-0.1898,0.4841,9.2997,0.0997,-0.014,-0.0397,52.477142,-1.429401,11.2,39.935,96.755,9.314225514770405,0.108222825688484,-1.727772114734865,0.0161006242384535,-0.0663,0.2789,-1.739700000000001,0.0117999999999999,0.0131999999999999,-0.0352,0.1,43.309660000000015,2881.6453466373414,-74.72299070493737,GNSS_OUTAGE,False,1.5534993461497004,21.808871300555563,2975.8748101449773,2.971593886958147,2975.8748101449773,2.971593886958147,2975.8748101449773,2.971593886958147,predicted_speed
4524175,-0.3699,0.257,10.2214,-0.0083,-0.0438,-0.0403,52.477142,-1.429401,11.2,40.518,96.516,10.231319219435976,0.0600950913136838,0.9170937046655716,-0.0481277343748001,-0.1801,-0.2270999999999999,0.9216999999999996,-0.108,-0.0298,-0.0006,0.1,46.11893000000002,2881.6453466373414,-74.72299070493737,GNSS_OUTAGE,False,1.5532408461497005,21.831876800555563,2978.057661410018,3.009918827357541,2978.057661410018,3.009918827357541,2978.057661410018,3.009918827357541,predicted_speed
4524275,-0.4945,-0.2811,10.1748,0.0178,0.0274,0.0111,52.477142,-1.429401,11.2,40.432,95.758,10.190687047495866,0.0345081149876373,-0.0406321719401105,-0.0255869763260465,-0.1245999999999999,-0.5381,-0.0465999999999997,0.0260999999999999,0.0712,0.0514,0.1,43.32759999999998,2881.6453466373414,-74.72299070493737,GNSS_OUTAGE,False,1.5555923461497005,21.84242230055556,2980.241651189098,3.0431267245179496,2980.241651189098,3.0431267245179496,2980.241651189098,3.0431267245179496,predicted_speed
4524375,-0.5083,1.7248,7.8935,0.0308,0.1295,0.0909,52.477142,-1.429401,11.2,40.05,95.539,8.095717768054913,0.1611883990862866,-2.094969279440953,0.1266802840986493,-0.0137999999999999,2.0059,-2.281299999999999,0.013,0.1021,0.0798,0.1,43.05673,2881.6453466373414,-74.72299070493737,GNSS_OUTAGE,False,1.5592438461497005,21.851587800555563,2982.426664155338,3.0683701675249653,2982.426664155338,3.0683701675249653,2982.426664155338,3.0683701675249653,predicted_speed
4524476,1.08,0.4071,9.674,-0.0283,0.1136,0.1029,52.477142,-1.429401,11.2,39.838,94.993,9.742607782826935,0.155866160535249,1.646890014772023,-0.0053222385510376,1.5883,-1.3177,1.780499999999999,-0.0591,-0.0158999999999999,0.012,0.101,37.71957,2881.6453466373414,-74.72299070493737,GNSS_OUTAGE,False,1.5569627611497006,22.021263255555564,2984.6505989327184,3.099137077879496,2984.6505989327184,3.099137077879496,2984.6505989327184,3.099137077879496,predicted_speed
4524575,-0.4636,1.1115,8.6397,-0.0588,0.0412,0.0034,52.477142,-1.429401,11.2,40.05,95.248,8.723231815101556,0.0718779521132871,-1.019375967725379,-0.0839882084219618,-1.5436,0.7043999999999999,-1.0343,-0.0305,-0.0724,-0.0995,0.099,54.50872,2881.6453466373414,-74.72299070493737,GNSS_OUTAGE,False,1.5517073461497006,22.034762400555564,2986.831642975604,3.1407760431194904,2986.831642975604,3.1407760431194904,2986.831642975604,3.1407760431194904,predicted_speed
4524676,-0.3986,-0.5892,10.5421,-0.063,-0.0802,-0.045,52.477142,-1.429401,11.2,40.23,94.495,10.566073585301211,0.1114721489879871,1.8428417701996551,0.0395941968746999,0.065,-1.7007,1.9024,-0.0042,-0.1214,-0.0484,0.101,47.09299999999999,2881.6453466373414,-74.72299070493737,GNSS_OUTAGE,False,1.5459215611497006,22.055099255555564,2989.0585188786026,3.19618048703872,2989.0585188786026,3.19618048703872,2989.0585188786026,3.19618048703872,predicted_speed
4524776,-0.8367,-0.6138,9.646,0.0969,0.1071,0.0501,52.477142,-1.429401,11.2,39.719,93.801,9.70165621582212,0.1528725940121381,-0.8644173694790904,0.0414004450241509,-0.4381,-0.0246,-0.8960999999999988,0.1599,0.1873,0.0950999999999999,0.1,43.65911000000001,2881.6453466373414,-74.72299070493737,GNSS_OUTAGE,False,1.5561830611497005,22.031424755555566,2991.2614261205244,3.2283744474362117,2991.2614261205244,3.2283744474362117,2991.2614261205244,3.2283744474362117,predicted_speed
4524876,-0.7426,-1.5107,8.9661,0.0412,0.0061,-0.0144,52.477142,-1.429401,11.2,39.949,93.761,9.122752789591528,0.0440682425335978,-0.5789034262305925,-0.1088043514785402,0.0940999999999999,-0.8968999999999999,-0.6799,-0.0557,-0.101,-0.0645,0.1,58.191980000000015,2881.6453466373414,-74.72299070493737,GNSS_OUTAGE,False,1.5608745611497006,22.017160255555567,2993.463033776928,3.250218999453428,2993.463033776928,3.250218999453428,2993.463033776928,3.250218999453428,predicted_speed
4524976,0.3554,-0.3003,9.44,0.0204,0.0269,-0.0086,52.477142,-1.429401,11.2,39.892,92.936,9.451459635950416,0.034838627986762,0.3287068463588891,-0.0092296145468357,1.098,1.2104,0.4738999999999986,-0.0208,0.0208,0.0058,0.1,42.05001999999997,2881.6453466373414,-74.72299070493737,GNSS_OUTAGE,False,1.5634860611497006,22.112695755555567,2995.674244267642,3.2663838234883253,2995.674244267642,3.2663838234883253,2995.674244267642,3.2663838234883253,predicted_speed
4525076,-0.4128,-0.2045,8.8499,-0.023,-0.0539,-0.0748,52.477142,-1.429401,11.2,39.762,93.188,8.86188208565201,0.0950223657882711,-0.589577550298408,0.060183737801509,-0.7682,0.0958,-0.5900999999999996,-0.0434,-0.0808,-0.0662,0.1,49.57247000000001,2881.6453466373414,-74.72299070493737,GNSS_OUTAGE,False,1.5617575611497005,22.131411255555566,2997.8872949877896,3.2863876150767948,2997.8872949877896,3.2863876150767948,2997.8872949877896,3.2863876150767948,predicted_speed
4525175,-1.0319,-0.6612,9.8149,-0.0569,-0.059,-0.0181,52.477142,-1.429401,11.2,39.866,91.994,9.891120515897072,0.0839417655282517,1.029238430245064,-0.0110806002600193,-0.6191,-0.4567,0.965,-0.0339,-0.0050999999999999,0.0567,0.099,42.63866999999998,2881.6453466373414,-74.72299070493737,GNSS_OUTAGE,False,1.5566902461497005,22.088648700555567,3000.073853648734,3.3172334338265395,3000.073853648734,3.3172334338265395,3000.073853648734,3.3172334338265395,predicted_speed
4525275,0.3933,-1.4265,11.2328,-0.0196,0.0063,-0.0345,52.477142,-1.429401,11.2,40.007,92.491,11.329844790640337,0.0401758634008032,1.4387242747432634,-0.0437659021274485,1.4252,-0.7653000000000001,1.4178999999999995,0.0373,0.0653,-0.0164,0.1,49.196990000000014,2881.6453466373414,-74.72299070493737,GNSS_OUTAGE,False,1.5553017461497005,22.187974200555566,3002.292384727424,3.351611393760015,3002.292384727424,3.351611393760015,3002.292384727424,3.351611393760015,predicted_speed
4525376,0.0997,0.3163,10.6702,0.032,0.0372,0.0064,52.477142,-1.429401,11.2,39.83,91.929,10.675352632114782,0.0494853513678543,-0.6544921585255548,0.009309487967051,-0.2935999999999999,1.7428,-0.5625999999999998,0.0516,0.0308999999999999,0.0409,0.101,48.53206000000003,2881.6453466373414,-74.72299070493737,GNSS_OUTAGE,False,1.5591109611497005,22.258639355555566,3004.5403538160194,3.3778809302124424,3004.5403538160194,3.3778809302124424,3004.5403538160194,3.3778809302124424,predicted_speed
4525475,0.1775,-0.352,9.3608,-0.0417,-0.0443,-0.0607,52.477142,-1.429401,11.2,39.773,92.031,9.369097442656896,0.0859410844707,-1.306255189457886,0.0364557331028457,0.0778,-0.6683,-1.3094,-0.0737,-0.0814999999999999,-0.0670999999999999,0.099,44.74132000000003,2881.6453466373414,-74.72299070493737,GNSS_OUTAGE,False,1.5555484461497004,22.335607400555567,3006.7513219010943,3.4115961206277587,3006.7513219010943,3.4115961206277587,3006.7513219010943,3.4115961206277587,predicted_speed
4525575,0.0277,-0.0673,10.0952,-0.0087,0.0588,0.0133,52.477142,-1.429401,11.2,39.69,92.266,10.09546232819478,0.0609099335084188,0.726364885537885,-0.0250311509622812,-0.1498,0.2846999999999999,0.7344000000000008,0.033,0.1031,0.074,0.1,35.09883,2881.6453466373414,-74.72299070493737,GNSS_OUTAGE,False,1.5552499461497005,22.398372900555568,3008.9908885235186,3.44641608107696,3008.9908885235186,3.44641608107696,3008.9908885235186,3.44641608107696,predicted_speed
4525676,0.4088,0.118,9.4173,0.0128,-0.0039,-0.0036,52.477142,-1.429401,11.2,39.91,90.932,9.426907272801614,0.0138567672997708,-0.668555055393167,-0.0470531662086479,0.3811,0.1853,-0.6779000000000011,0.0215,-0.0626999999999999,-0.0169,0.101,41.15969000000002,2881.6453466373414,-74.72299070493737,GNSS_OUTAGE,False,1.5571199611497004,22.50025715555557,3011.2632019695307,3.477495008347639,3011.2632019695307,3.477495008347639,3011.2632019695307,3.477495008347639,predicted_speed
4525775,0.3108,0.3748,9.1088,0.0492,-0.0081,0.024,52.477142,-1.429401,11.2,39.848,91.148,9.121804049638428,0.0553376002370901,-0.3051032231631865,0.0414808329373192,-0.0979999999999999,0.2568,-0.3084999999999986,0.0364,-0.0042,0.0276,0.099,40.77627,2881.6453466373414,-74.72299070493737,GNSS_OUTAGE,False,1.5625565461497004,22.59042190055557,3013.499577817304,3.495922671817894,3013.499577817304,3.495922671817894,3013.499577817304,3.495922671817894,predicted_speed
4525875,0.1117,-0.4166,10.6861,-0.0012,0.0495,0.1103,52.477142,-1.429401,11.2,39.582,91.079,10.694800870516476,0.1209040115132661,1.5729968208780498,0.065566411276176,-0.1991,-0.7914000000000001,1.5772999999999993,-0.0504,0.0576,0.0862999999999999,0.1,42.83852,2881.6453466373414,-74.72299070493737,GNSS_OUTAGE,False,1.5630080461497005,22.661587400555568,3015.765667828154,3.5135719736442037,3015.765667828154,3.5135719736442037,3015.765667828154,3.5135719736442037,predicted_speed
4525975,-0.2795,-1.4171,10.9566,-0.0963,-0.0326,-0.0476,52.477142,-1.429401,11.2,39.823,90.779,11.0513970257158,0.1122595652940095,0.3565961551993215,-0.0086444462192565,-0.3912,-1.0005,0.2705000000000002,-0.0950999999999999,-0.0821,-0.1578999999999999,0.1,41.85685,2881.6453466373414,-74.72299070493737,GNSS_OUTAGE,False,1.5539495461497004,22.693632900555567,3018.034709087269,3.5518016307840505,3018.034709087269,3.5518016307840505,3018.034709087269,3.5518016307840505,predicted_speed
4526075,-0.9156,0.7903,9.6002,-0.059,0.0142,0.0094,52.477142,-1.429401,11.2,39.82,90.361,9.676091023238673,0.0614084684713761,-1.375306002477128,-0.0508510968226334,-0.6360999999999999,2.2074,-1.3564000000000007,0.0373,0.0467999999999999,0.057,0.1,43.34014,2881.6453466373414,-74.72299070493737,GNSS_OUTAGE,False,1.5486210461497003,22.66206840055557,3020.3003587544013,3.6020512849061874,3020.3003587544013,3.6020512849061874,3020.3003587544013,3.6020512849061874,predicted_speed
4526176,0.0643,-1.1041,11.6366,-0.0025,-0.1331,-0.1071,52.477142,-1.429401,11.2,39.69,90.584,11.68903891943217,0.1708574552075501,2.0129478961934986,0.1094489867361739,0.9799,-1.8944,2.0364000000000004,0.0564999999999999,-0.1473,-0.1165,0.101,41.51888999999999,2881.6453466373414,-74.72299070493737,GNSS_OUTAGE,False,1.5489457611497004,22.72915815555557,3022.595455725262,3.6522084346480526,3022.595455725262,3.6522084346480526,3022.595455725262,3.6522084346480526,predicted_speed
4526275,0.3834,-0.1488,11.4313,0.1286,0.061,0.0293,52.477142,-1.429401,11.2,39.827,90.027,11.4386955851618,0.145318443426841,-0.2503433342703705,-0.0255390117807091,0.3191,0.9553,-0.2052999999999993,0.1311,0.1941,0.1364,0.099,42.45309,2881.6453466373414,-74.72299070493737,GNSS_OUTAGE,False,1.5622429461497005,22.82651030055557,3024.855197580778,3.671537338270056,3024.855197580778,3.671537338270056,3024.855197580778,3.671537338270056,predicted_speed
4526375,2.7313,-1.0592,13.1866,0.0416,-0.0295,-0.057,52.477142,-1.429401,11.2,39.622,89.52600000000001,13.50808364980022,0.0764840506249505,2.069388064638421,-0.0688343928018904,2.3479,-0.9104,1.7553,-0.087,-0.0905,-0.0863,0.1,30.190060000000013,2881.6453466373414,-74.72299070493737,GNSS_OUTAGE,False,1.5669744461497004,23.15963580055557,3027.171144246479,3.6803886531034236,3027.171144246479,3.6803886531034236,3027.171144246479,3.6803886531034236,predicted_speed
4526476,0.3711,-0.132,9.2954,0.036,0.1363,0.0392,52.477142,-1.429401,11.2,39.586,89.53299999999999,9.303741202871027,0.1463226913366481,-4.204342446929193,0.0698386407116975,-2.3602,0.9272,-3.8912,-0.0056,0.1658,0.0962,0.101,33.78233000000001,2881.6453466373414,-74.72299070493737,GNSS_OUTAGE,False,1.5711876611497004,23.25771235555557,3029.520173014522,3.6794693973991404,3029.520173014522,3.6794693973991404,3029.520173014522,3.6794693973991404,predicted_speed
4526575,-0.4004,-0.697,9.9648,-0.0603,0.0401,-0.0033,52.477142,-1.429401,11.2,39.841,88.999,9.997168008991348,0.0724913098240058,0.6934268061203195,-0.0738313815126423,-0.7715,-0.565,0.6693999999999996,-0.0963,-0.0962,-0.0424999999999999,0.099,37.24173999999999,2881.6453466373414,-74.72299070493737,GNSS_OUTAGE,False,1.5657837461497004,23.27746830055557,3031.8246134253295,3.6910206875462945,3031.8246134253295,3.6910206875462945,3031.8246134253295,3.6910206875462945,predicted_speed
4526675,0.6053,-0.3626,9.7025,-0.0122,0.0676,-0.005,52.477142,-1.429401,11.2,39.697,89.303,9.72812279424967,0.0688737976301583,-0.2690452147416771,-0.0036175121938474,1.0057,0.3344,-0.2622999999999997,0.0481,0.0274999999999999,-0.0017,0.1,28.79945,2881.6453466373414,-74.72299070493737,GNSS_OUTAGE,False,1.5651352461497003,23.397993800555568,3034.164375312734,3.7042664097806535,3034.164375312734,3.7042664097806535,3034.164375312734,3.7042664097806535,predicted_speed
4526775,-0.3995,-0.4695,9.3951,-0.0463,0.019,0.0019,52.477142,-1.429401,11.2,39.974,88.41,9.41530320860672,0.0500829312241206,-0.3128195856429503,-0.0187908664060376,-1.0048,-0.1069,-0.3074000000000012,-0.0341,-0.0485999999999999,0.0069,0.1,48.29182999999999,2881.6453466373414,-74.72299070493737,GNSS_OUTAGE,False,1.5610767461497004,23.418039300555566,3036.506068628262,3.7270274035573285,3036.506068628262,3.7270274035573285,3036.506068628262,3.7270274035573285,predicted_speed
4526875,-0.1253,-1.1433,10.2416,-0.0255,-0.0358,-0.0313,52.477142,-1.429401,11.2,40.028,89.09200000000001,10.305979116027745,0.0539590585536849,0.8906759074210235,0.0038761273295642,0.2742,-0.6738,0.8465000000000007,0.0208,-0.0548,-0.0332,0.1,47.66235000000002,2881.6453466373414,-74.72299070493737,GNSS_OUTAGE,False,1.5590982461497003,23.465504800555568,3038.8524585531914,3.754476914245917,3038.8524585531914,3.754476914245917,3038.8524585531914,3.754476914245917,predicted_speed
4526975,-0.1998,0.1875,10.1495,0.1174,-0.0084,0.0182,52.477142,-1.429401,11.2,39.812,89.001,10.153197847968883,0.1190989504571723,-0.1527812680588578,0.0651398919034874,-0.0745,1.3308,-0.0921000000000002,0.1429,0.0274,0.0495,0.1,40.59644000000002,2881.6453466373414,-74.72299070493737,GNSS_OUTAGE,False,1.5714097461497003,23.505520300555567,3041.20301014101,3.7530350402266333,3041.20301014101,3.7530350402266333,3041.20301014101,3.7530350402266333,predicted_speed
4527075,1.023,-1.4183,8.7807,0.0582,-0.0252,0.0015,52.477142,-1.429401,11.2,39.982,88.38600000000001,8.953144496767601,0.0634391834751993,-1.2000533512012836,-0.055659766981973,1.2228,-1.6058,-1.3688000000000002,-0.0592,-0.0168,-0.0167,0.1,33.06462000000002,2881.6453466373414,-74.72299070493737,GNSS_OUTAGE,False,1.5778012461497004,23.667815800555566,3043.5697336536246,3.736456061714045,3043.5697336536246,3.736456061714045,3043.5697336536246,3.736456061714045,predicted_speed
4527175,1.5025,-1.0172,9.5352,-0.1159,0.0143,-0.0216,52.477142,-1.429401,11.2,39.712,88.975,9.70629904391988,0.1187596732902208,0.7531545471522794,0.0553204898150215,0.4795,0.4010999999999998,0.7545000000000002,-0.1741,0.0395,-0.0231,0.1,35.67542000000001,2881.6453466373414,-74.72299070493737,GNSS_OUTAGE,False,1.5667827461497004,23.878061300555565,3045.9575205513247,3.7460396884519,3045.9575205513247,3.7460396884519,3045.9575205513247,3.7460396884519,predicted_speed
4527276,-0.5528,-0.8076,8.7714,-0.1067,-0.0017,-0.0114,52.477142,-1.429401,11.2,39.319,88.434,8.825829341200746,0.1073207342501904,-0.8804697027191342,-0.0114389390400304,-2.0553,0.2096000000000001,-0.7637999999999998,0.0092,-0.016,0.0102,0.101,51.45656000000001,2881.6453466373414,-74.72299070493737,GNSS_OUTAGE,False,1.5565832611497004,23.882823955555565,3048.3694421327,3.7803227967744912,3048.3694421327,3.7803227967744912,3048.3694421327,3.7803227967744912,predicted_speed
4527375,-1.1434,0.4837,11.3499,0.0119,0.0143,0.0007,52.477142,-1.429401,11.2,39.312,88.413,11.41759866434269,0.0186169277809202,2.5917693231419427,-0.0887038064692701,-0.5906,1.2913,2.5785,0.1186,0.016,0.0121,0.099,52.18906999999997,2881.6453466373414,-74.72299070493737,GNSS_OUTAGE,False,1.5583271461497004,23.829022900555564,3050.7283320073257,3.8097377452424244,3050.7283320073257,3.8097377452424244,3050.7283320073257,3.8097377452424244,predicted_speed
4527475,-0.6258,0.5188,9.625,0.0318,-0.0506,-0.0384,52.477142,-1.429401,11.2,39.575,88.365,9.65926519358486,0.0710363287339654,-1.7583334707578278,0.0524194009530451,0.5176,0.0351,-1.7249,0.0199,-0.0649,-0.0390999999999999,0.1,36.83319000000001,2881.6453466373414,-74.72299070493737,GNSS_OUTAGE,False,1.5620786461497003,23.826438400555563,3053.110885309924,3.8305086102383936,3053.110885309924,3.8305086102383936,3053.110885309924,3.8305086102383936,predicted_speed
