timestamp_ms,ax,ay,az,gyro_yaw,gyro_pitch,gyro_roll,gps_lat,gps_lon,gps_speed,vehicle_speed,vehicle_heading,accel_magnitude,gyro_magnitude,accel_change,gyro_change,ax_change,ay_change,az_change,gyro_yaw_change,gyro_pitch_change,gyro_roll_change,dt,predicted_speed,predicted_speed_mps,distance,dx,dy,predicted_x,predicted_y,gps_x,gps_y,position_error,gps_step_distance,distance_travelled,drift_percent,speed_mps,dr_x,dr_y,corrected_x,corrected_y,corrected_error
6113675,-2.9797,-1.2562,10.7802,-0.0475,-0.3305,0.1286,52.412903,-1.530007,6.09,21.355,206.424,11.254748445434045,0.3578050586562465,1.8033215817271664,-0.0457726661998213,-0.6928999999999998,-1.6146,1.6166,0.0085999999999999,0.0691,0.1354999999999999,0.1,29.44515,8.179208333333333,0.8179208333333334,-0.36398322407046335,-0.7324689086889391,-154.7581812776104,28.238221661685152,-155.04968125943665,39.91897866574205,0.0,0.0,41110102.11648876,0.0036306890604528306,8.179208333333333,-155.04968125943665,39.91897866574205,-155.04968125943665,39.91897866574205,0.0
6113775,-2.9208,-0.4595,8.9322,-0.0913,-0.4043,0.0124,52.412903,-1.530007,6.09,22.118,207.668,9.408847417723385,0.4146660584132731,-1.8459010277106584,0.0568609997570265,0.0588999999999999,0.7967,-1.8480000000000008,-0.0438,-0.0737999999999999,-0.1162,0.1,25.59213,7.108925,0.7108925,-0.33010113819990505,-0.6296041495379278,-155.08828241581028,27.608617512147223,-155.04968125943665,39.91897866574205,0.7108924999999928,0.0,41110102.11648876,0.0036289927643330354,7.108925,-155.37978239763655,39.28937451620413,-155.27498353645146,39.55675529635586,0.4265757674288851
6113875,-3.5331,-0.2984,9.4126,-0.0814,-0.3992,0.0554,52.412903,-1.530007,6.09,21.553,207.427,10.058274053235971,0.4111639089219772,0.6494266355125866,-0.0035021494912958,-0.6123000000000003,0.1611,0.4803999999999995,0.0099,0.0050999999999999,0.043,0.1,26.836370000000002,7.454547222222223,0.7454547222222223,-0.3433699428661048,-0.6616644355105831,-155.4316523586764,26.94695307663664,-155.04968125943665,39.91897866574205,1.4563440032373445,0.0,41110102.11648876,0.0036272125639398326,7.454547222222223,-155.72315234050265,38.62771008069355,-155.50963981619054,39.1759309379855,0.8738888943425815
6113975,-2.8831,-0.2395,9.4405,-0.0633,-0.4658,0.0107,52.412903,-1.530007,6.09,21.946,208.1,9.873837456126164,0.470203168853635,-0.1844365971098067,0.0590392599316577,0.6499999999999999,0.0589,0.0279000000000007,0.0181,-0.0665999999999999,-0.0447,0.1,21.305840000000007,5.918288888888891,0.5918288888888891,-0.2787584383155488,-0.5220681629742743,-155.71041079699194,26.424884913662364,-155.04968125943665,39.91897866574205,2.048153123990351,0.0,41110102.11648876,0.003625802572928367,5.918288888888891,-156.0019107788182,38.105641917719275,-155.69947574024619,38.87579722239151,1.2290078889256357
6114076,-2.7013,-0.6286,10.033,-0.0449,-0.4479,0.1089,52.412903,-1.530007,6.09,21.028,206.691,10.409286654233323,0.4631302516571337,0.535449198107159,-0.0070729171965012,0.1818000000000004,-0.3891,0.5924999999999994,0.0183999999999999,0.0178999999999999,0.0982,0.101,20.234260000000003,5.620627777777778,0.5676834055555556,-0.25499127290111073,-0.5071921723443933,-155.96540206989306,25.91769274131797,-155.04968125943665,39.91897866574205,2.6157669069662988,0.0,41110102.11648876,0.0036244436806259707,5.620627777777778,-156.25690205171932,37.59844974537488,-155.87443270646847,38.58351795928564,1.5696083103341818
6114176,-3.2593,-0.6509,9.2272,-0.063,-0.4694,0.0746,52.412903,-1.530007,6.09,21.42,207.041,9.8075443990838,0.4794481410955725,-0.6017422551495244,0.0163178894384387,-0.5580000000000003,-0.0222999999999999,-0.8057999999999996,-0.0180999999999999,-0.0214999999999999,-0.0343,0.1,20.372220000000006,5.658950000000002,0.5658950000000001,-0.25727169754319734,-0.5040321663031455,-156.22267376743625,25.413660575014827,-155.04968125943665,39.91897866574205,3.1816479354398357,0.0,41110102.11648876,0.0036230906067613593,5.658950000000002,-156.5141737492625,37.09441757907173,-156.0506150383131,38.29323029409766,1.909168980892026
6114276,-2.9852,-0.7446,9.4543,-0.0298,-0.4352,0.0999,52.412903,-1.530007,6.09,21.395,206.057,9.942315459187563,0.447512111567944,0.1347710601037643,-0.0319360295276284,0.2741000000000002,-0.0937,0.2271,0.0332,0.0342,0.0253,0.1,21.51563,5.976563888888889,0.597656388888889,-0.2625295838034512,-0.5369090954786421,-156.4852033512397,24.876751479536185,-155.04968125943665,39.91897866574205,3.779164858573846,0.0,41110102.11648876,0.0036216572279112176,5.976563888888889,-156.77670333306597,36.55750848359309,-156.2313933652446,37.98349974319711,2.2677129802135
6114376,-3.5047,-0.7588,9.7429,-0.085,-0.4903,0.0584,52.412903,-1.530007,6.09,21.308000000000003,205.952,10.381849543313562,0.5010285919985006,0.4395340841259987,0.0535164804305565,-0.5195000000000003,-0.0141999999999999,0.2886000000000006,-0.0552,-0.0551,-0.0415,0.1,22.12636,6.146211111111111,0.6146211111111111,-0.26896927437369655,-0.5526433204756427,-156.7541726256134,24.324108159060543,-155.04968125943665,39.91897866574205,4.393662023043094,0.0,41110102.11648876,0.0036201827236428683,6.146211111111111,-157.04567260743966,36.004865163117444,-156.41671912468001,37.66463720087941,2.6364460861561656
6114475,-3.5153,0.0685,9.6353,-0.0682,-0.4515,0.057,52.412903,-1.530007,6.09,21.478,206.479,10.256755453358531,0.4601657201487308,-0.125094089955029,-0.0408628718497697,-0.0105999999999997,0.8273,-0.1075999999999997,0.0168,0.0388,-0.0013999999999999,0.099,22.33993999999999,6.205538888888887,0.6143483499999998,-0.27391935909429455,-0.5499018820308702,-157.0280919847077,23.774206277029673,-155.04968125943665,39.91897866574205,5.007986418974774,0.0,41110102.11648876,0.0036187112258552643,6.205538888888887,-157.31959196653395,35.45496328108657,-156.6048863211734,37.34763347226759,3.0050755211900846
6114575,-2.9138,0.2278,10.117,-0.0449,-0.4804,0.0137,52.412903,-1.530007,6.09,21.704,205.808,10.53070806166423,0.4826881602028374,0.2739526083056969,0.0225224400541065,0.6014999999999997,0.1593,0.4817,0.0232999999999999,-0.0288999999999999,-0.0433,0.1,20.815869999999986,5.782186111111107,0.5782186111111107,-0.25173140616758327,-0.5205459262967611,-157.27982339087526,23.25366035073291,-155.04968125943665,39.91897866574205,5.586101539538366,0.0,41110102.11648876,0.0036173235046156244,5.782186111111107,-157.57132337270153,34.93441735478981,-156.77848121618328,37.047219135886486,3.351977339983581
6114676,-3.041,-0.2095,9.5682,-0.0711,-0.5108,0.0402,52.412903,-1.530007,6.09,21.528,204.761,10.042012870435888,0.5172889811314368,-0.4886951912283432,0.0346008209285994,-0.1271999999999997,-0.4373,-0.5488000000000017,-0.0261999999999999,-0.0304,0.0265,0.101,21.37598999999999,5.937774999999998,0.5997152749999998,-0.2511811959426371,-0.5445791199386476,-157.53100458681791,22.709081230794265,-155.04968125943665,39.91897866574205,6.185462230795437,0.0,41110102.11648876,0.003615880101993375,5.937774999999998,-157.82250456864418,34.38983823485116,-156.95280643269308,36.7323982426877,3.7116277046163395
6114775,-3.2246,-0.9883,8.695,-0.0614,-0.5031,-0.0193,52.412903,-1.530007,6.09,21.978,206.037,9.326189310216687,0.5072002168769253,-0.7158235602191994,-0.0100887642545115,-0.1836000000000002,-0.7787999999999999,-0.8731999999999989,0.0096999999999999,0.0077,-0.0595,0.099,22.882540000000002,6.356261111111111,0.62926985,-0.27621892644791946,-0.5654057382013216,-157.80722351326582,22.143675492592944,-155.04968125943665,39.91897866574205,6.814701135193475,0.0,41110102.11648876,0.0036143708989000867,6.356261111111111,-158.0987234950921,33.82443249664984,-157.14303331136688,36.406217851730275,4.0892066895398145
6114875,-3.2677,-0.6962,10.0605,-0.0339,-0.4088,0.0261,52.412903,-1.530007,6.09,21.596,204.337,10.60076497145371,0.4110326751001676,1.274575661237023,-0.0961675417767576,-0.0430999999999999,0.2920999999999999,1.365499999999999,0.0275,0.0943,0.0454,0.1,23.35298,6.486938888888888,0.6486938888888889,-0.2673285882676848,-0.5910492258489108,-158.0745521015335,21.552626266744035,-155.04968125943665,39.91897866574205,7.462941861399324,0.0,41110102.11648876,0.003612807992663291,6.486938888888888,-158.36605208335976,33.23338327080093,-157.32907048429922,36.0642995446437,4.47818784387738
6114975,-2.8328,-0.1952,9.0101,-0.0523,-0.4319,-0.0391,52.412903,-1.530007,6.09,21.582,203.851,9.446944526671045,0.4368085507404817,-1.1538204447826672,0.025775875640314,0.4348999999999998,0.501,-1.0503999999999998,-0.0184,-0.0231,-0.0652,0.1,22.544470000000004,6.262352777777779,0.626235277777778,-0.2532242203601032,-0.5727548492648741,-158.3277763218936,20.97987141747916,-155.04968125943665,39.91897866574205,8.0886128012,0.0,41110102.11648876,0.0036112974822916435,6.262352777777779,-158.61927630371986,32.66062842153605,-157.505860542114,35.73270738892034,4.853625847940473
6115076,-1.8105,-0.921,9.368,-0.0866,-0.456,0.0354,52.412903,-1.530007,6.09,21.805,202.576,9.585696388369495,0.4654983566028993,0.138751861698454,0.0286898058624175,1.0223000000000002,-0.7258,0.3579000000000008,-0.0343,-0.0241,0.0745,0.101,14.967109999999996,4.157530555555555,0.41991058611111104,-0.16120727497879694,-0.38773330373091164,-158.4889835968724,20.59213811374825,-155.04968125943665,39.91897866574205,8.507730576801448,0.0,41110102.11648876,0.0036102819522791222,4.157530555555555,-158.78048357869866,32.27289511780514,-157.61942714513782,35.50778167551746,5.105120253592917
6115175,-3.2883,-0.3704,9.637,-0.084,-0.491,0.0432,52.412903,-1.530007,6.09,22.064,203.59,10.189302333820509,0.5000032399895025,0.6036059454510099,0.0345048833866031,-1.4778,0.5506,0.2690000000000001,0.0025999999999999,-0.0349999999999999,0.0078,0.099,22.103149999999996,6.139763888888887,0.6078366249999999,-0.2432495864305825,-0.5570412923587812,-158.73223318330298,20.035096821389466,-155.04968125943665,39.91897866574205,9.115061475086998,0.0,41110102.11648876,0.0036088149795817127,6.139763888888887,-159.02373316512924,31.71585382544636,-157.78955524862909,35.1851532925072,5.469553193903074
6115275,-2.664,-0.4188,8.773,-0.0567,-0.511,-0.0184,52.412903,-1.530007,6.09,21.521,203.758,9.17811627949875,0.5144652077643347,-1.0111860543217563,0.0144619677748322,0.6242999999999999,-0.0484,-0.8640000000000008,0.0273,-0.02,-0.0616,0.1,19.8488,5.5135555555555555,0.5513555555555556,-0.22212708688816446,-0.5046310592032096,-158.95436027019113,19.530465762186257,-155.04968125943665,39.91897866574205,9.666071122386482,0.0,41110102.11648876,0.003607484825639064,5.5135555555555555,-159.2458602520174,31.21122276624315,-157.94473222746856,34.89295775731053,5.800190193389636
6115376,-3.0406,-1.2191,9.5889,-0.0333,-0.4232,0.0267,52.412903,-1.530007,6.09,21.24,202.135,10.13303786531956,0.4253469407436711,0.9549215858208092,-0.0891182670206636,-0.3765999999999998,-0.8003,0.815900000000001,0.0233999999999999,0.0877999999999999,0.0451,0.101,23.08171999999999,6.411588888888886,0.6475704777777775,-0.24399819496888517,-0.599843650079973,-159.19835846516003,18.930622112106285,-155.04968125943665,39.91897866574205,10.312447955367196,0.0,41110102.11648876,0.0036059174796006215,6.411588888888886,-159.4898584469863,30.611379116163178,-158.11719541426837,34.544747959862434,6.188052906214705
6115475,-2.8318,-1.1243,9.9315,-0.0573,-0.485,-0.0038,52.412903,-1.530007,6.09,21.254,202.975,10.388350878748753,0.4883878888752259,0.255313013429193,0.0630409481315548,0.2088000000000001,0.0948,0.3425999999999991,-0.0239999999999999,-0.0617999999999999,-0.0305,0.099,19.992449999999995,5.553458333333332,0.5497923749999999,-0.21460015276135705,-0.5061802347414829,-159.4129586179214,18.424441877364803,-155.04968125943665,39.91897866574205,10.861732170469296,0.0,41110102.11648876,0.0036045888968730157,5.553458333333332,-159.70445859974765,30.105198881421696,-158.26793631471563,34.25129349323223,6.517654548648335
6115575,-2.0031,-1.1478,10.1604,-0.0287,-0.4328,0.0666,52.412903,-1.530007,6.09,20.689,203.105,10.419384943939829,0.4388337840230626,0.0310340651910756,-0.0495541048521632,0.8287,-0.0234999999999998,0.2288999999999994,0.0285999999999999,0.0521999999999999,0.0704,0.1,18.881249999999998,5.244791666666666,0.5244791666666666,-0.20581474290134874,-0.48240925350972774,-159.61877336082273,17.942032623855074,-155.04968125943665,39.91897866574205,11.385818552134005,0.0,41110102.11648876,0.0036033218246491632,5.244791666666666,-159.910273342649,29.622789627911967,-158.4123716944722,33.97167707330606,6.832136063726426
6115675,-2.5001,-1.0134,9.2928,-0.0225,-0.4306,0.0378,52.412903,-1.530007,6.09,21.236,203.907,9.67644621800793,0.4328411371392511,-0.7429387259318982,-0.0059926468838115,-0.4970000000000003,0.1343999999999998,-0.8675999999999995,0.0062,0.0022,-0.0288,0.1,19.71744999999999,5.477069444444441,0.5477069444444441,-0.221960036234109,-0.5007161264705007,-159.84073339705685,17.441316497384573,-155.04968125943665,39.91897866574205,11.933377442023293,0.0,41110102.11648876,0.0036020009511101765,5.477069444444441,-160.13223337888311,29.122073501441466,-158.5672761010457,33.68181700500387,7.160702413303941
6115775,-2.9417,-1.4006,10.3913,-0.0614,-0.4473,0.0624,52.412903,-1.530007,6.09,21.614,203.582,10.890105368636243,0.4557861450285649,1.213659150628315,0.0229450078893138,-0.4415999999999997,-0.3872,1.0984999999999996,-0.0389,-0.0166999999999999,0.0245999999999999,0.1,24.903239999999997,6.917566666666666,0.6917566666666666,-0.2767449530345393,-0.6339870005352541,-160.1174783500914,16.80732949684932,-155.04968125943665,39.91897866574205,12.624870723900857,0.0,41110102.11648876,0.003600331472160964,6.917566666666666,-160.40897833191767,28.488086500906213,-158.76084141438463,33.31461839325908,7.575637551020034
6115875,-2.299,-1.1279,9.8692,-0.0503,-0.4712,0.0223,52.412903,-1.530007,6.09,21.272,205.101,10.196012360231816,0.4744015387833391,-0.6940930084044279,0.0186153937547742,0.6427,0.2727000000000001,-0.5221,0.0111,-0.0239,-0.0401,0.1,17.792239999999996,4.942288888888887,0.4942288888888888,-0.209659420704085,-0.44755460216868853,-160.32713777079547,16.35977489468063,-155.04968125943665,39.91897866574205,13.119099588750315,0.0,41110102.11648876,0.0035991431199106872,4.942288888888887,-160.61863775262174,28.040531898737523,-158.90604089523768,33.056029714777985,7.87220286477516
6115975,-2.4092,-1.8829,9.1611,-0.0366,-0.442,0.0542,52.412903,-1.530007,6.09,20.938,205.052,9.657914384586352,0.4468122648271866,-0.5380979756454654,-0.0275892739561524,-0.1101999999999998,-0.7550000000000001,-0.7081,0.0136999999999999,0.0292,0.0319,0.1,19.346769999999996,5.374102777777776,0.5374102777777776,-0.22756134467288278,-0.48685279199349113,-160.55469911546837,15.872922102687138,-155.04968125943665,39.91897866574205,13.656509518481007,0.0,41110102.11648876,0.0035978507814430215,5.374102777777776,-160.84619909729463,27.55367910674403,-159.06368610655102,32.77471290101192,8.194679263385035
6116076,-1.7252,-2.1083,9.8998,-0.0517,-0.465,0.0351,52.412903,-1.530007,6.09,20.963,205.374,10.2677789209741,0.4691800294130175,0.6098645363877466,0.0223677645858308,0.6839999999999997,-0.2253999999999998,0.7387000000000015,-0.0151,-0.023,-0.0191,0.101,17.45893999999999,4.849705555555553,0.4898202611111109,-0.20990031002575782,-0.4425672243242235,-160.7645994254941,15.430354878362914,-155.04968125943665,39.91897866574205,14.146324982360479,0.0,41110102.11648876,0.00359667392204156,4.849705555555553,-161.05609940732037,27.11111188241981,-159.20880985815623,32.519119463321715,8.488596286567763
6116176,-2.3409,-1.7984,10.4118,0.0027,-0.3828,0.0857,52.412903,-1.530007,6.09,20.79,206.051,10.822182525258016,0.3922851258969679,0.5544036042839178,-0.0768949035160496,-0.6156999999999999,0.3098999999999998,0.5119999999999987,0.0544,0.0822,0.0506,0.1,23.87762,6.632672222222222,0.6632672222222222,-0.29128773303529676,-0.5958815861037664,-161.0558871585294,14.834473292259148,-155.04968125943665,39.91897866574205,14.809509435273414,0.0,41110102.11648876,0.0035950834389512597,6.632672222222222,-161.34738714035566,26.515230296316044,-159.40939806787375,32.17536562553264,8.886544523394354
6116275,-1.8626,-1.1766,11.1654,-0.0065,-0.4046,0.0841,52.412903,-1.530007,6.09,21.262,208.483,11.3806776371181,0.4132991894499673,0.5584951118600827,0.0210140635529994,0.4782999999999999,0.6217999999999999,0.7536000000000005,-0.0092,-0.0218,-0.0016,0.099,14.957740000000006,4.15492777777778,0.4113378500000002,-0.19616619345383704,-0.36154896126037267,-161.25205335198325,14.472924330998774,-155.04968125943665,39.91897866574205,15.220176908318814,0.0,41110102.11648876,0.003594105102482989,4.15492777777778,-161.5435533338095,26.153681335055673,-159.54273087624125,31.967650818086067,9.13296826885857
6116376,-1.4996,-2.2414,10.3347,0.0078,-0.4651,-0.029,52.412903,-1.530007,6.09,20.466,209.116,10.680762997557803,0.4660685035485664,-0.6999146395602942,0.052769314098599,0.363,-1.0648,-0.8307000000000002,0.0143,-0.0605,-0.1130999999999999,0.101,18.671440000000004,5.186511111111112,0.5238376222222223,-0.25488857742311416,-0.4576436032052156,-161.50694192940637,14.01528072779356,-155.04968125943665,39.91897866574205,15.742865658583218,0.0,41110102.11648876,0.003592862240425428,5.186511111111112,-161.79844191123263,25.696037731850456,-159.71544186593914,31.705018614259597,9.44661112592977
6116475,-1.4878,-1.4385,9.6635,0.0177,-0.39,0.0431,52.412903,-1.530007,6.09,20.819000000000003,210.356,9.882614195646818,0.3927733443094121,-0.7981488019109868,-0.0732951592391542,0.0118,0.8029000000000002,-0.6711999999999989,0.0099,0.0751,0.0721,0.099,15.04939,4.180386111111111,0.413858225,-0.2091520493286555,-0.35711909870766406,-161.71609397873502,13.658161629085896,-155.04968125943665,39.91897866574205,16.1552065821106,0.0,41110102.11648876,0.0035918853683869463,4.180386111111111,-162.00759396056128,25.338918633142793,-159.85635055627566,31.500527316978882,9.69403903647325
6116575,-0.4639,-1.9261,9.8827,-0.0033,-0.3858,0.0488,52.412903,-1.530007,6.09,20.635,211.64,10.079326550419925,0.3888881201579703,0.1967123547731049,-0.0038852241514417,1.0239,-0.4876,0.2191999999999989,-0.021,0.0042,0.0057,0.1,14.99768,4.166022222222223,0.4166022222222223,-0.2185413586256358,-0.3546788492855969,-161.93463533736065,13.3034827798003,-155.04968125943665,39.91897866574205,16.569487570283798,0.0,41110102.11648876,0.003590907772627517,4.166022222222223,-162.2261353191869,24.984239783857195,-160.00277054900263,31.297910309981702,9.942631095696234
6116676,-1.7768,-1.9333,9.7552,-0.0043,-0.3974,0.0202,52.412903,-1.530007,6.09,20.164,213.907,10.102405365555274,0.3979362888704673,0.0230788151353511,0.0090481687124969,-1.3129,-0.0072,-0.1274999999999995,-0.001,-0.0116,-0.0286,0.101,20.660330000000002,5.738980555555556,0.5796370361111112,-0.3233484976308176,-0.4810663599874416,-162.25798383499145,12.822416419812859,-155.04968125943665,39.91897866574205,17.143339512913958,0.0,41110102.11648876,0.003589563396630394,5.738980555555556,-162.5494838168177,24.503173423869754,-160.21748300905443,31.024279406178575,10.286974766248417
6116775,-2.6168,-1.9398,11.0356,0.0429,-0.3533,0.0159,52.412903,-1.530007,6.09,20.333,214.71,11.506299737100544,0.3562500666666604,1.4038943715452683,-0.0416862222038068,-0.8400000000000001,-0.0064999999999999,1.2804000000000002,0.0472,0.0440999999999999,-0.0042999999999999,0.099,28.47556999999999,7.909880555555553,0.7830781749999998,-0.44590272831323186,-0.6437252403348391,-162.70388656330468,12.178691179478019,-155.04968125943665,39.91897866574205,17.917665913730236,0.0,41110102.11648876,0.0035877554824073885,7.909880555555553,-162.99538654513094,23.859448183534916,-160.51270756203087,30.658710998429147,10.7516144672843
6116876,-0.3604,-1.4061,10.4292,0.0725,-0.2937,-0.0022,52.412903,-1.530007,6.09,20.156,216.362,10.52973019644853,0.3025240155756234,-0.9765695406520134,-0.053726051091037,2.2564,0.5337000000000001,-0.6064000000000007,0.0295999999999999,0.0595999999999999,-0.0181,0.101,23.886839999999985,6.635233333333329,0.6701585666666663,-0.3973269151203223,-0.5396701094165665,-163.101213478425,11.639021070061453,-155.04968125943665,39.91897866574205,18.577934400379124,0.0,41110102.11648876,0.0035862238014319277,6.635233333333329,-163.39271346025126,23.31977807411835,-160.7742750288264,30.353271167163097,11.147812959181971
6116976,-0.7906,-0.6464,9.4979,0.0716,-0.2747,-0.0116,52.412903,-1.530007,6.09,20.426,218.907,9.552642866243875,0.2841147831423067,-0.977087330204654,-0.0184092324333166,-0.4301999999999999,0.7596999999999999,-0.9313000000000002,-0.0008999999999999,0.019,-0.0093999999999999,0.1,22.992579999999997,6.386827777777777,0.6386827777777777,-0.401129913181838,-0.49700149233243684,-163.50234339160684,11.142019577729016,-155.04968125943665,39.91897866574205,19.202616925078654,0.0,41110102.11648876,0.003584789209268597,6.386827777777777,-163.7938433734331,22.822776581785913,-161.03623714841606,30.073533388600065,11.522657858197107
6117076,0.017,-0.6702,9.1982,0.0909,-0.2351,0.0169,52.412903,-1.530007,6.09,19.919,221.59,9.222599431830488,0.2526270571415501,-0.3300434344133887,-0.0314877260007566,0.8076,-0.0238,-0.2996999999999996,0.0192999999999999,0.0395999999999999,0.0284999999999999,0.1,24.99768999999999,6.943802777777775,0.6943802777777776,-0.460926633632669,-0.5193367005852743,-163.96327002523952,10.622682877143742,-155.04968125943665,39.91897866574205,19.875634971527607,0.0,41110102.11648876,0.003583261700745156,6.943802777777775,-164.2547700070658,22.30343988120064,-161.33496843000088,29.783065789809665,11.926506808154317
6117176,0.0972,-1.3501,9.4802,0.0283,-0.2423,0.0,52.412903,-1.530007,6.09,19.886,223.847,9.576346374792424,0.2439470844261107,0.3537469429619371,-0.0086799727154393,0.0802,-0.6799000000000001,0.282,-0.0625999999999999,-0.0071999999999999,-0.0169,0.1,21.982639999999993,6.106288888888887,0.6106288888888888,-0.4230040059547808,-0.44038080213820247,-164.38627403119432,10.18230207500554,-155.04968125943665,39.91897866574205,20.462560988113292,0.0,41110102.11648876,0.003581944572720912,6.106288888888887,-164.67777401302058,21.863059079062435,-161.60752444855277,29.538176196410603,12.278695663640928
6117276,0.2223,-0.4223,10.0347,-0.0542,-0.2,0.0252,52.412903,-1.530007,6.09,19.746,226.056,10.046041940485816,0.2087407003916581,0.4696955656933923,-0.0352063840344525,0.1251,0.9278,0.5545000000000009,-0.0824999999999999,0.0422999999999999,0.0252,0.1,11.77452000000001,3.2707000000000024,0.32707000000000025,-0.23549641968623927,-0.2269718511511126,-164.62177045088055,9.955330223854427,-155.04968125943665,39.91897866574205,20.773890119728577,0.0,41110102.11648876,0.0035812538413693153,3.2707000000000024,-164.9132704327068,21.63608722791132,-161.75846053493396,29.412731020956365,12.465510777377194
6117375,-0.5646,-0.2206,9.7062,-0.0443,-0.1463,0.0232,52.412903,-1.530007,6.09,19.361,228.228,9.725109560308306,0.1546105429781553,-0.3209323801775099,-0.0541301574135028,-0.7868999999999999,0.2017,-0.3285,0.0098999999999999,0.0537,-0.002,0.099,22.304419999999983,6.195672222222218,0.6133715499999995,-0.45745350783687566,-0.4086085492462676,-165.07922395871742,9.54672167460816,-155.04968125943665,39.91897866574205,21.35172343845181,0.0,41110102.11648876,0.0035799875975626597,6.195672222222218,-165.37072394054368,21.227478678665054,-162.05023154387345,29.188373874053426,12.812243499104248
6117476,-0.5457,-0.4967,9.7456,-0.0226,-0.1185,0.0277,52.412903,-1.530007,6.09,19.555,230.958,9.773495727732222,0.1237751994544949,0.0483861674239154,-0.0308353435236603,0.0189,-0.2761,0.0393999999999987,0.0217,0.0278,0.0045,0.101,26.840119999999985,7.455588888888885,0.7530144777777774,-0.5848546255448068,-0.47431621385082606,-165.66407858426223,9.072405460757333,-155.04968125943665,39.91897866574205,22.051464956119883,0.0,41110102.11648876,0.0035784812496165923,7.455588888888885,-165.9555785660885,20.753162464814228,-162.4211407619544,28.930311894229664,13.232128045503481
6117575,0.366,-0.3804,9.8654,0.0041,-0.1135,-0.0067,52.412903,-1.530007,6.09,19.235,234.15,9.879513010265232,0.1137714814881128,0.1060172825330099,-0.010003717966382,0.9117,0.1162999999999999,0.1197999999999996,0.0266999999999999,0.0049999999999999,-0.0344,0.099,19.62347,5.450963888888889,0.5396454250000001,-0.4374112388671867,-0.3160515667357207,-166.1014898231294,8.756353894021611,-155.04968125943665,39.91897866574205,22.543598214916194,0.0,41110102.11648876,0.0035774451989062876,5.450963888888889,-166.39298980495568,20.437110898078508,-162.69683708553694,28.760460431870726,13.52743587692429
6117675,0.8901,-0.4709,9.484,0.0225,-0.1037,-0.0153,52.412903,-1.530007,6.09,19.386,236.879,9.537309936245126,0.1072102140656383,-0.3422030740201052,-0.0065612674224744,0.5241,-0.0904999999999999,-0.3813999999999993,0.0184,0.0098,-0.0086,0.1,29.60394999999999,8.223319444444442,0.8223319444444442,-0.6887182195194916,-0.44932954605242886,-166.7902080426489,8.307024347969183,-155.04968125943665,39.91897866574205,23.281372262667038,0.0,41110102.11648876,0.003575927082482561,8.223319444444442,-167.08170802447518,19.98778135202608,-163.1288002667644,28.52193052867615,13.970142095668233
6117775,1.1384,0.2959,9.4395,0.004,-0.0515,0.0098,52.412903,-1.530007,6.09,19.12,239.772,9.512500807884328,0.0525765156700213,-0.0248091283607987,-0.054633698395617,0.2483,0.7667999999999999,-0.0444999999999993,-0.0185,0.0522,0.0250999999999999,0.1,30.933020000000013,8.59250555555556,0.8592505555555561,-0.7424172924414999,-0.4325830337708174,-167.53262533509042,7.874441314198365,-155.04968125943665,39.91897866574205,24.03892616192279,0.0,41110102.11648876,0.0035744120752128038,8.59250555555556,-167.82412531691668,19.55519831825526,-163.59216051287257,28.29578983012625,14.42471734571485
6117875,0.4693,0.2028,9.5396,-0.0302,-0.0203,-0.0223,52.412903,-1.530007,6.09,19.055,243.016,9.553289406795964,0.0426780974271346,0.0407885989116376,-0.0098984182428866,-0.6691,-0.0930999999999999,0.1000999999999994,-0.0342,0.0312,-0.0321,0.1,38.37428999999999,10.659524999999997,1.0659524999999996,-0.9499057343347602,-0.48366706331338,-168.48253106942516,7.390774250884985,-155.04968125943665,39.91897866574205,24.959443919169452,0.0,41110102.11648876,0.003572637592652665,10.659524999999997,-168.77403105125143,19.07153125494188,-164.18194127466685,28.048226517034138,14.977080141396918
6117976,0.4848,-0.4826,10.5625,-0.0354,-0.0253,-0.0035,52.412903,-1.530007,6.09,18.673,245.114,10.584627534778916,0.0436520331714343,1.0313381279829503,0.0009739357442996,0.0155,-0.6854,1.0229,-0.0052,-0.005,0.0188,0.101,46.01372000000001,12.781588888888892,1.2909404777777782,-1.1710726081824792,-0.5432460432711902,-169.65360367760763,6.847528207613795,-155.04968125943665,39.91897866574205,26.065981180849324,0.0,41110102.11648876,0.003570575248167699,12.781588888888892,-169.9451036594339,18.528285211670692,-164.90670273079434,27.774759976599675,15.64106517653198
6118075,0.4643,0.1384,10.0752,-0.0243,-0.0214,-0.039,52.412903,-1.530007,6.09,18.889,248.944,10.086842126751067,0.0506897425521179,-0.4977854080278483,0.0070377093806836,-0.0205,0.621,-0.4872999999999994,0.0111,0.0039,-0.0355,0.099,39.04666999999999,10.84629722222222,1.0737834249999998,-1.0020866022625885,-0.3857891721789904,-170.6556902798702,6.461739035434805,-155.04968125943665,39.91897866574205,26.9619359106188,0.0,41110102.11648876,0.003568996519068208,10.84629722222222,-170.94719026169648,18.1424960394917,-165.52339505346205,27.58807077151486,16.178688764392263
6118175,0.3069,0.3283,9.667,-0.0046,0.0158,0.0006,52.412903,-1.530007,6.09,18.828,251.797,9.67744064822926,0.0164669365699877,-0.4094014785218061,-0.0342228059821302,-0.1573999999999999,0.1898999999999999,-0.4082000000000008,0.0197,0.0372,0.0396,0.1,24.04189000000001,6.67830277777778,0.667830277777778,-0.6344091766063116,-0.2086199332624904,-171.29009945647653,6.253119102172315,-155.04968125943665,39.91897866574205,27.50725455629883,0.0,41110102.11648876,0.0035680809184345116,6.67830277777778,-171.5815994383028,17.93387610622921,-165.91224529915456,27.491195470047835,16.505910840548978
6118276,0.5281,-0.2703,10.3249,0.0116,0.0325,-0.0159,52.412903,-1.530007,6.09,18.605,254.628,10.341929786553376,0.0379949996710093,0.6644891383241163,0.0215280631010215,0.2212,-0.5986,0.6578999999999997,0.0162,0.0167,-0.0165,0.101,44.54297000000001,12.373047222222224,1.2496777694444448,-1.2049706276056702,-0.3312707564081681,-172.4950700840822,5.921848345764147,-155.04968125943665,39.91897866574205,28.50645089288907,0.0,41110102.11648876,0.0035664951399187192,12.373047222222224,-172.78657006590845,17.60260534982104,-166.64794684560346,27.346076824697395,17.10548524046615
6118375,0.0853,0.082,9.4437,-0.0114,0.01,-0.0847,52.412903,-1.530007,6.09,18.716,255.819,9.44444121057461,0.0860467895972882,-0.8974885759787679,0.0480517899262789,-0.4428,0.3523,-0.8811999999999998,-0.023,-0.0225,-0.0688,0.099,41.38543000000001,11.495952777777779,1.1380993250000002,-1.103417618650564,-0.27881827848434637,-173.59848770273274,5.643030067279801,-155.04968125943665,39.91897866574205,29.419378466928787,0.0,41110102.11648876,0.00356510202513803,11.495952777777779,-173.889987684559,17.323787071336692,-167.32056299086278,27.227870250812558,17.65329349628963
6118475,-0.4114,0.6369,9.5315,0.0063,0.0513,-0.0446,52.412903,-1.530007,6.09,18.468,258.668,9.56160989687406,0.0682681477703914,0.1171686862994505,-0.0177786418268968,-0.4967,0.5549000000000001,0.0877999999999996,0.0177,0.0412999999999999,0.0401,0.1,42.20895,11.724708333333334,1.1724708333333334,-1.1496135949154869,-0.23038324028203927,-174.74810129764822,5.4126468269977615,-155.04968125943665,39.91897866574205,30.341452980063824,0.0,41110102.11648876,0.0035637928620214894,11.724708333333334,-175.03960127947448,17.093403831054655,-168.01868898879724,27.140685597584305,18.206590433684802
6118575,-0.2583,0.9465,9.4487,-0.0051,0.0428,-0.0555,52.412903,-1.530007,6.09,18.396,261.861,9.49950066214009,0.0702716158914821,-0.0621092347339704,0.0020034681210906,0.1531,0.3096,-0.0827999999999988,-0.0114,-0.0085,-0.0109,0.1,40.69018000000001,11.30282777777778,1.1302827777777782,-1.1188980270446784,-0.16001988256643673,-175.8669993246929,5.2526269444313245,-155.04968125943665,39.91897866574205,31.20768757615155,0.0,41110102.11648876,0.003562670593767236,11.30282777777778,-176.15849930651916,16.933383948488217,-168.69533151079906,27.094254622692915,18.726380257884056
6118675,0.0026,0.9692,9.7142,-0.0127,0.0718,0.0059,52.412903,-1.530007,6.09,18.425,264.491,9.762429873755815,0.0731528536695596,0.2629292116157273,0.0028812377780775,0.2608999999999999,0.0226999999999999,0.2654999999999994,-0.0075999999999999,0.029,0.0614,0.1,37.77334,10.492594444444444,1.0492594444444445,-1.0444130521787904,-0.10073111830237827,-176.91141237687168,5.151895826128946,-155.04968125943665,39.91897866574205,31.99600113643497,0.0,41110102.11648876,0.003561738415445358,10.492594444444444,-177.20291235869794,16.83265283018584,-169.32478568325885,27.080020178631703,19.199413046881695
6118775,-0.4211,-0.4817,10.2678,-0.0023,0.0882,0.0189,52.412903,-1.530007,6.09,18.335,267.158,10.287714855107522,0.0902315909202536,0.5252849813517049,0.017078737250694,-0.4236999999999999,-1.4509,0.5535999999999994,0.0104,0.0163999999999999,0.013,0.1,42.29309,11.748080555555555,1.1748080555555556,-1.1733631124192248,-0.05824923872545536,-178.0847754892909,5.093646587403491,-155.04968125943665,39.91897866574205,32.86033099172111,0.0,41110102.11648876,0.003560821545774686,11.748080555555555,-178.37627547111717,16.774403591460384,-170.02953509583253,27.09689357797228,19.718059918708843
6118875,0.3095,0.849,9.3818,0.0045,0.0816,-0.0335,52.412903,-1.530007,6.09,18.45,269.262,9.4252194929349,0.0883236095276908,-0.8624953621726217,-0.0019079813925627,0.7305999999999999,1.3307,-0.8859999999999992,0.0068,-0.0065999999999999,-0.0524,0.1,40.298620000000014,11.194061111111115,1.1194061111111115,-1.1193132531524295,-0.014418145172930361,-179.20408874244333,5.07922844223056,-155.04968125943665,39.91897866574205,33.67404577293793,0.0,41110102.11648876,0.003560045135043199,11.194061111111115,-179.4955887242696,16.759985446287455,-170.70000674758404,27.1376140531282,20.20633487908021
6118975,-0.1923,1.0448,10.1193,0.0023,0.1494,0.0144,52.412903,-1.530007,6.09,18.32,272.019,10.174911243838936,0.1501099930051294,0.7496917509040362,0.0617863834774385,-0.5018,0.1957999999999999,0.7375000000000007,-0.0021999999999999,0.0678,0.0479,0.1,35.08366000000001,9.745461111111114,0.9745461111111114,-0.9739411118698452,0.034334141776377655,-180.17802985431317,5.113562584006938,-155.04968125943665,39.91897866574205,34.364495618608224,0.0,41110102.11648876,0.0035594808602997406,9.745461111111114,-180.46952983613943,16.794319588063832,-171.28133324113895,27.201100358837806,20.620643895968083
6119075,-0.5772,0.2666,9.7767,-0.0204,0.0713,-0.0027,52.412903,-1.530007,6.09,18.41,274.675,9.797351595711977,0.074210107128342,-0.3775596481269598,-0.0758998858767873,-0.3849,-0.7782,-0.3426000000000009,-0.0227,-0.0781,-0.0171,0.1,39.102059999999994,10.861683333333332,1.0861683333333332,-1.0825546994740745,0.08852666820064428,-181.26058455378725,5.202089252207582,-155.04968125943665,39.91897866574205,35.11468034597629,0.0,41110102.11648876,0.0035589733272399383,10.861683333333332,-181.55208453561352,16.882846256264475,-171.92526861796944,27.30180596258641,21.070797225466514
6119175,-0.3105,0.541,9.7415,-0.0069,0.0646,0.0334,52.412903,-1.530007,6.09,18.32,277.397,9.761450378913986,0.0730501882269991,-0.0359012167979901,-0.0011599189013429,0.2667,0.2744,-0.0351999999999996,0.0135,-0.0066999999999999,0.0361,0.1,50.80438000000001,14.11232777777778,1.4112327777777782,-1.399488364174688,0.18168729073339152,-182.66007291796194,5.383776542940973,-155.04968125943665,39.91897866574205,36.06717647384682,0.0,41110102.11648876,0.0035584774919608935,14.11232777777778,-182.9515728997882,17.06453354699787,-172.75476081388564,27.47223523915212,21.642348854889278
6119276,0.0816,-0.6038,10.4857,-0.0532,0.0376,-0.0449,52.412903,-1.530007,6.09,18.349,278.98400000000004,10.50338695326417,0.079120224974402,0.7419365743501842,0.0060700367474029,0.3921,-1.1448,0.7441999999999993,-0.0462999999999999,-0.027,-0.0783,0.101,39.890120000000024,11.080588888888895,1.1191394777777786,-1.1054098599222466,0.17476330366354942,-183.7654827778842,5.558539846604523,-155.04968125943665,39.91897866574205,36.82107423149257,0.0,41110102.11648876,0.0035581613548290696,11.080588888888895,-184.05698275971045,17.239296850661418,-173.4085714733538,27.62555549345217,22.0947302128733
6119375,-1.3287,-0.8713,9.6495,-0.019,0.0069,-0.069,52.412903,-1.530007,6.09,18.407,282.717,9.7794405581301,0.0719,-0.7239463951340692,-0.007220224974402,-1.4103,-0.2674999999999999,-0.8361999999999998,0.0341999999999999,-0.0307,-0.0241,0.099,34.35785999999999,9.543849999999997,0.9448411499999998,-0.9216635081079599,0.20799321276294266,-184.68714628599216,5.7665330593674655,-155.04968125943665,39.91897866574205,37.426190496929756,0.0,41110102.11648876,0.0035580452570078366,9.543849999999997,-184.97864626781842,17.44729006342436,-173.9509568701657,27.79066058782028,22.457834248029897
6119475,-0.0473,0.4366,10.3909,0.0404,0.027,-0.0342,52.412903,-1.530007,6.09,18.212,285.16,10.40017594370403,0.0594205351709322,0.6207353855739282,-0.0124794648290677,1.2814,1.3079,0.7414000000000005,0.0593999999999999,0.0201,0.0348,0.1,44.78456000000001,12.44015555555556,1.244015555555556,-1.2007229457326667,0.3253292333241306,-185.88786923172484,6.091862292691596,-155.04968125943665,39.91897866574205,38.20364780254821,0.0,41110102.11648876,0.0035580236222003034,12.44015555555556,-186.1793692135511,17.77261929674849,-174.655167975392,28.038286937707273,22.924352669292446
6119575,-0.036,0.9983,9.901,0.0539,0.121,0.0414,52.412903,-1.530007,6.09,18.151,287.386,9.951266245558903,0.138781014551703,-0.4489096981451261,0.0793604793807707,0.0113,0.5617,-0.4899000000000004,0.0135,0.094,0.0756,0.1,37.19471000000001,10.331863888888892,1.0331863888888893,-0.9859835840803969,0.3087239642613416,-186.87385281580524,6.400586256952938,-155.04968125943665,39.91897866574205,38.83682116779426,0.0,41110102.11648876,0.0035581052363752147,10.331863888888892,-187.1653527976315,18.081343261009835,-175.23160367913397,28.26650858989733,23.304292553586297
6119675,0.0295,0.0844,9.7297,0.0062,0.005,-0.0226,52.412903,-1.530007,6.09,18.284,290.507,9.730110775320084,0.023962470657259,-0.2211554702388198,-0.1148185438944439,0.0655,-0.9139,-0.1713000000000004,-0.0477,-0.1159999999999999,-0.064,0.1,35.050720000000005,9.736311111111112,0.9736311111111112,-0.9119315198723764,0.3410842177332666,-187.78578433567762,6.741670474686204,-155.04968125943665,39.91897866574205,39.40716022116435,0.0,41110102.11648876,0.0035583125233531886,9.736311111111112,-188.07728431750388,18.422427478743103,-175.76229733862766,28.510830901907468,23.64652829160014
6119775,0.8655,-0.1724,10.4325,0.0443,0.071,-0.009,52.412903,-1.530007,6.09,18.346,292.168,10.469759704023774,0.0841694124964645,0.7396489287036907,0.0602069418392055,0.8360000000000001,-0.2568,0.7027999999999999,0.0381,0.0659999999999999,0.0136,0.1,39.348330000000004,10.930091666666668,1.0930091666666668,-1.0122155319660782,0.4124181800842331,-188.7979998676437,7.154088654770438,-155.04968125943665,39.91897866574205,40.04060332082483,0.0,41110102.11648876,0.0035586237533571183,10.930091666666668,-189.08949984946997,18.834845658827337,-176.3498594342595,28.802263305222176,24.02663003182133
6119875,0.1948,-0.3627,10.3662,-0.0576,0.0408,-0.0197,52.412903,-1.530007,6.09,18.439,293.91200000000003,10.374372307277197,0.0732836270936421,-0.0953873967465774,-0.0108857854028223,-0.6707000000000001,-0.1903,-0.0663,-0.1018999999999999,-0.0301999999999999,-0.0107,0.1,36.99440000000002,10.276222222222227,1.0276222222222227,-0.9394204640737991,0.4165292586173355,-189.73742033171752,7.570617913387773,-155.04968125943665,39.91897866574205,40.62877071117226,0.0,41110102.11648876,0.0035589935570496515,10.276222222222227,-190.02892031354378,19.25137491744467,-176.89367717849944,29.092946498657064,24.379563781880734
6119976,-0.0005,-0.2809,10.4529,-0.0674,0.0144,-0.0325,52.412903,-1.530007,6.09,18.349,296.214,10.456673633139747,0.0761995406810303,0.0823013258625504,0.0029159135873882,-0.1953,0.0818,0.0867000000000004,-0.0098,-0.0264,-0.0128,0.101,38.01342999999999,10.559286111111108,1.066487897222222,-0.9568001104129462,0.47109445298713803,-190.69422044213047,8.041712366374911,-155.04968125943665,39.91897866574205,41.22254114619178,0.0,41110102.11648876,0.003559481889081904,10.559286111111108,-190.98572042395674,19.72246937043181,-177.44548981228857,29.417049643858842,24.735859676119365
6120075,-0.5485,-0.1137,9.9879,-0.0098,0.0356,0.0092,52.412903,-1.530007,6.09,18.148,298.536,10.003595671057482,0.0380531207655824,-0.4530779620822649,-0.0381464199154479,-0.548,0.1672,-0.4649999999999998,0.0576,0.0212,0.0417,0.099,40.98031999999999,11.38342222222222,1.1269588,-0.99005261231608,0.538360438501517,-191.68427305444655,8.580072804876428,-155.04968125943665,39.91897866574205,41.83275116924271,0.0,41110102.11648876,0.0035601085223309773,11.38342222222222,-191.9757730362728,20.260829808933327,-178.01423624613074,29.782873145670454,25.1020202543724
6120175,-0.048,-0.0876,9.591,-0.0007,0.0182,-0.0258,52.412903,-1.530007,6.09,18.472,300.849,9.591520148547882,0.0315811652729914,-0.4120755225095998,-0.0064719554925909,0.5005,0.0260999999999999,-0.3969000000000005,0.0091,-0.0174,-0.035,0.1,40.83931000000001,11.34425277777778,1.1344252777777781,-0.9739286930513305,0.5817074966961628,-192.65820174749788,9.161780301572591,-155.04968125943665,39.91897866574205,42.43020347092038,0.0,41110102.11648876,0.0035608492020615104,11.34425277777778,-192.94970172932415,20.842537305629488,-178.5714224610021,30.17392615589502,25.46052547715969
6120275,-0.1587,-0.1746,9.8595,-0.0079,0.0271,-0.0164,52.412903,-1.530007,6.09,18.295,301.436,9.862322804491852,0.032646286159378,0.2708026559439691,0.0010651208863866,-0.1107,-0.087,0.2685000000000013,-0.0072,0.0088999999999999,0.0093999999999999,0.1,30.730389999999986,8.53621944444444,0.853621944444444,-0.7283301057637043,0.44520296615739724,-193.3865318532616,9.606983267729989,-155.04968125943665,39.91897866574205,42.88674051834439,0.0,41110102.11648876,0.0035614283076452046,8.53621944444444,-193.67803183508786,21.287740271786884,-178.98765221403178,30.47246204486501,25.734473565463627
6120375,-0.2373,0.0746,9.6492,0.0134,0.0233,-0.0153,52.412903,-1.530007,6.09,18.382,303.142,9.652405766957791,0.0309279808587628,-0.2099170375340602,-0.0017183053006152,-0.0786,0.2492,-0.2103000000000001,0.0213,-0.0037999999999999,0.0011,0.1,35.08132000000001,9.744811111111114,0.9744811111111114,-0.8159507483914011,0.5327643119728072,-194.202482601653,10.139747579702796,-155.04968125943665,39.91897866574205,43.39824502255888,0.0,41110102.11648876,0.0035621582271993173,9.744811111111114,-194.49398258347927,21.820504583759693,-179.45245676220236,30.82726074733286,26.041405241390198
6120475,-0.2233,0.4035,9.5454,-0.0123,0.0122,-0.0027,52.412903,-1.530007,6.09,18.648,304.264,9.556533696900775,0.0175333967045749,-0.0958720700570161,-0.0133945841541878,0.014,0.3289,-0.1037999999999996,-0.0257,-0.0111,0.0126,0.1,39.67108000000001,11.019744444444447,1.1019744444444448,-0.9107292097582115,0.6204191991724841,-195.11321181141122,10.76016677887528,-155.04968125943665,39.91897866574205,43.97739068965451,0.0,41110102.11648876,0.003563035126209026,11.019744444444447,-195.40471179323748,22.440923782932177,-179.97011546908539,31.23869381890251,26.388925446476655
6120575,-0.4085,-0.0966,10.0671,-0.0229,0.0265,0.0172,52.412903,-1.530007,6.09,18.81,303.848,10.075847667566238,0.0390192260302533,0.519313970665463,0.0214858293256783,-0.1851999999999999,-0.5001,0.5216999999999992,-0.0106,0.0142999999999999,0.0199,0.1,43.10904000000001,11.974733333333335,1.1974733333333336,-0.994523321422639,0.6669825688808723,-196.10773513283385,11.427149347756153,-155.04968125943665,39.91897866574205,44.63628295871169,0.0,41110102.11648876,0.003563970057378795,11.974733333333335,-196.39923511466012,23.10790635181305,-180.53586657942483,31.681686383399633,26.784298129865547
6120676,-0.2136,0.1002,10.0154,0.0023,0.0359,0.0133,52.412903,-1.530007,6.09,18.652,305.298,10.018178584952455,0.0383534874555104,-0.0576690826137813,-0.0006657385747428,0.1948999999999999,0.1968,-0.0517000000000003,0.0252,0.0094,-0.0039,0.101,35.568740000000005,9.880205555555557,0.9979007611111114,-0.8144444505086829,0.5766161340629873,-196.92217958334254,12.00376548181914,-155.04968125943665,39.91897866574205,45.1814156549103,0.0,41110102.11648876,0.0035648087059531623,9.880205555555557,-197.2136795651688,23.684522485876037,-180.99783634736727,32.06266113092745,27.111408625800593
6120775,-0.2918,0.1023,9.925,0.0091,0.0256,-0.0089,52.412903,-1.530007,6.09,18.767,306.762,9.929815583886745,0.0285898583417267,-0.0883630010657139,-0.0097636291137837,-0.0781999999999999,0.0021,-0.0903999999999989,0.0068,-0.0103,-0.0221999999999999,0.099,27.301509999999993,7.583752777777776,0.7507915249999999,-0.601480474952363,0.44934302293782785,-197.5236600582949,12.453108504756969,-155.04968125943665,39.91897866574205,45.58569921278168,0.0,41110102.11648876,0.0035654842072842825,7.583752777777776,-197.81516004012116,24.133865508813866,-181.33797234104762,32.35808196931504,27.354001660553205
6120875,-0.0755,0.4343,9.5325,0.004,0.0364,-0.0129,52.412903,-1.530007,6.09,18.709,306.423,9.542686885254067,0.0388248631678206,-0.3871286986326741,0.0102350048260939,0.2163,0.332,-0.3925,-0.0051,0.0108,-0.004,0.1,37.99347999999999,10.553744444444442,1.0553744444444442,-0.8492128712308054,0.6266200741456905,-198.3728729295257,13.07972857890266,-155.04968125943665,39.91897866574205,46.173815528201864,0.0,41110102.11648876,0.0035664209890764495,10.553744444444442,-198.66437291135196,24.760485582959557,-181.8185441445391,32.77051369965214,27.706904762763187
6120975,0.0701,0.1537,9.4031,-0.0157,0.0054,-0.0169,52.412903,-1.530007,6.09,19.001,307.608,9.404617339902778,0.0236909265331687,-0.138069545351291,-0.0151339366346519,0.1456,-0.2806,-0.1294000000000004,-0.0197,-0.031,-0.0039999999999999,0.1,50.828790000000005,14.119108333333335,1.4119108333333337,-1.1185220357047334,0.861626750354797,-199.49139496523043,13.941355329257457,-155.04968125943665,39.91897866574205,46.962333776651064,0.0,41110102.11648876,0.00356774257587304,14.119108333333335,-199.7828949470567,25.622112333314355,-182.44991883621148,33.33545502367563,28.180060376254534
6121075,-0.3381,0.216,10.1731,-0.0098,0.0297,0.0103,52.412903,-1.530007,6.09,19.408,307.663,10.181008359686183,0.0329274961088753,0.7763910197834072,0.0092365695757065,-0.4082,0.0622999999999999,0.7699999999999996,0.0058999999999999,0.0243,0.0272,0.1,42.30964999999999,11.752680555555553,1.1752680555555555,-0.9303636706760168,0.7181075425697634,-200.42175863590646,14.65946287182722,-155.04968125943665,39.91897866574205,47.63974168097717,0.0,41110102.11648876,0.0035688473372187425,11.752680555555553,-200.71325861773272,26.34021987588412,-182.97502055898704,33.80621385041621,28.58654348959487
6121175,-0.504,-0.1224,9.9826,-0.0101,0.0132,-0.0124,52.412903,-1.530007,6.09,19.685,308.221,9.996064251494184,0.0207366824733369,-0.1849441081920009,-0.0121908136355383,-0.1659,-0.3384,-0.1905000000000001,-0.0002999999999999,-0.0165,-0.0226999999999999,0.1,29.231480000000005,8.119855555555556,0.8119855555555557,-0.6379203596957671,0.502372528226303,-201.0596789956022,15.161835400053523,-155.04968125943665,39.91897866574205,48.112582227444314,0.0,41110102.11648876,0.0035696294462013453,8.119855555555556,-201.35117897742848,26.842592404110423,-183.33462545791403,34.134975967325076,28.87027460081171
6121276,-0.5198,-0.1064,9.8652,0.0052,0.0445,-0.0048,52.412903,-1.530553,5.38,19.728,308.016,9.879457679447794,0.0450591833037395,-0.1166065720463898,0.0243225008304025,-0.0158,0.016,-0.1173999999999999,0.0153,0.0312999999999999,0.0076,0.101,32.89054,9.13626111111111,0.9227623722222222,-0.7269879979556747,0.5683122789607691,-201.78666699355787,15.730147679014292,-192.08254476236084,39.91897866574205,16.011382769188064,36.97803377904074,41110139.09452254,0.0035946080971269957,9.13626111111111,-202.07816697538414,27.41090468307119,-183.74462434726487,34.507125579088466,9.940275181301372
6121376,0.0194,0.2575,9.4266,-0.0023,-0.0068,-0.0446,52.412903,-1.530553,5.38,20.066,308.023,9.43013627526135,0.0451739969451453,-0.4493214041864437,0.0001148136414058,0.5392,0.3639,-0.4385999999999992,-0.0075,-0.0513,-0.0398,0.1,42.585609999999996,11.82933611111111,1.182933611111111,-0.9318719782610013,0.7286607883153182,-202.71853897181887,16.45880846732961,-192.08254476236084,39.91897866574205,16.067504613470927,0.0,41110139.09452254,0.003595677246529289,11.82933611111111,-203.01003895364514,28.139565471386508,-184.27016341742967,34.98426633405686,9.240383545887823
6121475,-0.1371,-0.0298,9.6323,-0.0011,0.0452,-0.0166,52.412903,-1.530553,5.38,20.095,308.133,9.633321739670071,0.0481644059446392,0.2031854644087207,0.0029904089994939,-0.1565,-0.2873,0.2057000000000002,0.0012,0.052,0.028,0.099,38.499019999999994,10.694172222222221,1.05872305,-0.8327698518653386,0.6537498530978683,-203.55130882368422,17.11255832042748,-192.08254476236084,39.91897866574205,16.189014644122214,0.0,41110139.09452254,0.0035966404023002147,10.694172222222221,-203.8428088055105,28.793315324484375,-184.7396990361772,35.41220852027526,8.615588227312408
6121575,-0.5834,-0.2472,10.708,-0.0122,0.0078,-0.0432,52.412903,-1.530553,5.38,20.135,307.627,10.726729576156938,0.0455622650885576,1.0934078364868665,-0.0026021408560815,-0.4463,-0.2174,1.0756999999999994,-0.0111,-0.0373999999999999,-0.0266,0.1,50.15374999999999,13.93159722222222,1.393159722222222,-1.1033853298707574,0.8505497195627651,-204.65469415355497,17.963108039990242,-192.08254476236084,39.91897866574205,16.463639789874787,0.0,41110139.09452254,0.0035978824302464077,13.93159722222222,-204.94619413538123,29.64386504404714,-185.36250376585676,35.969853609827624,7.7945198506352344
6121676,-0.0671,0.4157,9.6524,0.0053,0.0119,-0.0241,52.412903,-1.530553,5.38,20.578000000000003,307.963,9.661580339675286,0.0273954375763556,-1.065149236481652,-0.0181668275122019,0.5163,0.6629,-1.0556,0.0175,0.0041,0.0191,0.101,35.68845999999999,9.91346111111111,1.0012595722222222,-0.7894012231296965,0.6159273008139567,-205.44409537668466,18.5790353408042,-192.08254476236084,39.91897866574205,16.724403456103534,0.0,41110139.09452254,0.0035987900459565196,9.91346111111111,-205.73559535851092,30.259792344861097,-185.80775362688655,36.373249409433285,7.20730183583778
6121775,0.1032,0.5353,9.9639,-0.0106,0.0304,-0.0119,52.412903,-1.530553,5.38,20.408,307.874,9.978802510321568,0.0343238983799917,0.3172221706462821,0.006928460803636,0.1703,0.1195999999999999,0.3115000000000005,-0.0159,0.0185,0.0121999999999999,0.099,30.53434,8.48176111111111,0.8396943499999999,-0.6628234474572694,0.5155110851599437,-206.10691882414193,19.094546425964143,-192.08254476236084,39.91897866574205,16.98679035158698,0.0,41110139.09452254,0.003599549356932335,8.48176111111111,-206.3984188059682,30.77530343002104,-186.18168214089795,36.71097203446521,6.716508484599281
6121876,-0.6342,0.272,9.6217,-0.0062,0.0318,0.0029,52.412903,-1.530553,5.38,20.372,307.155,9.646414076225424,0.0325282953749501,-0.3323884340961438,-0.0017956030050416,-0.7373999999999999,-0.2633,-0.3422,0.0044,0.0014,0.0148,0.101,38.998580000000004,10.83293888888889,1.094126827777778,-0.8720240308464745,0.6608234294343159,-206.9789428549884,19.75536985539846,-192.08254476236084,39.91897866574205,17.396293360581712,0.0,41110139.09452254,0.0036005091717572547,10.83293888888889,-207.27044283681465,31.436126859455356,-186.6743969624541,37.14487795096406,6.078132723243868
6121975,0.1057,-0.0258,10.1613,0.0199,0.0142,-0.008,52.412903,-1.530553,5.38,20.718000000000004,305.98900000000003,10.161882493908305,0.0257225581931502,0.5154684176828788,-0.0068057371817998,0.7399,-0.2978,0.5396000000000001,0.0261,-0.0176,-0.0109,0.099,37.25893,10.349702777777777,1.024620575,-0.8290510677010327,0.6020977078988993,-207.80799392268943,20.35746756329736,-192.08254476236084,39.91897866574205,17.850740740418345,0.0,41110139.09452254,0.0036013620909413303,10.349702777777777,-208.0994939045157,32.038224567354256,-187.14398439482878,37.54174574168872,5.480931935260788
6122076,-0.3921,0.0049,9.9097,-0.0208,0.0049,-0.0392,52.412903,-1.530553,5.38,20.308,306.435,9.917455344492357,0.0446462764404826,-0.2444271494159462,0.0189237182473324,-0.4978,0.0306999999999999,-0.2515999999999998,-0.0407,-0.0093,-0.0312,0.101,38.96168999999999,10.822691666666664,1.093091858333333,-0.8794264479094275,0.6491986856672052,-208.68742037059886,21.006666248964564,-192.08254476236084,39.91897866574205,18.378871068914123,0.0,41110139.09452254,0.003602293098697987,10.822691666666664,-208.97892035242512,32.687423253021464,-187.64164159721557,37.96902136838318,4.85014993414847
6122176,-0.5357,0.4099,9.8833,-0.021,0.0235,-0.0131,52.412903,-1.530553,5.38,20.383,305.91200000000003,9.90629150540201,0.034130045414561,-0.0111638390903472,-0.0105162310259216,-0.1435999999999999,0.4049999999999999,-0.0264000000000006,-0.0002,0.0186,0.0260999999999999,0.1,37.71133,10.475369444444443,1.0475369444444442,-0.8484198787660872,0.6144244130001187,-209.53584024936495,21.621090661964683,-192.08254476236084,39.91897866574205,18.938431532153995,0.0,41110139.09452254,0.003603165106114757,10.475369444444443,-209.82734023119122,33.30184766602158,-188.12227653432427,38.374119829137655,4.250919108031884
6122275,-0.6951,0.4819,10.1648,0.0011,-0.0041,-0.0191,52.412903,-1.530553,5.38,20.488000000000003,305.197,10.19992895367414,0.0195660420116077,0.2936374482721291,-0.0145640034029532,-0.1594000000000001,0.072,0.2814999999999994,0.0221,-0.0276,-0.0059999999999999,0.099,40.43648000000001,11.232355555555559,1.1120032000000004,-0.9087013029644746,0.6409470015538781,-210.44454155232944,22.262037663518562,-192.08254476236084,39.91897866574205,19.587437734305727,0.0,41110139.09452254,0.0036040607414256575,11.232355555555559,-210.7360415341557,33.942794667575455,-188.6378166321153,38.7977480442825,3.6226109365764887
6122375,-0.3887,0.1495,9.7967,0.0192,0.0184,0.0006,52.412903,-1.530553,5.38,20.203,305.094,9.80554785975776,0.0266,-0.3943810939163779,0.0070339579883922,0.3064,-0.3324,-0.3681000000000001,0.0180999999999999,0.0225,0.0197,0.1,32.76854000000001,9.102372222222224,0.9102372222222224,-0.7447651314639739,0.5233131946304022,-211.1893066837934,22.785350858148963,-192.08254476236084,39.91897866574205,20.150095902190646,0.0,41110139.09452254,0.0036047914586570815,9.102372222222224,-211.48080666561967,34.46610786220586,-189.06043791661938,39.14375240540515,3.119952810827969
6122476,-0.394,0.3238,9.6955,0.0085,0.0066,-0.0027,52.412903,-1.530553,5.38,20.437,303.649,9.708903269164852,0.0110950439386241,-0.0966445905929074,-0.0155049560613758,-0.0053,0.1742999999999999,-0.1012000000000004,-0.0106999999999999,-0.0118,-0.0033,0.101,31.652990000000027,8.792497222222229,0.8880422194444452,-0.7392486759492015,0.4920674533264403,-211.9285553597426,23.277418311475405,-192.08254476236084,39.91897866574205,20.73954922863965,0.0,41110139.09452254,0.0036054538927488616,8.792497222222229,-212.22005534156887,34.9581753155323,-189.48113553882695,39.47081501625857,2.639731161502164
6122575,-0.562,0.2823,10.0504,0.0116,0.0126,0.0049,52.412903,-1.530553,5.38,20.092,304.455,10.070058463087491,0.0178137587274555,0.361155193922638,0.0067187147888314,-0.168,-0.0414999999999999,0.3549000000000006,0.0030999999999999,0.006,0.0076,0.099,31.047159999999998,8.62421111111111,0.8537969,-0.7040159833193322,0.4830431054062605,-212.63257134306193,23.760461416881665,-192.08254476236084,39.91897866574205,21.317119089278357,0.0,41110139.09452254,0.0036061196235587668,8.62421111111111,-212.9240713248882,35.44121842093856,-189.88114656202688,39.790923788401834,2.205119517859337
6122675,-0.4887,0.5226,9.5006,0.0124,0.0138,0.0057,52.412903,-1.530553,5.38,20.063,303.824,9.527504332720088,0.0194085032910835,-0.5425541303674049,0.0015947445636279,0.0733,0.2402999999999999,-0.5497999999999994,0.0008,0.0011999999999999,0.0008,0.1,48.48344000000001,13.467622222222225,1.3467622222222226,-1.118824569008813,0.7496666372376346,-213.75139591207073,24.5101280541193,-192.08254476236084,39.91897866574205,22.274552829790654,0.0,41110139.09452254,0.00360713769021001,13.467622222222225,-214.042895893897,36.19088505817619,-190.5176384488256,40.28887762523291,1.6080289208763774
6122775,-0.6946,0.3422,10.2061,-0.0159,0.0314,0.0066,52.412903,-1.530553,5.38,19.879,303.60200000000003,10.235430973339618,0.0358096355748002,0.7079266406195313,0.0164011322837167,-0.2058999999999999,-0.1803999999999999,0.7054999999999989,-0.0283,0.0175999999999999,0.0008999999999999,0.1,40.60431,11.278974999999999,1.1278975,-0.9394279969151234,0.6242017375162368,-214.69082390898586,25.134329791635537,-192.08254476236084,39.91897866574205,23.109176291525692,0.0,41110139.09452254,0.0036079822700627864,11.278974999999999,-214.98232389081213,36.81508679569243,-191.0523047417443,40.70383958455043,1.295145228131842
6122875,-1.1108,0.2945,9.7891,-0.0216,0.0011,-0.0202,52.412903,-1.530553,5.38,19.692,303.108,9.856322118315736,0.0295940872472864,-0.3791088550238832,-0.0062155483275138,-0.4162,-0.0477,-0.4169999999999998,-0.0057,-0.0302999999999999,-0.0267999999999999,0.1,33.502050000000004,9.306125000000002,0.9306125000000002,-0.7795205421657428,0.5083181577495306,-215.47034445115162,25.64264794938507,-192.08254476236084,39.91897866574205,23.82113002749592,0.0,41110139.09452254,0.003608661953127719,9.306125000000002,-215.76184443297788,37.32340495344196,-191.49638598077456,41.04240270655226,1.2671478574740371
6122975,-1.3228,0.8993,10.2377,-0.0014,0.0286,0.0177,52.412903,-1.530553,5.38,19.93,302.97,10.361903378240893,0.0336631846384147,0.5055812599251563,0.0040690973911283,-0.2119999999999999,0.6048,0.4486000000000008,0.0202,0.0275,0.0379,0.1,41.795939999999995,11.609983333333332,1.1609983333333334,-0.9740260827152296,0.631815099687561,-216.44437053386685,26.27446304907263,-192.08254476236084,39.91897866574205,24.73141359867094,0.0,41110139.09452254,0.003609505223449325,11.609983333333332,-216.7358705156931,37.95522005312952,-192.05142131008878,41.46344614280063,1.5447810385206737
6123075,-1.816,0.6498,9.9673,-0.0102,0.0096,0.0315,52.412903,-1.530553,5.38,20.095,303.494,10.1522000241327,0.03447390317327,-0.2097033541081909,0.0008107185348553,-0.4932000000000001,-0.2494999999999999,-0.2704000000000004,-0.0088,-0.019,0.0138,0.1,37.617650000000005,10.449347222222224,1.0449347222222225,-0.8714166409436899,0.5766468690559671,-217.31578717481054,26.851109918128596,-192.08254476236084,39.91897866574205,25.56240507626896,0.0,41110139.09452254,0.0036102880596806603,10.449347222222224,-217.6072871566368,38.53186692218549,-192.54748386309825,41.84695109920712,1.9832413044296242
6123175,-1.697,0.691,9.6379,-0.0027,0.0274,0.0335,52.412903,-1.530553,5.38,19.976,302.083,9.810525287159704,0.043362426131387,-0.3416747369729958,0.0088885229581169,0.119,0.0411999999999999,-0.3293999999999997,0.0075,0.0178,0.002,0.1,47.21438,13.115105555555555,1.3115105555555555,-1.1112160775601634,0.6966051724653262,-218.4270032523707,27.547715090593922,-192.08254476236084,39.91897866574205,26.64490726270404,0.0,41110139.09452254,0.0036111978902744436,13.115105555555555,-218.71850323419696,39.22847209465082,-193.18176196213554,42.31281566350486,2.634147684572482
6123276,-1.7141,0.2814,9.8767,-0.0017,0.0081,-0.0158,52.412903,-1.530553,5.38,19.814,302.273,10.028286377043688,0.0178364794732592,0.2177610898839823,-0.0255259466581277,-0.0170999999999998,-0.4095999999999999,0.2387999999999994,0.001,-0.0193,-0.0493,0.101,23.578339999999994,6.549538888888887,0.6615034277777776,-0.5593101095550739,0.3532123813107925,-218.98631336192577,27.900927471904716,-192.08254476236084,39.91897866574205,27.19736017676095,0.0,41110139.09452254,0.0036116628859285613,6.549538888888887,-219.27781334375203,39.58168447596161,-193.50089999426487,42.54884935637009,2.9879677731351006
6123375,-1.971,0.6366,9.7941,0.0014,0.0355,0.0083,52.412903,-1.530553,5.38,19.724,302.763,10.010719023626626,0.03648424317428,-0.0175673534170606,0.0186477637010207,-0.2569000000000001,0.3552,-0.0825999999999993,0.0031,0.0273999999999999,0.0241,0.099,37.18360000000003,10.328777777777786,1.0225490000000008,-0.8598780685814007,0.5533680191099967,-219.84619143050716,28.45429549101471,-192.08254476236084,39.91897866574205,28.05597871134046,0.0,41110139.09452254,0.003612403299131627,10.328777777777786,-220.13769141233342,40.135052495071605,-193.99108379286997,42.91791472152518,3.5547346873786223
6123476,-1.668,0.7531,10.0482,-0.0219,0.0005,-0.0055,52.412903,-1.530553,5.38,19.861,301.55400000000003,10.213506099768091,0.022585614890899,0.2027870761414654,-0.013898628283381,0.3030000000000001,0.1164999999999999,0.2540999999999993,-0.0232999999999999,-0.0349999999999999,-0.0138,0.101,32.186499999999995,8.940694444444443,0.9030101388888888,-0.7694976900562728,0.4725469457463361,-220.61568912056345,28.92684243676105,-192.08254476236084,39.91897866574205,28.832868742132206,0.0,41110139.09452254,0.003613014074839832,8.940694444444443,-220.9071891023897,40.60759944081794,-194.4307441061808,43.23462921413108,4.062951970839554
6123576,-1.5436,0.8747,9.8709,-0.009,0.0028,-0.0106,52.412903,-1.530553,5.38,19.609,301.85400000000004,10.029081107459447,0.0141844985811977,-0.184424992308644,-0.0084011163097013,0.1243999999999998,0.1216,-0.1772999999999989,0.0129,0.0023,-0.0051,0.1,20.30532999999999,5.640369444444442,0.5640369444444442,-0.47909053915403593,0.2976742010845417,-221.0947796597175,29.22451663784559,-192.08254476236084,39.91897866574205,29.320328368717846,0.0,41110139.09452254,0.0036134030957942946,5.640369444444442,-221.38627964154375,40.90527364190248,-194.70432455021157,43.43389017134067,4.385012217562473
6123676,-1.6324,0.3286,9.8949,-0.0176,0.0081,0.0147,52.412903,-1.530553,5.38,19.49,301.623,10.034029785186007,0.0243199506578446,0.0049486777265617,0.0101354520766469,-0.0887999999999999,-0.5461,0.0239999999999991,-0.0086,0.0052999999999999,0.0253,0.1,32.23367,8.95379722222222,0.8953797222222222,-0.7624306288164703,0.4694724520238279,-221.85721028853396,29.69398908986942,-192.08254476236084,39.91897866574205,30.101388126785352,0.0,41110139.09452254,0.0036140132065070043,8.95379722222222,-222.14871027036023,41.37474609392631,-195.1398912379849,43.74845320415052,4.900228842853118
6123775,-1.4732,0.3904,9.6463,-0.008,0.0073,-0.0003,52.412903,-1.530553,5.38,19.768,301.561,9.765952799906415,0.0108342050931298,-0.2680769852795919,-0.0134857455647148,0.1592,0.0618,-0.2485999999999997,0.0096,-0.0007999999999999,-0.015,0.099,34.127860000000005,9.479961111111113,0.9385161500000002,-0.7996940345767455,0.49122501450271233,-222.6569043231107,30.185214104372132,-192.08254476236084,39.91897866574205,30.92720590150228,0.0,41110139.09452254,0.003614651637282688,9.479961111111113,-222.94840430493696,41.86597110842902,-195.59679860678176,44.07767661293144,5.4446991376002085
6123875,-1.4701,0.3403,9.6667,0.0012,0.0204,0.0096,52.412903,-1.530553,5.38,19.501,300.832,9.783766503244037,0.0225778652666721,0.0178137033376177,0.0117436601735423,0.0031000000000001,-0.0501,0.0204000000000004,0.0092,0.0131,0.0098999999999999,0.1,42.290620000000025,11.747394444444451,1.1747394444444452,-1.008717964320197,0.6020804188738926,-223.6656222874309,30.787294523246025,-192.08254476236084,39.91897866574205,31.97634225011808,0.0,41110139.09452254,0.003615417672526181,11.747394444444451,-223.95712226925716,42.46805152730291,-196.1739057207646,44.482455293616894,6.128992855690926
6123975,-1.513,0.5858,9.7175,-0.0089,-0.0005,-0.0087,52.412903,-1.530553,5.38,19.537,301.235,9.852011819420436,0.0124559222862058,0.0682453161764016,-0.0101219429804662,-0.0428999999999999,0.2455,0.0507999999999988,-0.0101,-0.0209,-0.0182999999999999,0.1,21.96669999999999,6.101861111111107,0.6101861111111108,-0.5217382039654977,0.3164116570478361,-224.1873604913964,31.103706180293862,-192.08254476236084,39.91897866574205,32.52279620764823,0.0,41110139.09452254,0.003615826441218403,6.101861111111107,-224.47886047322265,42.78446318435075,-196.4721819050831,44.694809665875475,6.486715346506441
6124075,-1.5773,0.4746,9.8119,0.0062,0.0026,-0.0102,52.412903,-1.530553,5.38,19.501,301.217,9.949196050937983,0.0122163824432603,0.0971842315175486,-0.0002395398429455,-0.0643,-0.1111999999999999,0.0944000000000002,0.0150999999999999,0.0031,-0.0015,0.1,12.979890000000003,3.6055250000000005,0.36055250000000005,-0.308348291302269,0.18686743030079137,-224.49570878269867,31.290573610594652,-192.08254476236084,39.91897866574205,32.84679436283638,0.0,41110139.09452254,0.003616067978084818,3.6055250000000005,-224.78720876452493,42.97133061465154,-196.64846954954587,44.82023223551123,6.698503990997222
6124176,-1.1296,0.4654,9.6184,0.0188,0.0096,-0.0072,52.412903,-1.530553,5.38,19.606,301.248,9.69568006279085,0.022303362975121,-0.2535159881471358,0.0100869805318606,0.4477,-0.0092,-0.1935000000000002,0.0126,0.0069999999999999,0.003,0.101,34.67398000000001,9.631661111111113,0.9727977722222224,-0.8316739787388103,0.5046324392360004,-225.3273827614375,31.795206049830654,-192.08254476236084,39.91897866574205,33.72444370344546,0.0,41110139.09452254,0.003616721873705197,9.631661111111113,-225.61888274326375,43.47596305388754,-197.12392371644842,45.158889059938964,7.271324686598033
6124275,-1.3031,0.4514,9.6245,-0.0114,-0.007,-0.0116,52.412903,-1.530553,5.38,19.49,301.039,9.72279958756736,0.017706495983113,0.0271195247765092,-0.0045968669920079,-0.1735,-0.0139999999999999,0.0060999999999999,-0.0302,-0.0166,-0.0043999999999999,0.099,34.21532000000001,9.50425555555556,0.9409213000000004,-0.8061969203140844,0.4851591681806876,-226.13357968175157,32.28036521801134,-192.08254476236084,39.91897866574205,34.579598435656486,0.0,41110139.09452254,0.0036173476769677977,9.50425555555556,-226.42507966357783,43.96112222206823,-197.58499007203383,45.484769157524504,7.8265527650657445
6124375,-1.191,0.4179,9.882,-0.0088,0.0167,-0.0013,52.412903,-1.530553,5.38,19.415,300.02,9.962281134860628,0.0189214164374657,0.2394815472932698,0.0012149204543526,0.1120999999999998,-0.0335,0.2575000000000003,0.0026,0.0237,0.0103,0.1,28.383790000000012,7.884386111111114,0.7884386111111115,-0.6826702164533661,0.3944576264420968,-226.81624989820494,32.67482284445344,-192.08254476236084,39.91897866574205,35.30507645636564,0.0,41110139.09452254,0.003617840213011491,7.884386111111114,-227.1077498800312,44.355579848510324,-197.97613264309572,45.75092419631211,8.29131875997306
6124476,-1.1277,0.4731,9.9267,0.0092,0.0141,0.0059,52.412903,-1.530553,5.38,19.591,300.91700000000003,10.001745037242252,0.0178398430486369,0.0394639023816232,-0.0010815733888288,0.0633000000000001,0.0552,0.0447000000000006,0.018,-0.0026,0.0072,0.101,28.682800000000007,7.967444444444446,0.8047118888888891,-0.6903723861227661,0.41345760677278914,-227.5066222843277,33.088280451226225,-192.08254476236084,39.91897866574205,36.043384229168296,0.0,41110139.09452254,0.0036183734422206644,7.967444444444446,-227.79812226615397,44.76903745528311,-198.37104678052947,46.028789060886915,8.767841279193593
6124575,-1.238,0.2741,9.8109,-0.0013,-0.0156,-0.0094,52.412903,-1.530553,5.38,19.267,301.126,9.89249885620413,0.0182595180659293,-0.109246181038122,0.0004196750172923,-0.1103,-0.199,-0.1158000000000001,-0.0104999999999999,-0.0296999999999999,-0.0153,0.099,29.627030000000005,8.229730555555557,0.8147433250000002,-0.6974468476936734,0.42115861652614206,-228.20406913202137,33.50943906775237,-192.08254476236084,39.91897866574205,36.79258179802005,0.0,41110139.09452254,0.0036189212679282033,8.229730555555557,-228.49556911384764,45.190196071809254,-198.76985499616134,46.311574379620005,9.25123765364309
6124676,-1.4645,0.5125,9.6107,-0.0013,0.0231,0.0135,52.412903,-1.530553,5.38,19.177,298.599,9.73514103595834,0.0267871237724396,-0.1573578202457906,0.0085276057065102,-0.2264999999999999,0.2383999999999999,-0.2002000000000006,0.0,0.0387,0.0229,0.101,39.03197,10.842213888888889,1.0950636027777778,-0.9614563490848463,0.5241812500777616,-229.16552548110622,34.03362031783013,-192.08254476236084,39.91897866574205,37.8211376510682,0.0,41110139.09452254,0.00361954560197968,10.842213888888889,-229.45702546293248,45.714377321887014,-199.3221135701145,46.66765179682467,9.897269600874596
6124776,-1.0834,0.3288,9.8844,0.0088,0.0009,-0.0086,52.412903,-1.530553,5.38,19.372,299.378,9.949031528746906,0.0123373416909802,0.2138904927885665,-0.0144497820814593,0.3811,-0.1836999999999999,0.2736999999999998,0.0101,-0.0221999999999999,-0.0221,0.1,14.480149999999995,4.0222638888888875,0.4022263888888888,-0.3505009764264912,0.19731987594429473,-229.51602645753272,34.23094019377442,-192.08254476236084,39.91897866574205,38.19799625549345,0.0,41110139.09452254,0.0036197882989563715,4.0222638888888875,-229.80752643935898,45.91169719783131,-199.52316601513024,46.80118792030853,10.13546490550898
6124876,-1.2255,0.2098,9.6271,-0.0007,0.0125,-0.0118,52.412903,-1.530553,5.38,19.098,298.758,9.707055202274272,0.0172040692860729,-0.2419763264726331,0.0048667275950927,-0.1421000000000001,-0.119,-0.257299999999999,-0.0095,0.0116,-0.0031999999999999,0.1,34.136530000000015,9.482369444444448,0.9482369444444448,-0.8312810094793719,0.4562073937238343,-230.3473074670121,34.68714758749826,-192.08254476236084,39.91897866574205,39.091866646980186,0.0,41110139.09452254,0.0036203372240689122,9.482369444444448,-230.63880744883835,46.367904591555146,-200.00052000111663,47.110848187975336,10.696603157375604
6124975,-1.1248,0.1333,9.6596,-0.0091,0.0142,-0.0281,52.412903,-1.530553,5.38,19.332,300.284,9.725781001544297,0.0327728546208596,0.0187257992700242,0.0155687853347866,0.1007,-0.0764999999999999,0.0324999999999988,-0.0084,0.0017,-0.0163,0.099,42.1338,11.703833333333334,1.1586795,-1.0005619330262683,0.584306428082892,-231.34786940003835,35.27145401558115,-192.08254476236084,39.91897866574205,40.17721657011681,0.0,41110139.09452254,0.0036210824971995483,11.703833333333334,-231.6393693818646,46.952211019638035,-200.5735298901596,47.50463070759251,11.385909947849122
6125075,-1.1825,0.618,9.8603,-0.0111,0.0081,-0.0234,52.412903,-1.530553,5.38,19.357,299.91900000000004,9.95016313132604,0.0271363225216682,0.224382129781743,-0.0056365320991913,-0.0577,0.4847,0.2007000000000012,-0.002,-0.0061,0.0046999999999999,0.1,31.672699999999992,8.797972222222219,0.8797972222222219,-0.7625478750351984,0.4388210233218562,-232.11041727507356,35.710275038903006,-192.08254476236084,39.91897866574205,41.0058944546437,0.0,41110139.09452254,0.003621636597197661,8.797972222222219,-232.40191725689982,47.39103204295989,-201.01051811635583,47.800856028681835,11.909353423845774
6125175,-1.404,0.5861,9.99,0.0019,-0.0036,-0.0221,52.412903,-1.530553,5.38,19.123,299.543,10.105188232289391,0.0224717600556787,0.1550251009633516,-0.0046645624659894,-0.2214999999999998,-0.0319,0.1296999999999997,0.013,-0.0116999999999999,0.0012999999999999,0.1,32.06583,8.907174999999999,0.8907174999999999,-0.7749116579836811,0.43919197069986643,-232.88532893305725,36.14946700960287,-192.08254476236084,39.91897866574205,41.848870868438325,0.0,41110139.09452254,0.003622185033985165,8.907174999999999,-233.17682891488352,47.83022401365976,-201.4548889057563,48.09784843770052,12.439242158945817
6125276,-1.3642,0.7314,10.1472,0.0103,0.0114,0.0155,52.412903,-1.530553,5.38,19.184,300.04200000000003,10.26458257504902,0.0218242983850569,0.1593943427596293,-0.0006474616706218,0.0397999999999998,0.1453000000000001,0.1571999999999995,0.0084,0.015,0.0376,0.101,41.10907000000001,11.419186111111113,1.1533377972222225,-0.9983968428406808,0.5774009167876074,-233.88372577589794,36.72686792639048,-192.08254476236084,39.91897866574205,42.94008510453513,0.0,41110139.09452254,0.0036229205783962367,11.419186111111113,-234.1752257577242,48.40762493044737,-202.0269075828755,48.48740300371352,13.126623615445679
6125376,-1.4523,0.5068,9.8705,0.0124,0.0126,0.0189,52.412903,-1.530553,5.38,19.084,299.387,9.989634216526648,0.0258791421805283,-0.2749483585223728,0.0040548437954713,-0.0880999999999998,-0.2246,-0.2766999999999999,0.0020999999999999,0.0011999999999999,0.0034,0.1,31.466370000000012,8.740658333333336,0.8740658333333337,-0.761595561888977,0.4289094089801579,-234.64532133778692,37.155777335370644,-192.08254476236084,39.91897866574205,43.77227225583278,0.0,41110139.09452254,0.00362345587794786,8.740658333333336,-234.9368213196132,48.83653433942753,-202.46376289955214,48.77765488405877,13.647191445602267
6125475,-1.271,0.3084,9.682,0.0223,0.0087,0.0174,52.412903,-1.530553,5.38,18.932,300.073,9.769937336544182,0.0295929045549773,-0.2196968799824663,0.003713762374449,0.1813,-0.1984,-0.1884999999999994,0.0099,-0.0039,-0.0015,0.099,36.73328999999999,10.203691666666664,1.0101654749999998,-0.8741847324487242,0.5061969383901168,-235.51950607023565,37.66197427376076,-192.08254476236084,39.91897866574205,44.73237574798019,0.0,41110139.09452254,0.0036241044039326243,10.203691666666664,-235.8110060520619,49.34273127781765,-202.9645880035522,49.119122192743454,14.249965123486591
6125576,-1.1982,0.2575,9.7164,0.0075,0.0135,0.0136,52.412903,-1.530553,5.38,18.641,299.857,9.79338646485474,0.0205781437452458,0.023449128310558,-0.0090147608097315,0.0727999999999999,-0.0509,0.0343999999999997,-0.0148,0.0048,-0.0037999999999999,0.101,31.520069999999983,8.755574999999995,0.8843130749999996,-0.7669387449531191,0.44024376895725553,-236.28644481518876,38.102218042718015,-192.08254476236084,39.91897866574205,45.57564095927705,0.0,41110139.09452254,0.0036246655809147564,8.755574999999995,-236.57794479701502,49.7829750467749,-203.4041411523519,49.41639252098226,14.777666079444597
6125676,-1.3498,0.3702,9.7636,0.002,-0.0023,0.0019,52.412903,-1.530553,5.38,18.504,299.197,9.863411835668224,0.0035916569992135,0.0700253708134841,-0.0169864867460322,-0.1516000000000001,0.1126999999999999,0.0472000000000001,-0.0055,-0.0158,-0.0116999999999999,0.1,21.009399999999992,5.835944444444443,0.5835944444444443,-0.5094473815244767,0.2846855125296578,-236.79589219671323,38.38690355524767,-192.08254476236084,39.91897866574205,46.13493291563612,0.0,41110139.09452254,0.0036250207685267965,5.835944444444443,-237.0873921785395,50.06766055930456,-203.69646083784406,49.609218981593315,15.125600946320006
6125775,-1.4208,0.1305,9.8739,0.0106,0.0155,0.004,52.412903,-1.530553,5.38,18.565,299.045,9.97645248071678,0.0191992187341047,0.1130406450485566,0.0156075617348911,-0.0709999999999999,-0.2396999999999999,0.1103000000000005,0.0086,0.0178,0.0021,0.099,33.57037999999999,9.325105555555554,0.92318545,-0.8070844188990841,0.44820320822371423,-237.6029766156123,38.83510676347139,-192.08254476236084,39.91897866574205,47.02155965429334,0.0,41110139.09452254,0.0036255779334977774,9.325105555555554,-237.89447659743857,50.51586376752827,-204.15968763471358,49.91302247593605,15.676041963432528
6125875,-1.0793,0.3981,9.7551,0.0042,-0.0008,-0.0118,52.412903,-1.530553,5.38,18.266,298.941,9.82269556231893,0.0125506971917897,-0.1537569183978497,-0.0066485215423149,0.3415000000000001,0.2676,-0.1188000000000002,-0.0064,-0.0163,-0.0158,0.1,24.86945999999999,6.90818333333333,0.6908183333333331,-0.604547885168441,0.33429302147638307,-238.20752450078075,39.16939978494777,-192.08254476236084,39.91897866574205,47.68626893333676,0.0,41110139.09452254,0.0036259927580401443,6.90818333333333,-238.499024482607,50.85015678900466,-204.5067316504314,50.1397286296443,16.08801260735185
6125976,-1.039,0.3877,9.7337,0.0039,-0.0003,-0.0002,52.412903,-1.530553,5.38,17.964000000000002,298.998,9.79667024963074,0.0039166312055132,-0.0260253126881906,-0.0086340659862765,0.0403,-0.0104,-0.0213999999999998,-0.0002999999999999,0.0005,0.0116,0.101,26.155309999999997,7.265363888888888,0.7338017527777777,-0.6418098918843262,0.3557317459254491,-238.84933439266507,39.52513153087322,-192.08254476236084,39.91897866574205,48.392943241905876,0.0,41110139.09452254,0.003626435914527503,7.265363888888888,-239.14083437449133,51.205888534930104,-204.8751293465705,50.38090728605026,16.525803181708984
6126075,-0.4956,0.2386,9.938,0.0103,-0.0168,-0.0031,52.412903,-1.530553,5.38,18.158,299.685,9.953210201738935,0.0199484335224598,0.1565399521081953,0.0160318023169466,0.5433999999999999,-0.1490999999999999,0.2042999999999999,0.0064,-0.0164999999999999,-0.0029,0.099,21.70094000000001,6.028038888888892,0.5967758500000003,-0.518455700858857,0.2955420467381492,-239.36779009352392,39.820673577611366,-192.08254476236084,39.91897866574205,48.9663137979754,0.0,41110139.09452254,0.0036268137581889743,6.028038888888892,-239.65929007535019,51.50143058166825,-205.17236127579636,50.58062783720144,16.882359414806032
6126175,-0.2648,0.1711,9.8298,0.0143,-0.0027,0.0147,52.412903,-1.530553,5.38,17.348,299.273,9.834854462065008,0.0206850187333731,-0.1183557396739267,0.0007365852109133,0.2308,-0.0675,-0.1082,0.004,0.0140999999999999,0.0178,0.1,14.901249999999997,4.13923611111111,0.41392361111111103,-0.3610654797280745,0.20239682602253847,-239.728855573252,40.0230704036339,-192.08254476236084,39.91897866574205,49.365133074559665,0.0,41110139.09452254,0.003627069152174391,4.13923611111111,-240.02035555507825,51.70382740769079,-205.3795120521011,50.71766795683101,17.129536757014225
6126276,0.1254,-0.1979,9.7808,0.0151,-0.018,0.0059,52.412903,-1.530553,5.38,17.273,298.443,9.78360558332152,0.02422436789681,-0.0512488787434897,0.0035393491634368,0.3902,-0.369,-0.0490000000000012,0.0008,-0.0152999999999999,-0.0087999999999999,0.101,4.992709999999997,1.386863888888888,0.14007325277777768,-0.12316520278512984,0.06671468329119948,-239.8520207760371,40.089785086925104,-192.08254476236084,39.91897866574205,49.500676452577444,0.0,41110139.09452254,0.0036271508545996124,1.386863888888888,-240.14352075786337,51.77054209098199,-205.45027704539513,50.76302250729837,17.213063446942634
6126376,-0.0039,-0.2507,10.0219,-0.0011,-0.0321,-0.0045,52.412903,-1.530553,5.38,16.258,298.607,10.025035925621417,0.0324325453826862,0.2414303422998962,0.0082081774858761,-0.1293,-0.0527999999999999,0.2411000000000012,-0.0162,-0.0140999999999999,-0.0104,0.1,28.646229999999996,7.9572861111111095,0.795728611111111,-0.698589631612756,0.3809941589368157,-240.55061040764986,40.47077924586192,-192.08254476236084,39.91897866574205,50.270574943948695,0.0,41110139.09452254,0.003627620938440381,7.9572861111111095,-240.84211038947612,52.151536249918806,-205.85153993164445,51.02182240135745,17.68780277448981
6126476,0.2305,-0.2237,10.0722,-0.0022,-0.0574,-0.0073,52.412903,-1.530553,5.38,15.966,298.30400000000003,10.07732031742566,0.0579041449293571,0.0522843918042461,0.0254715995466709,0.2344,0.0269999999999999,0.0503,-0.0011,-0.0253,-0.0028,0.1,29.983569999999997,8.328769444444443,0.8328769444444444,-0.7333017198275861,0.39490833402831405,-241.28391212747744,40.865687579890235,-192.08254476236084,39.91897866574205,51.07833996654074,0.0,41110139.09452254,0.003628103610833382,8.328769444444443,-241.5754121093037,52.54644458394712,-206.27296228417708,51.290479424118004,18.184580801910563
6126576,0.174,-0.1753,9.8718,0.0113,-0.0418,0.01,52.412903,-1.530553,5.38,15.196,299.153,9.8748894338114,0.0444401845180687,-0.2024308836142623,-0.0134639604112883,-0.0565,0.0484,-0.2004000000000001,0.0135,0.0156,0.0173,0.1,18.96246,5.2673499999999995,0.526735,-0.4600092516211087,0.25659549615686456,-241.74392137909854,41.1222830760471,-192.08254476236084,39.91897866574205,51.58768185333015,0.0,41110139.09452254,0.0036284278193716335,5.2673499999999995,-242.0354213609248,52.80304008010398,-206.5369349188739,51.46431619113845,18.499303050980807
6126675,0.3994,-0.3568,9.8638,0.0049,-0.0642,0.0055,52.412903,-1.530553,5.38,14.569,299.153,9.878328656204957,0.0646212039504062,0.0034392223935562,0.0201810194323374,0.2254,-0.1815,-0.0080000000000008,-0.0063999999999999,-0.0223999999999999,-0.0045,0.099,10.793439999999999,2.9981777777777774,0.29681959999999996,-0.25921907992154847,0.14459371891194256,-242.00314045902007,41.26687679495904,-192.08254476236084,39.91897866574205,51.87485332034362,0.0,41110139.09452254,0.0036286107001515786,2.9981777777777774,-242.29464044084634,52.947633799015925,-206.68568571736205,51.56227467054897,18.676671748659782
6126775,0.4042,-0.387,9.9639,0.0089,-0.0699,0.0078,52.412903,-1.530553,5.38,14.144,299.215,9.979601687943262,0.0708947106630671,0.101273031738307,0.0062735067126608,0.0048,-0.0302,0.1001000000000011,0.004,-0.0057,0.0023,0.1,13.425049999999992,3.729180555555553,0.37291805555555535,-0.32548076295057604,0.1820168923711401,-242.32862122197065,41.44889368733018,-192.08254476236084,39.91897866574205,52.23570127741327,0.0,41110139.09452254,0.0036288416077365875,3.729180555555553,-242.6201212037969,53.12965069138706,-206.87243988142416,51.68554985384256,18.89955542221906
6126875,0.5656,-0.5139,9.7689,0.0007,-0.1,0.0103,52.412903,-1.530553,5.38,13.525,298.833,9.798745010459248,0.1005314876046306,-0.1808566774840141,0.0296367769415635,0.1614,-0.1269,-0.1950000000000002,-0.0082,-0.0301,0.0025,0.1,19.13953,5.316536111111112,0.5316536111111112,-0.4657440155871701,0.2563943723099681,-242.79436523755783,41.70528805964015,-192.08254476236084,39.91897866574205,52.751308751619945,0.0,41110139.09452254,0.003629162825153796,5.316536111111112,-243.0858652193841,53.38604506369703,-207.13985326556107,51.85951909825509,19.21715497104149
6126975,0.548,-0.766,9.7484,-0.007,-0.1153,0.0164,52.412903,-1.530553,5.38,13.007,298.474,9.79379204190083,0.1166706904068026,-0.0049529685584186,0.016139202802172,-0.0175999999999999,-0.2521,-0.0205000000000001,-0.0077,-0.0152999999999999,0.0061,0.1,8.560189999999999,2.3778305555555552,0.23778305555555554,-0.20901928344245257,0.11336542973296615,-243.00338452100027,41.81865348937311,-192.08254476236084,39.91897866574205,52.982373203919074,0.0,41110139.09452254,0.0036293031171119863,2.3778305555555552,-243.29488450282653,53.49941049343,-207.25993956709274,51.936576251781105,19.359131302790285
6127075,0.532,-0.818,9.9058,0.0038,-0.1466,0.0065,52.412903,-1.530553,5.38,12.524,298.685,9.953744101593127,0.1467932219143649,0.1599520596922978,0.0301225315075622,-0.016,-0.0519999999999999,0.1573999999999991,0.0108,-0.0313,-0.0099,0.1,14.099290000000002,3.916469444444445,0.39164694444444453,-0.3435808417956416,0.1879881226132868,-243.3469653627959,42.006641611986396,-192.08254476236084,39.91897866574205,53.36274294873054,0.0,41110139.09452254,0.003629537779602144,3.916469444444445,-243.63846534462218,53.68739861604328,-207.45726218548714,52.064222831472804,19.59308275096597
6127176,0.5235,-0.8924,9.9449,-0.0028,-0.1589,0.0204,52.412903,-1.530553,5.38,11.844,298.283,9.998573199211975,0.1602286179182732,0.0448290976188481,0.0134353960039083,-0.0085,-0.0744,0.0391000000000012,-0.0066,-0.0123,0.0139,0.101,15.479989999999997,4.299997222222221,0.4342997194444444,-0.38245214145812784,0.205782909406042,-243.72941750425403,42.212424521392435,-192.08254476236084,39.91897866574205,53.78543396452478,0.0,41110139.09452254,0.003629791083541125,4.299997222222221,-244.0209174860803,53.89318152544932,-207.6770621967599,52.20423220608393,19.85236581776234
6127276,0.5303,-1.0455,9.8826,0.0068,-0.176,0.0389,52.412903,-1.530553,5.38,11.696,299.448,9.951887815886996,0.1803758575863188,-0.0466853833249807,0.0201472396680456,0.0068,-0.1531000000000001,-0.0623000000000004,0.0096,-0.0170999999999999,0.0184999999999999,0.1,17.45184,4.847733333333333,0.48477333333333333,-0.4221417078920768,0.23833078518955886,-244.1515592121461,42.450755306581996,-192.08254476236084,39.91897866574205,54.25513417318516,0.0,41110139.09452254,0.00363009738298353,4.847733333333333,-244.44305919397237,54.13151231063888,-207.91917883926934,52.36546921326666,20.14234608568522
6127375,0.9204,-1.0456,9.9349,-0.0144,-0.2329,0.0126,52.412903,-1.530553,5.38,11.009,298.965,10.032081216278106,0.2336846807131353,0.0801934003911117,0.0533088231268164,0.3901,-9.9999999999989e-05,0.0523000000000006,-0.0212,-0.0569,-0.0262999999999999,0.099,17.64681,4.901891666666666,0.48528727499999996,-0.42458545458782865,0.23501261887263095,-244.57614466673394,42.68576792545463,-192.08254476236084,39.91897866574205,54.726578214244334,0.0,41110139.09452254,0.0036303947457117483,4.901891666666666,-244.8676446485602,54.36652492951151,-208.162904197624,52.52482825534876,20.432459554420856
6127475,0.8123,-0.9514,9.7428,-0.0062,-0.2601,0.0284,52.412903,-1.530553,5.38,10.692,299.461,9.822787032711236,0.2617193344023326,-0.20929418356687,0.0280346536891972,-0.1080999999999999,0.0942,-0.1920999999999999,0.0081999999999999,-0.0272,0.0158,0.1,14.996619999999997,4.165727777777777,0.4165727777777777,-0.36270603364114884,0.2048834115925434,-244.9388507003751,42.89065133704717,-192.08254476236084,39.91897866574205,55.130599212093315,0.0,41110139.09452254,0.0036306587684619028,4.165727777777777,-245.23035068220136,54.57140834110405,-208.3709271087233,52.66342876375275,20.68169257488315
6127576,1.0075,-0.9604,9.8267,-0.0079,-0.2887,0.0326,52.412903,-1.530553,5.38,10.429,298.691,9.924790038081412,0.2906421511068207,0.1020030053701752,0.028922816704488,0.1952,-0.009,0.0838999999999998,-0.0017,-0.0286,0.0041999999999999,0.101,16.072930000000003,4.464702777777778,0.45093498055555564,-0.3955698989225511,0.21648744017850555,-245.33442059929766,43.10713877722567,-192.08254476236084,39.91897866574205,55.56957612091455,0.0,41110139.09452254,0.0036309306111786096,4.464702777777778,-245.62592058112392,54.78789578128256,-208.59810529602112,52.81042244354939,20.951206705518526
6127676,1.7074,-0.9947,10.0027,-0.0105,-0.3196,0.0494,52.412903,-1.530553,5.38,9.716,299.248,10.196011481947243,0.3235657120277116,0.2712214438658318,0.0329235609208909,0.6999,-0.0343,0.1760000000000001,-0.0026,-0.0308999999999999,0.0168,0.1,18.284699999999997,5.079083333333332,0.5079083333333333,-0.4431566554571246,0.24815933146569313,-245.7775772547548,43.355298108691365,-192.08254476236084,39.91897866574205,56.06310452422933,0.0,41110139.09452254,0.0036312487921898503,5.079083333333332,-246.06907723658105,55.03605511274825,-208.85236468856414,52.978467711259384,21.2550491527842
6127776,1.4945,-0.8935,9.4863,-0.0251,-0.3615,0.0492,52.412903,-1.530553,5.38,9.554,298.29,9.644778908300594,0.3656950915722003,-0.551232573646649,0.0421293795444887,-0.2129000000000001,0.1012,-0.5164000000000009,-0.0146,-0.0418999999999999,-0.0001999999999999,0.1,16.182280000000006,4.495077777777779,0.44950777777777795,-0.39581860660370877,0.21303725718525074,-246.1733958613585,43.568335365876614,-192.08254476236084,39.91897866574205,56.50179196504682,0.0,41110139.09452254,0.003631513013230407,4.495077777777779,-246.46489584318476,55.2490923699335,-209.07984382443374,53.12340764670098,21.52359449810213
6127876,1.3322,-0.54,9.5603,-0.019,-0.4015,0.0653,52.412903,-1.530553,5.38,8.906,298.641,9.66776566379223,0.4072190319717388,0.0229867554916349,0.0415239403995384,-0.1622999999999999,0.3534999999999999,0.0739999999999998,0.0061,-0.04,0.0160999999999999,0.1,13.547830000000008,3.763286111111113,0.3763286111111113,-0.3302811197628608,0.18038183242502248,-246.50367698112137,43.748717198301634,-192.08254476236084,39.91897866574205,56.86868729017829,0.0,41110139.09452254,0.003631739894905231,3.763286111111113,-246.79517696294764,55.42947420235852,-209.26954277622906,53.24591599358572,21.748566832529058
6127975,1.5412,-1.1106,10.138,-0.0293,-0.4171,0.0717,52.412903,-1.530553,5.38,8.46,298.806,10.314444909930929,0.4242308216054086,0.6466792461386976,0.0170117896336697,0.2089999999999998,-0.5706,0.5777000000000001,-0.0103,-0.0156,0.0064,0.099,13.121350000000001,3.644819444444445,0.36083712500000004,-0.31618577739370757,0.1738677225715068,-246.8198627585151,43.92258492087314,-192.08254476236084,39.91897866574205,57.22036402278368,0.0,41110139.09452254,0.0036319600881032266,3.644819444444445,-247.11136274034135,55.60334192493003,-209.4510937819999,53.36390462868617,21.96434677372978
6128075,1.6177,-1.0916,10.0579,-0.031,-0.4266,0.0773,52.412903,-1.530553,5.38,8.142999999999999,299.004,10.245481748556289,0.434653712741534,-0.0689631613746382,0.0104228911361254,0.0765,0.0190000000000001,-0.0800999999999998,-0.0017,-0.0094999999999999,0.0055999999999999,0.1,13.138379999999998,3.649549999999999,0.3649549999999999,-0.3191844821390659,0.1769559786687532,-247.13904724065415,44.09954089954189,-192.08254476236084,39.91897866574205,57.575887524992666,0.0,41110139.09452254,0.003632185964449462,3.649549999999999,-247.4305472224804,55.78029790359878,-209.6343031605315,53.48387359190443,22.1826643401008
6128175,1.4091,-1.597,10.2821,-0.0526,-0.479,0.0532,52.412903,-1.530553,5.38,7.56,299.182,10.500359623365288,0.4848071781646802,0.254877874808999,0.0501534654231461,-0.2085999999999999,-0.5054000000000001,0.2241999999999997,-0.0216,-0.0524,-0.0240999999999999,0.1,11.645199999999999,3.2347777777777775,0.32347777777777775,-0.2824204578192248,0.15772304118685018,-247.42146769847338,44.25726394072874,-192.08254476236084,39.91897866574205,57.890877256840014,0.0,41110139.09452254,0.0036323887024221854,3.2347777777777775,-247.71296768029964,55.93802094478563,-209.7963596188816,53.59071202733425,22.376226891090663
6128275,1.4494,-1.0565,9.4266,-0.0263,-0.4817,0.0569,52.412903,-1.530553,5.38,7.416,299.04200000000003,9.595714677396364,0.4857614538021723,-0.904644945968924,0.0009542756374921,0.0403,0.5405,-0.8554999999999993,0.0263,-0.0027,0.0037,0.1,12.434840000000008,3.4541222222222245,0.34541222222222245,-0.30198150150455166,0.16768057731756064,-247.72344919997792,44.4249445180463,-192.08254476236084,39.91897866574205,58.22751807323415,0.0,41110139.09452254,0.0036326033791881083,3.4541222222222245,-248.01494918180418,56.10570152210319,-209.96968307365634,53.704371814927065,22.582886911221344
6128376,1.189,-0.9203,9.8231,-0.0337,-0.5226,0.0333,52.412903,-1.530553,5.38,7.096,299.723,9.937503041508968,0.524743118106374,0.3417883641126042,0.0389816643042016,-0.2603999999999999,0.1362,0.3964999999999996,-0.0074,-0.0408999999999999,-0.0235999999999999,0.101,13.048359999999995,3.6245444444444432,0.3660789888888888,-0.31791491150620216,0.18150464222139007,-248.0413641114841,44.606449160267694,-192.08254476236084,39.91897866574205,58.583421684629755,0.0,41110139.09452254,0.0036328413142353196,3.6245444444444432,-248.33286409331038,56.28720616432458,-210.15193215340912,53.82700688319713,22.802105376155538
6128475,0.8403,-1.0745,10.1491,-0.0319,-0.5146,0.0466,52.412903,-1.530553,5.38,6.235,298.358,10.2403557140365,0.5176894146107297,0.302852672527532,-0.0070537034956442,-0.3487,-0.1542,0.3260000000000005,0.0018,0.008,0.0133,0.099,10.90259,3.028497222222222,0.299821225,-0.2638417747144694,0.14240886515951115,-248.3052058861986,44.748858025427204,-192.08254476236084,39.91897866574205,58.87657869316685,0.0,41110139.09452254,0.003633019540110167,3.028497222222222,-248.59670586802486,56.42961502948409,-210.3035456600602,53.923861677620096,22.981332030375242
6128575,0.9359,-0.6086,9.7058,-0.0202,-0.4927,0.0402,52.412903,-1.530553,5.38,6.098,298.698,9.769793058709077,0.4947498054572635,-0.4705626553274253,-0.0229396091534662,0.0955999999999999,0.4659,-0.4433000000000007,0.0116999999999999,0.0218999999999999,-0.0064,0.1,13.229010000000006,3.6747250000000014,0.36747250000000015,-0.3223332533736108,0.17645767771857848,-248.6275391395722,44.925315703145785,-192.08254476236084,39.91897866574205,59.23551467298538,0.0,41110139.09452254,0.0036332433076001077,3.6747250000000014,-248.91903912139847,56.60607270720267,-210.48866134212616,54.043671264686324,23.20112214015915
6128676,1.0682,-0.5184,10.1505,-0.0239,-0.4799,0.0553,52.412903,-1.530553,5.38,5.425,298.947,10.21970841315935,0.4836665276820384,0.4499153544502743,-0.0110832777752251,0.1323,0.0902,0.4446999999999992,-0.0037,0.0128,0.0151,0.101,10.897089999999997,3.0269694444444433,0.3057239138888888,-0.26752915079605977,0.14797048691505954,-248.89506829036827,45.07328619006084,-192.08254476236084,39.91897866574205,59.533930650396435,0.0,41110139.09452254,0.0036334327581519638,3.0269694444444433,-249.18656827219453,56.75404319411773,-210.64223629953966,54.14401689771217,23.384051459407942
6128775,1.0159,-0.2999,9.5381,-0.048,-0.4677,0.0719,52.412903,-1.530553,5.38,4.835,296.23,9.596736134228136,0.4756226445408166,-0.6229722789312131,-0.0080438831412217,-0.0523,0.2184999999999999,-0.6123999999999992,-0.0241,0.0121999999999999,0.0166,0.099,14.721160000000003,4.089211111111112,0.40483190000000013,-0.36314517502925114,0.17892582013388864,-249.25821346539752,45.25221201019473,-192.08254476236084,39.91897866574205,59.93289033772415,0.0,41110139.09452254,0.003633638424931514,4.089211111111112,-249.54971344722378,56.93296901425162,-210.85166643828276,54.26710284170497,23.625168694729222
6128876,0.9168,-0.6998,9.6743,-0.0377,-0.4389,0.07,52.412903,-1.530553,5.38,4.777,298.664,9.74280877211495,0.4460431593467161,0.1460726378868138,-0.0295794851941004,-0.0991,-0.3999,0.1362000000000005,0.0103,0.0287999999999999,-0.0018999999999999,0.101,12.850540000000008,3.5695944444444465,0.3605290388888891,-0.31634538456078154,0.17293578446705976,-249.5745588499583,45.42514779466179,-192.08254476236084,39.91897866574205,60.28536246977108,0.0,41110139.09452254,0.003633858053851888,3.5695944444444465,-249.86605883178456,57.105904798718676,-211.0333540462466,54.38454080946672,23.840840183352817
6128975,0.7955,-0.8975,10.1798,-0.0218,-0.4329,0.0663,52.412903,-1.530553,5.38,4.039,299.436,10.250202658484367,0.4384898402471829,0.5073938863694174,-0.0075533190995331,-0.1212999999999999,-0.1977,0.5054999999999996,0.0158999999999999,0.006,-0.0037,0.099,11.38936,3.163711111111111,0.3132074,-0.2727739518490478,0.1539261076212004,-249.84733280180734,45.57907390228299,-192.08254476236084,39.91897866574205,60.59073968222558,0.0,41110139.09452254,0.0036340589360035324,3.163711111111111,-250.1388327836336,57.25983090633988,-211.1898051008833,54.4886817282344,24.028392475845568
6129075,1.2009,-0.9383,9.777,-0.0215,-0.4281,0.0532,52.412903,-1.530553,5.38,3.442,297.758,9.89506425951848,0.4319283505397625,-0.355138398965888,-0.0065614897074204,0.4054000000000001,-0.0408,-0.4028000000000009,0.0003,0.0048,-0.0131,0.1,13.79393,3.831647222222222,0.38316472222222225,-0.3390711286486672,0.1784544033431278,-250.186403930456,45.75752830562612,-192.08254476236084,39.91897866574205,60.96674565312426,0.0,41110139.09452254,0.0036342784591214777,3.831647222222222,-250.47790391228227,57.438285309683,-211.38484927706824,54.610424172456874,24.257319115171505
6129175,0.8889,-0.3925,9.6462,-0.0326,-0.3927,0.0202,52.412903,-1.530553,5.38,3.398,299.238,9.695017993794544,0.3945682323755931,-0.2000462657239339,-0.0373601181641694,-0.312,0.5458000000000001,-0.1307999999999989,-0.0110999999999999,0.0353999999999999,-0.033,0.1,11.72972,3.2582555555555555,0.3258255555555556,-0.2843148338666981,0.1591457441983238,-250.4707187643227,45.916674049824444,-192.08254476236084,39.91897866574205,61.28484166319897,0.0,41110139.09452254,0.0036344851396023013,3.2582555555555555,-250.76221874614896,57.59743105388133,-211.54797667114636,54.71819752296492,24.452401071869126
6129276,0.6079,0.1336,9.4662,-0.0199,-0.3304,0.008,52.412903,-1.530553,5.38,2.826,298.968,9.486639753358403,0.3310954092100946,-0.20837824043614,-0.0634728231654984,-0.281,0.5261,-0.1799999999999997,0.0126999999999999,0.0622999999999999,-0.0121999999999999,0.101,16.07894,4.466372222222222,0.4511035944444444,-0.3946661768876791,0.21847897322525342,-250.86538494121038,46.135153023049696,-192.08254476236084,39.91897866574205,61.72582779981673,0.0,41110139.09452254,0.003634766558757946,4.466372222222222,-251.15688492303664,57.81591002710658,-211.77452623612916,54.86634316168752,24.722415734266054
6129375,0.5773,0.2315,9.8991,-0.0062,-0.3058,0.0043,52.412903,-1.530553,5.38,2.657,300.703,9.91862129280073,0.3058930695520904,0.4319815394423241,-0.0252023396580042,-0.0305999999999999,0.0979,0.4329,0.0137,0.0246,-0.0037,0.099,14.540270000000005,4.03896388888889,0.39985742500000016,-0.34380762575527435,0.20416237851316277,-251.20919256696564,46.33931540156286,-192.08254476236084,39.91897866574205,62.11413591888727,0.0,41110139.09452254,0.0036350446131263765,4.03896388888889,-251.5006925487919,58.02007240561974,-211.97127147194013,55.00367897717017,24.962164041082897
6129475,1.3279,0.3886,9.7216,-0.0107,-0.2854,0.0171,52.412903,-1.530553,5.38,2.448,300.751,9.81956388695547,0.2861119710882437,-0.0990574058452598,-0.0197810984638466,0.7506,0.1571,-0.1775000000000002,-0.0045,0.0204,0.0128,0.1,11.34207,3.150575,0.3150575,-0.2707596239567088,0.1610914471381757,-251.47995219092235,46.50040684870103,-192.08254476236084,39.91897866574205,62.42013357604024,0.0,41110139.09452254,0.0036352644824339353,3.150575,-251.7714521727486,58.18116385275792,-212.12620117394619,55.11201907569032,25.151076303888217
6129575,1.1073,0.2424,9.9709,-0.0097,-0.2485,0.0187,52.412903,-1.530553,5.38,2.8080000000000003,298.551,10.035124207502369,0.2493913190149168,0.2155603205468974,-0.0367206520733269,-0.2206000000000001,-0.1462,0.2492999999999998,0.0009999999999999,0.0368999999999999,0.0016,0.1,8.780310000000002,2.4389750000000006,0.24389750000000007,-0.21423762184611894,0.11656857163047583,-251.69418981276846,46.61697542033151,-192.08254476236084,39.91897866574205,62.65912044127179,0.0,41110139.09452254,0.0036354128519679725,2.4389750000000006,-251.98568979459472,58.29773242438839,-212.24926908907605,55.19122316921645,25.297000261762875
6129675,1.3434,0.722,9.6669,-0.029,-0.2088,0.038,52.412903,-1.530553,5.38,2.426,300.83,9.786468370663648,0.214201867405492,-0.2486558368387186,-0.0351894516094247,0.2360999999999999,0.4795999999999999,-0.3040000000000002,-0.0193,0.0396999999999999,0.0192999999999999,0.1,10.158270000000002,2.821741666666667,0.2821741666666667,-0.24230060758575594,0.14461215681124914,-251.9364904203542,46.761587577142755,-192.08254476236084,39.91897866574205,62.933216317382296,0.0,41110139.09452254,0.0036356109090125437,2.821741666666667,-252.22799040218047,58.44234458119964,-212.38789447243218,55.288446773160594,25.466208527247435
6129775,0.8039,0.401,9.8215,-0.0348,-0.204,0.0268,52.412903,-1.530553,5.38,2.689,300.075,9.862500619011389,0.2086750584042088,0.0760322483477402,-0.0055268090012831,-0.5395,-0.3209999999999999,0.1546000000000003,-0.0057999999999999,0.0048,-0.0111999999999999,0.1,4.971609999999998,1.3810027777777774,0.13810027777777775,-0.11950785996635747,0.06920663355893615,-252.05599828032055,46.83079421070169,-192.08254476236084,39.91897866574205,63.06780774945177,0.0,41110139.09452254,0.003635703638024799,1.3810027777777774,-252.34749826214681,58.511551214758576,-212.45636091834584,55.335131346729796,25.548975483204817
6129875,0.5393,-0.0623,10.2112,-0.0098,-0.1455,0.0356,52.412903,-1.530553,5.38,2.779,300.385,10.22562131217463,0.1501121247601272,0.3631206931632409,-0.0585629336440816,-0.2645999999999999,-0.4633,0.3896999999999995,0.0249999999999999,0.0584999999999999,0.0087999999999999,0.1,19.804820000000003,5.501338888888889,0.5501338888888889,-0.4745708641680099,0.27826208974066274,-252.53056914448857,47.109056300442354,-192.08254476236084,39.91897866574205,63.60344503187448,0.0,41110139.09452254,0.0036360802690903918,5.501338888888889,-252.82206912631483,58.78981330449924,-212.72809248172416,55.522576155902094,25.878773063409263
6129975,0.7212,0.07,10.3704,-0.0174,-0.1275,0.0305,52.412903,-1.530553,5.38,2.772,304.42900000000003,10.395683027103123,0.1322469659387314,0.1700617149284955,-0.0178651588213957,0.1818999999999999,0.1323,0.1592000000000002,-0.0075999999999999,0.0179999999999999,-0.0051,0.1,38.40015,10.666708333333332,1.0666708333333332,-0.879819369691394,0.6030792181793913,-253.41038851417997,47.71213551862174,-192.08254476236084,39.91897866574205,64.62334596005171,0.0,41110139.09452254,0.0036369855401518487,10.666708333333332,-253.70188849600623,59.39289252267863,-213.22801815834708,55.92226961263208,26.518604153898718
6130075,1.0131,0.0567,9.757,-0.0247,-0.108,-0.0181,52.412903,-1.530553,5.38,2.984,302.743,9.809619539003538,0.1122572937496713,-0.5860634880995867,-0.0199896721890601,0.2918999999999999,-0.0133,-0.6134000000000004,-0.0073,0.0195,-0.0486,0.1,26.242880000000003,7.2896888888888896,0.728968888888889,-0.6131394495933519,0.39427865313793353,-254.02352796377332,48.106414171759674,-192.08254476236084,39.91897866574205,65.32707736283227,0.0,41110139.09452254,0.003637555995594513,7.2896888888888896,-254.31502794559958,59.78717117581656,-213.57755899104765,56.1852520433187,26.95602504609141
6130175,0.4012,0.2822,9.7649,-0.0126,-0.0925,-0.0236,52.412903,-1.530553,5.38,3.222,303.791,9.777211785064289,0.0962910691601251,-0.0324077539392497,-0.0159662245895462,-0.6118999999999999,0.2255,0.0079000000000011,0.0121,0.0155,-0.0054999999999999,0.1,27.528709999999997,7.646863888888888,0.7646863888888888,-0.6355093255620864,0.42529186504746486,-254.6590372893354,48.53170603680714,-192.08254476236084,39.91897866574205,66.0621676163442,0.0,41110139.09452254,0.003638187338901286,7.646863888888888,-254.95053727116166,60.21246304086402,-213.9391194108321,56.46778011190749,27.414826001067443
6130275,1.2146,1.3481,9.4053,0.008,-0.0577,-0.0018,52.413063,-1.530855,4.11,3.326,304.717,9.578741820301872,0.0582797563481523,-0.1984699647624168,-0.0380113128119728,0.8133999999999999,1.0659,-0.3596000000000003,0.0206,0.0348,0.0218,0.1,36.61482,10.170783333333334,1.0170783333333335,-0.8360130608946784,0.5792499444537066,-255.4950503502301,49.110955981260844,-212.56592347642822,57.710166928988,43.33034170059964,27.108185141087077,41110166.202707686,0.003609482420427673,10.170783333333334,-255.78655033205635,60.79171298531773,-214.4138804647018,56.85128194993113,2.037799901305005
6130375,0.5037,0.7532,9.4025,0.0108,-0.0152,0.0128,52.413063,-1.530855,4.11,3.474,303.895,9.44605897610215,0.0226168079091634,-0.1326828441997225,-0.0356629484389888,-0.7108999999999999,-0.5949000000000001,-0.0028000000000005,0.0028,0.0425,0.0146,0.1,40.31875000000002,11.199652777777784,1.1199652777777784,-0.9296394473419365,0.6245740319398778,-256.424689797572,49.73553001320072,-212.56592347642822,57.710166928988,44.30554525938993,0.0,41110166.202707686,0.0036103731505424405,11.199652777777784,-256.7161897793983,61.41628701725761,-214.94267253524458,57.266035141128654,2.4178893964719697
6130476,0.745,0.2542,9.8939,-0.0383,-0.0095,-0.0387,52.413063,-1.530855,4.11,3.683,309.096,9.925164978477689,0.0552705165526793,0.4791060023755396,0.0326537086435158,0.2412999999999999,-0.499,0.4914000000000005,-0.0491,0.0057,-0.0515,0.101,36.114149999999995,10.031708333333333,1.0132025416666666,-0.7863368009533456,0.6389474359493523,-257.21102659852534,50.37447744915008,-212.56592347642822,57.710166928988,45.14618378456324,0.0,41110166.202707686,0.0036113882890289554,10.031708333333333,-257.5025265803516,62.055234453206964,-215.3850736172232,57.68307188454316,2.8192803439491207
6130575,-1.072,2.2742,10.7701,-0.0486,0.0742,0.0969,52.413063,-1.530855,4.11,4.043,307.938,11.059666525261962,0.1313667004990229,1.1345015467842732,0.0760961839463436,-1.817,2.02,0.876199999999999,-0.0102999999999999,0.0837,0.1356,0.099,50.82186999999998,14.117186111111106,1.3976014249999995,-1.1022554029828746,0.8592571034079904,-258.3132820015082,51.23373455255807,-212.56592347642822,57.710166928988,46.33207838472885,0.0,41110166.202707686,0.0036127279917212234,14.117186111111106,-258.6047819833345,62.914491556614955,-216.00681826423508,58.24587795867899,3.4823473761371018
6130675,-1.0425,-0.3186,11.5648,0.0154,0.0699,0.1399,52.413063,-1.530855,4.11,4.331,311.476,11.616062639724356,0.1571470012440581,0.5563961144623946,0.0257803007450351,0.0295,-2.5928,0.7947000000000006,0.064,-0.0042999999999999,0.043,0.1,53.47299000000002,14.853608333333337,1.485360833333334,-1.1128816691947352,0.9837637905366492,-259.4261636707029,52.21749834309472,-212.56592347642822,57.710166928988,47.55606207315264,0.0,41110166.202707686,0.003614356864460697,14.853608333333337,-259.7176636525292,63.898255347151604,-216.6294327307373,58.883661660150025,4.22956231115237
6130775,-0.281,-0.509,11.2084,0.1042,0.0709,0.0358,52.413063,-1.530855,4.11,4.705,310.48400000000004,11.223469720189028,0.1310194260405685,-0.3925929195353284,-0.0261275752034895,0.7615,-0.1904,-0.3564000000000007,0.0888,0.001,-0.1041,0.1,42.62986,11.841627777777777,1.1841627777777777,-0.900659165241211,0.7688007234266805,-260.32682283594414,52.9862990665214,-212.56592347642822,57.710166928988,48.55338699810964,0.0,41110166.202707686,0.0036156128164093085,11.841627777777777,-260.61832281777043,64.66705607057828,-217.13452326025865,59.38344742349229,4.865385041094271
6130875,0.2987,-0.6885,9.7761,0.1175,-0.0102,-0.0362,52.413063,-1.530855,4.11,4.846,312.189,9.8048653815338,0.1233723226659853,-1.4186043386552267,-0.0076471033745831,0.5797000000000001,-0.1795,-1.4322999999999997,0.0132999999999999,-0.0811,-0.072,0.1,40.80747000000001,11.335408333333335,1.1335408333333337,-0.8398784266028686,0.7612614855364209,-261.166701262547,53.74756055205782,-212.56592347642822,57.710166928988,49.4977239319235,0.0,41110166.202707686,0.00361689007794163,11.335408333333335,-261.4582012443733,65.4283175561147,-217.60357287532503,59.876041715677566,5.483513933402822
6130975,-0.0486,-0.1007,8.8915,0.1374,0.0161,-0.0535,52.413063,-1.530855,4.11,5.501,316.023,8.89220302849637,0.1483247113599079,-0.9126623530374314,0.0249523886939225,-0.3473,0.5878,-0.8845999999999989,0.0199,0.0263,-0.0172999999999999,0.1,35.94819999999999,9.985611111111108,0.9985611111111109,-0.6933704323596328,0.718583144912871,-261.86007169490665,54.46614369697069,-212.56592347642822,57.710166928988,50.29826025007878,0.0,41110166.202707686,0.003618157961470449,9.985611111111108,-262.15157167673294,66.14690070102758,-217.98682863360787,60.33663649311325,6.023666250251017
6131076,0.0573,1.9707,9.6863,0.053,-0.0959,-0.0793,52.413063,-1.530855,4.11,5.922000000000001,317.642,9.884905132068797,0.1352564231376831,0.9927021035724248,-0.0130682882222247,0.1059,2.0714,0.7947999999999986,-0.0844,-0.112,-0.0257999999999999,0.101,39.88765000000003,11.079902777777786,1.1190701805555565,-0.7539857213032046,0.8269362738926936,-262.61405741620985,55.29307997086338,-212.56592347642822,57.710166928988,51.18490330245238,0.0,41110166.202707686,0.003619645260445419,11.079902777777786,-262.90555739803614,66.97383697492027,-218.4015815665535,60.864745985800475,6.633722512324759
6131175,-0.0789,1.24,10.1707,0.0113,-0.0403,0.0207,52.413063,-1.530855,4.11,6.318,318.006,10.24631463990834,0.0466933614125177,0.3614095078395465,-0.0885630617251654,-0.1362,-0.7306999999999999,0.4844000000000008,-0.0417,0.0556,0.0999999999999999,0.099,39.76263000000001,11.045175000000002,1.0934723250000002,-0.7315906997099778,0.8126849165813104,-263.3456481159198,56.10576488744469,-212.56592347642822,57.710166928988,52.055767342837974,0.0,41110166.202707686,0.0036211140399832766,11.045175000000002,-263.6371480977461,67.78652189150158,-218.80356086008692,61.3833396086862,7.238806370175798
6131275,0.3852,-0.2665,10.0485,-0.0701,0.0593,0.0598,52.413063,-1.530855,4.11,6.984,320.891,10.059411192510224,0.1095743583143428,-0.1869034473981159,0.0628809969018251,0.4640999999999999,-1.5065,-0.1221999999999994,-0.0814,0.0996,0.0390999999999999,0.1,35.127440000000014,9.757622222222226,0.9757622222222226,-0.6155085662415576,0.7571400921885673,-263.96115668216135,56.86290497963326,-212.56592347642822,57.710166928988,52.80987599589883,0.0,41110166.202707686,0.0036225237333624384,9.757622222222226,-264.25265666398764,68.54366198369014,-219.1385214534912,61.86357539473256,7.774949906681764
6131375,-0.4261,-0.1287,10.2003,-0.0653,0.0027,-0.0041,52.413063,-1.530855,4.11,7.499,323.606,10.210007100389303,0.0654842729210609,0.1505959078790777,-0.0440900853932818,-0.8112999999999999,0.1378,0.1517999999999997,0.0047999999999999,-0.0566,-0.0639,0.1,36.47817,10.132824999999999,1.0132824999999999,-0.6012155618277165,0.8156477628378765,-264.56237224398905,57.67855274247113,-212.56592347642822,57.710166928988,53.56988064950283,0.0,41110166.202707686,0.0036240809269956343,10.132824999999999,-264.85387222581534,69.35930974652801,-219.4623491030306,62.37819404914932,8.327734602988944
6131476,-0.652,0.0772,9.6787,0.0005,-0.0031,0.0187,52.413063,-1.530855,4.11,7.434,325.904,9.700943125799675,0.0189618037116725,-0.5090639745896279,-0.0465224692093883,-0.2259,0.2059,-0.5216000000000012,0.0658,-0.0058,0.0228,0.101,32.373200000000004,8.992555555555557,0.9082481111111113,-0.5091468012018526,0.7521197817919847,-265.0715190451909,58.430672524263116,-212.56592347642822,57.710166928988,54.23398023965796,0.0,41110166.202707686,0.0036255450651053256,8.992555555555557,-265.3630190270172,70.11142952832,-219.73388045494468,62.85073618071379,8.820717628268767
6131575,-0.2412,0.2269,9.4148,0.0174,0.0061,0.0042,52.413063,-1.530855,4.11,8.802,330.064,9.420622064916945,0.0189105790498334,-0.2803210608827307,-5.122466183912766e-05,0.4108,0.1497,-0.2638999999999996,0.0169,0.0092,-0.0145,0.099,46.805789999999995,13.001608333333332,1.287159225,-0.6423340653462111,1.1154307773225598,-265.7138531105371,59.546103301585674,-212.56592347642822,57.710166928988,55.122351523814615,0.0,41110166.202707686,0.003627785807802708,13.001608333333332,-266.0053530923634,71.22686030564256,-220.0690978763438,63.546568268190924,9.505851180604395
6131675,0.0897,0.0222,9.4348,-0.0045,-0.0291,0.0273,52.413063,-1.530855,4.11,8.536,332.53,9.435252512254245,0.0401540782486661,0.0146304473372982,0.0212434991988326,0.3308999999999999,-0.2047,0.0199999999999995,-0.0219,-0.0352,0.0231,0.1,44.212849999999996,12.281347222222221,1.2281347222222223,-0.5665190349710286,1.089665581241947,-266.2803721455081,60.63576888282762,-212.56592347642822,57.710166928988,55.94629756910854,0.0,41110166.202707686,0.0036300127423284415,12.281347222222221,-266.5718721273344,72.3165258868845,-220.36008089463348,64.22363899854017,10.15747056410208
6131775,0.2601,-0.4264,10.3539,0.0063,-0.0461,0.0358,52.413063,-1.530855,4.11,9.378,335.94,10.365940101119628,0.0587072397579719,0.9306875888653838,0.0185531615093058,0.1704,-0.4486,0.9191000000000004,0.0108,-0.017,0.0084999999999999,0.1,40.13812,11.149477777777777,1.1149477777777779,-0.45455649629166284,1.0180800257595926,-266.7349286417998,61.653848908587214,-212.56592347642822,57.710166928988,56.65747712740091,0.0,41110166.202707686,0.0036321392419017026,11.149477777777777,-267.0264286236261,73.3346059126441,-220.58721773267538,64.8529341872835,10.740590563441183
6131876,-0.4381,-0.7094,9.9322,-0.0168,-0.0851,0.0174,52.413063,-1.530855,4.11,9.648,338.36300000000006,9.96713483454498,0.0884703905270006,-0.3988052665746462,0.0297631507690286,-0.6981999999999999,-0.283,-0.4216999999999995,-0.0231,-0.0389999999999999,-0.0184,0.101,26.74389000000001,7.428858333333336,0.750314691666667,-0.27665970915928817,0.697446443720766,-267.0115883509591,62.35129535230798,-212.56592347642822,57.710166928988,57.11883367521116,0.0,41110166.202707686,0.003633617307125372,7.428858333333336,-267.30308833278536,74.03205235636486,-220.72203118645012,65.2825078946766,11.12935041582052
6131976,0.1,-0.79,10.0114,-0.0191,-0.0897,0.0271,52.413063,-1.530855,4.11,9.972,339.966,10.04301896642638,0.095631114183617,0.0758841318814003,0.0071607236566164,0.5381,-0.0806,0.0792000000000001,-0.0023,-0.0046,0.0097,0.1,33.61916000000001,9.338655555555558,0.9338655555555558,-0.31992152150924724,0.8773568805955164,-267.3315098724683,63.22865223290349,-212.56592347642822,57.710166928988,57.68099077155476,0.0,41110166.202707686,0.003635493927760347,9.338655555555558,-267.6230098542946,74.90940923696037,-220.87480203965825,65.82165361096023,11.611790523873404
6132076,-0.3483,-0.2406,9.9889,0.0,-0.0841,0.0122,52.413063,-1.530855,4.11,10.969,341.941,9.997865995301195,0.0849802918328714,-0.0451529711251836,-0.0106508223507455,-0.4483,0.5494,-0.0225000000000008,0.0191,0.0056,-0.0148999999999999,0.1,28.412380000000002,7.892327777777778,0.7892327777777779,-0.24465914257397248,0.7503534377037236,-267.5761690150423,63.979005670607215,-212.56592347642822,57.710166928988,58.1418183843672,0.0,41110166.202707686,0.00363711657214803,7.892327777777778,-267.8676689968686,75.6597626746641,-220.98813265372863,66.28147784792706,12.016695814379554
6132176,-0.6319,-0.9038,9.8126,-0.0031,-0.0973,-0.0048,52.413063,-1.530855,4.11,10.573,345.415,9.874374451579198,0.097467635654098,-0.1234915437219985,0.0124873438212265,-0.2836,-0.6632,-0.1762999999999994,-0.0031,-0.0132,-0.017,0.1,32.963109999999986,9.15641944444444,0.915641944444444,-0.23057329548923527,0.8861355008311291,-267.80674231053155,64.86514117143834,-212.56592347642822,57.710166928988,58.6397749370229,0.0,41110166.202707686,0.0036390680895592876,9.15641944444444,-268.09824229235784,76.54589817549522,-221.0870473853248,66.82193777040597,12.475332482033641
6132275,-0.9656,0.2526,9.0986,-0.0219,-0.09,0.0453,52.413063,-1.530855,4.11,11.333,348.1,9.153180435236704,0.1031101352923174,-0.7211940163424941,0.0056424996382193,-0.3337,1.1564,-0.7140000000000004,-0.0188,0.0073,0.0501,0.099,40.13722999999999,11.149230555555553,1.1037738249999998,-0.22760278244624674,1.0800526052826578,-268.0343450929778,65.945193776721,-212.56592347642822,57.710166928988,59.20985815798106,0.0,41110166.202707686,0.0036414789783018775,11.149230555555553,-268.3258450748041,77.62595078077788,-221.17563495261274,67.47831346686706,13.02089929646267
6132375,-0.6996,-0.7997,9.7351,-0.0343,-0.0909,0.0582,52.413063,-1.530855,4.11,11.254,349.461,9.792912348224098,0.1132543155910625,0.6397319129873935,0.0101441802987451,0.266,-1.0523,0.6364999999999998,-0.0123999999999999,-0.0008999999999999,0.0129,0.1,35.82581,9.951613888888888,0.9951613888888888,-0.18201975858744143,0.9783736491847232,-268.21636485156523,66.92356742590572,-212.56592347642822,57.710166928988,59.71655231559717,0.0,41110166.202707686,0.003643677630623841,9.951613888888888,-268.5078648333915,78.6043244299626,-221.2414269214675,68.07183125462095,13.51400930967501
6132476,-0.7752,-0.9602,9.7345,-0.0308,-0.1192,0.0006,52.413063,-1.530855,4.11,12.355,352.519,9.812410984564396,0.1231163677177003,0.0194986363402982,0.0098620521266377,-0.0756,-0.1605000000000001,-0.0005999999999986,0.0034999999999999,-0.0283,-0.0576,0.101,31.80001,8.83333611111111,0.8921669472222222,-0.11615782535453051,0.8845729033407737,-268.3325226769198,67.80814032924648,-212.56592347642822,57.710166928988,60.14003310573113,0.0,41110166.202707686,0.003645694564495729,8.83333611111111,-268.62402265874607,79.48889733330337,-221.27194034912617,68.60631166283895,13.94706778676898
6132576,-0.6891,-0.7293,10.1259,0.0043,-0.0869,0.0066,52.413063,-1.530855,4.11,12.683,355.115,10.175489575936874,0.0872562891716121,0.3630785913724779,-0.0358600785460881,0.0860999999999999,0.2309000000000001,0.3913999999999991,0.0351,0.0322999999999999,0.006,0.1,39.93021999999999,11.091727777777775,1.1091727777777776,-0.09445280316351079,1.1051438453603342,-268.4269754800833,68.91328417460682,-212.56592347642822,57.710166928988,60.63646423693549,0.0,41110166.202707686,0.003648244823517264,11.091727777777775,-268.7184754619096,80.5940411786637,-221.27974010407513,69.27183245279434,14.477662446148821
6132676,-0.9468,-0.3118,9.8365,-0.0127,-0.1104,-0.0041,52.413063,-1.530855,4.11,12.708,355.535,9.886879271539629,0.1112036869892361,-0.2886103043972454,0.0239473978176239,-0.2576999999999999,0.4174999999999999,-0.2894000000000005,-0.017,-0.0234999999999999,-0.0107,0.1,29.899890000000006,8.305525000000001,0.8305525000000001,-0.06465859433510467,0.8280318360032172,-268.4916340744184,69.74131601061003,-212.56592347642822,57.710166928988,61.01335309251154,0.0,41110166.202707686,0.0036501593843199895,8.305525000000001,-268.7831340562447,81.42207301466692,-221.28192740929794,69.7702061982899,14.879962087818102
6132775,-1.3429,-0.2191,9.6986,0.0074,-0.0807,0.0324,52.413063,-1.530855,4.11,13.470999999999998,356.749,9.793580917110964,0.0872754833845106,-0.0932983544286649,-0.0239282036047254,-0.3961,0.0927,-0.1378999999999983,0.0201,0.0297,0.0365,0.099,35.443269999999984,9.845352777777773,0.9746899249999996,-0.05527487303797536,0.9731213379158534,-268.5469089474564,70.71443734852589,-212.56592347642822,57.710166928988,61.448703793858385,0.0,41110166.202707686,0.0036524218714272553,9.845352777777773,-268.8384089292827,82.39519435258278,-221.27210239702936,70.35499283383152,15.35217162362775
6132876,-1.0149,0.0061,9.3131,-0.0125,-0.1026,0.0776,52.413063,-1.530855,4.11,13.734000000000002,357.50800000000004,9.368238405911754,0.1292469341996165,-0.4253425111992097,0.0419714508151058,0.328,0.2251999999999999,-0.3855000000000004,-0.0199,-0.0219,0.0452,0.101,37.84164999999998,10.511569444444438,1.0616685138888884,-0.046161233909583606,1.0606644963733751,-268.593070181366,71.77510184489927,-212.56592347642822,57.710166928988,61.92439436172528,0.0,41110166.202707686,0.00365489641413256,10.511569444444438,-268.8845701631923,83.45585884895615,-221.25296382334298,70.99176653366489,15.87027277799213
6132975,-0.8106,-1.6666,10.2736,-0.0104,-0.1184,0.0742,52.413063,-1.530855,4.11,14.550999999999998,358.63300000000004,10.439419757821792,0.1401155237652131,1.0711813519100382,0.0108685895655965,0.2042999999999999,-1.6727,0.9604999999999996,0.0021,-0.0158,-0.0034,0.099,37.699110000000005,10.471975,1.036725525,-0.024732525760627774,1.0364304686548083,-268.6178027071266,72.81153231355408,-212.56592347642822,57.710166928988,62.38476144641042,0.0,41110166.202707686,0.0036573266498430295,10.471975,-268.9093026889529,84.49228931761097,-221.22207000635458,71.61309298981858,16.377430378434777
6133075,-0.9864,-1.5497,10.1685,0.0062,-0.1294,0.0229,52.413063,-1.530855,4.11,15.116,359.384,10.333099597894138,0.1315568698320235,-0.1063201599276535,-0.0085586539331895,-0.1758,0.1169,-0.1051000000000002,0.0166,-0.0109999999999999,-0.0513,0.1,34.05496000000001,9.459711111111114,0.9459711111111114,-0.010170155350031367,0.945916439754034,-268.6279728624766,73.75744875330811,-212.56592347642822,57.710166928988,62.80578527194346,0.0,41110166.202707686,0.003659552108498616,9.459711111111114,-268.9194728443029,85.438205757365,-221.18645218437055,72.17961067074931,16.842752666961935
6133176,-1.1288,-1.4004,10.18,-0.0029,-0.1638,-0.0004,52.413063,-1.530855,4.11,15.408,359.843,10.337683957250771,0.1638261578625342,0.0045843593566328,0.0322692880305106,-0.1423999999999999,0.1493,0.0114999999999998,-0.0091,-0.0344,-0.0233,0.101,36.01609000000001,10.004469444444448,1.0104514138888894,-0.002768802079360574,1.010447620396575,-268.63074166455596,74.76789637370469,-212.56592347642822,57.710166928988,63.260850460924345,0.0,41110166.202707686,0.0036619342893720167,10.004469444444448,-268.92224164638225,86.44865337776157,-221.14356005497874,72.78441974018273,17.343844645565174
6133275,-1.5119,-0.7643,10.2012,0.0017,-0.1828,-0.0215,52.413063,-1.530855,4.11,15.772,1.262,10.340912800135198,0.1840678679183305,0.0032288428844271,0.0202417100557963,-0.3831,0.6361000000000001,0.0212000000000003,0.0046,-0.0189999999999999,-0.0210999999999999,0.099,33.74072,9.372422222222223,0.9278698000000001,0.020435658919260247,0.9276447324253914,-268.6103060056367,75.69554110613008,-212.56592347642822,57.710166928988,63.66954529095694,0.0,41110166.202707686,0.003664134952932439,9.372422222222223,-268.901805987463,87.37629811018697,-221.090432220722,73.33865363285959,17.80215846420405
6133376,-1.0995,-0.5446,9.7704,0.0102,-0.1724,0.0043,52.413063,-1.530855,4.11,16.25,2.709,9.847142000093225,0.1727549999276432,-0.4937708000419736,-0.0113128679906873,0.4124000000000001,0.2197,-0.4307999999999996,0.0085,0.0103999999999999,0.0257999999999999,0.101,19.897110000000005,5.526975000000001,0.5582244750000002,0.026383561745129562,0.5576006385924129,-268.58392244389154,76.2531417447225,-212.56592347642822,57.710166928988,63.90800917752576,0.0,41110166.202707686,0.003665466136230635,5.526975000000001,-268.87542242571783,87.93389874877938,-221.05005962781968,73.67117803659595,18.075797127997745
6133476,-1.0255,-0.4801,9.6828,0.0049,-0.1879,0.0491,52.413063,-1.530855,4.11,16.592,2.303,9.748782595791129,0.1942710220285053,-0.0983594043020961,0.0215160221008621,0.0739999999999998,0.0644999999999999,-0.0876000000000001,-0.0053,-0.0155,0.0448,0.1,20.372450000000004,5.65901388888889,0.5659013888888891,0.022740243758567015,0.5654443060639789,-268.561182200133,76.81858605078648,-212.56592347642822,57.710166928988,64.15740465514185,0.0,41110166.202707686,0.0036668136891418084,5.65901388888889,-268.85268218195927,88.49934305484337,-221.01152150790818,74.0085569920028,18.356624002128427
6133575,-0.9864,-1.2538,10.0057,-0.0039,-0.1929,0.0533,52.413063,-1.530855,4.11,17.053,2.809,10.132079346807346,0.2001662059389646,0.3832967510162177,0.0058951839104592,0.0391,-0.7737,0.3228999999999988,-0.0087999999999999,-0.0049999999999999,0.0042,0.099,26.522619999999996,7.367394444444443,0.7293720499999999,0.03574408901128102,0.7284956742644091,-268.5254381111217,77.54708172505089,-212.56592347642822,57.710166928988,64.47899100550491,0.0,41110166.202707686,0.0036685536675452957,7.367394444444443,-268.81693809294796,89.22783872910777,-220.95801275145388,74.44293823723632,18.71931617485368
6133675,-1.6296,-1.3714,9.9721,-0.0113,-0.192,0.0313,52.413063,-1.530855,4.11,17.359,2.207,10.197014883288148,0.1948624643177849,0.0649355364808013,-0.0053037416211796,-0.6431999999999999,-0.1175999999999999,-0.0335999999999998,-0.0073999999999999,0.0008999999999999,-0.022,0.1,35.53932999999999,9.87203611111111,0.987203611111111,0.03801710424511575,0.9864713222266696,-268.48742100687656,78.53355304727755,-212.56592347642822,57.710166928988,64.93396961092841,0.0,41110166.202707686,0.0036709037206418688,9.87203611111111,-268.77892098870285,90.21431005133444,-220.89176999527223,75.03160086830844,19.218527362146897
6133775,-1.3414,-1.5463,9.9632,-0.0065,-0.2282,-0.018,52.413063,-1.530855,4.11,17.845,2.822,10.171320066245087,0.2290010698664964,-0.0256948170430586,0.0341386055487115,0.2882,-0.1749,-0.0088999999999987,0.0048,-0.0361999999999999,-0.0493,0.1,24.473810000000007,6.798280555555557,0.6798280555555558,0.033470165153919915,0.679003632659662,-268.45395084172264,79.21255667993721,-212.56592347642822,57.710166928988,65.24768594755032,0.0,41110166.202707686,0.0036725256537865412,6.798280555555557,-268.74545082354894,90.8933136839941,-220.84180406170339,75.43646460841497,19.563021977225095
6133876,-1.287,-0.9946,10.1397,-0.0048,-0.2271,0.0035,52.413063,-1.530855,4.11,17.816,0.598,10.269328812049988,0.2271776837631725,0.0980087458048988,-0.0018233861033239,0.0544,0.5517,0.176499999999999,0.0017,0.0010999999999999,0.0215,0.101,23.504279999999998,6.5289666666666655,0.6594256333333333,0.006882345833943403,0.6593897172483733,-268.4470684958887,79.87194639718558,-212.56592347642822,57.710166928988,65.57959531223457,0.0,41110166.202707686,0.0036740856238323336,6.5289666666666655,-268.738568477715,91.55270340124247,-220.808613951156,75.83076291534893,19.90723348843549
6133975,-1.4138,-0.9115,9.8336,0.0111,-0.1996,-0.0393,52.413063,-1.530855,4.11,17.608,0.23,9.976439828415748,0.2037347785725353,-0.2928889836342403,-0.0234429051906371,-0.1268,0.0831,-0.3060999999999989,0.0159,0.0274999999999999,-0.0428,0.099,28.750420000000005,7.9862277777777795,0.7906365500000002,0.0031738100023949354,0.7906301797464929,-268.4438946858863,80.66257657693207,-212.56592347642822,57.710166928988,65.98837569037286,0.0,41110166.202707686,0.0036759531307284815,7.9862277777777795,-268.73539466771257,92.34333358098895,-220.77185696788732,76.30376358292422,20.323857433949836
6134075,-1.0982,-0.5221,9.2659,-0.0122,-0.2122,-0.0002,52.413063,-1.530855,4.11,17.503,2.123,9.345348279224268,0.2125505116437031,-0.6310915491914795,0.0088157330711678,0.3155999999999999,0.3893999999999999,-0.5677000000000003,-0.0233,-0.0126,0.0391,0.1,34.13513000000002,9.48198055555556,0.9481980555555561,0.03512586599468446,0.9475472157615478,-268.4087688198916,81.61012379269361,-212.56592347642822,57.710166928988,66.46090523336598,0.0,41110166.202707686,0.003678209845860034,9.48198055555556,-268.70026880171787,93.2908807967505,-220.70906053303474,76.86926014522604,20.81781770482143
6134182,-1.3006,-0.0872,9.3399,-0.0311,-0.2159,0.0133,52.413063,-1.530855,4.11,17.514,2.369,9.430423967669746,0.2185335443358753,0.0850756884454781,0.0059830326921722,-0.2023999999999999,0.4349,0.0739999999999998,-0.0189,-0.0037,0.0135,0.107,33.10291999999998,9.195255555555551,0.983892344444444,0.040669259080376004,0.9830514517675245,-268.3680995608112,82.59317524446114,-212.56592347642822,57.710166928988,66.95826632285578,0.0,41110166.202707686,0.003680553678238974,9.195255555555551,-268.65959954263747,94.27393224851802,-220.64138141197648,77.45575927746431,21.333106620017052
6134275,-1.4483,-0.7461,10.1705,-0.0387,-0.2164,0.0319,52.413063,-1.530855,4.11,18.094,3.347,10.300160598262536,0.2221356792593211,0.8697366305927883,0.0036021349234457,-0.1476999999999999,-0.6589,0.8306000000000004,-0.0075999999999999,-0.0005,0.0186,0.093,31.272660000000016,8.686850000000005,0.8078770500000004,0.0471662470587458,0.8064990223522261,-268.32093331375245,83.39967426681336,-212.56592347642822,57.710166928988,67.36280813542656,0.0,41110166.202707686,0.0036824847527722553,8.686850000000005,-268.61243329557874,95.08043127087025,-220.57759819162087,77.93631685365249,21.755093024785303
6134375,-1.4572,-0.9421,10.0508,-0.032,-0.2071,0.0244,52.413063,-1.530855,4.11,17.932000000000002,0.928,10.199488462172994,0.210973386947264,-0.1006721360895408,-0.0111622923120571,-0.0089000000000001,-0.196,-0.1196999999999999,0.0066999999999999,0.0093,-0.0074999999999999,0.1,31.16706999999999,8.657519444444441,0.8657519444444441,0.014021672883176912,0.8656383898596995,-268.30691164086926,84.26531265667306,-212.56592347642822,57.710166928988,67.83527095525469,0.0,41110166.202707686,0.003684535895513788,8.657519444444441,-268.59841162269555,95.94606966072995,-220.5310424736643,78.453726777242,22.220224927264486
