timestamp_ms,ax,ay,az,gyro_yaw,gyro_pitch,gyro_roll,gps_lat,gps_lon,gps_speed,vehicle_speed,vehicle_heading,accel_magnitude,gyro_magnitude,accel_change,gyro_change,ax_change,ay_change,az_change,gyro_yaw_change,gyro_pitch_change,gyro_roll_change,dt,predicted_speed,predicted_speed_mps,distance,dx,dy,predicted_x,predicted_y,gps_x,gps_y,position_error,gps_step_distance,distance_travelled,drift_percent,speed_mps,gnss_status,dr_x,dr_y,nav_x,nav_y
6072175,-1.0757,-0.1445,9.785,-0.0058,-0.0269,-0.007,52.412544,-1.527721,11.02,39.294,293.925,9.845010702889054,0.0283945417290013,-0.0631329456457212,0.0076634057253955,-0.0881,-0.1401,-0.0738000000000003,-0.0135,-0.0162,-0.023,0.1,40.40427000000001,11.223408333333337,1.1223408333333338,-1.0259060449907658,0.4551546253953342,-1.0259060449907658,0.4551546253953342,0.0,0.0,1503.9162986092165,0.0,41109924.948922895,0.0036582803312770825,11.223408333333337,AVAILABLE,-31.59302583850544,19.687709999467174,0.0,0.0
6072276,-1.2893,0.2374,9.576,-0.0053,-0.0094,0.0232,52.412952,-1.529004,8.1,39.334,294.341,9.665320959492242,0.0255869107162236,-0.1796897433968123,-0.0028076310127777,-0.2135999999999998,0.3819,-0.2089999999999996,0.0004999999999999,0.0175,0.0301999999999999,0.101,38.736290000000025,10.760080555555563,1.086768136111112,-0.9901637622111819,0.447929353436698,-2.016069807201948,0.9030839788320322,-87.02044665610838,45.36753007100065,1487.9478075569461,98.02226341605709,41110022.97118631,0.0036194283048682245,10.760080555555563,AVAILABLE,-32.58318960071662,20.135639352903866,-87.02044665610838,45.36753007100065
6072375,-0.914,-0.0848,9.9819,-0.0102,-0.0269,-0.0015,52.412952,-1.529004,8.1,38.833,294.595,10.024016891945063,0.0288079850041616,0.3586959324528234,0.0032210742879379,0.3752999999999998,-0.3222,0.405899999999999,-0.0049,-0.0175,-0.0247,0.099,39.05347,10.84818611111111,1.073970425,-0.9765317012422376,0.4469880426181685,-2.9926015084441855,1.3500720214502007,-87.02044665610838,45.36753007100065,1488.0349650827186,0.0,41110022.97118631,0.0036196403152721915,10.84818611111111,AVAILABLE,-33.55972130195886,20.58262739552203,-87.02044665610838,45.36753007100065
6072475,-1.0115,-0.1544,9.5118,-0.0084,-0.0141,-0.0035,52.412952,-1.529004,8.1,38.808,294.271,9.56667710597572,0.0167815374742602,-0.4573397859693457,-0.0120264475299013,-0.0975,-0.0696,-0.4701000000000004,0.0018,0.0128,-0.002,0.1,40.554089999999995,11.265024999999998,1.1265024999999997,-1.0269325729670555,0.4630522358066231,-4.019534081411241,1.8131242572568238,-87.02044665610838,45.36753007100065,1488.1208631316224,0.0,41110022.97118631,0.0036198492620026865,11.265024999999998,AVAILABLE,-34.586653874925915,21.04567963132866,-87.02044665610838,45.36753007100065
6072575,-0.8599,0.0078,10.0396,0.0118,0.0224,0.0278,52.412952,-1.529004,8.1,38.786,294.713,10.076361298107567,0.037601063814738,0.5096841921318482,0.0208195263404777,0.1516,0.1622,0.5278000000000009,0.0202,0.0365,0.0313,0.1,41.86229000000001,11.628413888888891,1.162841388888889,-1.0563406335881882,0.48615281706840463,-5.075874714999429,2.2992770743252287,-87.02044665610838,45.36753007100065,1488.2193621944405,0.0,41110022.97118631,0.003620088860659411,11.628413888888891,AVAILABLE,-35.64299450851411,21.53183244839706,-87.02044665610838,45.36753007100065
6072675,-0.5754,0.307,9.6703,-0.0057,0.0121,0.0022,52.412952,-1.529004,8.1,38.606,294.2,9.692266827218493,0.0135550728511505,-0.3840944708890763,-0.0240459909635874,0.2845,0.2992,-0.3693000000000008,-0.0175,-0.0103,-0.0255999999999999,0.1,37.418350000000025,10.393986111111118,1.039398611111112,-0.948056381915967,0.4260734320373834,-6.023931096915396,2.725350506362612,-87.02044665610838,45.36753007100065,1488.298893014604,0.0,41110022.97118631,0.003620282319126265,10.393986111111118,AVAILABLE,-36.59105089043007,21.957905880434446,-87.02044665610838,45.36753007100065
6072775,-0.9715,0.1899,10.27,0.0031,-0.0033,-0.002,52.412952,-1.529004,8.1,38.477,295.166,10.317595371984694,0.0049497474683058,0.6253285447662034,-0.0086053253828447,-0.3961,-0.1170999999999999,0.5997000000000003,0.0088,-0.0154,-0.0042,0.1,42.044540000000005,11.67903888888889,1.167903888888889,-1.0570459328058215,0.4966421142235738,-7.080977029721217,3.2219926205861857,-87.02044665610838,45.36753007100065,1488.4087349687854,0.0,41110022.97118631,0.00362054950933012,11.67903888888889,AVAILABLE,-37.64809682323589,22.45454799465802,-87.02044665610838,45.36753007100065
6072875,-0.9346,0.0657,10.788,0.0288,0.0268,0.0182,52.412952,-1.529004,8.1,38.365,294.541,10.828607373526848,0.0433465108169042,0.5110120015421522,0.0383967633485984,0.0369,-0.1242,0.5180000000000007,0.0257,0.0301,0.0202,0.1,49.11924999999997,13.644236111111104,1.3644236111111105,-1.2411674349999449,0.5667055574574339,-8.322144464721163,3.7886981780436195,-87.02044665610838,45.36753007100065,1488.5233868387304,0.0,41110022.97118631,0.0036208283996387565,13.644236111111104,AVAILABLE,-38.88926425823584,23.02125355211546,-87.02044665610838,45.36753007100065
6072975,-1.1505,0.0388,10.3475,0.0362,0.0032,-0.0156,52.412952,-1.529004,8.1,38.153,294.969,10.41133574235314,0.0395479455850743,-0.4172716311737066,-0.0037985652318299,-0.2159000000000001,-0.0268999999999999,-0.4405000000000001,0.0074,-0.0236,-0.0338,0.1,45.30157999999999,12.583772222222219,1.258377222222222,-1.1407646472140136,0.531196058978606,-9.462909111935176,4.3198942370222255,-87.02044665610838,45.36753007100065,1488.6395911413777,0.0,41110022.97118631,0.0036211110662349995,12.583772222222219,AVAILABLE,-40.03002890544985,23.552449611094055,-87.02044665610838,45.36753007100065
6073076,-0.8466,-0.0795,10.4253,0.0398,-0.0082,-0.0097,52.412952,-1.529004,8.1,38.027,294.948,10.459920262602388,0.0417776255907393,0.048584520249248,0.002229680005665,0.3039,-0.1183,0.0777999999999998,0.0035999999999999,-0.0114,0.0058999999999999,0.101,44.34842999999998,12.319008333333327,1.244219841666666,-1.1281228950037787,0.5248063911246861,-10.591032006938955,4.844700628146912,-87.02044665610838,45.36753007100065,1488.7550708992412,0.0,41110022.97118631,0.0036213919703783626,12.319008333333327,AVAILABLE,-41.15815180045364,24.077256002218753,-87.02044665610838,45.36753007100065
6073176,-1.0068,0.3614,9.9449,0.0051,-0.0183,-0.0172,52.412952,-1.529004,8.1,37.987,295.33,10.002264354135018,0.0256269389510335,-0.4576559084673697,-0.0161506866397058,-0.1601999999999999,0.4409,-0.4803999999999995,-0.0347,-0.0101,-0.0075,0.1,31.027739999999998,8.618816666666666,0.8618816666666667,-0.779019209766163,0.36873985159108313,-11.370051216705118,5.213440479737995,-87.02044665610838,45.36753007100065,1488.841388192068,0.0,41110022.97118631,0.0036216019369183644,8.618816666666666,AVAILABLE,-41.9371710102198,24.445995853809826,-87.02044665610838,45.36753007100065
6073276,-1.0773,0.5106,9.892,0.0221,0.0133,-0.0003,52.412952,-1.529004,8.1,37.454,294.894,9.963581266291753,0.0257951545837585,-0.0386830878432657,0.000168215632725,-0.0705,0.1492,-0.052900000000001,0.017,0.0316,0.0169,0.1,34.40583000000001,9.557175000000003,0.9557175000000003,-0.8669199712932075,0.4023005135209685,-12.236971187998325,5.615740993258964,-87.02044665610838,45.36753007100065,1488.9304424686777,0.0,41110022.97118631,0.003621818561162705,9.557175000000003,AVAILABLE,-42.804090981513,24.848296367330796,-87.02044665610838,45.36753007100065
6073376,-1.0115,0.3213,9.5262,-0.0079,-0.0079,-0.0032,52.412952,-1.529004,8.1,37.501,295.6,9.585137055879796,0.0116215317406958,-0.3784442104119581,-0.0141736228430627,0.0657999999999998,-0.1893,-0.3658000000000001,-0.03,-0.0212,-0.0029,0.1,45.43234,12.620094444444446,1.2620094444444447,-1.1381211656304475,0.5452962957979521,-13.375092353628773,6.161037289056916,-87.02044665610838,45.36753007100065,1489.0644405569342,0.0,41110022.97118631,0.0036221445110857947,12.620094444444446,AVAILABLE,-43.942212147143465,25.39359266312875,-87.02044665610838,45.36753007100065
6073475,-1.1108,0.3229,9.6161,-0.012,0.015,-0.0027,52.412952,-1.529004,8.1,37.145,295.373,9.685428243500644,0.0193981957923926,0.1002911876208507,0.0077766640516968,-0.0992999999999999,0.0016,0.0899,-0.0040999999999999,0.0229,0.0005,0.099,44.261840000000014,12.294955555555559,1.2172006000000004,-1.0997861722565834,0.5215818976475062,-14.474878525885357,6.682619186704422,-87.02044665610838,45.36753007100065,1489.1898871496328,0.0,41110022.97118631,0.0036224496595231633,12.294955555555559,AVAILABLE,-45.04199831940002,25.915174560776258,-87.02044665610838,45.36753007100065
6073576,-1.2931,0.2434,9.8776,-0.0262,-0.0086,0.0001,52.412952,-1.529004,8.1,36.472,295.593,9.964854887553557,0.0275755326331151,0.2794266440529096,0.0081773368407225,-0.1822999999999999,-0.0795,0.2614999999999998,-0.0142,-0.0236,0.0028,0.101,32.36843000000001,8.991230555555559,0.9081142861111114,-0.8190149334524197,0.39228318268952345,-15.293893459337777,7.074902369393945,-87.02044665610838,45.36753007100065,1489.2875871839292,0.0,41110022.97118631,0.003622687314545553,8.991230555555559,AVAILABLE,-45.861013252852445,26.307457743465783,-87.02044665610838,45.36753007100065
6073675,-1.5294,0.1161,9.9382,-0.019,-0.0011,0.0088,52.412952,-1.529004,8.1,36.493,295.971,10.05586211172369,0.0209678325060078,0.0910072241701343,-0.0066077001271073,-0.2363000000000001,-0.1273,0.0606000000000008,0.0072,0.0075,0.0087,0.099,27.663870000000003,7.684408333333334,0.7607564250000001,-0.6839320541951867,0.3331475400226346,-15.977825513532965,7.4080499094165795,-87.02044665610838,45.36753007100065,1489.374842491792,0.0,41110022.97118631,0.0036228995628041437,7.684408333333334,AVAILABLE,-46.54494530704764,26.64060528348842,-87.02044665610838,45.36753007100065
6073775,-1.4521,0.3828,9.8485,-0.0142,-0.0176,-0.0083,52.412952,-1.529004,8.1,36.148,296.321,9.962333185554476,0.0240892092024624,-0.0935289261692133,0.0031213766964545,0.0773000000000001,0.2667,-0.0897000000000005,0.0047999999999999,-0.0165,-0.0171,0.1,32.072399999999995,8.908999999999999,0.8908999999999999,-0.7985350303062756,0.3950248288066906,-16.77636054383924,7.80307473822327,-87.02044665610838,45.36753007100065,1489.4829159294563,0.0,41110022.97118631,0.003623162451097201,8.908999999999999,AVAILABLE,-47.343480337353924,27.035630112295102,-87.02044665610838,45.36753007100065
6073876,-1.3265,0.4087,9.8274,0.0104,-0.0141,-0.0039,52.412952,-1.529004,8.1,35.86,296.543,9.924939732814504,0.0179493732481109,-0.0373934527399733,-0.0061398359543514,0.1255999999999999,0.0259,-0.0210999999999987,0.0246,0.0035,0.0044,0.101,19.701549999999987,5.472652777777774,0.5527379305555552,-0.4944789336455387,0.2470016276375699,-17.270839477484778,8.05007636586084,-87.02044665610838,45.36753007100065,1489.5523566128766,0.0,41110022.97118631,0.0036233313653385502,5.472652777777774,AVAILABLE,-47.83795927099945,27.282631739932675,-87.02044665610838,45.36753007100065
6073975,-1.3067,0.412,9.9424,-0.0096,-0.0029,0.0098,52.412952,-1.529004,8.1,35.172,296.125,10.036360229186672,0.0140217687899922,0.1114204963721707,-0.0039276044581186,0.0198,0.0032999999999999,0.1149999999999984,-0.0199999999999999,0.0112,0.0137,0.099,22.900330000000007,6.3612027777777795,0.6297590750000002,-0.5654200732561013,0.27730242210251393,-17.83625955074088,8.327378787963353,-87.02044665610838,45.36753007100065,1489.6271597876985,0.0,41110022.97118631,0.003623513323823162,6.3612027777777795,AVAILABLE,-48.40337934425557,27.559934162035184,-87.02044665610838,45.36753007100065
6074075,-1.6125,-0.0872,9.8639,-0.0253,-0.0441,-0.0284,52.412952,-1.529004,8.1,34.884,296.381,9.99521301924076,0.0582362430106888,-0.0411472099459135,0.0442144742206965,-0.3058,-0.4992,-0.0785,-0.0157,-0.0412,-0.0382,0.1,37.43914000000001,10.399761111111113,1.0399761111111114,-0.9316721228204699,0.46210103574974826,-18.76793167356135,8.789479823713101,-87.02044665610838,45.36753007100065,1489.7558753890532,0.0,41110022.97118631,0.00362382642411368,10.399761111111113,AVAILABLE,-49.33505146707603,28.022035197784938,-87.02044665610838,45.36753007100065
6074175,-1.5036,0.2368,9.9644,0.0059,-0.0111,-0.0092,52.412952,-1.529004,8.1,34.535,296.808,10.079987825389471,0.0155775479456813,0.0847748061487134,-0.0426586950650074,0.1089,0.324,0.1005000000000002,0.0312,0.033,0.0192,0.1,26.38875,7.330208333333333,0.7330208333333333,-0.654237847212916,0.3305939826659035,-19.422169520774265,9.120073806379004,-87.02044665610838,45.36753007100065,1489.8524470061698,0.0,41110022.97118631,0.0036240613342648715,7.330208333333333,AVAILABLE,-49.98928931428895,28.35262918045084,-87.02044665610838,45.36753007100065
6074276,-1.314,0.3923,9.7814,-0.0029,-0.0236,-0.0072,52.412952,-1.529004,8.1,34.247,296.967,9.877058329786252,0.0248437114779575,-0.2029294956032199,0.0092661635322762,0.1896,0.1554999999999999,-0.1829999999999998,-0.0087999999999999,-0.0124999999999999,0.002,0.101,34.35589999999999,9.543305555555554,0.963873861111111,-0.859069789786338,0.437094859738362,-20.281239310560604,9.557168666117366,-87.02044665610838,45.36753007100065,1489.982622323737,0.0,41110022.97118631,0.0036243779853104285,9.543305555555554,AVAILABLE,-50.848359104075286,28.789724040189206,-87.02044665610838,45.36753007100065
6074375,-1.3859,0.267,10.0191,-0.007,-0.0115,0.0061,52.412952,-1.529004,8.1,33.624,297.131,10.11802216937678,0.0147803924169827,0.2409638395905275,-0.0100633190609748,-0.0718999999999998,-0.1252999999999999,0.2377000000000002,-0.0041,0.0121,0.0133,0.099,32.20134999999999,8.944819444444441,0.8855371249999997,-0.7880981108122043,0.40382838865971227,-21.069337421372808,9.960997054777078,-87.02044665610838,45.36753007100065,1490.105268114584,0.0,41110022.97118631,0.003624676320806211,8.944819444444441,AVAILABLE,-51.636457214887486,29.19355242884891,-87.02044665610838,45.36753007100065
6074475,-1.736,0.0076,9.9827,-0.0027,-0.0309,-0.0133,52.412952,-1.529004,8.1,33.134,297.413,10.132524515144288,0.0337489259088344,0.0145023457675073,0.0189685334918517,-0.3501000000000001,-0.2594,-0.0364000000000004,0.0043,-0.0194,-0.0194,0.1,36.24986,10.069405555555555,1.0069405555555555,-0.89387215340561,0.46359665204631095,-21.963209574778418,10.424593706823389,-87.02044665610838,45.36753007100065,1490.2502610694685,0.0,41110022.97118631,0.0036250290157073695,10.069405555555555,AVAILABLE,-52.53032936829308,29.65714908089523,-87.02044665610838,45.36753007100065
6074576,-1.5205,0.1066,9.9123,0.0036,-0.0113,0.0056,52.412952,-1.529004,8.1,33.034,297.555,10.028807262082566,0.0131152582894886,-0.1037172530617223,-0.0206336676193458,0.2155,0.099,-0.0703999999999993,0.0063,0.0196,0.0189,0.101,31.58403,8.773341666666665,0.8861075083333333,-0.7855938328208709,0.4099132178382663,-22.74880340759929,10.834506924661655,-87.02044665610838,45.36753007100065,1490.3805784578287,0.0,41110022.97118631,0.003625346012339679,8.773341666666665,AVAILABLE,-53.315923201113975,30.067062298733497,-87.02044665610838,45.36753007100065
6074675,-1.3843,0.2267,9.839,-0.0125,-0.0314,-0.0265,52.412952,-1.529004,8.1,32.4,297.47900000000004,9.938490850224698,0.0429471768571579,-0.0903164118578683,0.0298319185676692,0.1361999999999998,0.1201,-0.0732999999999997,-0.0161,-0.0201,-0.0321,0.099,33.86374999999999,9.406597222222219,0.9312531249999997,-0.8261891598245921,0.42970205376586185,-23.574992567423884,11.264208978427517,-87.02044665610838,45.36753007100065,1490.5168689541008,0.0,41110022.97118631,0.0036256775385379676,9.406597222222219,AVAILABLE,-54.14211236093857,30.496764352499348,-87.02044665610838,45.36753007100065
6074775,-1.3146,0.4163,9.822,0.0051,0.0,0.0074,52.412952,-1.529004,8.1,31.594,298.337,9.918324598943109,0.0089872131386765,-0.020166251281589,-0.0339599637184813,0.0697000000000001,0.1896,-0.0170000000000012,0.0176,0.0314,0.0339,0.1,13.54405,3.762236111111111,0.37622361111111113,-0.331141118461656,0.17857705681707295,-23.90613368588554,11.44278603524459,-87.02044665610838,45.36753007100065,1490.5776577886788,0.0,41110022.97118631,0.0036258254071845518,3.762236111111111,AVAILABLE,-54.47325347940023,30.675341409316424,-87.02044665610838,45.36753007100065
6074876,-1.3776,0.5996,9.5858,0.0099,0.0015,0.025,52.412952,-1.529004,8.1,31.756,298.2,9.702827606424842,0.0269306516816804,-0.2154969925182666,0.0179434385430039,-0.0629999999999999,0.1833,-0.2361999999999984,0.0048,0.0015,0.0176,0.101,36.49988999999999,10.138858333333332,1.0240246916666667,-0.9024764957656228,0.48390365129187995,-24.80861018165116,11.92668968653647,-87.02044665610838,45.36753007100065,1490.7411677990306,0.0,41110022.97118631,0.003626223144764184,10.138858333333332,AVAILABLE,-55.375729975165854,31.159245060608306,-87.02044665610838,45.36753007100065
6074975,-1.6286,0.2289,10.201,-0.0103,0.0066,0.0021,52.412952,-1.529004,8.1,30.762,298.627,10.332721527748632,0.012412090879461,0.6298939213237897,-0.0145185608022194,-0.2510000000000001,-0.3707,0.6151999999999997,-0.0202,0.0051,-0.0229,0.099,37.66570999999998,10.462697222222218,1.0358070249999995,-0.9091871773028455,0.4962608887142266,-25.71779735895401,12.422950575250697,-87.02044665610838,45.36753007100065,1490.914870840077,0.0,41110022.97118631,0.0036266456768585297,10.462697222222218,AVAILABLE,-56.284917152468694,31.65550594932254,-87.02044665610838,45.36753007100065
6075075,-1.5288,0.4805,9.8518,0.008,-0.0068,-0.0181,52.412952,-1.529004,8.1,30.755,297.895,9.981286136064831,0.0209248655909661,-0.3514353916838004,0.0085127747115051,0.0998000000000001,0.2516,-0.3491999999999997,0.0183,-0.0133999999999999,-0.0202,0.1,30.32552999999999,8.42375833333333,0.8423758333333331,-0.7444972043456229,0.39410779909255683,-26.462294563299633,12.817058374343254,-87.02044665610838,45.36753007100065,1491.0460321293044,0.0,41110022.97118631,0.0036269647262770124,8.42375833333333,AVAILABLE,-57.0294143568143,32.04961374841509,-87.02044665610838,45.36753007100065
6075175,-1.1975,0.4359,9.6441,0.0052,0.0064,0.0076,52.412952,-1.529004,8.1,30.006,297.921,9.727932970061008,0.0112142766151009,-0.2533531660038228,-0.0097105889758652,0.3312999999999999,-0.0445999999999999,-0.2077000000000008,-0.0028,0.0132,0.0257,0.1,34.86312999999999,9.684202777777775,0.9684202777777776,-0.855690410351566,0.45346637807400514,-27.3179849736512,13.27052475241726,-87.02044665610838,45.36753007100065,1491.1978267926252,0.0,41110022.97118631,0.003627333966312288,9.684202777777775,AVAILABLE,-57.88510476716587,32.50308012648909,-87.02044665610838,45.36753007100065
6075276,-1.4032,0.3783,9.9738,-0.0049,-0.0035,0.0021,52.412952,-1.529004,8.1,29.38,298.502,10.079125337547897,0.006377303505401,0.3511923674868882,-0.0048369731096999,-0.2057,-0.0575999999999999,0.3297000000000007,-0.0101,-0.0099,-0.0055,0.101,22.65753999999999,6.293761111111108,0.6356698722222219,-0.5586269736657089,0.3033349481086994,-27.87661194731691,13.573859700525958,-87.02044665610838,45.36753007100065,1491.304158336172,0.0,41110022.97118631,0.0036275926174534493,6.293761111111108,AVAILABLE,-58.443731740831595,32.80641507459779,-87.02044665610838,45.36753007100065
6075375,-1.4311,0.5994,9.8202,-0.0035,0.0225,0.0175,52.412952,-1.529004,8.1,29.142,298.945,9.942014665549433,0.0287184609615487,-0.1371106719984638,0.0223411574561477,-0.0279,0.2211,-0.1536000000000008,0.0013999999999999,0.026,0.0154,0.099,36.510180000000005,10.141716666666667,1.00402995,-0.8786112354656904,0.48592019654512775,-28.7552231827826,14.059779897071085,-87.02044665610838,45.36753007100065,1491.4802910284177,0.0,41110022.97118631,0.003628021059666603,10.141716666666667,AVAILABLE,-59.32234297629728,33.292335271142925,-87.02044665610838,45.36753007100065
6075475,-1.5308,0.1657,10.0956,-0.0124,0.0106,0.0154,52.412952,-1.529004,8.1,28.796,299.207,10.212342752277754,0.0224339029150079,0.2703280867283215,-0.0062845580465408,-0.0996999999999999,-0.4337000000000001,0.2753999999999994,-0.0089,-0.0118999999999999,-0.0021,0.1,34.07472,9.4652,0.94652,-0.8261817826944204,0.46186986516103157,-29.58140496547702,14.521649762232116,-87.02044665610838,45.36753007100065,1491.6511934128896,0.0,41110022.97118631,0.0036284367791727485,9.4652,AVAILABLE,-60.1485247589917,33.75420513630396,-87.02044665610838,45.36753007100065
6075576,-1.2054,0.2506,10.2395,0.0061,0.0161,-0.0017,52.412952,-1.529004,8.1,27.889,298.111,10.31325117361155,0.0173005780250256,0.1009084213337949,-0.0051333248899822,0.3253999999999999,0.0849,0.1439000000000003,0.0185,0.0055,-0.0171,0.101,43.38841999999999,12.052338888888885,1.2172862277777774,-1.0736907888644398,0.5735624205307629,-30.65509575434146,15.095212182762879,-87.02044665610838,45.36753007100065,1491.848902102497,0.0,41110022.97118631,0.0036289177049307953,12.052338888888885,AVAILABLE,-61.22221554785614,34.32776755683471,-87.02044665610838,45.36753007100065
6075675,-1.087,0.1224,9.8487,0.0009,0.0099,-0.0034,52.412952,-1.529004,8.1,27.698,298.396,9.909260439104424,0.0105061886524086,-0.4039907345071256,-0.006794389372617,0.1184,-0.1281999999999999,-0.3908000000000005,-0.0052,-0.0061999999999999,-0.0017,0.099,28.243369999999995,7.845380555555554,0.7766926749999998,-0.6832423914059147,0.3693661408204361,-31.338338145747375,15.464578323583314,-87.02044665610838,45.36753007100065,1491.979365929089,0.0,41110022.97118631,0.003629235057773637,7.845380555555554,AVAILABLE,-61.90545793926205,34.697133697655154,-87.02044665610838,45.36753007100065
6075775,-1.0462,0.4158,9.8563,-0.0074,-0.0103,-0.014,52.412952,-1.529004,8.1,27.245,298.508,9.920386775222022,0.0188904737897174,0.0111263361175986,0.0083842851373087,0.0407999999999999,0.2934,0.0076,-0.0083,-0.0202,-0.0106,0.1,25.982439999999993,7.217344444444443,0.7217344444444443,-0.6342244896066812,0.3444704705496182,-31.972562635354056,15.809048794132933,-87.02044665610838,45.36753007100065,1492.102340769318,0.0,41110022.97118631,0.0036295341936809934,7.217344444444443,AVAILABLE,-62.53968242886873,35.04160416820476,-87.02044665610838,45.36753007100065
6075875,-1.355,0.3464,9.9623,-0.0114,0.0423,0.0121,52.412952,-1.529004,8.1,26.773000000000003,300.011,10.059992010434204,0.0454495324508404,0.1396052352121817,0.026559058661123,-0.3087999999999999,-0.0694,0.1060000000000016,-0.004,0.0525999999999999,0.0260999999999999,0.1,41.4358,11.509944444444445,1.1509944444444444,-0.996679922599118,0.5756885816392326,-32.96924255795317,16.384737375772165,-87.02044665610838,45.36753007100065,1492.3288328766416,0.0,41110022.97118631,0.0036300851350109997,11.509944444444445,AVAILABLE,-63.53636235146786,35.617292749844005,-87.02044665610838,45.36753007100065
6075975,-1.2508,0.5378,9.5659,-0.0036,0.0034,-0.007,52.412952,-1.529004,8.1,26.471,299.241,9.662306778921891,0.0085743804440904,-0.3976852315123107,-0.03687515200675,0.1042,0.1913999999999999,-0.3964000000000016,0.0078,-0.0389,-0.0191,0.1,39.29363000000001,10.914897222222224,1.0914897222222224,-0.9524041871557778,0.5331754664319116,-33.92164674510895,16.917912842204075,-87.02044665610838,45.36753007100065,1492.530006220723,0.0,41110022.97118631,0.0036305744885300243,10.914897222222224,AVAILABLE,-64.48876653862362,36.15046821627592,-87.02044665610838,45.36753007100065
6076075,-0.9846,0.0693,10.0215,0.001,-0.0031,-0.0076,52.412952,-1.529004,8.1,25.837,297.386,10.069990163848225,0.0082686153617156,0.4076833849263312,-0.0003057650823747,0.2661999999999999,-0.4684999999999999,0.4556000000000004,0.0046,-0.0065,-0.0005999999999999,0.1,28.343559999999997,7.87321111111111,0.787321111111111,-0.6990843073198835,0.3621541981812625,-34.62073105242884,17.280067040385337,-87.02044665610838,45.36753007100065,1492.6504752829858,0.0,41110022.97118631,0.003630867529140455,7.87321111111111,AVAILABLE,-65.18785084594353,36.51262241445718,-87.02044665610838,45.36753007100065
6076176,-1.2111,0.3333,9.9237,-0.0049,0.0078,-0.008,52.412952,-1.529004,8.1,25.34,298.747,10.0028832738366,0.0122004098291819,-0.0671068900116242,0.0039317944674663,-0.2265,0.264,-0.0977999999999994,-0.0059,0.0109,-0.0004,0.101,22.506339999999987,6.251761111111107,0.6314278722222219,-0.5536056113213141,0.3036807286158221,-35.174336663750154,17.58374776900116,-87.02044665610838,45.36753007100065,1492.7621758945832,0.0,41110022.97118631,0.0036311392405225565,6.251761111111107,AVAILABLE,-65.74145645726483,36.81630314307299,-87.02044665610838,45.36753007100065
6076275,-1.2902,0.3334,10.0283,0.0038,0.0186,0.0065,52.412952,-1.529004,8.1,24.689,298.723,10.11645058753316,0.0200661406354086,0.1135673136965582,0.0078657308062267,-0.0790999999999999,9.9999999999989e-05,0.1045999999999995,0.0087,0.0107999999999999,0.0144999999999999,0.099,31.862149999999996,8.850597222222222,0.8762091249999999,-0.7683945002813468,0.4210846977398311,-35.9427311640315,18.004832466740993,-87.02044665610838,45.36753007100065,1492.9172460848044,0.0,41110022.97118631,0.0036315164482665905,8.850597222222222,AVAILABLE,-66.50985095754618,37.23738784081282,-87.02044665610838,45.36753007100065
6076375,-0.7877,0.1946,10.0881,0.0037,0.001,-0.0058,52.412952,-1.529004,8.1,24.602,298.958,10.120676956607202,0.0069519781357538,0.0042263690740433,-0.0131141624996548,0.5025000000000001,-0.1387999999999999,0.0598000000000009,-9.999999999999984e-05,-0.0175999999999999,-0.0122999999999999,0.1,34.709329999999994,9.641480555555553,0.9641480555555554,-0.8436053062018317,0.4668099831619628,-36.78633647023333,18.471642449902955,-87.02044665610838,45.36753007100065,1493.0923451139383,0.0,41110022.97118631,0.003631942376097515,9.641480555555553,AVAILABLE,-67.353456263748,37.70419782397479,-87.02044665610838,45.36753007100065
6076476,-0.8946,0.1317,9.9352,-0.0086,-0.0076,-0.0143,52.412952,-1.529004,8.1,24.109,298.224,9.976264485768208,0.0183360301046873,-0.1444124708389935,0.0113840519689334,-0.1069,-0.0628999999999999,-0.1529000000000007,-0.0123,-0.0086,-0.0085,0.101,34.0718,9.46438888888889,0.9559032777777778,-0.8422515716184522,0.4520656662173614,-37.628588041851785,18.923708116120316,-87.02044665610838,45.36753007100065,1493.2544870503682,0.0,41110022.97118631,0.0036323367858416876,9.46438888888889,AVAILABLE,-68.19570783536645,38.15626349019215,-87.02044665610838,45.36753007100065
6076575,-0.9689,0.2712,9.9931,-0.0116,0.006,-0.0064,52.412952,-1.529004,8.1,23.486,298.849,10.043623064412564,0.0145437271701582,0.0673585786443542,-0.003792302934529,-0.0743,0.1394999999999999,0.0579,-0.0029999999999999,0.0136,0.0079,0.099,20.396220000000003,5.665616666666668,0.5608960500000001,-0.4912856858621656,0.2706339848809534,-38.11987372771395,19.19434210100127,-87.02044665610838,45.36753007100065,1493.355927097726,0.0,41110022.97118631,0.0036325835384339415,5.665616666666668,AVAILABLE,-68.68699352122863,38.4268974750731,-87.02044665610838,45.36753007100065
6076675,-1.0517,0.2257,10.0525,0.0048,0.0082,-0.0019,52.412952,-1.529004,8.1,23.432,299.373,10.109884748601242,0.0096896852374058,0.0662616841886798,-0.0048540419327524,-0.0828000000000001,-0.0454999999999999,0.0594000000000001,0.0163999999999999,0.0022,0.0045,0.1,37.345349999999996,10.373708333333331,1.0373708333333331,-0.9040116749446288,0.5088232870206522,-39.02388540265858,19.703165388021922,-87.02044665610838,45.36753007100065,1493.5533975567457,0.0,41110022.97118631,0.003633063884696843,10.373708333333331,AVAILABLE,-69.59100519617326,38.93572076209376,-87.02044665610838,45.36753007100065
6076775,-0.9784,0.4189,9.9914,0.0035,0.0174,0.0076,52.412952,-1.529004,8.1,22.471,299.353,10.047926041228608,0.0193072525233395,-0.0619587073726339,0.0096175672859337,0.0733,0.1931999999999999,-0.0610999999999997,-0.0012999999999999,0.0091999999999999,0.0095,0.1,34.59816000000001,9.610600000000002,0.9610600000000002,-0.8376754734710664,0.47110097085977787,-39.861560876129644,20.1742663588817,-87.02044665610838,45.36753007100065,1493.7366320444125,0.0,41110022.97118631,0.0036335096020047486,9.610600000000002,AVAILABLE,-70.42868066964431,39.40682173295354,-87.02044665610838,45.36753007100065
6076876,-0.9934,0.2462,9.9843,-0.0009,0.0141,0.0034,52.412952,-1.529004,8.1,22.097,299.323,10.036618179944876,0.0145320335810236,-0.0113078612837327,-0.0047752189423158,-0.0149999999999999,-0.1727,-0.0071000000000012,-0.0044,-0.0032999999999999,-0.0042,0.101,23.74264999999999,6.595180555555553,0.6661132361111108,-0.5807659799565771,0.3262172893141826,-40.44232685608622,20.500483648195882,-87.02044665610838,45.36753007100065,1493.8636395991762,0.0,41110022.97118631,0.003633818547477371,6.595180555555553,AVAILABLE,-71.0094466496009,39.73303902226771,-87.02044665610838,45.36753007100065
6076976,-1.0506,0.3575,9.9486,0.0011,0.0038,0.0055,52.412952,-1.529004,8.1,21.398000000000003,299.186,10.010305118726402,0.0067749538743817,-0.0263130612184738,-0.0077570797066419,-0.0572,0.1112999999999999,-0.0356999999999985,0.002,-0.0103,0.0021,0.1,20.756169999999994,5.765602777777776,0.5765602777777776,-0.5033609101158159,0.2811575147111769,-40.945687766202035,20.781641162907057,-87.02044665610838,45.36753007100065,1493.9724497182647,0.0,41110022.97118631,0.0036340832277456476,5.765602777777776,AVAILABLE,-71.51280755971672,40.01419653697889,-87.02044665610838,45.36753007100065
6077075,-0.9876,0.2872,9.8538,0.0028,0.0026,0.0021,52.412952,-1.529004,8.1,20.725,299.161,9.907331226924835,0.0043600458713183,-0.1029738918015645,-0.0024149080030634,0.0629999999999999,-0.0702999999999999,-0.0948000000000011,0.0017,-0.0012,-0.0034,0.099,19.484680000000004,5.412411111111112,0.5358287000000002,-0.46791452909732567,0.261090768131158,-41.41360229529936,21.042731931038215,-87.02044665610838,45.36753007100065,1494.0735356396394,0.0,41110022.97118631,0.0036343291189275756,5.412411111111112,AVAILABLE,-71.98072208881405,40.27528730511005,-87.02044665610838,45.36753007100065
6077176,-0.9109,0.3681,9.991,0.0054,0.0182,0.0077,52.412952,-1.529004,8.1,20.106,299.601,10.039189081793408,0.0204863369102433,0.1318578548685707,0.016126291038925,0.0766999999999999,0.0808999999999999,0.1372,0.0026,0.0156,0.0056,0.101,35.4611,9.850305555555556,0.9948808611111112,-0.8650352872859037,0.49142840735490667,-42.27863758258527,21.53416033839312,-87.02044665610838,45.36753007100065,1494.269210881479,0.0,41110022.97118631,0.0036348050983304007,9.850305555555556,AVAILABLE,-72.84575737609995,40.76671571246495,-87.02044665610838,45.36753007100065
6077278,0.0255,0.1682,10.06,-0.0059,-0.0093,-0.0101,52.412952,-1.529004,8.1,19.505,299.209,10.06143834101268,0.0149435604860421,0.0222492592192722,-0.0055427764242012,0.9364,-0.1999,0.0690000000000008,-0.0113,-0.0275,-0.0178,0.102,13.08878,3.635772222222222,0.37084876666666666,-0.3236936525726486,0.1809730008105221,-42.60233123515792,21.715133339203643,-87.02044665610838,45.36753007100065,1494.3398240187032,0.0,41110022.97118631,0.0036349768645618954,3.635772222222222,AVAILABLE,-73.1694510286726,40.947688713275475,-87.02044665610838,45.36753007100065
6077376,1.0148,-0.2612,9.7695,0.0244,0.0082,0.0031,52.412952,-1.529004,8.1,18.954,299.741,9.825536867265829,0.0259270129401749,-0.2359014737468516,0.0109834524541328,0.9893,-0.4294,-0.2904999999999997,0.0303,0.0175,0.0132,0.098,17.189759999999996,4.774933333333332,0.4679434666666666,-0.4063044320860075,0.23213745166018465,-43.00863566724393,21.94727079086383,-87.02044665610838,45.36753007100065,1494.4333126424942,0.0,41110022.97118631,0.003635204275341638,4.774933333333332,AVAILABLE,-73.57575546075861,41.17982616493567,-87.02044665610838,45.36753007100065
6077475,1.0186,-0.394,9.6911,0.0391,0.014,0.0101,52.412952,-1.529004,8.1,18.158,299.163,9.752445907053266,0.0427413149072416,-0.0730909602125624,0.0168143019670667,0.0038,-0.1328,-0.0784000000000002,0.0147,0.0058,0.0069999999999999,0.099,28.388510000000007,7.885697222222224,0.7806840250000002,-0.6817221300783903,0.38042408474173023,-43.69035779732232,22.32769487560556,-87.02044665610838,45.36753007100065,1494.5818720360035,0.0,41110022.97118631,0.003635565645593397,7.885697222222224,AVAILABLE,-74.257477590837,41.5602502496774,-87.02044665610838,45.36753007100065
6077575,0.6191,-0.2944,9.6556,-0.0083,0.0123,0.0013,52.412952,-1.529004,8.1,17.611,299.493,9.6799053471612,0.014895301272549,-0.0725405598920652,-0.0278460136346926,-0.3994999999999999,0.0996,-0.0355000000000007,-0.0474,-0.0017,-0.0087999999999999,0.1,15.801749999999995,4.3893749999999985,0.43893749999999987,-0.38205815730476966,0.21609649081633361,-44.07241595462709,22.543791366421893,-87.02044665610838,45.36753007100065,1494.668051992206,0.0,41110022.97118631,0.0036357752780624983,4.3893749999999985,AVAILABLE,-74.63953574814175,41.77634674049373,-87.02044665610838,45.36753007100065
6077675,0.5308,-0.1764,9.8293,-0.012,0.0022,-0.0095,52.412952,-1.529004,8.1,16.87,299.345,9.845202084772051,0.0154625353677849,0.165296737610852,0.0005672340952359,-0.0882999999999999,0.118,0.1737000000000002,-0.0037,-0.0101,-0.0108,0.1,7.495580000000003,2.0821055555555565,0.20821055555555568,-0.18149394387671614,0.10203716862412712,-44.25390989850381,22.645828535046018,-87.02044665610838,45.36753007100065,1494.7084474344115,0.0,41110022.97118631,0.0036358735398470607,2.0821055555555565,AVAILABLE,-74.82102969201847,41.87838390911785,-87.02044665610838,45.36753007100065
6077776,0.5124,-0.1111,9.9038,0.0047,-0.0123,-0.0194,52.412952,-1.529004,8.1,16.43,300.483,9.91766864792326,0.0234465349252293,0.0724665631512078,0.0079839995574444,-0.0184,0.0653,0.0745000000000004,0.0167,-0.0145,-0.0099,0.101,15.597910000000004,4.332752777777779,0.43760803055555575,-0.37712172261830684,0.22199097895210307,-44.63103162112211,22.86781951399812,-87.02044665610838,45.36753007100065,1494.8019484377437,0.0,41110022.97118631,0.0036361009807399976,4.332752777777779,AVAILABLE,-75.19815141463678,42.10037488806996,-87.02044665610838,45.36753007100065
6077876,0.6922,-0.0935,9.9282,-0.0064,-0.0095,-0.0062,52.412952,-1.529004,8.1,15.630999999999998,299.461,9.95274024226494,0.0130249760076554,0.0350715943416801,-0.0104215589175739,0.1798,0.0176,0.0243999999999999,-0.0111,0.0028,0.0132,0.1,2.9441900000000016,0.817830555555556,0.0817830555555556,-0.07120774395736737,0.04022344312095997,-44.70223936507948,22.908042957119083,-87.02044665610838,45.36753007100065,1494.81800833328,0.0,41110022.97118631,0.0036361400463847614,0.817830555555556,AVAILABLE,-75.26935915859414,42.14059833119092,-87.02044665610838,45.36753007100065
6077975,0.7544,-0.2397,9.8435,-0.0011,0.0044,-0.0039,52.412952,-1.529004,8.1,15.214,300.822,9.875275575901668,0.0059816385714952,-0.0774646663632729,-0.0070433374361601,0.0621999999999999,-0.1462,-0.0846999999999997,0.0053,0.0139,0.0023,0.099,7.851400000000002,2.180944444444445,0.21591350000000006,-0.18541857320736027,0.11062817087883539,-44.887657938286836,23.01867112799792,-87.02044665610838,45.36753007100065,1494.8654446722235,0.0,41110022.97118631,0.003636255435128224,2.180944444444445,AVAILABLE,-75.4547777318015,42.25122650206975,-87.02044665610838,45.36753007100065
6078075,0.5753,-0.2644,9.8383,0.0025,0.0222,0.0104,52.412952,-1.529004,8.1,14.314,300.551,9.858652257788588,0.0246424430607032,-0.0166233181130799,0.0186608044892079,-0.1790999999999999,-0.0247,-0.0052000000000003,0.0036,0.0178,0.0143,0.1,6.56989,1.8249694444444444,0.18249694444444445,-0.15716218028194923,0.09276413003194031,-45.044820118568786,23.11143525802986,-87.02044665610838,45.36753007100065,1494.9047200150942,0.0,41110022.97118631,0.0036363509722747204,1.8249694444444444,AVAILABLE,-75.61193991208347,42.3439906321017,-87.02044665610838,45.36753007100065
6078175,0.642,-0.1583,9.9124,0.0011,0.0134,0.0006,52.412952,-1.529004,8.1,13.86,299.992,9.934429860339243,0.0134584545918169,0.0757776025506551,-0.0111839884688862,0.0666999999999999,0.1061,0.0740999999999996,-0.0014,-0.0088,-0.0098,0.1,2.8539700000000017,0.7927694444444449,0.0792769444444445,-0.06866138172884391,0.0396288856711051,-45.11348150029763,23.151064143700967,-87.02044665610838,45.36753007100065,1494.921031787353,0.0,41110022.97118631,0.00363639065060881,0.7927694444444449,AVAILABLE,-75.68060129381232,42.38361951777281,-87.02044665610838,45.36753007100065
6078276,0.8554,-0.1621,9.8362,-0.0003,0.0212,0.0091,52.412952,-1.529004,8.1,13.302,299.848,9.874655234994282,0.0230724944468516,-0.0597746253449607,0.0096140398550346,0.2134,-0.0037999999999999,-0.0762,-0.0014,0.0078,0.0085,0.101,10.954879999999998,3.0430222222222216,0.3073452444444444,-0.2665755304821114,0.15296596298129903,-45.380057030779746,23.304030106682266,-87.02044665610838,45.36753007100065,1494.9835521497364,0.0,41110022.97118631,0.003636542731191268,3.0430222222222216,AVAILABLE,-75.94717682429442,42.536585480754106,-87.02044665610838,45.36753007100065
6078375,0.7006,-0.1382,9.881,-0.0025,-0.0051,-0.0098,52.412952,-1.529004,8.1,12.168,300.706,9.906770442480234,0.0113269589917152,0.0321152074859512,-0.0117455354551363,-0.1548,0.0239,0.0448000000000003,-0.0022,-0.0263,-0.0189,0.099,4.967240000000002,1.3797888888888894,0.13659910000000006,-0.11744774266445193,0.06975200257938616,-45.4975047734442,23.37378210926165,-87.02044665610838,45.36753007100065,1495.0133581858759,0.0,41110022.97118631,0.003636615234279287,1.3797888888888894,AVAILABLE,-76.06462456695888,42.60633748333348,-87.02044665610838,45.36753007100065
6078475,0.7781,-0.2228,10.0001,-0.0097,-0.0196,-0.0131,52.412952,-1.529004,8.1,11.905,300.583,10.03280018040826,0.0254923517942146,0.1260297379280253,0.0141653928024993,0.0775,-0.0846,0.1190999999999995,-0.0072,-0.0144999999999999,-0.0033,0.1,13.266000000000004,3.685000000000001,0.3685000000000001,-0.31723907961769776,0.1874876432283368,-45.8147438530619,23.561269752489988,-87.02044665610838,45.36753007100065,1495.0930523194133,0.0,41110022.97118631,0.003636809090005404,3.685000000000001,AVAILABLE,-76.38186364657659,42.79382512656182,-87.02044665610838,45.36753007100065
6078576,0.6473,-0.1856,9.884,0.0013,-0.0061,-0.0158,52.412952,-1.529004,8.1,11.196,299.374,9.90691176149258,0.0169864652002704,-0.1258884189156788,-0.0085058865939441,-0.1308,0.0372,-0.1160999999999994,0.011,0.0134999999999999,-0.0027,0.101,3.8910800000000045,1.0808555555555568,0.10916641111111124,-0.09513159373908163,0.05354703714999061,-45.90987544680098,23.614816789639978,-87.02044665610838,45.36753007100065,1495.1144239512437,0.0,41110022.97118631,0.0036368610764317927,1.0808555555555568,AVAILABLE,-76.47699524031566,42.84737216371182,-87.02044665610838,45.36753007100065
6078675,0.681,-0.081,9.7713,0.0006,0.0065,-0.0066,52.412952,-1.529004,8.1,10.515999999999998,299.807,9.795336936011951,0.0092827797560859,-0.1115748254806288,-0.0077036854441844,0.0337,0.1045999999999999,-0.1127000000000002,-0.0007,0.0126,0.0092,0.099,8.154340000000005,2.2650944444444456,0.22424435000000012,-0.19457788318634253,0.11146737586237775,-46.10445332998732,23.726284165502356,-87.02044665610838,45.36753007100065,1495.1600091181283,0.0,41110022.97118631,0.0036369719622051156,2.2650944444444456,AVAILABLE,-76.67157312350199,42.95883953957419,-87.02044665610838,45.36753007100065
6078775,0.765,-0.2093,10.0173,-0.0023,0.0064,0.0057,52.412952,-1.529004,8.1,10.156,299.966,10.048648206599731,0.0088735562205916,0.2533112705877798,-0.0004092235354943,0.0839999999999999,-0.1283,0.2460000000000004,-0.0029,-9.99999999999994e-05,0.0123,0.1,10.38944,2.885955555555556,0.2885955555555556,-0.25001666654535537,0.14414944029016674,-46.35446999653268,23.870433605792524,-87.02044665610838,45.36753007100065,1495.219507149223,0.0,41110022.97118631,0.003637116690976336,2.885955555555556,AVAILABLE,-76.92158979004736,43.10298897986436,-87.02044665610838,45.36753007100065
6078876,0.698,-0.2024,9.8623,0.0109,0.0216,0.0149,52.412952,-1.529004,8.1,9.198,299.766,9.889040957039262,0.0284144329522867,-0.1596072495604694,0.0195408767316951,-0.067,0.0069,-0.1550000000000011,0.0132,0.0152,0.0092,0.101,12.06372999999999,3.3510361111111084,0.33845464722222196,-0.2937990124309885,0.16802883240948444,-46.648269008963666,24.038462438202007,-87.02044665610838,45.36753007100065,1495.2881958864498,0.0,41110022.97118631,0.0036372837761109635,3.3510361111111084,AVAILABLE,-77.21538880247834,43.27101781227385,-87.02044665610838,45.36753007100065
6078975,0.6474,-0.2056,9.8203,0.0025,0.0067,0.0023,52.412952,-1.529004,8.1,8.456,300.35400000000004,9.843764026529689,0.0075119904153293,-0.0452769305095728,-0.0209024425369574,-0.0505999999999999,-0.0032,-0.0419999999999998,-0.0084,-0.0149,-0.0126,0.099,1.1155800000000005,0.30988333333333345,0.030678450000000013,-0.02647303767806971,0.015503082612758096,-46.67474204664173,24.053965520814764,-87.02044665610838,45.36753007100065,1495.2947335960805,0.0,41110022.97118631,0.0036372996790688264,0.30988333333333345,AVAILABLE,-77.24186184015642,43.2865208948866,-87.02044665610838,45.36753007100065
6079076,0.7656,-0.2231,9.9698,0.0078,-0.0066,-0.0033,52.412952,-1.529004,8.1,8.262,300.093,10.001641315804122,0.0107373181009039,0.1578772892744329,0.0032253276855746,0.1181999999999999,-0.0174999999999999,0.1494999999999997,0.0052999999999999,-0.0133,-0.0056,0.101,14.37046000000001,3.991794444444447,0.40317123888888917,-0.3488288701976918,0.20215208923927447,-47.023570916839425,24.256117610054037,-87.02044665610838,45.36753007100065,1495.3789117883816,0.0,41110022.97118631,0.00363750444225361,3.991794444444447,AVAILABLE,-77.5906907103541,43.48867298412588,-87.02044665610838,45.36753007100065
6079176,0.7748,-0.1673,9.8371,-0.0074,-0.0106,-0.0155,52.412952,-1.529004,8.1,7.272,301.219,9.868983774431896,0.0201834090282092,-0.132657541372227,0.0094460909273053,0.0092,0.0557999999999999,-0.1326999999999998,-0.0152,-0.004,-0.0121999999999999,0.1,19.42511000000001,5.395863888888892,0.5395863888888892,-0.4614501944997041,0.2796733613884898,-47.48502111133913,24.535790971442527,-87.02044665610838,45.36753007100065,1495.5020817027687,0.0,41110022.97118631,0.0036378040526782347,5.395863888888892,AVAILABLE,-78.05214090485381,43.76834634551437,-87.02044665610838,45.36753007100065
6079275,0.6637,-0.1179,9.7364,0.0013,-0.0051,-0.0075,52.412952,-1.529004,8.1,6.901,299.879,9.759707119580996,0.0091624232602516,-0.1092766548508983,-0.0110209857679576,-0.1111,0.0494,-0.1006999999999997,0.0087,0.0055,0.008,0.099,6.4755899999999995,1.7987749999999998,0.178078725,-0.15440839331394862,0.08871347345150322,-47.63942950465308,24.62450444489403,-87.02044665610838,45.36753007100065,1495.5387064222161,0.0,41110022.97118631,0.003637893142191692,1.7987749999999998,AVAILABLE,-78.20654929816774,43.85705981896586,-87.02044665610838,45.36753007100065
6079375,0.7226,-0.227,9.8843,-0.007,0.0155,0.0024,52.412952,-1.529004,8.1,6.516,299.392,9.913277270912983,0.0171758551461055,0.1535701513319889,0.0080134318858539,0.0589,-0.1091,0.1478999999999999,-0.0083,0.0206,0.0098999999999999,0.1,4.96374,1.3788166666666666,0.13788166666666665,-0.12013386196540238,0.0676698545295867,-47.75956336661848,24.692174299423616,-87.02044665610838,45.36753007100065,1495.5659300448165,0.0,41110022.97118631,0.003637959363566998,1.3788166666666666,AVAILABLE,-78.32668316013317,43.924729673495456,-87.02044665610838,45.36753007100065
6079476,0.8352,-0.2344,9.8661,0.0013,0.0213,0.0066,52.412952,-1.529004,8.1,5.267,300.085,9.90416233762351,0.0223369648788728,-0.0091149332894744,0.0051611097327673,0.1126,-0.0073999999999999,-0.0182000000000002,0.0083,0.0058,0.0042,0.101,5.254969999999997,1.4597138888888879,0.14743110277777768,-0.1275695806297637,0.07390488592926629,-47.88713294724824,24.766079185352883,-87.02044665610838,45.36753007100065,1495.5967985133268,0.0,41110022.97118631,0.0036380344510183777,1.4597138888888879,AVAILABLE,-78.45425274076291,43.99863455942472,-87.02044665610838,45.36753007100065
6079575,0.62,-0.1284,9.7017,0.0029,0.016,0.0105,52.412952,-1.529004,8.1,5.058,300.938,9.722338682127877,0.0193561359780303,-0.1818236554956342,-0.0029808289008425,-0.2152,0.106,-0.1643999999999987,0.0015999999999999,-0.0052999999999999,0.0039,0.099,5.399029999999999,1.4997305555555551,0.14847332499999996,-0.12734915255986476,0.07633165515590438,-48.014482099808106,24.842410840508787,-87.02044665610838,45.36753007100065,1495.630057073781,0.0,41110022.97118631,0.0036381153523608006,1.4997305555555551,AVAILABLE,-78.58160189332278,44.07496621458062,-87.02044665610838,45.36753007100065
6079675,0.7786,-0.2047,9.9716,-0.0029,0.0021,-0.001,52.412952,-1.529004,8.1,4.651,298.797,10.004045512191556,0.0037175260590882,0.2817068300636798,-0.0156386099189421,0.1585999999999999,-0.0763,0.2698999999999998,-0.0058,-0.0139,-0.0115,0.1,6.799169999999998,1.8886583333333329,0.1888658333333333,-0.165509155213364,0.0909781432062284,-48.17999125502147,24.933388983715016,-87.02044665610838,45.36753007100065,1495.665478146231,0.0,41110022.97118631,0.003638201514006769,1.8886583333333329,AVAILABLE,-78.74711104853614,44.16594435778685,-87.02044665610838,45.36753007100065
6079775,0.7896,-0.2857,9.8561,-0.0033,-0.0038,-0.0093,52.412952,-1.529004,8.1,3.892,298.362,9.891804681654405,0.0105744976240008,-0.1122408305371518,0.0068569715649126,0.011,-0.081,-0.1155000000000008,-0.0004,-0.0059,-0.0082999999999999,0.1,4.830710000000002,1.3418638888888894,0.13418638888888895,-0.11807916806988461,0.06374399603856101,-48.29807042309135,24.997132979753577,-87.02044665610838,45.36753007100065,1495.689656899584,0.0,41110022.97118631,0.0036382603287473253,1.3418638888888894,AVAILABLE,-78.86519021660604,44.229688353825416,-87.02044665610838,45.36753007100065
6079875,0.7345,-0.1759,9.8026,-0.0013,-0.0016,-0.001,52.412952,-1.529004,8.1,3.4560000000000004,302.21,9.831652852903218,0.0022912878474779,-0.0601518287511861,-0.0082832097765229,-0.0550999999999999,0.1098,-0.0534999999999996,0.002,0.0021999999999999,0.0082999999999999,0.1,10.560919999999994,2.9335888888888872,0.2933588888888887,-0.24821099953615772,0.15636731563656414,-48.54628142262751,25.153500295390142,-87.02044665610838,45.36753007100065,1495.7618020260368,0.0,41110022.97118631,0.0036384358215377412,2.9335888888888872,AVAILABLE,-79.1134012161422,44.386055669461975,-87.02044665610838,45.36753007100065
6079976,0.8532,-0.2896,9.9475,0.0008,0.0167,0.0058,52.412952,-1.529004,8.1,3.168,299.636,9.988221796195756,0.0176966098448262,0.1565689432925374,0.0154053219973482,0.1186999999999999,-0.1137,0.1448999999999998,0.0021,0.0183,0.0068,0.101,6.22929,1.7303583333333332,0.17476619166666665,-0.15190404832950383,0.08641980010841166,-48.698185470957014,25.239920095498555,-87.02044665610838,45.36753007100065,1495.7971569565223,0.0,41110022.97118631,0.0036385218222935913,1.7303583333333332,AVAILABLE,-79.26530526447169,44.47247546957039,-87.02044665610838,45.36753007100065
6080075,0.6941,-0.2099,9.7651,0.0066,0.0085,0.0065,52.412952,-1.529004,8.1,2.012,301.66900000000004,9.791987072601762,0.0125721915352893,-0.196234723593994,-0.0051244183095369,-0.1590999999999999,0.0797,-0.1823999999999994,0.0058,-0.0081999999999999,0.0007,0.099,3.5126500000000016,0.9757361111111116,0.09659787500000006,-0.08221399666850233,0.05071497023864967,-48.780399467625514,25.290635065737206,-87.02044665610838,45.36753007100065,1495.8200505361162,0.0,41110022.97118631,0.0036385775108530704,0.9757361111111116,AVAILABLE,-79.3475192611402,44.523190439809035,-87.02044665610838,45.36753007100065
6080175,0.8227,-0.3197,9.9422,-0.006,-0.0091,-0.0197,52.412952,-1.529004,8.1,1.901,299.806,9.981301729734454,0.0225144398109302,0.1893146571326927,0.0099422482756409,0.1285999999999999,-0.1097999999999999,0.1770999999999993,-0.0126,-0.0176,-0.0261999999999999,0.1,7.7383999999999995,2.149555555555555,0.21495555555555554,-0.18651981716793578,0.10684684678471958,-48.96691928479345,25.397481912521926,-87.02044665610838,45.36753007100065,1495.8642001480503,0.0,41110022.97118631,0.0036386849046435455,2.149555555555555,AVAILABLE,-79.53403907830813,44.630037286593755,-87.02044665610838,45.36753007100065
6080276,0.664,-0.2652,9.8793,-0.0012,0.0179,0.0018,52.412952,-1.529004,8.1,0.994,296.617,9.905139854136335,0.0180302523554164,-0.0761618755981174,-0.0044841874555137,-0.1586999999999999,0.0544999999999999,-0.062899999999999,0.0048,0.027,0.0215,0.101,1.3791,0.38308333333333333,0.038691416666666666,-0.034590952356193104,0.017334697538901267,-49.00151023714964,25.414816610060825,-87.02044665610838,45.36753007100065,1495.8700313231338,0.0,41110022.97118631,0.0036386990889583724,0.38308333333333333,AVAILABLE,-79.56863003066431,44.647371984132654,-87.02044665610838,45.36753007100065
6080375,0.8506,-0.2886,9.8888,-0.0036,0.0081,-0.007,52.412952,-1.529004,8.1,0.389,296.617,9.929510348451226,0.0112946890174099,0.0243704943148888,-0.0067355633380065,0.1866,-0.0234,0.0094999999999991,-0.0024,-0.0098,-0.0088,0.099,3.12725,0.8686805555555556,0.085999375,-0.0768852768797744,0.03852981572121846,-49.07839551402941,25.453346425782044,-87.02044665610838,45.36753007100065,1495.8829957733128,0.0,41110022.97118631,0.003638730624942159,0.8686805555555556,AVAILABLE,-79.64551530754409,44.68590179985389,-87.02044665610838,45.36753007100065
6080476,0.6538,-0.2194,9.8214,-0.0039,-0.0019,-0.0104,52.412952,-1.529004,8.1,0.0969999999999999,296.617,9.845582195076124,0.0112685402781371,-0.0839281533751012,-2.6148739272726512e-05,-0.1967999999999999,0.0692,-0.0673999999999992,-0.0002999999999999,-0.01,-0.0033999999999999,0.101,4.9784700000000015,1.3829083333333336,0.1396737416666667,-0.12487130634235134,0.06257723998005497,-49.20326682037176,25.5159236657621,-87.02044665610838,45.36753007100065,1495.9040619581835,0.0,41110022.97118631,0.0036387818683697912,1.3829083333333336,AVAILABLE,-79.77038661388644,44.74847903983393,-87.02044665610838,45.36753007100065
6080575,0.9073,-0.263,9.8873,0.0005,0.0235,0.0068,52.412952,-1.529004,8.1,0.248,296.617,9.932324178156891,0.0244691642685237,0.0867419830807669,0.0132006239903865,0.2534999999999999,-0.0436,0.0658999999999991,0.0043999999999999,0.0254,0.0172,0.099,8.034519999999995,2.2318111111111096,0.22094929999999988,-0.1975333902937356,0.09899067071978382,-49.400800210665494,25.61491433648188,-87.02044665610838,45.36753007100065,1495.9374124928634,0.0,41110022.97118631,0.003638862993439225,2.2318111111111096,AVAILABLE,-79.96792000418017,44.84746971055372,-87.02044665610838,45.36753007100065
6080676,0.7823,-0.1291,9.8548,-0.0046,-0.0061,-0.0082,52.412952,-1.529004,8.1,0.173,296.617,9.886644685635265,0.011207586716149,-0.0456794925216286,-0.0132615775523747,-0.125,0.1339,-0.0325000000000006,-0.0051,-0.0296,-0.015,0.101,5.572220000000002,1.5478388888888894,0.15633172777777785,-0.13976390148519066,0.07004042369677069,-49.54056411215068,25.684954760178652,-87.02044665610838,45.36753007100065,1495.9610287846383,0.0,41110022.97118631,0.003638920439993783,1.5478388888888894,AVAILABLE,-80.10768390566537,44.917510134250485,-87.02044665610838,45.36753007100065
6080775,0.7801,-0.2171,9.7845,0.001,0.0068,0.0025,52.412952,-1.529004,8.1,0.104,296.617,9.817949310828611,0.0073136858012906,-0.0686953748066514,-0.0038939009148584,-0.0021999999999999,-0.088,-0.0702999999999995,0.0056,0.0129,0.0107,0.099,4.092870000000001,1.1369083333333336,0.11255392500000004,-0.10062561137834275,0.050426901229803645,-49.641189723529024,25.735381661408457,-87.02044665610838,45.36753007100065,1495.9780416559581,0.0,41110022.97118631,0.0036389618237491067,1.1369083333333336,AVAILABLE,-80.20830951704372,44.9679370354803,-87.02044665610838,45.36753007100065
6080875,0.8778,-0.2625,9.838,-0.0001,0.0112,0.0023,52.412952,-1.529004,8.1,0.054,296.617,9.88057099007947,0.0114341593481987,0.0626216792508582,0.004120473546908,0.0977,-0.0454,0.0534999999999996,-0.0011,0.0044,-0.0002,0.1,3.4908500000000005,0.9696805555555557,0.09696805555555557,-0.08669151141949853,0.04344405190619618,-49.72788123494852,25.778825713314653,-87.02044665610838,45.36753007100065,1495.9927053105719,0.0,41110022.97118631,0.0036389974930422717,0.9696805555555557,AVAILABLE,-80.29500102846319,45.01138108738649,-87.02044665610838,45.36753007100065
6080975,0.6616,-0.2219,9.8435,-0.0015,0.0106,-0.0002,52.412952,-1.529004,8.1,0.086,296.617,9.868203809204593,0.0107074740251844,-0.012367180874877,-0.0007266853230142,-0.2162,0.0406,0.0055000000000013,-0.0014,-0.0005999999999999,-0.0025,0.1,2.85,0.7916666666666666,0.07916666666666666,-0.07077668978775105,0.035468595881421164,-49.79865792473627,25.814294309196075,-87.02044665610838,45.36753007100065,1496.0046815663313,0.0,41110022.97118631,0.0036390266252462793,0.7916666666666666,AVAILABLE,-80.36577771825094,45.046849683267915,-87.02044665610838,45.36753007100065
6081075,0.7477,-0.3069,9.8495,0.0011,-0.0095,-0.0126,52.412952,-1.529004,8.1,0.036,296.617,9.882605585067129,0.0158183437818249,0.0144017758625363,0.0051108697566404,0.0861,-0.085,0.0060000000000002,0.0026,-0.0201,-0.0124,0.1,2.198070000000001,0.6105750000000002,0.06105750000000002,-0.05458670825324983,0.0273552479119563,-49.853244632989515,25.84164955710803,-87.02044665610838,45.36753007100065,1496.0139210811317,0.0,41110022.97118631,0.0036390491003366163,0.6105750000000002,AVAILABLE,-80.4203644265042,45.07420493117987,-87.02044665610838,45.36753007100065
6081175,0.8588,-0.3231,9.9129,0.003,0.0057,-0.0012,52.412952,-1.529004,8.1,0.047,296.617,9.9552758605676,0.0065520989003524,0.0726702755004726,-0.0092662448814724,0.1110999999999999,-0.0161999999999999,0.0633999999999996,0.0019,0.0152,0.0114,0.1,1.2946200000000005,0.3596166666666668,0.03596166666666668,-0.03215049759053274,0.01611170301754579,-49.88539513058005,25.857761260125578,-87.02044665610838,45.36753007100065,1496.0193641130154,0.0,41110022.97118631,0.003639062340494345,0.3596166666666668,AVAILABLE,-80.45251492409474,45.090316634197414,-87.02044665610838,45.36753007100065
6081275,0.8874,-0.257,9.8837,0.002,0.0071,0.0025,52.413055,-1.529287,0.0,0.0579999999999999,296.617,9.9267846481124,0.0077884529914483,-0.0284912124552025,0.0012363540910958,0.0285999999999999,0.0660999999999999,-0.0292000000000012,-0.001,0.0014,0.0037,0.1,4.199580000000001,1.1665500000000002,0.11665500000000002,-0.10429205996450654,0.0522642827690171,-49.98968719054456,25.910025542894594,-106.21513598088082,56.820607515707195,1491.1903988056652,22.32753677544439,41110045.29872309,0.003627313927703171,1.1665500000000002,AVAILABLE,-80.55680698405925,45.14258091696643,-106.21513598088082,56.820607515707195
6081376,0.7247,-0.1896,9.7691,-0.0014,0.0016,-0.0008,52.413055,-1.529287,0.0,0.054,296.617,9.797777965436858,0.0022715633383201,-0.1290066826755413,-0.0055168896531281,-0.1626999999999999,0.0674,-0.1145999999999993,-0.0034,-0.0055,-0.0033,0.101,11.980540000000001,3.327927777777778,0.3361207055555556,-0.30049908515804935,0.15059026702393463,-50.29018627570261,26.060615809918527,-106.21513598088082,56.820607515707195,1491.236486106794,0.0,41110045.29872309,0.0036274260348555564,3.327927777777778,AVAILABLE,-80.85730606921729,45.29317118399036,-106.21513598088082,56.820607515707195
6081475,0.7808,-0.2108,9.6475,0.0032,0.0108,0.006,52.413055,-1.529287,0.0,0.0139999999999999,296.617,9.681339862333108,0.012762444906835,-0.11643810310375,0.0104908815685149,0.0561,-0.0211999999999999,-0.121599999999999,0.0046,0.0092,0.0068,0.099,14.663779999999997,4.073272222222221,0.4032539499999999,-0.3605176386294981,0.18066759650699135,-50.650703914332105,26.24128340642552,-106.21513598088082,56.820607515707195,1491.2918764910028,0.0,41110045.29872309,0.003627560771715626,4.073272222222221,AVAILABLE,-81.21782370784678,45.47383878049735,-106.21513598088082,56.820607515707195
6081575,0.8773,-0.2456,9.8623,-0.0021,0.0005,-0.0039,52.413055,-1.529287,0.0,0.022,296.617,9.904288764974494,0.0044575778176045,0.2229489026413862,-0.0083048670892305,0.0964999999999999,-0.0348,0.2147999999999985,-0.0053,-0.0103,-0.0098999999999999,0.1,7.439370000000001,2.066491666666667,0.2066491666666667,-0.1847487658618602,0.09258386250609411,-50.83545268019397,26.333867268931613,-106.21513598088082,56.820607515707195,1491.320302983389,0.0,41110045.29872309,0.0036276299190303022,2.066491666666667,AVAILABLE,-81.40257247370866,45.56642264300344,-106.21513598088082,56.820607515707195
6081675,0.7223,-0.2071,9.9091,-0.0016,0.005,-0.0003,52.413055,-1.529287,0.0,0.0579999999999999,296.617,9.937548516107984,0.0052583267300539,0.0332597511334906,0.0008007489124494,-0.1549999999999999,0.0385,0.046800000000001,0.0004999999999999,0.0045,0.0036,0.1,12.740420000000011,3.5390055555555584,0.3539005555555559,-0.3163946505633895,0.15855607310160572,-51.151847330757356,26.49242334203322,-106.21513598088082,56.820607515707195,1491.3690505083055,0.0,41110045.29872309,0.003627748497165068,3.5390055555555584,AVAILABLE,-81.71896712427204,45.72497871610505,-106.21513598088082,56.820607515707195
6081776,0.7518,-0.184,9.7955,-0.001,-0.002,-0.0073,52.413055,-1.529287,0.0,0.032,296.617,9.82603070878572,0.0076347887986505,-0.1115178073222633,0.0023764620685965,0.0294999999999999,0.0231,-0.1135999999999999,0.0006,-0.007,-0.007,0.101,10.627849999999999,2.952180555555555,0.2981702361111111,-0.26657055543380964,0.13358753189675282,-51.418417886191165,26.626010873929975,-106.21513598088082,56.820607515707195,1491.4101854861367,0.0,41110045.29872309,0.0036278485578133406,2.952180555555555,AVAILABLE,-81.98553767970586,45.858566248001814,-106.21513598088082,56.820607515707195
6081876,0.8945,-0.2612,9.8711,-0.0011,0.014,0.0037,52.413055,-1.529287,0.0,0.04,296.617,9.914987186073414,0.0145223964964464,0.0889564772876934,0.0068876076977958,0.1426999999999999,-0.0771999999999999,0.0755999999999996,-0.0001,0.016,0.011,0.1,5.204900000000002,1.445805555555556,0.1445805555555556,-0.12925810269342652,0.06477561217656459,-51.54767598888459,26.69078648610654,-106.21513598088082,56.820607515707195,1491.4301525863766,0.0,41110045.29872309,0.0036278971276947286,1.445805555555556,AVAILABLE,-82.11479578239928,45.923341860178375,-106.21513598088082,56.820607515707195
6081976,0.7884,-0.2476,9.9455,0.0021,0.0053,-0.0034,52.413055,-1.529287,0.0,0.094,296.617,9.97977207004248,0.0066377707101104,0.0647848839690663,-0.007884625786336,-0.1060999999999999,0.0136,0.0743999999999989,0.0031999999999999,-0.0087,-0.0071,0.1,5.1075300000000015,1.4187583333333338,0.1418758333333334,-0.12684002329530958,0.0635638307095562,-51.6745160121799,26.754350316816094,-106.21513598088082,56.820607515707195,1491.4497595195303,0.0,41110045.29872309,0.003627944821471301,1.4187583333333338,AVAILABLE,-82.24163580569459,45.98690569088793,-106.21513598088082,56.820607515707195
6082075,0.7263,-0.2159,9.8893,0.0006,0.0095,-0.0014,52.413055,-1.529287,0.0,0.076,296.617,9.918285083117947,0.0096213304693269,-0.0614869869245335,0.0029835597592165,-0.0621,0.0316999999999999,-0.0561999999999986,-0.0015,0.0042,0.002,0.099,3.395410000000002,0.943169444444445,0.09337377500000005,-0.08347814788403707,0.041833726628182084,-51.75799416006394,26.796184043444278,-106.21513598088082,56.820607515707195,1491.4626707964974,0.0,41110045.29872309,0.0036279762280943617,0.943169444444445,AVAILABLE,-82.32511395357861,46.028739417516114,-106.21513598088082,56.820607515707195
6082175,0.9099,-0.2281,9.8162,-0.0038,-0.0028,-0.0081,52.413055,-1.529287,0.0,0.022,296.617,9.860919331380822,0.0093749666666074,-0.0573657517371248,-0.0002463638027195,0.1836000000000001,-0.0121999999999999,-0.0731000000000001,-0.0044,-0.0123,-0.0066999999999999,0.1,6.777550000000002,1.8826527777777784,0.18826527777777785,-0.1683131767968324,0.08434743228636005,-51.926307336860766,26.88053147573064,-106.21513598088082,56.820607515707195,1491.4887206498195,0.0,41110045.29872309,0.0036280395942452203,1.8826527777777784,AVAILABLE,-82.49342713037544,46.11308684980248,-106.21513598088082,56.820607515707195
6082278,0.8613,-0.3238,9.8948,-0.0027,0.0157,0.0042,52.413055,-1.529287,0.0,0.036,296.617,9.93749219722964,0.0164748292859137,0.0765728658488189,0.0070998626193063,-0.0486,-0.0956999999999999,0.0785999999999997,0.0010999999999999,0.0185,0.0122999999999999,0.103,1.5529000000000002,0.43136111111111114,0.044430194444444446,-0.03972154218194406,0.019905809831784808,-51.96602887904271,26.900437285562422,-106.21513598088082,56.820607515707195,1491.494871757849,0.0,41110045.29872309,0.0036280545567877933,0.43136111111111114,AVAILABLE,-82.53314867255739,46.13299265963426,-106.21513598088082,56.820607515707195
6082376,0.7998,-0.2638,9.8035,-0.001,0.0017,-0.0022,52.413055,-1.529287,0.0,0.018,296.617,9.83960785448282,0.0029546573405388,-0.0978843427468216,-0.0135201719453748,-0.0615,0.06,-0.0913000000000003,0.0017,-0.0139999999999999,-0.0063999999999999,0.098,3.4795399999999996,0.9665388888888887,0.0947208111111111,-0.08468242691943503,0.04243723163192119,-52.050711305962146,26.942874517194344,-106.21513598088082,56.820607515707195,1491.507989649899,0.0,41110045.29872309,0.0036280864660011122,0.9665388888888887,AVAILABLE,-82.61783109947683,46.175429891266184,-106.21513598088082,56.820607515707195
6082475,0.7218,-0.2911,9.8151,-0.0044,0.0064,0.0013,52.413055,-1.529287,0.0,0.04,296.617,9.845908919952487,0.007874642849044,0.0063010654696693,0.0049199855085051,-0.0779999999999999,-0.0273,0.0115999999999996,-0.0034,0.0047,0.0035,0.099,3.792450000000001,1.0534583333333336,0.10429237500000003,-0.0932396093381407,0.04672552550385642,-52.14395091530029,26.9896000426982,-106.21513598088082,56.820607515707195,1491.5224399329256,0.0,41110045.29872309,0.0036281216162494805,1.0534583333333336,AVAILABLE,-82.71107070881496,46.22215541677004,-106.21513598088082,56.820607515707195
6082576,0.8245,-0.3017,9.87,0.0026,0.001,0.0005,52.413055,-1.529287,0.0,0.022,296.617,9.908971850802685,0.0028301943396169,0.0630629308501955,-0.005044448509427,0.1027,-0.0105999999999999,0.0548999999999999,0.007,-0.0054,-0.0007999999999999,0.101,4.231909999999999,1.1755305555555553,0.11872858611111109,-0.10614589020788713,0.053193299878073856,-52.25009680550817,27.042793342576275,-106.21513598088082,56.820607515707195,1491.5388991385055,0.0,41110045.29872309,0.0036281616531929095,1.1755305555555553,AVAILABLE,-82.81721659902286,46.27534871664812,-106.21513598088082,56.820607515707195
6082675,0.6623,-0.1887,9.7739,0.0034,0.0118,0.0051,52.413055,-1.529287,0.0,0.072,296.617,9.798130953911569,0.0132969921410821,-0.1108408968911174,0.0104667978014651,-0.1622,0.113,-0.0960999999999998,0.0007999999999999,0.0108,0.0046,0.099,7.997159999999997,2.2214333333333327,0.21992189999999995,-0.19661487276420384,0.098530370483044,-52.44671167827237,27.141323713059318,-106.21513598088082,56.820607515707195,1491.5694111413825,0.0,41110045.29872309,0.00362823587350246,2.2214333333333327,AVAILABLE,-83.01383147178706,46.37387908713115,-106.21513598088082,56.820607515707195
6082776,0.8049,-0.3365,9.8097,0.0008,0.0127,0.0023,52.413055,-1.529287,0.0,0.086,296.617,9.848416641775469,0.0129313572373513,0.0502856878639015,-0.0003656349037307,0.1425999999999999,-0.1478,0.0358,-0.0026,0.0008999999999999,-0.0028,0.101,2.6465000000000005,0.735138888888889,0.0742490277777778,-0.06638021565561966,0.03326537382111683,-52.51309189392799,27.174589086880435,-106.21513598088082,56.820607515707195,1491.579719645286,0.0,41110045.29872309,0.0036282609488917685,0.735138888888889,AVAILABLE,-83.08021168744267,46.407144460952274,-106.21513598088082,56.820607515707195
6082875,0.6947,-0.2617,9.8832,-0.0042,-0.0047,-0.0061,52.413055,-1.529287,0.0,0.072,296.617,9.91104117739403,0.0087715449038353,0.0626245356185606,-0.004159812333516,-0.1101999999999999,0.0748,0.073500000000001,-0.005,-0.0174,-0.0084,0.099,3.5631100000000013,0.9897527777777781,0.09798552500000005,-0.0876011508203991,0.04389990301204917,-52.60069304474839,27.218488989892485,-106.21513598088082,56.820607515707195,1491.5933291987365,0.0,41110045.29872309,0.0036282940540692294,0.9897527777777781,AVAILABLE,-83.16781283826307,46.45104436396432,-106.21513598088082,56.820607515707195
6082975,0.6981,-0.2001,9.8258,0.001,0.01,0.0048,52.413055,-1.529287,0.0,0.072,296.617,9.852600126870064,0.0111373246338606,-0.0584410505239656,0.0023657797300253,0.0034,0.0615999999999999,-0.0574000000000012,0.0052,0.0147,0.0109,0.1,2.945630000000001,0.8182305555555558,0.08182305555555558,-0.07315155815420814,0.036658722837259884,-52.6738446029026,27.255147712729745,-106.21513598088082,56.820607515707195,1491.6046987267073,0.0,41110045.29872309,0.003628321710394802,0.8182305555555558,AVAILABLE,-83.24096439641727,46.48770308680158,-106.21513598088082,56.820607515707195
6083076,0.8546,-0.3035,9.8859,-0.0007,-0.0057,-0.0052,52.413055,-1.529287,0.0,0.072,296.617,9.9274101466596,0.0077472575792986,0.0748100197895365,-0.003390067054562,0.1564999999999999,-0.1033999999999999,0.0601000000000002,-0.0017,-0.0157,-0.0099999999999999,0.101,3.7080200000000008,1.0300055555555558,0.10403056111111114,-0.09300554213313841,0.04660822650148408,-52.76685014503574,27.301755939231228,-106.21513598088082,56.820607515707195,1491.61916040166,0.0,41110045.29872309,0.0036283568883539786,1.0300055555555558,AVAILABLE,-83.33396993855041,46.53431131330307,-106.21513598088082,56.820607515707195
6083176,0.6582,-0.2291,9.8105,-0.0038,-0.001,-0.0042,52.413055,-1.529287,0.0,0.126,296.617,9.83522365276967,0.0057515215378193,-0.0921864938899297,-0.0019957360414792,-0.1964,0.0744,-0.0754000000000001,-0.0031,0.0047,0.001,0.1,6.759899999999999,1.8777499999999998,0.187775,-0.1678748579986731,0.08412777589432244,-52.934725003034416,27.38588371512555,-106.21513598088082,56.820607515707195,1491.6452817142783,0.0,41110045.29872309,0.0036284204283292534,1.8777499999999998,AVAILABLE,-83.50184479654908,46.61843908919739,-106.21513598088082,56.820607515707195
6083275,0.7864,-0.2513,9.9033,0.0021,0.0021,-0.0031,52.413055,-1.529287,0.0,0.1009999999999999,296.617,9.937652013428524,0.0042930175867331,0.1024283606588536,-0.0014585039510862,0.1281999999999999,-0.0222,0.0928000000000004,0.0059,0.0031,0.0010999999999999,0.099,10.260939999999998,2.8502611111111107,0.28217584999999995,-0.2522712328553049,0.12642165715132442,-53.18699623588972,27.512305372276877,-106.21513598088082,56.820607515707195,1491.684578684316,0.0,41110045.29872309,0.003628516018031848,2.8502611111111107,AVAILABLE,-83.7541160294044,46.744860746348714,-106.21513598088082,56.820607515707195
6083376,0.8787,-0.3527,10.0065,-0.0028,0.0079,-0.0025,52.413055,-1.529287,0.0,0.0579999999999999,296.617,10.05119660687224,0.0087464278422679,0.1135445934437147,0.0044534102555348,0.0923,-0.1013999999999999,0.103200000000001,-0.0049,0.0058,0.0005999999999999,0.101,5.364400000000002,1.4901111111111116,0.1505012222222223,-0.13455130506820562,0.06742821512412588,-53.32154754095793,27.579733587401,-106.21513598088082,56.820607515707195,1491.7055595073584,0.0,41110045.29872309,0.003628567053789386,1.4901111111111116,AVAILABLE,-83.88866733447261,46.81228896147284,-106.21513598088082,56.820607515707195
6083475,0.7049,-0.2319,9.8952,-0.004,0.0008,-0.0039,52.413055,-1.529287,0.0,0.043,296.617,9.922985672669292,0.0056435804238089,-0.1282109342029471,-0.0031028474184589,-0.1738,0.1208,-0.1112999999999999,-0.0012,-0.0071,-0.0013999999999999,0.099,6.061020000000001,1.683616666666667,0.16667805000000005,-0.14901373439087068,0.07467582818214712,-53.4705612753488,27.65440941558315,-106.21513598088082,56.820607515707195,1491.7288128582038,0.0,41110045.29872309,0.003628623617460568,1.683616666666667,AVAILABLE,-84.03768106886346,46.88696478965499,-106.21513598088082,56.820607515707195
6083575,0.7725,-0.2607,9.7998,-0.0116,-0.0011,-0.0065,52.413055,-1.529287,0.0,0.13,296.617,9.83365653152478,0.0133424135747622,-0.0893291411445105,0.0076988331509532,0.0676,-0.0287999999999999,-0.0954000000000014,-0.0075999999999999,-0.0019,-0.0026,0.1,4.5886000000000005,1.2746111111111111,0.1274611111111111,-0.11395295395090332,0.05710568388122427,-53.5845142292997,27.711515099464375,-106.21513598088082,56.820607515707195,1491.7466073529615,0.0,41110045.29872309,0.003628666902488907,1.2746111111111111,AVAILABLE,-84.15163402281436,46.94407047353621,-106.21513598088082,56.820607515707195
6083676,0.7488,-0.2966,9.832,0.0007,0.0064,0.0037,52.413055,-1.529287,0.0,0.122,296.617,9.864932691103371,0.0074256312862947,0.0312761595785904,-0.0059167822884674,-0.0236999999999999,-0.0358999999999999,0.0322000000000013,0.0122999999999999,0.0075,0.0102,0.101,1.3062400000000003,0.3628444444444445,0.0366472888888889,-0.032763458491591395,0.0164188784810488,-53.617277687791294,27.727933977945423,-106.21513598088082,56.820607515707195,1491.7517255565606,0.0,41110045.29872309,0.0036286793524961058,0.3628444444444445,AVAILABLE,-84.18439748130598,46.960489352017255,-106.21513598088082,56.820607515707195
6083776,0.6258,-0.1815,9.7418,-0.0002,-0.0016,-0.0078,52.413055,-1.529287,0.0,0.158,296.617,9.76356672174672,0.0079649231006959,-0.1013659693566513,0.0005392918144011,-0.123,0.1150999999999999,-0.0902000000000011,-0.0009,-0.008,-0.0115,0.1,10.117019999999998,2.810283333333333,0.2810283333333333,-0.2512453284619204,0.12590754172079144,-53.868523016253214,27.853841519666215,-106.21513598088082,56.820607515707195,1491.7910036438516,0.0,41110045.29872309,0.003628774896266504,2.810283333333333,AVAILABLE,-84.4356428097679,47.08639689373805,-106.21513598088082,56.820607515707195
6083876,0.7579,-0.37,9.9894,0.0013,0.0157,0.0014,52.413055,-1.529287,0.0,0.155,296.617,10.024940137975888,0.0158158148699331,0.2613734162291674,0.0078508917692372,0.1321,-0.1885,0.2476000000000002,0.0015,0.0173,0.0092,0.1,4.445889999999999,1.2349694444444441,0.12349694444444442,-0.11040890433700508,0.0553296406116672,-53.97893192059022,27.909171160277882,-106.21513598088082,56.820607515707195,1491.8082806825091,0.0,41110045.29872309,0.0036288169225852105,1.2349694444444441,AVAILABLE,-84.54605171410489,47.14172653434972,-106.21513598088082,56.820607515707195
6083976,0.6588,-0.2512,9.8369,-0.0019,0.0064,-0.0022,52.413055,-1.529287,0.0,0.047,296.617,9.862135696186703,0.0070292247083159,-0.1628044417891843,-0.0087865901616172,-0.0990999999999999,0.1188,-0.1524999999999998,-0.0031999999999999,-0.0093,-0.0036,0.1,2.1919100000000014,0.6088638888888892,0.06088638888888892,-0.05443373126760333,0.027278585964366987,-54.03336565185782,27.93644974624225,-106.21513598088082,56.820607515707195,1491.8168022866937,0.0,41110045.29872309,0.003628837651349002,0.6088638888888892,AVAILABLE,-84.6004854453725,47.16900512031409,-106.21513598088082,56.820607515707195
6084076,0.6231,-0.275,9.874,-0.0007,0.0076,-0.0013,52.413055,-1.529287,0.0,0.05,296.617,9.897462028722313,0.0077420927403383,0.0353263325356092,0.0007128680320223,-0.0357,-0.0238,0.0371000000000005,0.0012,0.0011999999999999,0.0009,0.1,2.202690000000001,0.6118583333333336,0.06118583333333336,-0.054701440992484716,0.027412744372648293,-54.0880670928503,27.963862490614897,-106.21513598088082,56.820607515707195,1491.8253682551558,0.0,41110045.29872309,0.0036288584880286986,0.6118583333333336,AVAILABLE,-84.65518688636499,47.19641786468673,-106.21513598088082,56.820607515707195
6084175,0.7498,-0.2844,9.8868,-0.0018,-0.0053,-0.0086,52.413055,-1.529287,0.0,0.0289999999999999,296.617,9.919269007341216,0.0102610915598682,0.021806978618903,0.0025189988195299,0.1267,-0.0093999999999999,0.0127999999999985,-0.0010999999999999,-0.0129,-0.0073,0.099,3.6707400000000003,1.0196500000000002,0.10094535000000002,-0.0902472975469384,0.04522597674010887,-54.17831439039724,28.009088467355006,-106.21513598088082,56.820607515707195,1491.8395059024215,0.0,41110045.29872309,0.0036288928777919865,1.0196500000000002,AVAILABLE,-84.74543418391193,47.24164384142684,-106.21513598088082,56.820607515707195
6084275,0.572,-0.2104,9.8184,0.0003,0.0069,-0.0003,52.413055,-1.529287,0.0,0.05,296.617,9.837297937950238,0.0069130311730817,-0.0819710693909776,-0.0033480603867865,-0.1778,0.0739999999999999,-0.0683999999999986,0.0021,0.0121999999999999,0.0083,0.1,2.8630300000000015,0.7952861111111115,0.07952861111111115,-0.07110027584667543,0.03563075581276677,-54.249414666243915,28.044719223167775,-106.21513598088082,56.820607515707195,1491.850648798215,0.0,41110045.29872309,0.0036289199828358084,0.7952861111111115,AVAILABLE,-84.8165344597586,47.27727459723962,-106.21513598088082,56.820607515707195
6084376,0.7221,-0.1994,9.7833,0.0047,0.011,0.0074,52.413055,-1.529287,0.0,0.299,296.617,9.811939036704214,0.0140659162517057,-0.0253589012460242,0.007152885078624,0.1501,0.011,-0.0350999999999999,0.0044,0.0040999999999999,0.0077,0.101,5.90634,1.64065,0.16570565,-0.14814438803529664,0.0742401692857038,-54.39755905427921,28.11895939245348,-106.21513598088082,56.820607515707195,1491.8738794648789,0.0,41110045.29872309,0.0036289764913278208,1.64065,AVAILABLE,-84.96467884779389,47.35151476652532,-106.21513598088082,56.820607515707195
6084476,0.6333,-0.2343,9.7949,-0.0018,-0.0058,-0.0053,52.413055,-1.529287,0.0,0.2769999999999999,296.617,9.818148063153254,0.0080603970125546,0.0062090264490404,-0.006005519239151,-0.0887999999999999,-0.0349,0.0115999999999996,-0.0065,-0.0168,-0.0127,0.1,3.9738700000000007,1.103852777777778,0.1103852777777778,-0.09868679447257907,0.049455294426422165,-54.49624584875179,28.168414686879903,-106.21513598088082,56.820607515707195,1491.889364651104,0.0,41110045.29872309,0.003629014158973557,1.103852777777778,AVAILABLE,-85.06336564226646,47.40097006095174,-106.21513598088082,56.820607515707195
6084575,0.5828,-0.1801,9.7372,0.0007,0.0066,-0.0025,52.413055,-1.529287,0.0,0.076,296.617,9.75628800774147,0.0070922492905988,-0.0618600554117847,-0.0009681477219557,-0.0504999999999999,0.0542,-0.0577000000000005,0.0025,0.0124,0.0028,0.099,8.185310000000001,2.2736972222222227,0.22509602500000006,-0.20124065095428453,0.10084850457144352,-54.69748649970607,28.269263191451348,-106.21513598088082,56.820607515707195,1491.9209666238075,0.0,41110045.29872309,0.0036290910306298004,2.2736972222222227,AVAILABLE,-85.26460629322074,47.50181856552319,-106.21513598088082,56.820607515707195
6084676,0.6946,-0.3007,9.9206,0.0044,-0.0034,-0.0012,52.413055,-1.529287,0.0,0.2739999999999999,296.617,9.949431843577804,0.0056885850613311,0.1931438358363344,-0.0014036642292677,0.1118,-0.1206,0.1834000000000006,0.0037,-0.01,0.0013,0.101,5.456300000000003,1.5156388888888896,0.15307952777777786,-0.13685636526799835,0.06858335884381629,-54.83434286497407,28.337846550295165,-106.21513598088082,56.820607515707195,1491.9424769819445,0.0,41110045.29872309,0.0036291433544790707,1.5156388888888896,AVAILABLE,-85.40146265848875,47.570401924367,-106.21513598088082,56.820607515707195
6084776,0.5519,-0.2284,9.911,0.0019,0.0095,0.0052,52.413055,-1.529287,0.0,0.079,296.617,9.928981879830378,0.0109954536059227,-0.020449963747426,0.0053068685445916,-0.1427,0.0723,-0.0096000000000007,-0.0025,0.0129,0.0063999999999999,0.1,2.863920000000001,0.7955333333333336,0.07955333333333336,-0.07112237804103021,0.03564183197077886,-54.9054652430151,28.373488382265943,-106.21513598088082,56.820607515707195,1491.9536617000808,0.0,41110045.29872309,0.0036291705612555535,0.7955333333333336,AVAILABLE,-85.47258503652978,47.606043756337776,-106.21513598088082,56.820607515707195
6084875,0.608,-0.2481,9.8877,-0.0079,-0.0084,-0.0128,52.413055,-1.529287,0.0,0.1009999999999999,296.617,9.909481767479065,0.0172281745986044,-0.0195001123513129,0.0062327209926816,0.0561,-0.0196999999999999,-0.0232999999999989,-0.0098,-0.0179,-0.018,0.099,2.9173800000000005,0.8103833333333335,0.08022795000000002,-0.07172549974051204,0.03594407667719828,-54.97719074275561,28.40943245894314,-106.21513598088082,56.820607515707195,1491.9649454763153,0.0,41110045.29872309,0.0036291980089904136,0.8103833333333335,AVAILABLE,-85.54431053627027,47.64198783301497,-106.21513598088082,56.820607515707195
6084975,0.7103,-0.288,9.9868,-0.0005,0.0078,0.0007,52.413055,-1.529287,0.0,0.14,296.617,10.016169144438408,0.0078472925267253,0.1066873769593428,-0.009380882071879,0.1023,-0.0398999999999999,0.0990999999999999,0.0074,0.0162,0.0135,0.1,2.824100000000001,0.7844722222222225,0.07844722222222225,-0.07013349109810099,0.03514626723814791,-55.04732423385371,28.444578726181287,-106.21513598088082,56.820607515707195,1491.9759828885171,0.0,41110045.29872309,0.0036292248574458738,0.7844722222222225,AVAILABLE,-85.61444402736839,47.67713410025312,-106.21513598088082,56.820607515707195
6085075,0.5726,-0.1515,9.7203,-0.0022,0.0043,-0.0039,52.413055,-1.529287,0.0,0.025,296.617,9.73832917393944,0.0062080592780675,-0.2778399704989684,-0.0016392332486578,-0.1377,0.1364999999999999,-0.2665000000000006,-0.0017,-0.0034999999999999,-0.0046,0.1,13.096520000000007,3.6379222222222243,0.36379222222222246,-0.3252380116979221,0.16298778081857904,-55.37256224555163,28.607566506999866,-106.21513598088082,56.820607515707195,1492.027220781987,0.0,41110045.29872309,0.003629349493390927,3.6379222222222243,AVAILABLE,-85.9396820390663,47.8401218810717,-106.21513598088082,56.820607515707195
6085176,0.6509,-0.2746,9.8596,-0.0058,0.0006,-0.005,52.413055,-1.529287,0.0,0.079,296.617,9.884876738229972,0.0076811457478686,0.1465475642905325,0.0014730864698011,0.0783,-0.1231,0.1393000000000004,-0.0035999999999999,-0.0037,-0.0011,0.101,3.2322299999999995,0.8978416666666665,0.09068200833333333,-0.08107165102911902,0.04062774956577684,-55.45363389658075,28.648194256565642,-106.21513598088082,56.820607515707195,1492.0400063211118,0.0,41110045.29872309,0.003629380594157253,0.8978416666666665,AVAILABLE,-86.02075369009543,47.880749630637474,-106.21513598088082,56.820607515707195
6085276,0.5707,-0.217,9.7788,0.001,0.0038,-0.0032,52.413055,-1.529287,0.0,0.076,296.617,9.797842463011946,0.0050675437837279,-0.0870342752180253,-0.0026136019641406,-0.0802,0.0576,-0.0807999999999999,0.0068,0.0032,0.0018,0.1,9.297940000000002,2.5827611111111115,0.25827611111111115,-0.2309043561561832,0.11571399171568462,-55.68453825273693,28.763908248281325,-106.21513598088082,56.820607515707195,1492.0764510770541,0.0,41110045.29872309,0.003629469245861909,2.5827611111111115,AVAILABLE,-86.2516580462516,47.996463622353154,-106.21513598088082,56.820607515707195
6085375,0.5732,-0.265,9.8204,0.0066,-0.0032,-0.0072,52.413055,-1.529287,0.0,0.011,296.617,9.840682872646592,0.0102781321260236,0.0428404096346461,0.0052105883422957,0.0025,-0.048,0.0415999999999989,0.0056,-0.007,-0.004,0.099,2.481050000000002,0.6891805555555561,0.06822887500000006,-0.060998070574007336,0.03056819867139792,-55.74553632331094,28.79447644695272,-106.21513598088082,56.820607515707195,1492.0860860152104,0.0,41110045.29872309,0.003629492682805572,0.6891805555555561,AVAILABLE,-86.31265611682562,48.02703182102456,-106.21513598088082,56.820607515707195
6085476,0.6239,-0.2234,9.892,-0.0003,0.0071,-0.0001,52.413055,-1.529287,0.0,0.036,296.617,9.914172823286872,0.0071070387644925,0.0734899506402797,-0.0031710933615311,0.0506999999999999,0.0416,0.0716000000000001,-0.0069,0.0103,0.0070999999999999,0.101,3.891880000000001,1.081077777777778,0.10918885555555559,-0.09761716746865409,0.048919268115219405,-55.84315349077959,28.843395715067942,-106.21513598088082,56.820607515707195,1492.101511477641,0.0,41110045.29872309,0.0036295302051734474,1.081077777777778,AVAILABLE,-86.41027328429428,48.07595108913977,-106.21513598088082,56.820607515707195
6085575,0.4583,-0.155,9.8376,-0.0056,-0.0051,-0.012,52.413055,-1.529287,0.0,0.036,296.617,9.849489207568077,0.0141904897730839,-0.0646836157187955,0.0070834510085913,-0.1656,0.0683999999999999,-0.0543999999999993,-0.0053,-0.0122,-0.0119,0.099,11.091090000000003,3.080858333333334,0.30500497500000007,-0.2726809578858413,0.13664966147492172,-56.11583444866543,28.980045376542865,-106.21513598088082,56.820607515707195,1492.1446420031912,0.0,41110045.29872309,0.003629635119982557,3.080858333333334,AVAILABLE,-86.6829542421801,48.212600750614705,-106.21513598088082,56.820607515707195
6085675,0.6945,-0.2623,9.9936,0.008,0.016,0.0051,52.413055,-1.529287,0.0,0.09,296.617,10.021136287866762,0.0186013440374613,0.1716470802986851,0.0044108542643774,0.2362,-0.1072999999999999,0.1560000000000005,0.0136,0.0211,0.0171,0.1,9.918220000000002,2.7550611111111114,0.2755061111111112,-0.2463083439251468,0.12343345159404531,-56.362142792590575,29.10347882813691,-106.21513598088082,56.820607515707195,1492.1836536355231,0.0,41110045.29872309,0.0036297300156024675,2.7550611111111114,AVAILABLE,-86.92926258610524,48.336034202208744,-106.21513598088082,56.820607515707195
6085775,0.4949,-0.1848,9.8721,0.0001,0.0008,-0.0004,52.413055,-1.529287,0.0,0.036,296.617,9.886224530122709,0.0009,-0.134911757744053,-0.0177013440374613,-0.1996,0.0774999999999999,-0.121500000000001,-0.0079,-0.0152,-0.0055,0.1,4.372170000000001,1.2144916666666667,0.12144916666666668,-0.10857814729449528,0.05441218626486779,-56.47072093988507,29.15789101440178,-106.21513598088082,56.820607515707195,1492.2008666530344,0.0,41110045.29872309,0.0036297718861900245,1.2144916666666667,AVAILABLE,-87.03784073339975,48.39044638847361,-106.21513598088082,56.820607515707195
6085876,0.5434,-0.2106,9.8378,-0.0067,-0.0029,-0.007,52.413055,-1.529287,0.0,0.072,296.617,9.85504666452676,0.0101143462467922,-0.03117786559595,0.0092143462467922,0.0484999999999999,-0.0258,-0.0343,-0.0068,-0.0036999999999999,-0.0066,0.101,4.519000000000002,1.2552777777777784,0.12678305555555563,-0.11334675781135287,0.056801898468780275,-56.58406769769642,29.21469291287056,-106.21513598088082,56.820607515707195,1492.2188459772303,0.0,41110045.29872309,0.003629815620815139,1.2552777777777784,AVAILABLE,-87.15118749121109,48.44724828694239,-106.21513598088082,56.820607515707195
6085976,0.5492,-0.1968,9.8619,-0.0017,0.0078,0.0027,52.413055,-1.529287,0.0,0.065,296.617,9.8791407769097,0.0084273364712701,0.0240941123829419,-0.001687009775522,0.0058,0.0138,0.0241000000000006,0.005,0.0107,0.0097,0.1,8.140179999999997,2.2611611111111105,0.22611611111111107,-0.20215262971103692,0.10130552800772874,-56.786220327407456,29.31599844087829,-106.21513598088082,56.820607515707195,1492.2509380928475,0.0,41110045.29872309,0.0036298936847418122,2.2611611111111105,AVAILABLE,-87.35334012092213,48.54855381495013,-106.21513598088082,56.820607515707195
6086075,0.3989,-0.1701,9.7488,-0.0005,0.0013,0.0003,52.413055,-1.529287,0.0,0.018,296.617,9.758440278036238,0.0014247806848775,-0.1207004988734627,-0.0070025557863926,-0.1503,0.0267,-0.113100000000001,0.0012,-0.0065,-0.0024,0.099,11.511139999999996,3.1975388888888876,0.3165563499999999,-0.2830081336963293,0.14182495897070796,-57.06922846110378,29.457823399848998,-106.21513598088082,56.820607515707195,1492.2959225723193,0.0,41110045.29872309,0.003630003109285485,3.1975388888888876,AVAILABLE,-87.63634825461847,48.690378773920834,-106.21513598088082,56.820607515707195
6086176,0.5985,-0.258,9.8966,0.0003,0.0054,-0.0002,52.413055,-1.529287,0.0,0.018,296.617,9.918036993780571,0.0054120236510939,0.1595967157443354,0.0039872429662164,0.1996,-0.0879,0.1478000000000001,0.0007999999999999,0.0041,-0.0005,0.101,5.768620000000003,1.6023944444444451,0.16184183888888898,-0.14469005843012311,0.07250908775060307,-57.213918519533905,29.5303324875996,-106.21513598088082,56.820607515707195,1492.3189466464685,0.0,41110045.29872309,0.0036300591152421354,1.6023944444444451,AVAILABLE,-87.78103831304858,48.76288786167144,-106.21513598088082,56.820607515707195
6086275,0.4714,-0.1768,9.9219,-0.004,0.0065,-0.0036,52.413055,-1.529287,0.0,0.032,296.617,9.9346653597391,0.0084386017799159,0.0166283659585264,0.0030265781288219,-0.1271,0.0812,0.0253000000000014,-0.0043,0.0010999999999999,-0.0034,0.099,5.469520000000001,1.5193111111111113,0.1504118,-0.13447135969284954,0.06738815178943762,-57.34838987922676,29.59772063938904,-106.21513598088082,56.820607515707195,1492.3403600686352,0.0,41110045.29872309,0.003630111203295095,1.5193111111111113,AVAILABLE,-87.91550967274142,48.83027601346088,-106.21513598088082,56.820607515707195
6086376,0.4818,-0.2285,9.9174,0.0014,0.0198,0.0091,52.413055,-1.529287,0.0,0.061,296.617,9.931725240359803,0.0218359794834122,-0.0029401193792946,0.0133973777034963,0.0104,-0.0516999999999999,-0.0045000000000001,0.0054,0.0133,0.0127,0.101,2.794770000000002,0.7763250000000005,0.07840882500000006,-0.07009916316185764,0.03512906434688937,-57.418489042388615,29.63284970373593,-106.21513598088082,56.820607515707195,1492.351528654457,0.0,41110045.29872309,0.0036301383708297955,0.7763250000000005,AVAILABLE,-87.98560883590329,48.86540507780776,-106.21513598088082,56.820607515707195
6086475,0.6121,-0.199,9.9743,-0.0052,-0.0089,-0.0138,52.413055,-1.529287,0.0,0.047,296.617,9.995045167481734,0.0172246915792417,0.0633199271219293,-0.0046112879041705,0.1302999999999999,0.0295,0.0568999999999988,-0.0066,-0.0287,-0.0229,0.099,9.24952,2.5693111111111113,0.2543618,-0.22740487847310287,0.11396028494994791,-57.64589392086172,29.746809988685875,-106.21513598088082,56.820607515707195,1492.387787838869,0.0,41110045.29872309,0.00363022657113254,2.5693111111111113,AVAILABLE,-88.21301371437639,48.97936536275771,-106.21513598088082,56.820607515707195
6086575,0.4365,-0.0995,9.7576,-0.0049,-0.0038,-0.0081,52.413055,-1.529287,0.0,0.022,296.617,9.767865184368588,0.0102009803450452,-0.227179983113146,-0.0070237112341964,-0.1755999999999999,0.0995,-0.2166999999999994,0.0002999999999999,0.0051,0.0057,0.1,4.550709999999999,1.2640861111111108,0.1264086111111111,-0.11301199648561984,0.05663413823282179,-57.758905917347334,29.8034441269187,-106.21513598088082,56.820607515707195,1492.4058231397448,0.0,41110045.29872309,0.003630270441920676,1.2640861111111108,AVAILABLE,-88.32602571086201,49.035999500990535,-106.21513598088082,56.820607515707195
6086676,0.6176,-0.1994,9.9379,-0.0037,0.0083,-0.0004,52.413055,-1.529287,0.0,0.043,296.617,9.95906855735013,0.0090961530330134,0.1912033729815423,-0.0011048273120318,0.1811,-0.0998999999999999,0.1803000000000008,0.0011999999999999,0.0121,0.0076999999999999,0.101,10.63607,2.954463888888889,0.2984008527777778,-0.2667767316562503,0.13369085378332363,-58.025682649003585,29.937134980702023,-106.21513598088082,56.820607515707195,1492.4484389725976,0.0,41110045.29872309,0.003630374104742118,2.954463888888889,AVAILABLE,-88.59280244251826,49.169690354773856,-106.21513598088082,56.820607515707195
6086775,0.4872,-0.1925,9.9036,0.0,0.0123,0.0003,52.413055,-1.529287,0.0,0.036,296.617,9.917444885150612,0.0123036579926459,-0.0416236721995186,0.0032075049596324,-0.1304,0.0068999999999999,-0.0343,0.0037,0.004,0.0007,0.099,2.413450000000001,0.670402777777778,0.06636987500000002,-0.059336084894233455,0.02973532136937396,-58.08501873389782,29.966870302071396,-106.21513598088082,56.820607515707195,1492.4579254682058,0.0,41110045.29872309,0.0036303971805999513,0.670402777777778,AVAILABLE,-88.65213852741249,49.19942567614323,-106.21513598088082,56.820607515707195
6086875,0.4564,-0.1815,9.8112,-0.0001,-0.0001,-0.0049,52.413055,-1.529287,0.0,0.032,296.617,9.8234865831842,0.0049020403915104,-0.0939583019664134,-0.0074016176011354,-0.0308,0.011,-0.0924000000000013,-0.0001,-0.0124,-0.0052,0.1,7.4292500000000015,2.063680555555556,0.2063680555555556,-0.1844974465282981,0.09245791787791167,-58.269516180426116,30.059328219949307,-106.21513598088082,56.820607515707195,1492.4874409004585,0.0,41110045.29872309,0.0036304689767559474,2.063680555555556,AVAILABLE,-88.83663597394079,49.29188359402115,-106.21513598088082,56.820607515707195
6086975,0.556,-0.2288,9.9181,-0.0056,-0.0008,-0.0082,52.413055,-1.529287,0.0,0.0069999999999999,296.617,9.936306811386212,0.0099619275243298,0.1128202282020129,0.0050598871328193,0.0996,-0.0473,0.1069000000000013,-0.0055,-0.0007,-0.0033,0.1,2.4755500000000006,0.6876527777777779,0.06876527777777779,-0.06147762610669023,0.030808520187456907,-58.33099380653281,30.090136740136764,-106.21513598088082,56.820607515707195,1492.4972821433137,0.0,41110045.29872309,0.0036304929155348605,0.6876527777777779,AVAILABLE,-88.89811360004748,49.3226921142086,-106.21513598088082,56.820607515707195
6087075,0.3831,-0.1484,9.7707,0.0035,0.0103,0.0071,52.413055,-1.529287,0.0,0.025,296.617,9.77933365112368,0.0129903810567665,-0.1569731602625328,0.0030284535324367,-0.1729,0.0804,-0.147400000000001,0.0091,0.0111,0.0153,0.1,4.3389299999999995,1.205258333333333,0.12052583333333332,-0.1077526675862339,0.053998510430798154,-58.43874647411904,30.14413525056756,-106.21513598088082,56.820607515707195,1492.5145385093244,0.0,41110045.29872309,0.003630534891567447,1.205258333333333,AVAILABLE,-89.0058662676337,49.3766906246394,-106.21513598088082,56.820607515707195
6087175,0.5277,-0.2485,9.9893,0.0012,-0.0042,-0.0112,52.413055,-1.529287,0.0,0.011,296.617,10.00631470772332,0.0120216471417189,0.2269810565996408,-0.0009687339150476,0.1445999999999999,-0.1001,0.2186000000000003,-0.0023,-0.0144999999999999,-0.0183,0.1,7.587679999999995,2.1076888888888874,0.21076888888888876,-0.18843188546270967,0.09442959845527775,-58.627178359581755,30.23856484902284,-106.21513598088082,56.820607515707195,1492.5447383968685,0.0,41110045.29872309,0.0036306083526578556,2.1076888888888874,AVAILABLE,-89.19429815309644,49.47112022309468,-106.21513598088082,56.820607515707195
6087275,0.417,-0.1632,9.9086,-0.0027,0.0128,0.0015,52.413055,-1.529287,0.0,0.022,296.617,9.918713485124972,0.0131673839467071,-0.0876012225983462,0.0011457368049881,-0.1106999999999999,0.0852999999999999,-0.0807000000000002,-0.0039,0.017,0.0127,0.1,2.6131800000000003,0.7258833333333334,0.07258833333333335,-0.06489551937528258,0.03252134224049551,-58.69207387895704,30.271086191263336,-106.21513598088082,56.820607515707195,1492.5551459193882,0.0,41110045.29872309,0.0036306336689095023,0.7258833333333334,AVAILABLE,-89.25919367247172,49.50364156533518,-106.21513598088082,56.820607515707195
6087375,0.4453,-0.1543,9.8944,0.0043,0.0071,0.0045,52.413055,-1.529287,0.0,0.068,296.617,9.90561719127082,0.009441927769264,-0.0130962938541543,-0.003725456177443,0.0282999999999999,0.0089,-0.0142000000000006,0.007,-0.0057,0.0029999999999999,0.1,5.444600000000001,1.5123888888888892,0.15123888888888892,-0.13521079481346998,0.06775870776701254,-58.82728467377051,30.33884489903035,-106.21513598088082,56.820607515707195,1492.5768412565521,0.0,41110045.29872309,0.003630686442719422,1.5123888888888892,AVAILABLE,-89.39440446728517,49.57140027310219,-106.21513598088082,56.820607515707195
6087475,0.4536,-0.1424,9.7935,-0.0083,-0.0064,-0.0039,52.413055,-1.529287,0.0,0.079,296.617,9.80503304277961,0.0111830228471554,-0.1005841484912082,0.0017410950778913,0.0083,0.0118999999999999,-0.1008999999999993,-0.0126,-0.0135,-0.0084,0.1,5.543989999999999,1.539997222222222,0.15399972222222222,-0.13767903874259438,0.06899562837917197,-58.964963712513104,30.407840527409522,-106.21513598088082,56.820607515707195,1492.5989480599685,0.0,41110045.29872309,0.0036307402174191473,1.539997222222222,AVAILABLE,-89.53208350602779,49.64039590148136,-106.21513598088082,56.820607515707195
6087575,0.3276,-0.1763,9.7886,-0.0015,0.0023,-0.001,52.413055,-1.529287,0.0,0.086,296.617,9.795667073252336,0.0029223278392404,-0.0093659695272734,-0.0082606950079149,-0.126,-0.0339,-0.0048999999999992,0.0068,0.0087,0.0029,0.1,6.734650000000001,1.8707361111111114,0.18707361111111115,-0.1672478013610799,0.08381353657993443,-59.13221151387418,30.491654063989458,-106.21513598088082,56.820607515707195,1492.6258235841465,0.0,41110045.29872309,0.0036308055920106436,1.8707361111111114,AVAILABLE,-89.69933130738886,49.7242094380613,-106.21513598088082,56.820607515707195
6087675,0.5033,-0.2464,9.9325,-0.0048,0.0039,-0.0019,52.413055,-1.529287,0.0,0.119,296.617,9.948295336388036,0.0064699304478487,0.1526282631356998,0.0035476026086082,0.1756999999999999,-0.0701,0.1438999999999985,-0.0032999999999999,0.0015999999999999,-0.0009,0.1,5.113889999999999,1.4205249999999996,0.14205249999999997,-0.12699796706620425,0.06364298168141784,-59.259209480940385,30.555297045670876,-106.21513598088082,56.820607515707195,1492.646246586087,0.0,41110045.29872309,0.003630855270870864,1.4205249999999996,AVAILABLE,-89.82632927445505,49.78785241974271,-106.21513598088082,56.820607515707195
6087776,0.3366,-0.1274,9.8511,-0.003,0.018,0.0023,52.413055,-1.529287,0.0,0.083,296.617,9.857672216603676,0.0183926615800976,-0.0906231197843627,0.0119227311322489,-0.1666999999999999,0.119,-0.0813999999999985,0.0017999999999999,0.0140999999999999,0.0042,0.101,3.292230000000002,0.9145083333333339,0.09236534166666673,-0.08257658695934283,0.04138192392030814,-59.341786067899726,30.596678969591185,-106.21513598088082,56.820607515707195,1492.6595331283308,0.0,41110045.29872309,0.00363088759032502,0.9145083333333339,AVAILABLE,-89.90890586141441,49.829234343663025,-106.21513598088082,56.820607515707195
6087875,0.5015,-0.1745,10.0013,-0.0011,-0.0036,-0.0095,52.413055,-1.529287,0.0,0.1009999999999999,296.617,10.015385873245226,0.0102186104730535,0.1577136566415511,-0.008174051107044,0.1648999999999999,-0.0470999999999999,0.1501999999999999,0.0019,-0.0215999999999999,-0.0118,0.099,6.82257,1.8951583333333333,0.18762067500000001,-0.16773688815465423,0.08405863453357212,-59.50952295605438,30.680737604124758,-106.21513598088082,56.820607515707195,1492.6865391635604,0.0,41110045.29872309,0.003630953282384061,1.8951583333333333,AVAILABLE,-90.07664274956906,49.9132929781966,-106.21513598088082,56.820607515707195
6087976,0.4395,-0.1331,9.8942,-0.0055,0.0088,0.005,52.413055,-1.529287,0.0,0.072,296.617,9.904850806549284,0.0115191145493045,-0.1105350666959417,0.0013005040762509,-0.0619999999999999,0.0413999999999999,-0.1071000000000008,-0.0043999999999999,0.0124,0.0144999999999999,0.101,4.307339999999999,1.1964833333333331,0.12084481666666665,-0.10803784549483343,0.05414142273744542,-59.61756080154922,30.734879026862203,-106.21513598088082,56.820607515707195,1492.7039457394192,0.0,41110045.29872309,0.003630995623801426,1.1964833333333331,AVAILABLE,-90.1846805950639,49.967434400934046,-106.21513598088082,56.820607515707195
6088075,0.42,-0.1985,9.9032,-0.0001,0.0064,0.004,52.413055,-1.529287,0.0,0.047,296.617,9.914089594612308,0.0075478473752454,0.0092387880630226,-0.003971267174059,-0.0195,-0.0654,0.0090000000000003,0.0053999999999999,-0.0024,-0.001,0.099,8.644720000000003,2.401311111111112,0.2377298000000001,-0.2125355154682624,0.1065087436442663,-59.83009631701748,30.84138777050647,-106.21513598088082,56.820607515707195,1492.7382164742921,0.0,41110045.29872309,0.0036310789872096246,2.401311111111112,AVAILABLE,-90.39721611053216,50.0739431445783,-106.21513598088082,56.820607515707195
6088175,0.41,-0.1554,9.7982,-0.0064,-0.0122,-0.015,52.413055,-1.529287,0.0,0.0139999999999999,296.617,9.808005526099585,0.0203666393889615,-0.1060840685127217,0.012818792013716,-0.01,0.0431,-0.1050000000000004,-0.0063,-0.0186,-0.019,0.1,7.8027,2.1674166666666665,0.21674166666666667,-0.1937716762831176,0.09710554845051401,-60.0238679933006,30.938493318956983,-106.21513598088082,56.820607515707195,1492.7694939022533,0.0,41110045.29872309,0.0036311550694122442,2.1674166666666665,AVAILABLE,-90.59098778681528,50.171048693028816,-106.21513598088082,56.820607515707195
6088276,0.352,-0.1169,9.6937,0.0055,0.014,0.0121,52.413055,-1.529287,0.0,0.036,296.617,9.700793230452858,0.0193044036426925,-0.1072122956467271,-0.001062235746269,-0.0579999999999999,0.0385,-0.1044999999999998,0.0119,0.0262,0.0271,0.101,3.02436,0.8401000000000001,0.08485010000000001,-0.07585780049885882,0.03801491251450326,-60.09972579379946,30.976508231471485,-106.21513598088082,56.820607515707195,1492.7817467929735,0.0,41110045.29872309,0.0036311848745137253,0.8401000000000001,AVAILABLE,-90.66684558731413,50.209063605543314,-106.21513598088082,56.820607515707195
6088376,0.4184,-0.2032,9.7809,0.0042,0.0079,0.0038,52.413055,-1.529287,0.0,0.043,296.617,9.791953513472173,0.0097205966895042,0.091160283019315,-0.0095838069531883,0.0664,-0.0862999999999999,0.087200000000001,-0.0013,-0.0060999999999999,-0.0083,0.1,3.4847100000000024,0.9679750000000007,0.09679750000000008,-0.0865390311123769,0.043367638861034126,-60.18626482491184,31.01987587033252,-106.21513598088082,56.820607515707195,1492.7957307302509,0.0,41110045.29872309,0.0036312188903781586,0.9679750000000007,AVAILABLE,-90.75338461842651,50.252431244404356,-106.21513598088082,56.820607515707195
6088475,0.3048,-0.1501,9.8124,-0.0043,-0.0074,-0.0119,52.413055,-1.529287,0.0,0.094,296.617,9.818280236884664,0.0146581035608294,0.0263267234124917,0.0049375068713252,-0.1135999999999999,0.0530999999999999,0.0314999999999994,-0.0085,-0.0153,-0.0157,0.099,5.508169999999999,1.530047222222222,0.15147467499999998,-0.1354215926295841,0.06786434569066875,-60.32168641754142,31.08774021602319,-106.21513598088082,56.820607515707195,1492.8176259875192,0.0,41110045.29872309,0.003631272150492832,1.530047222222222,AVAILABLE,-90.8888062110561,50.32029559009502,-106.21513598088082,56.820607515707195
6088576,0.4081,-0.2077,9.7762,0.0022,0.0187,0.0034,52.413055,-1.529287,0.0,0.032,296.617,9.786918378120868,0.0191334785128057,-0.0313618587637964,0.0044753749519763,0.1033,-0.0575999999999999,-0.0362000000000009,0.0065,0.0261,0.0153,0.101,6.373849999999999,1.7705138888888885,0.17882190277777774,-0.15987059798094508,0.08011657016048569,-60.48155701552237,31.167856786183673,-106.21513598088082,56.820607515707195,1492.84349358222,0.0,41110045.29872309,0.003631335073300415,1.7705138888888885,AVAILABLE,-91.04867680903706,50.400412160255506,-106.21513598088082,56.820607515707195
6088675,0.4067,-0.1924,9.9271,-0.0019,-0.0078,-0.0048,52.413055,-1.529287,0.0,0.0069999999999999,296.617,9.937290227219894,0.009353608929178,0.1503718490990255,-0.0097798695836276,-0.0014,0.0153,0.1509,-0.0041,-0.0265,-0.0081999999999999,0.099,3.01595,0.8377638888888889,0.082938625,-0.0741489010490225,0.037158525133714544,-60.55570591657139,31.20501531131739,-106.21513598088082,56.820607515707195,1492.8554982402954,0.0,41110045.29872309,0.0036313642745771065,0.8377638888888889,AVAILABLE,-91.12282571008606,50.437570685389225,-106.21513598088082,56.820607515707195
6088776,0.4148,-0.2069,9.8506,-0.0085,-0.0064,-0.0138,52.413055,-1.529287,0.0,0.011,296.617,9.861500241342592,0.0174255559452202,-0.0757899858773019,0.0080719470160421,0.0080999999999999,-0.0145,-0.0764999999999993,-0.0066,0.0013999999999999,-0.009,0.101,5.225120000000001,1.4514222222222226,0.1465936444444445,-0.1310578471288462,0.06567752505580729,-60.686763763700235,31.270692836373197,-106.21513598088082,56.820607515707195,1492.87672745254,0.0,41110045.29872309,0.0036314159145402597,1.4514222222222226,AVAILABLE,-91.25388355721492,50.50324821044503,-106.21513598088082,56.820607515707195
6088876,0.3312,-0.0941,9.7985,0.0042,0.0177,0.0085,52.413055,-1.529287,0.0,0.047,296.617,9.804547439836274,0.0200793426187213,-0.056952801506318,0.0026537866735011,-0.0836,0.1128,-0.0520999999999993,0.0127,0.0241,0.0223,0.1,1.8822399999999997,0.5228444444444443,0.05228444444444444,-0.04674340932845492,0.023424705232226728,-60.73350717302869,31.294117541605424,-106.21513598088082,56.820607515707195,1492.8843025243818,0.0,41110045.29872309,0.0036314343408683915,0.5228444444444443,AVAILABLE,-91.30062696654338,50.52667291567726,-106.21513598088082,56.820607515707195
6088976,0.3006,-0.2154,9.7668,-0.0024,-0.0062,-0.0042,52.413055,-1.529287,0.0,0.025,296.617,9.773798635126468,0.007863841300535,-0.0307488047098054,-0.0122155013181863,-0.0306,-0.1213,-0.0317000000000007,-0.0066,-0.0239,-0.0127,0.1,2.3045800000000005,0.6401611111111113,0.06401611111111113,-0.05723176973721241,0.0286807777882125,-60.790738942765906,31.322798319393637,-106.21513598088082,56.820607515707195,1492.8935797440472,0.0,41110045.29872309,0.0036314569076634357,0.6401611111111113,AVAILABLE,-91.35785873628058,50.55535369346547,-106.21513598088082,56.820607515707195
6089075,0.4028,-0.1306,9.9301,-0.0044,-0.0007,-0.0056,52.413055,-1.529287,0.0,0.011,296.617,9.939124217454976,0.0071561162651259,0.1653255823285082,-0.000707725035409,0.1022,0.0848,0.1632999999999995,-0.002,0.0055,-0.0014,0.099,3.206330000000002,0.8906472222222228,0.08817407500000006,-0.0788295050980661,0.03950413431654472,-60.86956844786397,31.362302453710182,-106.21513598088082,56.820607515707195,1492.906362337608,0.0,41110045.29872309,0.0036314880012646906,0.8906472222222228,AVAILABLE,-91.43668824137865,50.594857827782015,-106.21513598088082,56.820607515707195
6089175,0.2833,-0.1482,9.795,0.0039,0.0194,0.0064,52.413055,-1.529287,0.0,0.04,296.617,9.800216687910527,0.0207973556011335,-0.1389075295444488,0.0136412393360075,-0.1195,-0.0176,-0.1350999999999995,0.0083,0.0201,0.012,0.1,3.600390000000001,1.0001083333333336,0.10001083333333337,-0.08941181969997232,0.044807290500178946,-60.958980267563945,31.40710974421036,-106.21513598088082,56.820607515707195,1492.9208670765306,0.0,41110045.29872309,0.0036315232839767807,1.0001083333333336,AVAILABLE,-91.52610006107861,50.6396651182822,-106.21513598088082,56.820607515707195
6089276,0.4858,-0.1617,9.9932,-0.0005,-0.0116,-0.0121,52.413055,-1.529287,0.0,0.025,296.617,10.006307749115056,0.0167696153802047,0.2060910612045283,-0.0040277402209287,0.2025,-0.0135,0.1981999999999999,-0.0043999999999999,-0.031,-0.0185,0.101,6.377710000000002,1.7715861111111117,0.1789301972222223,-0.1599674155257896,0.08016508871062726,-61.118947683089736,31.487274832920985,-106.21513598088082,56.820607515707195,1492.9468339871726,0.0,41110045.29872309,0.0036315864483699436,1.7715861111111117,AVAILABLE,-91.68606747660442,50.71983020699282,-106.21513598088082,56.820607515707195
6089376,0.2087,-0.1347,9.7361,-0.0036,0.0097,-0.0001,52.413055,-1.529287,0.0,0.011,296.617,9.739268093137184,0.0103469802357982,-0.2670396559778716,-0.0064226351444064,-0.2771,0.027,-0.2570999999999994,-0.0031,0.0213,0.012,0.1,2.8110600000000012,0.7808500000000003,0.07808500000000003,-0.06980965669991422,0.034983982855588715,-61.18875733978965,31.522258815776574,-106.21513598088082,56.820607515707195,1492.9581725066168,0.0,41110045.29872309,0.003631614029267415,0.7808500000000003,AVAILABLE,-91.75587713330432,50.75481418984841,-106.21513598088082,56.820607515707195
6089476,0.4192,-0.2103,9.847,0.0009,0.0056,-0.001,52.413055,-1.529287,0.0,0.0289999999999999,296.617,9.858162289696796,0.0057593402399927,0.1188941965596122,-0.0045876399958054,0.2105,-0.0756,0.1108999999999991,0.0045,-0.0041,-0.0009,0.1,4.942240000000002,1.372844444444445,0.13728444444444451,-0.12273522362688244,0.061506776599647386,-61.311492563416536,31.58376559237622,-106.21513598088082,56.820607515707195,1492.9781169163712,0.0,41110045.29872309,0.003631662543954298,1.372844444444445,AVAILABLE,-91.8786123569312,50.81632096644805,-106.21513598088082,56.820607515707195
6089576,0.321,-0.1485,9.8357,0.0038,-0.0019,-0.0027,52.413055,-1.529287,0.0,0.032,296.617,9.842057088840727,0.0050338851794612,-0.0161052008560691,-0.0007254550605314,-0.0982,0.0617999999999999,-0.0113000000000003,0.0029,-0.0075,-0.0017,0.1,7.7874300000000005,2.1631750000000003,0.21631750000000005,-0.19339246222941273,0.09691551144731779,-61.50488502564595,31.680681103823538,-106.21513598088082,56.820607515707195,1493.0095681660005,0.0,41110045.29872309,0.0036317390489773423,2.1631750000000003,AVAILABLE,-92.07200481916064,50.913236477895374,-106.21513598088082,56.820607515707195
6089675,0.3237,-0.168,9.8525,0.0014,0.0085,-0.0003,52.413055,-1.529287,0.0,0.0969999999999999,296.617,9.85924753416811,0.0086197447758039,0.0171904453273832,0.0035858595963426,0.0026999999999999,-0.0195,0.0167999999999999,-0.0024,0.0104,0.0024,0.099,4.758260000000001,1.321738888888889,0.13085215000000003,-0.116984615098235,0.05862495193976976,-61.62186964074418,31.739306055763308,-106.21513598088082,56.820607515707195,1493.028608164972,0.0,41110045.29872309,0.0036317853636890704,1.321738888888889,AVAILABLE,-92.18898943425884,50.97186142983514,-106.21513598088082,56.820607515707195
6089775,0.4064,-0.1814,9.9296,0.0003,0.0025,-0.0035,52.413055,-1.529287,0.0,0.086,296.617,9.93956855602898,0.004311612227462,0.08032102186087,-0.0043081325483419,0.0827,-0.0133999999999999,0.0771000000000015,-0.0011,-0.006,-0.0032,0.1,7.594139999999999,2.109483333333333,0.2109483333333333,-0.18859231262622866,0.09450999393927569,-61.81046195337041,31.833816049702584,-106.21513598088082,56.820607515707195,1493.0593264121321,0.0,41110045.29872309,0.003631860085686911,2.109483333333333,AVAILABLE,-92.37758174688508,51.06637142377442,-106.21513598088082,56.820607515707195
6089876,0.2464,-0.1252,9.863,-0.0038,0.001,0.0007,52.413055,-1.529287,0.0,0.025,296.617,9.866871692689632,0.003991240408695,-0.0726968633393472,-0.0003203718187669,-0.1599999999999999,0.0562,-0.0666000000000011,-0.0041,-0.0015,0.0042,0.101,4.94446,1.3734611111111112,0.13871957222222225,-0.1240182584925695,0.062149748816761496,-61.934480211862976,31.895965798519345,-106.21513598088082,56.820607515707195,1493.0795426230145,0.0,41110045.29872309,0.0036319092615288134,1.3734611111111112,AVAILABLE,-92.50160000537764,51.128521172591185,-106.21513598088082,56.820607515707195
6089976,0.3871,-0.1703,9.9384,-0.0038,-0.0126,-0.012,52.413055,-1.529287,0.0,0.1009999999999999,296.617,9.947393782292927,0.0178101094887145,0.0805220896032938,0.0138188690800195,0.1407,-0.0451,0.0754000000000001,0.0,-0.0136,-0.0127,0.1,6.14933,1.7081472222222223,0.17081472222222224,-0.1527120076535127,0.07652915814438585,-62.08719221951649,31.97249495666373,-106.21513598088082,56.820607515707195,1493.1044535303797,0.0,41110045.29872309,0.0036319698571987634,1.7081472222222223,AVAILABLE,-92.65431201303116,51.20505033073557,-106.21513598088082,56.820607515707195
6090076,0.2957,-0.1002,9.8243,0.0061,0.0186,0.0109,52.413055,-1.529287,0.0,0.1119999999999999,296.617,9.829259840903584,0.0224049101761198,-0.1181339413893418,0.0045948006874053,-0.0913999999999999,0.0701,-0.1141000000000005,0.0099,0.0312,0.0229,0.1,1.20084,0.3335666666666666,0.033356666666666666,-0.029821571987622097,0.014944599536226595,-62.117013791504114,31.987439556199956,-106.21513598088082,56.820607515707195,1493.1093203597923,0.0,41110045.29872309,0.003631981695739385,0.3335666666666666,AVAILABLE,-92.6841335850188,51.21999493027179,-106.21513598088082,56.820607515707195
6090176,0.2736,-0.1589,9.7801,-0.0014,-0.0025,-0.0038,52.413055,-1.529287,0.0,0.061,296.617,9.785216511656754,0.0047592016137163,-0.0440433292468309,-0.0176457085624035,-0.0221,-0.0587,-0.0442,-0.0075,-0.0210999999999999,-0.0147,0.1,3.21742,0.8937277777777778,0.08937277777777779,-0.07990117096733544,0.04004118237221126,-62.196914962471446,32.027480738572166,-106.21513598088082,56.820607515707195,1493.122363688759,0.0,41110045.29872309,0.0036320134235783403,0.8937277777777778,AVAILABLE,-92.76403475598613,51.260036112643995,-106.21513598088082,56.820607515707195
6090276,0.3374,-0.134,9.8924,-0.0046,0.0001,-0.0053,52.413055,-1.529287,0.0,0.011,296.617,9.899059173477044,0.0070185468581466,0.1138426618202892,0.0022593452444303,0.0637999999999999,0.0249,0.1123000000000011,-0.0031999999999999,0.0026,-0.0015,0.1,4.4809100000000015,1.2446972222222226,0.12446972222222226,-0.11127858843397602,0.05576546876176104,-62.30819355090542,32.08324620733393,-106.21513598088082,56.820607515707195,1493.1405378933923,0.0,41110045.29872309,0.0036320576322492414,1.2446972222222226,AVAILABLE,-92.8753133444201,51.31580158140576,-106.21513598088082,56.820607515707195
6090375,0.1952,-0.148,9.7352,0.0015,0.0128,0.0066,52.413055,-1.529287,0.0,0.05,296.617,9.73828147467509,0.0144792955629754,-0.1607776988019544,0.0074607487048287,-0.1421999999999999,-0.0139999999999999,-0.1571999999999995,0.0060999999999999,0.0127,0.0119,0.099,7.122939999999995,1.9785944444444432,0.19588084999999988,-0.1751216609155072,0.08775939422601188,-62.48331521182093,32.17100560155994,-106.21513598088082,56.820607515707195,1493.169159619642,0.0,41110045.29872309,0.003632127254469411,1.9785944444444432,AVAILABLE,-93.0504350053356,51.403560975631784,-106.21513598088082,56.820607515707195
6090476,0.3344,-0.2199,9.937,-0.0056,-0.0006,-0.0077,52.413055,-1.529287,0.0,0.061,296.617,9.945056478974868,0.009539916142189,0.2067750042997787,-0.0049393794207863,0.1391999999999999,-0.0719,0.2017999999999986,-0.0071,-0.0134,-0.0143,0.101,0.9045200000000001,0.25125555555555557,0.025376811111111112,-0.022687410793433244,0.011369429786010424,-62.50600262261436,32.18237503134595,-106.21513598088082,56.820607515707195,1493.1728694696114,0.0,41110045.29872309,0.00363213627866275,0.25125555555555557,AVAILABLE,-93.07312241612905,51.414930405417785,-106.21513598088082,56.820607515707195
6090575,0.2249,-0.0796,9.8119,0.0019,0.0034,-0.0044,52.413055,-1.529287,0.0,0.054,296.617,9.814799935811225,0.0058762232769015,-0.1302565431636448,-0.0036636928652875,-0.1094999999999999,0.1403,-0.1250999999999997,0.0075,0.004,0.0033,0.099,1.50845,0.4190138888888889,0.041482375,-0.037086128678326225,0.01858511488517771,-62.543088751292686,32.200960146231125,-106.21513598088082,56.820607515707195,1493.1789347096883,0.0,41110045.29872309,0.0036321510323319146,0.4190138888888889,AVAILABLE,-93.11020854480736,51.433515520302954,-106.21513598088082,56.820607515707195
6090675,0.3572,-0.1112,9.8908,-0.0007,0.001,-0.0012,52.413055,-1.529287,0.0,0.0289999999999999,296.617,9.897872595664182,0.0017117242768623,0.0830726598529594,-0.0041644990000392,0.1323,-0.0315999999999999,0.0789000000000008,-0.0026,-0.0024,0.0032,0.1,3.4790000000000005,0.966388888888889,0.0966388888888889,-0.08639722939353893,0.04329657721805764,-62.629485980686226,32.24425672344918,-106.21513598088082,56.820607515707195,1493.1930688933483,0.0,41110045.29872309,0.0036321854136699967,0.966388888888889,AVAILABLE,-93.19660577420089,51.47681209752101,-106.21513598088082,56.820607515707195
6090775,0.2375,-0.0858,9.7978,-0.0024,0.0058,-0.0002,52.413055,-1.529287,0.0,0.076,296.617,9.801053654072096,0.006280127387243,-0.096818941592085,0.0045684031103806,-0.1197,0.0253999999999999,-0.0929999999999999,-0.0016999999999999,0.0048,0.0009999999999999,0.1,1.5290300000000001,0.42473055555555556,0.042473055555555556,-0.037971818240759646,0.019028963915989267,-62.66745779892699,32.26328568736517,-106.21513598088082,56.820607515707195,1493.1992828418136,0.0,41110045.29872309,0.003632200529071647,0.42473055555555556,AVAILABLE,-93.23457759244167,51.495841061437,-106.21513598088082,56.820607515707195
6090875,0.2954,-0.1884,9.8685,-0.0058,0.0096,-0.0025,52.413055,-1.529287,0.0,0.05,296.617,9.874717614696634,0.0114913010577566,0.0736639606245361,0.0052111736705136,0.0579,-0.1026,0.0706999999999986,-0.0034,0.0037999999999999,-0.0023,0.1,3.2363600000000012,0.8989888888888892,0.08989888888888892,-0.08037152553034599,0.0402768929708057,-62.747829324457335,32.30356258033598,-106.21513598088082,56.820607515707195,1493.2124392459457,0.0,41110045.29872309,0.003632232531965432,0.8989888888888892,AVAILABLE,-93.31494911797202,51.53611795440781,-106.21513598088082,56.820607515707195
6090975,0.3101,-0.1546,9.8752,-0.0043,-0.001,-0.0052,52.413055,-1.529287,0.0,0.047,296.617,9.881277154801396,0.0068212902005412,0.0065595401047637,-0.0046700108572154,0.0146999999999999,0.0338,0.0067000000000003,0.0014999999999999,-0.0105999999999999,-0.0026999999999999,0.1,2.3632700000000013,0.6564638888888893,0.06564638888888893,-0.05868927286831528,0.02941118196094255,-62.80651859732565,32.33297376229692,-106.21513598088082,56.820607515707195,1493.2220497230487,0.0,41110045.29872309,0.0036322559094076924,0.6564638888888893,AVAILABLE,-93.37363839084034,51.56552913636876,-106.21513598088082,56.820607515707195
6091075,0.1592,-0.0963,9.7814,0.0055,0.0179,0.0086,52.413055,-1.529287,0.0,0.025,296.617,9.783169439910566,0.0206063097132892,-0.0981077148908315,0.013785019512748,-0.1508999999999999,0.0582999999999999,-0.0937999999999998,0.0098,0.0189,0.0138,0.1,2.44077,0.6779916666666667,0.06779916666666667,-0.06061390215201724,0.03037567886648995,-62.86713249947767,32.363349441163415,-106.21513598088082,56.820607515707195,1493.2319783263329,0.0,41110045.29872309,0.003632280060690456,0.6779916666666667,AVAILABLE,-93.43425229299234,51.59590481523525,-106.21513598088082,56.820607515707195
6091176,0.3854,-0.111,9.9559,-0.0066,0.0066,-0.0102,52.413055,-1.529287,0.0,0.011,296.617,9.963975058680145,0.0138260623461634,0.180805618769579,-0.0067802473671257,0.2262,-0.0147,0.1745000000000001,-0.0121,-0.0113,-0.0188,0.101,3.9503100000000004,1.0973083333333333,0.11082814166666667,-0.09908272424203697,0.0496537082408071,-62.96621522371971,32.41300314940422,-106.21513598088082,56.820607515707195,1493.2482146386,0.0,41110045.29872309,0.003632319555446906,1.0973083333333333,AVAILABLE,-93.53333501723438,51.64555852347606,-106.21513598088082,56.820607515707195
6091275,0.1945,-0.0699,9.8704,-0.0002,0.0089,0.0004,52.413055,-1.529287,0.0,0.0139999999999999,296.617,9.87256361944556,0.0089112288714856,-0.0914114392345855,-0.0049148334746778,-0.1909,0.0411,-0.0854999999999996,0.0064,0.0023,0.0106,0.099,1.3274899999999996,0.3687472222222221,0.03650597499999999,-0.03263712085862393,0.016355566415144386,-62.99885234457833,32.42935871581936,-106.21513598088082,56.820607515707195,1493.2535645227892,0.0,41110045.29872309,0.0036323325690160962,0.3687472222222221,AVAILABLE,-93.565972138093,51.661914089891205,-106.21513598088082,56.820607515707195
6091376,0.2953,-0.1365,9.8809,0.0014,0.0201,0.0024,52.413055,-1.529287,0.0,0.0139999999999999,296.617,9.886254050448027,0.0202911310675378,0.0136904310024679,0.0113799021960521,0.1008,-0.0666,0.0105000000000003,0.0016,0.0112,0.0019999999999999,0.101,3.504150000000002,0.9733750000000005,0.09831087500000006,-0.08789202066489316,0.04404566774051259,-63.08674436524323,32.473404383559874,-106.21513598088082,56.820607515707195,1493.267976145173,0.0,41110045.29872309,0.0036323676252226246,0.9733750000000005,AVAILABLE,-93.6538641587579,51.70595975763171,-106.21513598088082,56.820607515707195
6091475,0.2586,-0.0794,9.8547,-0.0069,0.0007,-0.0066,52.413055,-1.529287,0.0,0.022,296.617,9.858412164745396,0.0095739229159211,-0.0278418857026316,-0.0107172081516167,-0.0367,0.0571,-0.0262000000000011,-0.0083,-0.0194,-0.009,0.099,0.8270200000000003,0.22972777777777786,0.02274305000000001,-0.020332772143292367,0.010189440626033129,-63.10707713738652,32.48359382418591,-106.21513598088082,56.820607515707195,1493.271311004399,0.0,41110045.29872309,0.0036323757372526693,0.22972777777777786,AVAILABLE,-93.67419693090119,51.716149198257746,-106.21513598088082,56.820607515707195
6091575,0.1313,-0.1119,9.7231,-0.0005,0.0068,-0.0016,52.413055,-1.529287,0.0,0.025,296.617,9.724630322536688,0.0070035705179572,-0.1337818422087071,-0.0025703523979638,-0.1273,-0.0325,-0.1315999999999988,0.0063999999999999,0.0060999999999999,0.005,0.1,2.542410000000001,0.7062250000000003,0.07062250000000003,-0.06313802241518464,0.031640601001713696,-63.1702151598017,32.51523442518762,-106.21513598088082,56.820607515707195,1493.2816686841293,0.0,41110045.29872309,0.0036324009322619547,0.7062250000000003,AVAILABLE,-93.73733495331638,51.74778979925946,-106.21513598088082,56.820607515707195
6091676,0.3334,-0.161,9.8865,0.002,0.0113,-0.0018,52.413055,-1.529287,0.0,0.086,296.617,9.893430083141034,0.0116159373276546,0.1687997606043456,0.0046123668096973,0.2020999999999999,-0.0491,0.1633999999999993,0.0025,0.0045,-0.0001999999999999,0.101,2.7423600000000006,0.7617666666666668,0.07693843333333335,-0.06878460162680715,0.034470293048206285,-63.23899976142851,32.54970471823583,-106.21513598088082,56.820607515707195,1493.2929563946864,0.0,41110045.29872309,0.0036324283895670367,0.7617666666666668,AVAILABLE,-93.8061195549432,51.78226009230766,-106.21513598088082,56.820607515707195
6091776,0.1388,-0.0823,9.8931,0.0015,0.0125,0.0043,52.413055,-1.529287,0.0,0.061,296.617,9.894415917071608,0.0133037588673276,0.0009858339305743,0.001687821539673,-0.1945999999999999,0.0787,0.0066000000000006,-0.0005,0.0012,0.0060999999999999,0.1,3.490340000000001,0.9695388888888892,0.09695388888888892,-0.08667884611711547,0.04343770489430161,-63.325678607545626,32.59314242313013,-106.21513598088082,56.820607515707195,1493.3071861152487,0.0,41110045.29872309,0.0036324630032982036,0.9695388888888892,AVAILABLE,-93.8927984010603,51.82569779720196,-106.21513598088082,56.820607515707195
6091875,0.2195,-0.1134,9.8485,-0.0071,-0.0055,-0.0087,52.413055,-1.529287,0.0,0.047,296.617,9.851598452027975,0.0125039993602047,-0.0428174650436332,-0.0007997595071229,0.0807,-0.0311,-0.0446000000000008,-0.0086,-0.018,-0.013,0.099,1.5717200000000005,0.436588888888889,0.04322230000000002,-0.038641658766481436,0.01936464368545959,-63.364320266312106,32.61250706681559,-106.21513598088082,56.820607515707195,1493.3135317472208,0.0,41110045.29872309,0.003632478439019391,0.436588888888889,AVAILABLE,-93.93144005982677,51.845062440887425,-106.21513598088082,56.820607515707195
6091975,0.3268,-0.1297,9.9552,0.0,0.0096,-0.0018,52.413055,-1.529287,0.0,0.05,296.617,9.961406897120506,0.0097672923576598,0.1098084450925309,-0.0027367070025448,0.1072999999999999,-0.0163,0.1067,0.0071,0.0150999999999999,0.0069,0.1,2.8944,0.804,0.08040000000000001,-0.07187931611286551,0.03602115926988963,-63.43619958242497,32.64852822608548,-106.21513598088082,56.820607515707195,1493.3253388363642,0.0,41110045.29872309,0.0036325071597105444,0.804,AVAILABLE,-94.00331937593964,51.88108360015732,-106.21513598088082,56.820607515707195
6092076,0.1623,-0.0658,9.7502,0.0002,0.0069,0.0026,52.413055,-1.529287,0.0,0.036,296.617,9.751772709102688,0.007376313442364,-0.2096341880178176,-0.0023909789152958,-0.1644999999999999,0.0639,-0.205,0.0002,-0.0026999999999999,0.0043999999999999,0.101,1.7834999999999996,0.49541666666666656,0.05003708333333333,-0.04473422052590124,0.022417832688442035,-63.48093380295087,32.67094605877392,-106.21513598088082,56.820607515707195,1493.3326891374902,0.0,41110045.29872309,0.0036325250392849227,0.49541666666666656,AVAILABLE,-94.04805359646556,51.90350143284575,-106.21513598088082,56.820607515707195
6092175,0.3255,-0.1085,9.9258,-0.0026,-0.003,-0.0108,52.413055,-1.529287,0.0,0.032,296.617,9.93172835613218,0.011506519890914,0.1799556470294909,0.00413020644855,0.1632,-0.0427,0.1756000000000011,-0.0028,-0.0098999999999999,-0.0134,0.099,6.181650000000002,1.7171250000000005,0.16999537500000006,-0.15197949374813577,0.07616207062213452,-63.63291329669901,32.747108129396054,-106.21513598088082,56.820607515707195,1493.357673214029,0.0,41110045.29872309,0.0036325858129385574,1.7171250000000005,AVAILABLE,-94.20003309021368,51.97966350346788,-106.21513598088082,56.820607515707195
6092275,0.3519,-0.0981,9.9408,-0.0018,0.0086,0.0031,52.413055,-1.529287,0.0,0.076,296.617,9.947510334752108,0.0093171884171138,0.0157819786199286,-0.0021893314738001,0.0263999999999999,0.0103999999999999,0.0149999999999987,0.0007999999999999,0.0116,0.0139,0.1,2.66964,0.7415666666666666,0.07415666666666666,-0.06629764285086727,0.033223993792588495,-63.69921093954988,32.78033212318864,-106.21513598088082,56.820607515707195,1493.3685778876609,0.0,41110045.29872309,0.0036326123385080436,0.7415666666666666,AVAILABLE,-94.26633073306456,52.012887497260486,-106.21513598088082,56.820607515707195
6092376,0.1492,-0.0565,9.8691,0.0013,0.0091,-0.0021,52.413055,-1.529287,0.0,0.004,296.617,9.87038944013862,0.00942920993509,-0.077120894613488,0.0001120215179761,-0.2027,0.0416,-0.0716999999999998,0.0031,0.0005,-0.0052,0.101,2.6617599999999992,0.7393777777777776,0.07467715555555554,-0.06676297102720655,0.033457185498619264,-63.76597391057709,32.81378930868726,-106.21513598088082,56.820607515707195,1493.3795627395193,0.0,41110045.29872309,0.0036326390591107055,0.7393777777777776,AVAILABLE,-94.33309370409177,52.04634468275909,-106.21513598088082,56.820607515707195
6092475,0.2811,-0.1736,9.9217,-0.0065,0.0075,-0.0034,52.413055,-1.529287,0.0,0.018,296.617,9.927199255580598,0.0104909484795227,0.0568098154419782,0.0010617385444327,0.1319,-0.1171,0.0525999999999999,-0.0078,-0.0016,-0.0013,0.099,4.951209999999999,1.3753361111111106,0.13615827499999997,-0.12172840410581427,0.06100222524488096,-63.887702314682905,32.87479153393215,-106.21513598088082,56.820607515707195,1493.3996007375179,0.0,41110045.29872309,0.0036326878014505716,1.3753361111111106,AVAILABLE,-94.45482210819759,52.10734690800398,-106.21513598088082,56.820607515707195
6092575,0.1165,-0.0656,9.7784,-0.0029,0.0048,-0.0017,52.413055,-1.529287,0.0,0.0139999999999999,296.617,9.77931399281156,0.0058600341295934,-0.1478852627690372,-0.0046309143499292,-0.1646,0.108,-0.1432999999999999,0.0036,-0.0027,0.0017,0.1,0.28946000000000005,0.08040555555555556,0.008040555555555556,-0.007188428289811376,0.003602364829416201,-63.89489074297271,32.878393898761566,-106.21513598088082,56.820607515707195,1493.400784421332,0.0,41110045.29872309,0.0036326906807561173,0.08040555555555556,AVAILABLE,-94.46201053648738,52.1109492728334,-106.21513598088082,56.820607515707195
6092676,0.1889,-0.1352,9.8274,-0.0011,0.0092,0.0028,52.413055,-1.529287,0.0,0.0579999999999999,296.617,9.830145116426309,0.009679359482941,0.0508311236147474,0.0038193253533475,0.0724,-0.0695999999999999,0.0490000000000012,0.0017999999999999,0.0044,0.0045,0.101,2.53409,0.7039138888888888,0.07109530277777777,-0.06356071819034542,0.03185242816790248,-63.95845146116306,32.91024632692947,-106.21513598088082,56.820607515707195,1493.4112525010703,0.0,41110045.29872309,0.003632716144312925,0.7039138888888888,AVAILABLE,-94.52557125467774,52.1428017010013,-106.21513598088082,56.820607515707195
6092776,0.1844,-0.0849,9.922,0.0015,0.009,0.0006,52.413055,-1.529287,0.0,0.025,296.617,9.924076549986903,0.0091438503924769,0.0939314335605967,-0.0005355090904641,-0.0045,0.0502999999999999,0.0945999999999998,0.0026,-0.0002,-0.0022,0.1,1.12965,0.3137916666666667,0.03137916666666667,-0.028053644778502803,0.014058631346472783,-63.98650510594156,32.92430495827594,-106.21513598088082,56.820607515707195,1493.4158738260576,0.0,41110045.29872309,0.0036327273856651392,0.3137916666666667,AVAILABLE,-94.55362489945625,52.15686033234777,-106.21513598088082,56.820607515707195
6092876,0.1887,-0.0822,9.8917,-0.0045,-0.0068,-0.0099,52.413055,-1.529287,0.0,0.072,296.617,9.893841186313836,0.0128257553383806,-0.0302353636730678,0.0036819049459037,0.0042999999999999,0.0027,-0.0303000000000004,-0.006,-0.0157999999999999,-0.0105,0.1,1.5725100000000003,0.4368083333333334,0.04368083333333334,-0.03905159735373208,0.01957007779280478,-64.0255567032953,32.94387503606875,-106.21513598088082,56.820607515707195,1493.4223079365224,0.0,41110045.29872309,0.0036327430366098605,0.4368083333333334,AVAILABLE,-94.59267649680996,52.17643041014059,-106.21513598088082,56.820607515707195
6092975,0.3137,-0.1228,9.9383,-0.0035,0.0093,0.003,52.413055,-1.529287,0.0,0.119,296.617,9.94400796560421,0.010379788051786,0.0501667792903735,-0.0024459672865946,0.1249999999999999,-0.0406,0.0465999999999997,0.0009999999999999,0.0161,0.0129,0.099,2.93333,0.814813888888889,0.080666575,-0.07211763985282553,0.036140591366063395,-64.09767434314811,32.98001562743481,-106.21513598088082,56.820607515707195,1493.4341932675375,0.0,41110045.29872309,0.0036327719476240148,0.814813888888889,AVAILABLE,-94.66479413666278,52.21257100150665,-106.21513598088082,56.820607515707195
6093075,0.063,-0.073,9.75,-0.0023,-0.0074,-0.0091,52.413055,-1.529287,0.0,0.083,296.617,9.750476808854016,0.0119524056156072,-0.1935311567501951,0.0015726175638212,-0.2507,0.0498,-0.1882999999999999,0.0012,-0.0167,-0.0121,0.1,1.9334700000000011,0.5370750000000003,0.05370750000000003,-0.04801565136979758,0.024062268799596994,-64.14568999451791,33.004077896234406,-106.21513598088082,56.820607515707195,1493.4421088396382,0.0,41110045.29872309,0.0036327912022174925,0.5370750000000003,AVAILABLE,-94.71280978803259,52.236633270306235,-106.21513598088082,56.820607515707195
6093176,0.2639,-0.128,9.9206,-0.0068,-0.014,-0.005,52.413055,-1.529287,0.0,0.122,296.617,9.92493483958459,0.0163474768695355,0.1744580307305749,0.0043950712539282,0.2009,-0.055,0.1706000000000003,-0.0045,-0.0066,0.0041,0.101,2.0717700000000003,0.5754916666666667,0.05812465833333334,-0.0519646852026613,0.026041263374787533,-64.19765467972057,33.03011915960919,-106.21513598088082,56.820607515707195,1493.4506775547206,0.0,41110045.29872309,0.003632812045578331,0.5754916666666667,AVAILABLE,-94.76477447323524,52.26267453368103,-106.21513598088082,56.820607515707195
6093276,0.1556,-0.0617,9.809,-0.0028,0.0112,0.0016,52.413055,-1.529287,0.0,0.0289999999999999,296.617,9.810428086989884,0.0116550418274667,-0.114506752594707,-0.0046924350420687,-0.1083,0.0663,-0.111600000000001,0.004,0.0252,0.0066,0.1,0.9103600000000004,0.25287777777777787,0.025287777777777787,-0.022607813093044587,0.011329540683021258,-64.22026249281362,33.041448700292214,-106.21513598088082,56.820607515707195,1493.4544061601669,0.0,41110045.29872309,0.0036328211153942823,0.25287777777777787,AVAILABLE,-94.7873822863283,52.27400407436405,-106.21513598088082,56.820607515707195
6093375,0.2365,-0.1085,9.9193,-0.0005,-0.0034,-0.0062,52.413055,-1.529287,0.0,0.076,296.617,9.922712179137315,0.0070887234393789,0.1122840921474317,-0.0045663183880878,0.0809,-0.0468,0.1103000000000005,0.0023,-0.0146,-0.0078,0.099,0.8394600000000001,0.23318333333333335,0.023085150000000002,-0.02063861684530991,0.010342709762677768,-64.24090110965892,33.05179141005489,-106.21513598088082,56.820607515707195,1493.4578103606232,0.0,41110045.29872309,0.0036328293960965576,0.23318333333333335,AVAILABLE,-94.8080209031736,52.28434678412673,-106.21513598088082,56.820607515707195
6093475,0.2154,-0.0547,9.9994,-0.0059,0.0087,-0.0011,52.413055,-1.529287,0.0,0.0139999999999999,296.617,10.001869305784794,0.0105692951515226,0.0791571266474786,0.0034805717121437,-0.0210999999999999,0.0538,0.0800999999999998,-0.0054,0.0121,0.0050999999999999,0.1,3.0643000000000007,0.8511944444444446,0.08511944444444447,-0.07609860018126513,0.03813558538927681,-64.31699970984019,33.089926995444166,-106.21513598088082,56.820607515707195,1493.4703653272313,0.0,41110045.29872309,0.0036328599359962753,0.8511944444444446,AVAILABLE,-94.88411950335487,52.322482369516,-106.21513598088082,56.820607515707195
6093575,0.0991,-0.0628,9.8262,-0.0023,-0.0006,-0.0013,52.413055,-1.529287,0.0,0.0579999999999999,296.617,9.82690038058797,0.0027092434368288,-0.1749689251968238,-0.0078600517146938,-0.1163,-0.0080999999999999,-0.1731999999999995,0.0036,-0.0093,-0.0001999999999999,0.1,1.64411,0.4566972222222222,0.04566972222222222,-0.04082970647261031,0.020461148482316966,-64.3578294163128,33.110388143926485,-106.21513598088082,56.820607515707195,1493.4771034862274,0.0,41110045.29872309,0.00363287632653768,0.4566972222222222,AVAILABLE,-94.92494920982747,52.342943517998314,-106.21513598088082,56.820607515707195
6093676,0.2612,-0.0637,9.9347,-0.001,0.0093,0.004,52.413055,-1.529287,0.0,0.079,296.617,9.938337246239936,0.0101730034896288,0.1114368656519655,0.0074637600527999,0.1621,-0.0009,0.1084999999999993,0.0013,0.0098999999999999,0.0053,0.101,2.3071300000000003,0.6408694444444445,0.0647278138888889,-0.05786804721161904,0.0289996379761622,-64.41569746352441,33.13938778190265,-106.21513598088082,56.820607515707195,1493.4866558364145,0.0,41110045.29872309,0.0036328995625864793,0.6408694444444445,AVAILABLE,-94.9828172570391,52.371943155974485,-106.21513598088082,56.820607515707195
6093775,0.1016,-0.0413,9.8078,-0.0044,0.0003,-0.0039,52.413055,-1.529287,0.0,0.0289999999999999,296.617,9.808413179000974,0.005887274411814,-0.1299240672389618,-0.0042857290778148,-0.1596,0.0224,-0.1268999999999991,-0.0034,-0.009,-0.0079,0.099,0.6065399999999996,0.16848333333333324,0.016679849999999993,-0.014912141926183817,0.0074729792717396545,-64.4306096054506,33.14686076117439,-106.21513598088082,56.820607515707195,1493.4891178468365,0.0,41110045.29872309,0.0036329055514157404,0.16848333333333324,AVAILABLE,-94.99772939896528,52.379416135246224,-106.21513598088082,56.820607515707195
6093875,0.2596,-0.0926,9.878,-0.0021,0.0053,0.0009,52.413055,-1.529287,0.0,0.047,296.617,9.881844510009252,0.0057714816122032,0.0734313310082779,-0.0001157927996107,0.158,-0.0513,0.0701999999999998,0.0023,0.005,0.0048,0.1,2.655430000000001,0.7376194444444447,0.07376194444444448,-0.0659447527589782,0.03304714861803588,-64.49655435820958,33.179907909792426,-106.21513598088082,56.820607515707195,1493.5000075800851,0.0,41110045.29872309,0.0036329320406428126,0.7376194444444447,AVAILABLE,-95.06367415172426,52.41246328386426,-106.21513598088082,56.820607515707195
6093975,0.1335,-0.0569,9.9181,0.0047,0.0118,0.0031,52.413055,-1.529287,0.0,0.011,296.617,9.919161631408173,0.0130744024720061,0.0373171213989191,0.0073029208598029,-0.1261,0.0357,0.0401000000000006,0.0068,0.0065,0.0021999999999999,0.1,5.6173699999999975,1.5603805555555548,0.1560380555555555,-0.1395013522501821,0.06990885138470834,-64.63605571045976,33.24981676117714,-106.21513598088082,56.820607515707195,1493.5230557654254,0.0,41110045.29872309,0.003632988105249827,1.5603805555555548,AVAILABLE,-95.20317550397445,52.48237213524897,-106.21513598088082,56.820607515707195
6094075,0.2012,-0.0742,9.824,-0.0057,0.0019,-0.0076,52.413055,-1.529287,0.0,0.076,296.617,9.826340268889531,0.0096881370758262,-0.092821362518638,-0.0033862653961798,0.0676999999999999,-0.0173,-0.0941000000000009,-0.0104,-0.0098999999999999,-0.0107,0.1,1.4666800000000004,0.4074111111111112,0.040741111111111124,-0.03642342293961359,0.018253010599074672,-64.67247913339938,33.26806977177621,-106.21513598088082,56.820607515707195,1493.529076209168,0.0,41110045.29872309,0.0036330027499521097,0.4074111111111112,AVAILABLE,-95.23959892691406,52.500625145848055,-106.21513598088082,56.820607515707195
6094175,0.2691,-0.1184,9.9577,-0.0041,0.0095,0.0001,52.413055,-1.529287,0.0,0.004,296.617,9.962039081433078,0.0103474634572923,0.135698812543545,0.000659326381466,0.0679,-0.0442,0.133700000000001,0.0015999999999999,0.0076,0.0077,0.1,0.8717799999999996,0.242161111111111,0.0242161111111111,-0.02164972021865459,0.010849407900879064,-64.69412885361804,33.27891917967709,-106.21513598088082,56.820607515707195,1493.5326552161396,0.0,41110045.29872309,0.0036330114558704462,0.242161111111111,AVAILABLE,-95.2612486471327,52.51147455374893,-106.21513598088082,56.820607515707195
6094275,0.1232,-0.063,9.8433,-0.0014,0.0001,0.0006,52.413055,-1.529287,0.0,0.0289999999999999,296.617,9.844272554638051,0.0015264337522473,-0.1177665267950267,-0.0088210297050449,-0.1459,0.0554,-0.1144000000000016,0.0027,-0.0094,0.0004999999999999,0.1,1.57101,0.4363916666666667,0.04363916666666667,-0.0390143464643701,0.019551410110761922,-64.73314320008241,33.298470589787854,-106.21513598088082,56.820607515707195,1493.5391058127084,0.0,41110045.29872309,0.003633027146917542,0.4363916666666667,AVAILABLE,-95.3002629935971,52.53102596385968,-106.21513598088082,56.820607515707195
6094375,0.2888,-0.103,9.9562,-0.0066,-0.0041,-0.0123,52.413055,-1.529287,0.0,0.05,296.617,9.96092028278512,0.0145485394455938,0.1166477281470701,0.0130221056933464,0.1656,-0.0399999999999999,0.1129000000000015,-0.0052,-0.0042,-0.0129,0.1,5.6140300000000005,1.5594527777777778,0.15594527777777778,-0.13941840693653615,0.06986728467935961,-64.87256160701895,33.368337874467215,-106.21513598088082,56.820607515707195,1493.5621673171454,0.0,41110045.29872309,0.0036330832439231994,1.5594527777777778,AVAILABLE,-95.43968140053363,52.600893248539045,-106.21513598088082,56.820607515707195
6094476,0.0785,-0.0415,9.8332,0.0044,0.0082,0.0033,52.413055,-1.529287,0.0,0.13,296.617,9.83360090404324,0.0098737024463977,-0.1273193787418822,-0.0046748369991961,-0.2103,0.0614999999999999,-0.1230000000000011,0.011,0.0123,0.0156,0.101,0.8845900000000003,0.24571944444444452,0.024817663888888897,-0.022187521241943925,0.011118918204580289,-64.8947491282609,33.379456792671796,-106.21513598088082,56.820607515707195,1493.565838872661,0.0,41110045.29872309,0.0036330921749654515,0.24571944444444452,AVAILABLE,-95.46186892177556,52.61201216674363,-106.21513598088082,56.820607515707195
6094575,0.2106,-0.1522,9.9281,0.0026,0.0032,-0.0002,52.413055,-1.529287,0.0,0.086,296.617,9.931499726123944,0.00412795348811,0.0978988220807064,-0.0057457489582876,0.1321,-0.1106999999999999,0.0949000000000008,-0.0018,-0.005,-0.0035,0.099,2.952939999999998,0.8202611111111106,0.08120584999999995,-0.07259976321348177,0.0363821997076712,-64.96734889147437,33.41583899237947,-106.21513598088082,56.820607515707195,1493.5778553844887,0.0,41110045.29872309,0.003633121405076342,0.8202611111111106,AVAILABLE,-95.53446868498904,52.648394366451306,-106.21513598088082,56.820607515707195
6094676,0.0975,-0.054,9.8898,-0.0013,0.0075,-0.001,52.413055,-1.529287,0.0,0.065,296.617,9.890428013488595,0.0076772390870676,-0.0410717126353485,0.0035492855989576,-0.1131,0.0982,-0.0383000000000013,-0.0039,0.0043,-0.0008,0.101,0.6644999999999999,0.1845833333333333,0.018642916666666665,-0.016667165427228132,0.008352480976433827,-64.9840160569016,33.424191473355904,-106.21513598088082,56.820607515707195,1493.5806146970822,0.0,41110045.29872309,0.0036331281170917953,0.1845833333333333,AVAILABLE,-95.55113585041627,52.65674684742773,-106.21513598088082,56.820607515707195
6094776,0.1194,-0.0767,9.8097,0.0006,0.0012,-0.0047,52.413055,-1.529287,0.0,0.054,296.617,9.810726443031626,0.0048877397639399,-0.0797015704569705,-0.0027894993231277,0.0219,-0.0227,-0.0800999999999998,0.0018999999999999,-0.0063,-0.0037,0.1,1.5096399999999996,0.41934444444444435,0.04193444444444444,-0.03749028841094052,0.01878765301278198,-65.02150634531253,33.442979126368684,-106.21513598088082,56.820607515707195,1493.5868221886071,0.0,41110045.29872309,0.003633143216786967,0.41934444444444435,AVAILABLE,-95.58862613882721,52.67553450044053,-106.21513598088082,56.820607515707195
6094875,0.1967,-0.0269,9.8846,0.0009,0.0103,0.0037,52.413055,-1.529287,0.0,0.043,296.617,9.886593531646785,0.010981347822558,0.0758670886151584,0.006093608058618,0.0773,0.0498,0.0749000000000013,0.0003,0.0091,0.0084,0.099,1.7301900000000003,0.4806083333333334,0.04758022500000001,-0.042537736735028184,0.021317100283858016,-65.06404408204756,33.46429622665254,-106.21513598088082,56.820607515707195,1493.593866810929,0.0,41110045.29872309,0.0036331603527990307,0.4806083333333334,AVAILABLE,-95.63116387556224,52.69685160072438,-106.21513598088082,56.820607515707195
6094975,0.1045,-0.0312,9.8169,-0.0008,0.011,0.0049,52.413055,-1.529287,0.0,0.104,296.617,9.81750575757407,0.0120685541801824,-0.0690877740727149,0.0010872063576244,-0.0922,-0.0042999999999999,-0.0677000000000003,-0.0017,0.0006999999999999,0.0011999999999999,0.1,0.4659799999999999,0.12943888888888885,0.012943888888888887,-0.011572112949928501,0.005799177652219169,-65.0756161949975,33.470095404304764,-106.21513598088082,56.820607515707195,1493.5957835108477,0.0,41110045.29872309,0.003633165015162949,0.12943888888888885,AVAILABLE,-95.64273598851216,52.7026507783766,-106.21513598088082,56.820607515707195
6095076,0.2184,-0.0715,9.9446,-0.0097,-0.0065,-0.0081,52.413055,-1.529287,0.0,0.05,296.617,9.947254896201262,0.0142109113008279,0.1297491386271918,0.0021423571206454,0.1139,-0.0402999999999999,0.127699999999999,-0.0089,-0.0174999999999999,-0.013,0.101,1.4333800000000003,0.3981611111111112,0.040214272222222236,-0.035952417727735546,0.018016973938300564,-65.11156861272524,33.488112378243066,-106.21513598088082,56.820607515707195,1493.6017390434401,0.0,41110045.29872309,0.003633179501969152,0.3981611111111112,AVAILABLE,-95.6786884062399,52.7206677523149,-106.21513598088082,56.820607515707195
6095175,0.0365,-0.0385,9.8502,0.0031,0.0172,0.0044,52.413055,-1.529287,0.0,0.05,296.617,9.850342864083462,0.0180224859550507,-0.0969120321177996,0.0038115746542227,-0.1819,0.0329999999999999,-0.0944000000000002,0.0128,0.0237,0.0125,0.099,0.12649999999999997,0.03513888888888888,0.003478749999999999,-0.0031100767528312286,0.0015585647737578173,-65.11467868947807,33.489670943016826,-106.21513598088082,56.820607515707195,1493.6022542786834,0.0,41110045.29872309,0.00363318075527656,0.03513888888888888,AVAILABLE,-95.68179848299275,52.72222631708866,-106.21513598088082,56.820607515707195
6095276,0.2018,-0.1331,9.9115,-0.0064,-0.0016,-0.0075,52.413055,-1.529287,0.0,0.086,296.617,9.914447594293897,0.0099884933798846,0.0641047302104329,-0.008033992575166,0.1653,-0.0945999999999999,0.061300000000001,-0.0095,-0.0188,-0.0119,0.101,1.0420700000000003,0.28946388888888896,0.029235852777777786,-0.02613747641347122,0.013098374493773365,-65.14081616589154,33.5027693175106,-106.21513598088082,56.820607515707195,1493.6065846936633,0.0,41110045.29872309,0.0036331912889914914,0.28946388888888896,AVAILABLE,-95.70793595940623,52.73532469158243,-106.21513598088082,56.820607515707195
6095375,0.1393,-0.0563,9.8909,-0.0039,-0.0024,-0.0067,52.413055,-1.529287,0.0,0.032,296.617,9.89204109322237,0.0081154174261093,-0.0224065010715257,-0.0018730759537752,-0.0625,0.0768,-0.0205999999999999,0.0025,-0.0007999999999999,0.0007999999999999,0.099,0.48916,0.13587777777777776,0.0134519,-0.01202628572660019,0.006026779009734182,-65.15284245161814,33.508796096520335,-106.21513598088082,56.820607515707195,1493.6085773773177,0.0,41110045.29872309,0.003633196136185504,0.13587777777777776,AVAILABLE,-95.71996224513282,52.74135147059217,-106.21513598088082,56.820607515707195
6095476,0.1448,-0.0675,9.9318,-0.003,0.0134,0.0076,52.413055,-1.529287,0.0,0.072,296.617,9.933084844598882,0.0156945850534507,0.0410437513765131,0.0075791676273413,0.0055,-0.0112,0.0409000000000006,0.0008999999999999,0.0158,0.0143,0.101,1.0631399999999993,0.29531666666666645,0.029826983333333314,-0.026665959747634773,0.013363215387939584,-65.17950841136577,33.522159311908275,-106.21513598088082,56.820607515707195,1493.612996190096,0.0,41110045.29872309,0.0036332068849276823,0.29531666666666645,AVAILABLE,-95.74662820488047,52.75471468598011,-106.21513598088082,56.820607515707195
6095576,0.2249,-0.0635,9.9994,-0.0042,0.0006,-0.009,52.413055,-1.529287,0.0,0.011,296.617,10.002130404068923,0.0099498743710662,0.0690455594700427,-0.0057447106823845,0.0800999999999999,0.004,0.0675999999999987,-0.0011999999999999,-0.0128,-0.0166,0.1,1.46756,0.40765555555555555,0.040765555555555555,-0.03644527679470594,0.01826396230587314,-65.21595368816048,33.54042327421415,-106.21513598088082,56.820607515707195,1493.6190364744537,0.0,41110045.29872309,0.003633221577892172,0.40765555555555555,AVAILABLE,-95.78307348167516,52.77297864828599,-106.21513598088082,56.820607515707195
6095676,0.0984,-0.0168,9.7991,-0.002,0.0046,-0.0014,52.413055,-1.529287,0.0,0.068,296.617,9.799608441667452,0.0052076866265166,-0.2025219624014731,-0.0047421877445495,-0.1265,0.0467,-0.2003000000000003,0.0021999999999999,0.004,0.0075999999999999,0.1,0.6444699999999997,0.17901944444444434,0.017901944444444436,-0.01600472044474102,0.008020507364105084,-65.23195840860522,33.54844378157826,-106.21513598088082,56.820607515707195,1493.6216893722562,0.0,41110045.29872309,0.0036332280310541263,0.17901944444444434,AVAILABLE,-95.79907820211989,52.7809991556501,-106.21513598088082,56.820607515707195
6095775,0.1857,-0.1066,9.9483,0.0017,0.0003,-0.0038,52.413055,-1.529287,0.0,0.079,296.617,9.950604049001246,0.0041737273509418,0.1509956073337939,-0.0010339592755747,0.0873,-0.0898,0.1492000000000004,0.0037,-0.0043,-0.0024,0.099,1.8843500000000006,0.5234305555555557,0.05181962500000002,-0.04632785082369588,0.02321645479391735,-65.27828625942892,33.571660236372175,-106.21513598088082,56.820607515707195,1493.6293697304332,0.0,41110045.29872309,0.0036332467134907944,0.5234305555555557,AVAILABLE,-95.84540605294362,52.80421561044401,-106.21513598088082,56.820607515707195
6095875,0.1154,-0.0232,9.8133,-0.0018,0.0116,0.0038,52.413055,-1.529287,0.0,0.0579999999999999,296.617,9.81400592469762,0.0123385574521497,-0.1365981243036262,0.0081648301012079,-0.0703,0.0834,-0.1349999999999998,-0.0034999999999999,0.0113,0.0076,0.1,0.9864899999999995,0.27402499999999985,0.027402499999999986,-0.024498419897795963,0.01227698777230286,-65.30278467932672,33.58393722414448,-106.21513598088082,56.820607515707195,1493.6334318564263,0.0,41110045.29872309,0.0036332565945939735,0.27402499999999985,AVAILABLE,-95.8699044728414,52.81649259821631,-106.21513598088082,56.820607515707195
6095976,0.1147,-0.0842,9.6498,-0.0047,0.0028,-0.0071,52.413055,-1.529287,0.0,0.079,296.617,9.650848966282709,0.0089632583361186,-0.1631569584149108,-0.0033752991160311,-0.0007,-0.061,-0.1634999999999991,-0.0029,-0.0087999999999999,-0.0109,0.101,12.175899999999992,3.382194444444442,0.34160163888888867,-0.3053991565468576,0.15304585872228832,-65.60818383587358,33.736983082866765,-106.21513598088082,56.820607515707195,1493.6841118943944,0.0,41110045.29872309,0.0036333798735580314,3.382194444444442,AVAILABLE,-96.17530362938825,52.9695384569386,-106.21513598088082,56.820607515707195
6096075,0.1633,-0.0439,9.8648,0.0008,0.0006,-0.0016,52.413055,-1.529287,0.0,0.04,296.617,9.866249193082446,0.0018867962264113,0.215400226799737,-0.0070764621097073,0.0486,0.0402999999999999,0.2149999999999998,0.0055,-0.0022,0.0055,0.099,1.4853200000000006,0.41258888888888906,0.040846300000000016,-0.03651746405150421,0.018300137784647924,-65.64470129992507,33.755283220651414,-106.21513598088082,56.820607515707195,1493.690176967806,0.0,41110045.29872309,0.003633394626821784,0.41258888888888906,AVAILABLE,-96.21182109343974,52.98783859472325,-106.21513598088082,56.820607515707195
6096175,0.0487,-0.0318,9.8923,0.0022,0.0131,0.006,52.413055,-1.529287,0.0,0.004,296.617,9.892470986563469,0.0145756646503684,0.0262217934810227,0.0126888684239571,-0.1146,0.0121,0.0274999999999998,0.0014,0.0125,0.0076,0.1,1.577930000000001,0.4383138888888891,0.04383138888888891,-0.039186197233960024,0.019637530350586293,-65.68388749715903,33.774920751002,-106.21513598088082,56.820607515707195,1493.6966864979213,0.0,41110045.29872309,0.003633410461224466,0.4383138888888891,AVAILABLE,-96.2510072906737,53.00747612507384,-106.21513598088082,56.820607515707195
6096275,0.2267,-0.0915,10.0018,-0.0072,-0.0058,-0.0088,52.413055,-1.529287,0.0,0.054,296.617,10.004787273100812,0.012764011908487,0.112316286537343,-0.0018116527418813,0.178,-0.0596999999999999,0.1094999999999988,-0.0094,-0.0189,-0.0148,0.1,3.2618500000000017,0.9060694444444449,0.0906069444444445,-0.08100454231023717,0.0405941191143206,-65.76489203946927,33.81551487011632,-106.21513598088082,56.820607515707195,1493.710146792628,0.0,41110045.29872309,0.003633443203330705,0.9060694444444449,AVAILABLE,-96.33201183298397,53.048070244188146,-106.21513598088082,56.820607515707195
6096376,0.0127,-0.0082,9.7849,-0.0035,0.0129,0.0026,52.413055,-1.529287,0.0,0.043,296.617,9.78491167768008,0.013616901262769,-0.2198755954207314,0.0008528893542819,-0.214,0.0833,-0.2168999999999989,0.0036999999999999,0.0187,0.0114,0.101,0.5991899999999996,0.16644166666666654,0.01681060833333332,-0.01502904266717956,0.007531562191526534,-65.77992108213645,33.82304643230784,-106.21513598088082,56.820607515707195,1493.7126447170706,0.0,41110045.29872309,0.003633449279520659,0.16644166666666654,AVAILABLE,-96.34704087565112,53.05560180637968,-106.21513598088082,56.820607515707195
6096475,0.2203,-0.1045,9.9276,0.0011,0.0057,-0.0017,52.413055,-1.529287,0.0,0.122,296.617,9.930593844277391,0.0060489668539346,0.1456821665973109,-0.0075679344088343,0.2076,-0.0963,0.1426999999999996,0.0046,-0.0072,-0.0043,0.099,1.3838000000000008,0.3843888888888891,0.038054500000000026,-0.03402153526140599,0.017049343351194225,-65.81394261739786,33.84009577565904,-106.21513598088082,56.820607515707195,1493.718300000511,0.0,41110045.29872309,0.0036334630359721523,0.3843888888888891,AVAILABLE,-96.38106241091253,53.07265114973088,-106.21513598088082,56.820607515707195
6096576,0.1494,-0.0433,9.8754,-0.0113,0.0053,-0.0054,52.413055,-1.529287,0.0,0.1119999999999999,296.617,9.876624950356272,0.0135992646860041,-0.0539688939211195,0.0075502978320695,-0.0708999999999999,0.0612,-0.0521999999999991,-0.0124,-0.0004,-0.0037,0.101,2.4420900000000016,0.6783583333333337,0.06851419166666671,-0.061253149764002375,0.030696027490954552,-65.87519576716186,33.87079180314999,-106.21513598088082,56.820607515707195,1493.7284842921522,0.0,41110045.29872309,0.003633487809215692,0.6783583333333337,AVAILABLE,-96.44231556067652,53.10334717722183,-106.21513598088082,56.820607515707195
6096675,0.0842,-0.0298,9.8569,-0.0016,0.0066,-0.0039,52.413055,-1.529287,0.0,0.025,296.617,9.857304666591167,0.0078313472659562,-0.0193202837651043,-0.0057679174200479,-0.0652,0.0134999999999999,-0.0185000000000012,0.0096999999999999,0.0013,0.0015,0.099,0.27312999999999993,0.07586944444444442,0.007511074999999998,-0.006715061371547774,0.003365144637600574,-65.8819108285334,33.87415694778759,-106.21513598088082,56.820607515707195,1493.7296009627735,0.0,41110045.29872309,0.0036334905255119483,0.07586944444444442,AVAILABLE,-96.44903062204807,53.106712321859426,-106.21513598088082,56.820607515707195
6096775,0.251,-0.0929,10.0297,-0.0023,0.0047,-0.0002,52.413055,-1.529287,0.0,0.079,296.617,10.033270329259548,0.0052364109846344,0.1759656626683803,-0.0025949362813218,0.1668,-0.0630999999999999,0.1728000000000005,-0.0006999999999999,-0.0018999999999999,0.0036999999999999,0.1,3.94682,1.096338888888889,0.1096338888888889,-0.09801503676775146,0.049118653893582706,-65.97992586530115,33.92327560168117,-106.21513598088082,56.820607515707195,1493.7459044238378,0.0,41110045.29872309,0.0036335301836075452,1.096338888888889,AVAILABLE,-96.54704565881585,53.15583097575301,-106.21513598088082,56.820607515707195
6096875,0.0556,-0.0319,9.8431,-0.003,0.0012,0.0029,52.413055,-1.529287,0.0,0.0069999999999999,296.617,9.843308721156724,0.0043416586692184,-0.1899616081028234,-0.0008947523154159,-0.1954,0.061,-0.1866000000000003,-0.0007,-0.0035,0.0031,0.1,2.60271,0.722975,0.0722975,-0.06463550816753598,0.03239104181983638,-66.0445613734687,33.955666643501004,-106.21513598088082,56.820607515707195,1493.756659962124,0.0,41110045.29872309,0.0036335563464059755,0.722975,AVAILABLE,-96.61168116698337,53.18822201757285,-106.21513598088082,56.820607515707195
6096976,0.1966,-0.0841,9.9435,-0.0035,-0.0102,-0.0116,52.413055,-1.529287,0.0,0.072,296.617,9.94579894327248,0.0158382448522555,0.1024902221157564,0.011496586183037,0.141,-0.0521999999999999,0.1004000000000004,-0.0005,-0.0114,-0.0144999999999999,0.101,2.3730300000000026,0.6591750000000007,0.06657667500000009,-0.05952096850831486,0.02982797280888908,-66.104082341977,33.98549461630989,-106.21513598088082,56.820607515707195,1493.766567452292,0.0,41110045.29872309,0.0036335804463311786,0.6591750000000007,AVAILABLE,-96.67120213549168,53.21804999038172,-106.21513598088082,56.820607515707195
6097075,0.1345,-0.0186,9.8902,0.0022,0.0197,0.0034,52.413055,-1.529287,0.0,0.004,296.617,9.89113200043352,0.0201119367540771,-0.0546669428389599,0.0042736919018215,-0.0620999999999999,0.0655,-0.0533000000000001,0.0057,0.0299,0.015,0.099,2.793380000000001,0.7759388888888891,0.07681795000000002,-0.06867688695512808,0.03441631357881118,-66.17275922893214,34.0199109298887,-106.21513598088082,56.820607515707195,1493.7780025850939,0.0,41110045.29872309,0.003633608262240207,0.7759388888888891,AVAILABLE,-96.73987902244681,53.25246630396054,-106.21513598088082,56.820607515707195
6097175,0.0671,-0.0063,9.7706,0.0001,0.0041,-0.0042,52.413055,-1.529287,0.0,0.104,296.617,9.770832434342532,0.0058702640485756,-0.1202995660909884,-0.0142416727055014,-0.0674,0.0122999999999999,-0.1196000000000001,-0.0021,-0.0156,-0.0075999999999999,0.1,0.08925999999999995,0.02479444444444443,0.0024794444444444434,-0.002216676256299879,0.0011108515327633867,-66.17497590518843,34.02102178142147,-106.21513598088082,56.820607515707195,1493.7783717399582,0.0,41110045.29872309,0.003633609160207751,0.02479444444444443,AVAILABLE,-96.74209569870311,53.253577155493296,-106.21513598088082,56.820607515707195
6097275,0.185,-0.0744,9.9192,-0.0041,0.0065,-0.0021,52.413055,-1.529287,0.0,0.212,296.617,9.921204009594804,0.0079668061354598,0.1503715752522705,0.0020965420868841,0.1178999999999999,-0.0681,0.1486,-0.0042,0.0023999999999999,0.0021,0.1,1.7421500000000003,0.48393055555555564,0.048393055555555564,-0.04326442460130895,0.02168126818063786,-66.21824032978974,34.0427030496021,-106.21513598088082,56.820607515707195,1493.785577600035,0.0,41110045.29872309,0.003633626688429928,0.48393055555555564,AVAILABLE,-96.7853601233044,53.27525842367394,-106.21513598088082,56.820607515707195
6097376,0.1785,-0.0439,9.9881,0.008,0.0076,-0.0042,52.413055,-1.529287,0.0,0.13,296.617,9.98979134266577,0.0118067777145163,0.0685873330709672,0.0038399715790565,-0.0065,0.0304999999999999,0.0688999999999993,0.0121,0.0011,-0.0021,0.101,9.292009999999998,2.581113888888888,0.2606925027777777,-0.23306466188330782,0.11679659406746859,-66.45130499167304,34.15949964366957,-106.21513598088082,56.820607515707195,1493.8244218079383,0.0,41110045.29872309,0.0036337211767906706,2.581113888888888,AVAILABLE,-97.0184247851877,53.392055017741406,-106.21513598088082,56.820607515707195
6097475,0.012,-0.0067,9.6984,0.0014,0.0128,0.0004,52.413055,-1.529287,0.0,0.0969999999999999,296.617,9.69840973819935,0.0128825463321503,-0.2913816044664195,0.0010757686176339,-0.1664999999999999,0.0372,-0.2896999999999998,-0.0066,0.0052,0.0046,0.099,3.3676000000000013,0.9354444444444447,0.09260900000000004,-0.08279442271015376,0.04149108879135833,-66.53409941438319,34.20099073246093,-106.21513598088082,56.820607515707195,1493.8382316212012,0.0,41110045.29872309,0.003633754769099223,0.9354444444444447,AVAILABLE,-97.10121920789786,53.433546106532766,-106.21513598088082,56.820607515707195
6097575,0.1813,-0.0634,9.935,0.0058,0.0042,-0.0007,52.413055,-1.529287,0.0,0.083,296.617,9.936856356514369,0.0071951372467799,0.2384466183150184,-0.0056874090853703,0.1692999999999999,-0.0567,0.236600000000001,0.0043999999999999,-0.0086,-0.0011,0.1,1.6433700000000004,0.4564916666666668,0.045649166666666685,-0.04081132936719175,0.02045193909250917,-66.57491074375038,34.22144267155344,-106.21513598088082,56.820607515707195,1493.8450408702993,0.0,41110045.29872309,0.003633771332566981,0.4564916666666668,AVAILABLE,-97.14203053726507,53.453998045625276,-106.21513598088082,56.820607515707195
6097675,0.0634,-0.0188,9.8276,0.0004,-0.0065,-0.0086,52.413055,-1.529287,0.0,0.072,296.617,9.827822483134298,0.0107874927578191,-0.1090338733800706,0.0035923555110391,-0.1178999999999999,0.0446,-0.1074000000000001,-0.0053999999999999,-0.0107,-0.0079,0.1,0.5086999999999994,0.14130555555555538,0.014130555555555539,-0.012633018278957514,0.006330833236799623,-66.58754376202934,34.22777350479024,-106.21513598088082,56.820607515707195,1493.847148928322,0.0,41110045.29872309,0.0036337764604086244,0.14130555555555538,AVAILABLE,-97.15466355554403,53.46032887886208,-106.21513598088082,56.820607515707195
6097776,0.0783,-0.058,9.8708,-0.0001,0.0183,0.009,52.413055,-1.529287,0.0,0.025,296.617,9.871280946766737,0.0203936264553413,0.0434584636324384,0.0096061336975222,0.0148999999999999,-0.0392,0.0431999999999987,-0.0005,0.0248,0.0175999999999999,0.101,0.22058999999999987,0.06127499999999996,0.006188774999999996,-0.0055328969474676476,0.002772722014434217,-66.59307665897681,34.23054622680468,-106.21513598088082,56.820607515707195,1493.8480722379718,0.0,41110045.29872309,0.0036337787063551886,0.06127499999999996,AVAILABLE,-97.16019645249148,53.463101600876506,-106.21513598088082,56.820607515707195
6097875,0.2382,-0.0796,10.0971,-0.0026,-0.0058,-0.0058,52.413055,-1.529287,0.0,0.032,296.617,10.100222958430177,0.0086046499057195,0.2289420116634382,-0.0117889765496218,0.1599,-0.0216,0.2263000000000001,-0.0025,-0.0241,-0.0147999999999999,0.099,14.656260000000001,4.071183333333334,0.4030471500000001,-0.3603327550154169,0.18057494506747632,-66.95340941399223,34.41112117187215,-106.21513598088082,56.820607515707195,1493.9082572290038,0.0,41110045.29872309,0.0036339251060747576,4.071183333333334,AVAILABLE,-97.52052920750691,53.643676545944,-106.21513598088082,56.820607515707195
6097976,0.0393,0.0225,9.6791,-0.004,-0.0054,-0.0067,52.413055,-1.529287,0.0,0.047,296.617,9.679205935922637,0.0094894678459858,-0.421017022507538,0.0008848179402663,-0.1989,0.1021,-0.4179999999999992,-0.0014,0.0003999999999999,-0.0009,0.101,5.0536800000000035,1.403800000000001,0.14178380000000013,-0.1267577435308869,0.06352259753345997,-67.08016715752312,34.47464376940562,-106.21513598088082,56.820607515707195,1493.929454363812,0.0,41110045.29872309,0.0036339766680096915,1.403800000000001,AVAILABLE,-97.64728695103778,53.707199143477446,-106.21513598088082,56.820607515707195
6098075,0.1588,-0.0558,9.9867,-0.0011,0.0074,-0.0011,52.413055,-1.529287,0.0,0.05,296.617,9.988118339807556,0.0075617458301638,0.3089124038849178,-0.001927722015822,0.1195,-0.0783,0.3076000000000007,0.0029,0.0128,0.0056,0.099,1.18006,0.32779444444444444,0.03245165,-0.02901246777032427,0.014539130015183005,-67.10917962529345,34.4891828994208,-106.21513598088082,56.820607515707195,1493.9343078401162,0.0,41110045.29872309,0.003633988474068937,0.32779444444444444,AVAILABLE,-97.67629941880813,53.721738273492626,-106.21513598088082,56.820607515707195
6098175,0.1043,-0.0073,9.9287,0.0064,0.0062,-0.0001,52.413055,-1.529287,0.0,0.108,296.617,9.929250498904738,0.0089112288714856,-0.0588678409028169,0.0013494830413218,-0.0544999999999999,0.0485,-0.0580000000000016,0.0075,-0.0012,0.001,0.1,2.3042500000000006,0.6400694444444446,0.06400694444444446,-0.057223574541552774,0.02867667089816307,-67.166403199835,34.51785957031896,-106.21513598088082,56.820607515707195,1493.943882753709,0.0,41110045.29872309,0.00363401176500312,0.6400694444444446,AVAILABLE,-97.73352299334968,53.75041494439079,-106.21513598088082,56.820607515707195
6098276,0.0758,-0.0743,9.7345,-0.0015,-0.0024,-0.0094,52.413055,-1.529287,0.0,0.119,296.617,9.735078652995057,0.009816822296446,-0.1941718459096826,0.0009055934249603,-0.0284999999999999,-0.067,-0.1941999999999986,-0.0079,-0.0086,-0.0093,0.101,2.62428,0.7289666666666667,0.07362563333333334,-0.0658228877161268,0.032986077918488746,-67.23222608755113,34.55084564823745,-106.21513598088082,56.820607515707195,1493.9548998597577,0.0,41110045.29872309,0.003634038564063955,0.7289666666666667,AVAILABLE,-97.79934588106582,53.783401022309285,-106.21513598088082,56.820607515707195
6098375,0.1962,0.039,9.9436,0.0037,-0.0021,0.0001,52.413055,-1.529287,0.0,0.036,296.617,9.945611916820402,0.0042555845661906,0.2105332638253472,-0.0055612377302553,0.1204,0.1133,0.2090999999999994,0.0052,0.0002999999999999,0.0095,0.099,1.4159,0.3933055555555555,0.03893725,-0.034810732603428755,0.017444836862954102,-67.26703682015456,34.568290485100405,-106.21513598088082,56.820607515707195,1493.9607277402656,0.0,41110045.29872309,0.003634052740357037,0.3933055555555555,AVAILABLE,-97.83415661366925,53.80084585917225,-106.21513598088082,56.820607515707195
6098475,0.0551,-0.0918,9.8566,0.0067,0.01,0.0065,52.413055,-1.529287,0.0,0.083,296.617,9.857181484075456,0.0136799122804205,-0.0884304327449463,0.0094243277142298,-0.1411,-0.1308,-0.0869999999999997,0.003,0.0121,0.0063999999999999,0.1,1.8038999999999996,0.5010833333333332,0.050108333333333324,-0.04479791954671021,0.022449754424735312,-67.31183473970127,34.59074023952514,-106.21513598088082,56.820607515707195,1493.9682290975027,0.0,41110045.29872309,0.003634070987374725,0.5010833333333332,AVAILABLE,-97.87895453321593,53.823295613596976,-106.21513598088082,56.820607515707195
6098576,0.2632,0.0336,9.9882,-0.0046,0.0033,-0.0162,52.413055,-1.529287,0.0,0.13,296.617,9.99172369714055,0.0171607109409837,0.1345422130650941,0.0034807986605632,0.2080999999999999,0.1254,0.1316000000000006,-0.0113,-0.0067,-0.0226999999999999,0.101,5.92641,1.6462249999999998,0.166268725,-0.14864778910395648,0.07449244060729451,-67.46048252880523,34.66523268013243,-106.21513598088082,56.820607515707195,1493.9931317599332,0.0,41110045.29872309,0.0036341315629889077,1.6462249999999998,AVAILABLE,-98.0276023223199,53.89778805420428,-106.21513598088082,56.820607515707195
6098676,0.0184,0.0394,9.8696,-0.0025,0.0016,0.0018,52.413055,-1.529287,0.0,0.061,296.617,9.86969579470411,0.0034713109915419,-0.1220279024364394,-0.0136893999494418,-0.2448,0.0058,-0.1186000000000007,0.0021,-0.0017,0.018,0.1,2.1125499999999997,0.5868194444444443,0.05868194444444444,-0.052462910881092444,0.026290941133086415,-67.51294543968632,34.69152362126552,-106.21513598088082,56.820607515707195,1494.0019250836656,0.0,41110045.29872309,0.003634152952709275,0.5868194444444443,AVAILABLE,-98.080065233201,53.92407899533736,-106.21513598088082,56.820607515707195
6098775,0.1749,-0.0279,9.9052,0.0034,0.012,0.0048,52.413055,-1.529287,0.0,0.065,296.617,9.906783305392322,0.0133641310978304,0.0370875106882113,0.0098928201062885,0.1565,-0.0673,0.0356000000000005,0.0059,0.0104,0.0029999999999999,0.099,4.185120000000002,1.1625333333333339,0.11509080000000006,-0.10289363177714657,0.051563483050982774,-67.61583907146347,34.7430871043165,-106.21513598088082,56.820607515707195,1494.0191776581207,0.0,41110045.29872309,0.0036341949195189192,1.1625333333333339,AVAILABLE,-98.18295886497813,53.975642478388345,-106.21513598088082,56.820607515707195
6098875,0.0286,-0.0302,9.8438,-0.0055,-0.0024,-0.0051,52.413055,-1.529287,0.0,0.086,296.617,9.843887872177334,0.0078752777728788,-0.0628954332149884,-0.0054888533249516,-0.1462999999999999,-0.0023,-0.0614000000000007,-0.0089,-0.0144,-0.0098999999999999,0.1,0.48896999999999985,0.13582499999999995,0.013582499999999996,-0.012143044914216358,0.0060852909923293,-67.62798211637768,34.74917239530883,-106.21513598088082,56.820607515707195,1494.0212143013307,0.0,41110045.29872309,0.0036341998736443533,0.13582499999999995,AVAILABLE,-98.19510190989237,53.981727769380676,-106.21513598088082,56.820607515707195
6098976,0.0312,-0.0535,9.7535,-0.0051,0.0126,0.0017,52.413055,-1.529287,0.0,0.0969999999999999,296.617,9.753696629483615,0.0136989050657342,-0.0901912426937183,0.0058236272928553,0.0025999999999999,-0.0232999999999999,-0.0902999999999991,0.0003999999999999,0.015,0.0068,0.101,2.8527299999999998,0.7924249999999999,0.08003492499999999,-0.07155293127045374,0.03585759677336655,-67.69953504764814,34.7850299920822,-106.21513598088082,56.820607515707195,1494.0332176791596,0.0,41110045.29872309,0.00363422907180685,0.7924249999999999,AVAILABLE,-98.26665484116282,54.01758536615403,-106.21513598088082,56.820607515707195
6099075,0.1656,-0.0512,9.9194,-0.0002,0.0063,-0.0003,52.413055,-1.529287,0.0,0.036,296.617,9.920914330846728,0.0063103090257134,0.1672177013631124,-0.0073885960400208,0.1344,0.0022999999999999,0.1658999999999988,0.0049,-0.0063,-0.002,0.099,1.5279300000000007,0.42442500000000016,0.042018075000000016,-0.03756505591267527,0.01882512153966627,-67.73710010356082,34.803855113621864,-106.21513598088082,56.820607515707195,1494.0395210911245,0.0,41110045.29872309,0.003634244404828059,0.42442500000000016,AVAILABLE,-98.30421989707551,54.03641048769369,-106.21513598088082,56.820607515707195
6099176,0.0339,-0.0016,9.9017,0.0009,0.0059,-0.0006,52.413055,-1.529287,0.0,0.072,296.617,9.901758160044103,0.0059983331017875,-0.0191561708026242,-0.0003119759239258,-0.1316999999999999,0.0496,-0.0176999999999996,0.0011,-0.0004,-0.0003,0.101,0.3558699999999994,0.09885277777777761,0.00998413055555554,-0.00892602582481214,0.004473133792450718,-67.74602612938563,34.808328247414316,-106.21513598088082,56.820607515707195,1494.0410190470536,0.0,41110045.29872309,0.0036342480485991096,0.09885277777777761,AVAILABLE,-98.3131459229003,54.04088362148615,-106.21513598088082,56.820607515707195
6099275,0.1232,-0.0376,9.8986,-0.0011,-0.0122,-0.0082,52.413055,-1.529287,0.0,0.065,296.617,9.899438062839728,0.0147407598175942,-0.0023200972043753,0.0087424267158066,0.0893,-0.036,-0.0030999999999998,-0.002,-0.0181,-0.0076,0.099,0.9231899999999992,0.25644166666666646,0.02538772499999998,-0.02269716804305344,0.011374319474193505,-67.76872329742868,34.81970256688851,-106.21513598088082,56.820607515707195,1494.0448283548321,0.0,41110045.29872309,0.0036342573147231205,0.25644166666666646,AVAILABLE,-98.33584309094337,54.05225794096034,-106.21513598088082,56.820607515707195
6099375,0.4992,-0.091,10.0069,0.0146,0.0081,0.0105,52.413055,-1.529287,0.0,0.0579999999999999,296.617,10.01975694565492,0.0197235899369257,0.1203188828151908,0.0049828301193315,0.376,-0.0533999999999999,0.1082999999999998,0.0157,0.0203,0.0187,0.1,14.01313999999999,3.8925388888888857,0.38925388888888857,-0.34800128516923684,0.17439522796132556,-68.11672458259791,34.994097794849836,-106.21513598088082,56.820607515707195,1494.103286852092,0.0,41110045.29872309,0.0036343995147543663,3.8925388888888857,AVAILABLE,-98.6838443761126,54.226653168921665,-106.21513598088082,56.820607515707195
6099476,0.561,-0.0783,9.7609,0.0157,0.0097,0.005,52.413055,-1.529287,0.0,0.047,296.617,9.777321754959278,0.0191201464429538,-0.242435190695641,-0.0006034434939719,0.0618,0.0127,-0.2460000000000004,0.0010999999999999,0.0016,-0.0055,0.101,13.520429999999998,3.755674999999999,0.37932317499999996,-0.33912301498458697,0.1699460261372539,-68.4558475975825,35.16404382098709,-106.21513598088082,56.820607515707195,1494.1603493049788,0.0,41110045.29872309,0.003634538318913963,3.755674999999999,AVAILABLE,-99.02296739109718,54.39659919505893,-106.21513598088082,56.820607515707195
6099575,1.1701,-0.1152,9.8424,0.012,-0.0016,-0.0041,52.413055,-1.529287,0.0,0.086,296.617,9.912378262051948,0.0127816274394147,0.1350565070926705,-0.006338519003539,0.6090999999999999,-0.0369,0.0815000000000001,-0.0036999999999999,-0.0113,-0.0091,0.099,9.97913999999999,2.771983333333331,0.27442634999999976,-0.24534301444464984,0.12294969230353814,-68.70119061202715,35.286993513290625,-106.21513598088082,56.820607515707195,1494.2016905640708,0.0,41110045.29872309,0.0036346388813404736,2.771983333333331,AVAILABLE,-99.26831040554183,54.51954888736247,-106.21513598088082,56.820607515707195
6099676,1.7293,-0.2314,9.4039,0.0447,0.0278,0.0067,52.413055,-1.529287,0.0,0.065,296.617,9.56437973211018,0.0530643006172699,-0.3479985299417674,0.0402826731778552,0.5592000000000001,-0.1162,-0.4384999999999994,0.0326999999999999,0.0294,0.0108,0.101,34.902750000000005,9.695208333333335,0.9792160416666669,-0.8754400423102887,0.43871264921027214,-69.57663065433744,35.7257061625009,-106.21513598088082,56.820607515707195,1494.3496070622073,0.0,41110045.29872309,0.0036349986875558685,9.695208333333335,AVAILABLE,-100.14375044785211,54.95826153657273,-106.21513598088082,56.820607515707195
6099775,2.2498,-0.2241,10.1908,0.0478,-0.0063,-0.008,52.413055,-1.529287,0.0,0.047,296.617,10.438593080008436,0.0488725894546217,0.8742133478982534,-0.0041917111626482,0.5205,0.0073,0.7868999999999993,0.0031,-0.0341,-0.0147,0.099,19.83006,5.50835,0.54532665,-0.4875336649268652,0.24431962828066364,-70.06416431926431,35.97002579078156,-106.21513598088082,56.820607515707195,1494.4322537568994,0.0,41110045.29872309,0.003635199725268407,5.50835,AVAILABLE,-100.63128411277899,55.20258116485339,-106.21513598088082,56.820607515707195
6099875,3.0829,-0.1473,8.9098,0.0239,0.0044,0.0055,52.413055,-1.529287,0.0,0.04,296.617,9.429236752781216,0.0249162597514153,-1.00935632722722,-0.0239563297032063,0.8331,0.0768,-1.2809999999999988,-0.0239,0.0107,0.0135,0.1,15.647979999999997,4.34666111111111,0.434666111111111,-0.3886007811455903,0.19474101016861778,-70.45276510040989,36.16476680095018,-106.21513598088082,56.820607515707195,1494.4982685908665,0.0,41110045.29872309,0.0036353603060546536,4.34666111111111,AVAILABLE,-101.01988489392457,55.39732217502202,-106.21513598088082,56.820607515707195
6099975,2.6475,-0.4036,10.4323,0.0076,0.0036,-0.0073,52.413055,-1.529287,0.0,0.076,296.617,10.7705632396825,0.0111359777298627,1.341326486901286,-0.0137802820215525,-0.4354,-0.2563,1.522499999999999,-0.0163,-0.0008,-0.0127999999999999,0.1,0.9947799999999998,0.27632777777777773,0.027632777777777773,-0.024704293146336483,0.012380157828393034,-70.47746939355623,36.17714695877858,-106.21513598088082,56.820607515707195,1494.5024694890842,0.0,41110045.29872309,0.0036353705247206447,0.27632777777777773,AVAILABLE,-101.0445891870709,55.40970233285042,-106.21513598088082,56.820607515707195
6100075,2.6663,-0.1721,8.3519,-0.0024,0.0077,-0.0079,52.413055,-1.529287,0.0,0.1009999999999999,296.617,8.768865816626459,0.0112898184219233,-2.001697423056042,0.0001538406920605,0.0188000000000001,0.2315,-2.080399999999999,-0.01,0.0041,-0.0006,0.1,24.93936,6.9276,0.69276,-0.6193422267456306,0.3103733618881684,-71.09681162030186,36.487520320666746,-106.21513598088082,56.820607515707195,1494.6079500539054,0.0,41110045.29872309,0.003635627105719412,6.9276,AVAILABLE,-101.66393141381653,55.72007569473859,-106.21513598088082,56.820607515707195
6100175,2.558,-0.4796,8.9592,-0.0204,-0.0147,-0.0146,52.413055,-1.529287,0.0,0.047,296.617,9.329557588653389,0.0290759350666491,0.560691772026928,0.0177861166447258,-0.1083000000000002,-0.3075,0.6072999999999986,-0.018,-0.0224,-0.0066999999999999,0.1,31.392410000000012,8.720113888888893,0.8720113888888893,-0.7795967944771561,0.3906823522925913,-71.87640841477902,36.87820267295934,-106.21513598088082,56.820607515707195,1494.7411695264884,0.0,41110045.29872309,0.003635951161486354,8.720113888888893,AVAILABLE,-102.44352820829371,56.110758047031176,-106.21513598088082,56.820607515707195
6100276,2.6055,-0.361,9.4205,0.01,0.0058,-0.0043,52.413055,-1.529287,0.0,0.032,296.617,9.780836952940174,0.0123340990753277,0.4512793642867869,-0.0167418359913214,0.0475000000000003,0.1186,0.4613000000000014,0.0304,0.0204999999999999,0.0103,0.101,8.211149999999998,2.2808749999999995,0.23036837499999996,-0.20595424439094698,0.10321064585349077,-72.08236265916997,36.981413318812834,-106.21513598088082,56.820607515707195,1494.7764464731704,0.0,41110045.29872309,0.0036360369725002457,2.2808749999999995,AVAILABLE,-102.64948245268465,56.21396869288467,-106.21513598088082,56.820607515707195
6100375,1.9285,-0.1967,9.6764,-0.0124,-0.012,-0.013,52.413055,-1.529287,0.0,0.086,296.617,9.86866354173654,0.0216046291335907,0.087826588796366,0.009270530058263,-0.677,0.1642999999999999,0.2558999999999987,-0.0224,-0.0178,-0.0087,0.099,16.208689999999997,4.502413888888888,0.44573897499999987,-0.3985001578090751,0.19970192302577544,-72.48086281697906,37.18111524183861,-106.21513598088082,56.820607515707195,1494.8448021542135,0.0,41110045.29872309,0.0036362032473864596,4.502413888888888,AVAILABLE,-103.04798261049373,56.413670615910455,-106.21513598088082,56.820607515707195
6100475,2.3037,-0.1796,10.3447,-0.0118,0.0177,0.0077,52.413055,-1.529287,0.0,0.0969999999999999,296.617,10.599627726481716,0.022623439172681,0.7309641847451775,0.0010188100390902,0.3752,0.0171,0.6683000000000003,0.0005999999999999,0.0297,0.0207,0.1,4.290040000000002,1.1916777777777783,0.11916777777777783,-0.10653853693229602,0.053390068447414785,-72.58740135391135,37.234505310286025,-106.21513598088082,56.820607515707195,1494.8630989503004,0.0,41110045.29872309,0.003636247754260519,1.1916777777777783,AVAILABLE,-103.15452114742604,56.46706068435787,-106.21513598088082,56.820607515707195
6100576,1.6781,-0.1434,10.6727,-0.004,0.0003,-0.0053,52.413055,-1.529287,0.0,0.065,296.617,10.804772485341838,0.0066468037431535,0.2051447588601203,-0.0159766354295275,-0.6256000000000002,0.0362,0.3280000000000012,0.0078,-0.0174,-0.013,0.101,3.391550000000002,0.9420972222222227,0.0951518194444445,-0.08506775756917322,0.0426303338685089,-72.67246911148052,37.277135644154534,-106.21513598088082,56.820607515707195,1494.8777150415199,0.0,41110045.29872309,0.0036362833078365693,0.9420972222222227,AVAILABLE,-103.2395889049952,56.50969101822637,-106.21513598088082,56.820607515707195
6100676,2.6028,-0.2839,9.3828,-0.0006,0.0027,0.0021,52.413055,-1.529287,0.0,0.065,296.617,9.741257767352222,0.003472751070837,-1.0635147179896158,-0.0031740526723164,0.9247,-0.1404999999999999,-1.2899000000000012,0.0034,0.0024,0.0074,0.1,6.853939999999998,1.9038722222222215,0.19038722222222215,-0.1702102404224064,0.08529811510719569,-72.84267935190293,37.36243375926173,-106.21513598088082,56.820607515707195,1494.9069778167402,0.0,41110045.29872309,0.003636354489405472,1.9038722222222215,AVAILABLE,-103.40979914541762,56.59498913333356,-106.21513598088082,56.820607515707195
6100775,2.0919,-0.1626,9.5875,-0.0045,-0.001,0.0056,52.413055,-1.529287,0.0,0.086,296.617,9.814409845731936,0.0072532751223154,0.0731520783797154,0.0037805240514783,-0.5108999999999999,0.1212999999999999,0.2047000000000007,-0.0039,-0.0037,0.0035,0.099,8.803329999999995,2.445369444444443,0.24209157499999986,-0.216435035418986,0.10846292513648538,-73.05911438732191,37.47089668439821,-106.21513598088082,56.820607515707195,1494.9442218119518,0.0,41110045.29872309,0.0036364450852560504,2.445369444444443,AVAILABLE,-103.62623418083658,56.70345205847004,-106.21513598088082,56.820607515707195
6100875,1.9629,-0.0374,9.4008,-0.0132,-0.0028,0.0021,52.413055,-1.529287,0.0,0.122,296.617,9.6036147262372,0.0136561341528267,-0.2107951194947368,0.0064028590305112,-0.1289999999999997,0.1251999999999999,-0.1867000000000001,-0.0087,-0.0018,-0.0035,0.1,18.51244,5.142344444444444,0.5142344444444444,-0.45973656950679087,0.23038956250493212,-73.5188509568287,37.701286246903145,-106.21513598088082,56.820607515707195,1495.0234599673547,0.0,41110045.29872309,0.0036366378317121226,5.142344444444444,AVAILABLE,-104.08597075034336,56.93384162097498,-106.21513598088082,56.820607515707195
6100975,1.9893,-0.3609,9.6241,-0.0035,-0.0147,-0.0264,52.413055,-1.529287,0.0,0.032,296.617,9.834168196141452,0.0304187442212856,0.230553469904251,0.0167626100684589,0.0263999999999999,-0.3235,0.2233,0.0097,-0.0118999999999999,-0.0285,0.1,15.54606999999998,4.318352777777772,0.4318352777777772,-0.3860699557223374,0.1934727278506261,-73.90492091255103,37.89475897475377,-106.21513598088082,56.820607515707195,1495.0901346572934,0.0,41110045.29872309,0.003636800017595048,4.318352777777772,AVAILABLE,-104.47204070606571,57.127314348825614,-106.21513598088082,56.820607515707195
6101075,1.773,-0.326,10.127,-0.0092,-0.0128,-0.0158,52.413055,-1.529287,0.0,0.054,296.617,10.286201145223634,0.0223186021067628,0.4520329490821826,-0.0081001421145227,-0.2163000000000001,0.0348999999999999,0.5029000000000003,-0.0057,0.0018999999999999,0.0105999999999999,0.1,6.375459999999997,1.77096111111111,0.177096111111111,-0.15832770339446142,0.07934337343795272,-74.0632486159455,37.97410234819172,-106.21513598088082,56.820607515707195,1495.1175132233575,0.0,41110045.29872309,0.0036368666158336656,1.77096111111111,AVAILABLE,-104.63036840946017,57.206657722263564,-106.21513598088082,56.820607515707195
6101175,1.6961,0.158,9.2935,0.0228,0.0023,-0.0066,52.413055,-1.529287,0.0,0.079,296.617,9.448325854880324,0.0238472220604413,-0.8378752903433107,0.0015286199536784,-0.0768999999999999,0.484,-0.8335000000000008,0.032,0.0151,0.0092,0.1,18.364150000000002,5.101152777777778,0.5101152777777779,-0.45605394658446624,0.22854407545817568,-74.51930256252996,38.202646423649895,-106.21513598088082,56.820607515707195,1495.196490052041,0.0,41110045.29872309,0.0036370587266136706,5.101152777777778,AVAILABLE,-105.08642235604464,57.435201797721724,-106.21513598088082,56.820607515707195
6101276,2.0325,-0.2487,9.6958,0.0141,-0.007,-0.0225,52.413055,-1.529287,0.0,0.065,296.617,9.909664251628309,0.0274601529493191,0.4613383967479834,0.0036129308888777,0.3364000000000002,-0.4067,0.4023000000000003,-0.0087,-0.0093,-0.0158999999999999,0.101,24.49661,6.8046138888888885,0.6872660027777778,-0.6144304759613107,0.30791191724923805,-75.13373303849127,38.51055834089913,-106.21513598088082,56.820607515707195,1495.303162199743,0.0,41110045.29872309,0.0036373182061324276,6.8046138888888885,AVAILABLE,-105.70085283200595,57.74311371497097,-106.21513598088082,56.820607515707195
6101375,1.58,-0.102,9.4674,0.0028,0.0068,0.0112,52.413055,-1.529287,0.0,0.0579999999999999,296.617,9.59887841156455,0.0133985073795553,-0.3107858400637564,-0.0140616455697637,-0.4525000000000001,0.1467,-0.2284000000000006,-0.0113,0.0138,0.0337,0.099,12.555050000000005,3.4875138888888904,0.34526387500000016,-0.30867327379947623,0.15468662974520234,-75.44240631229074,38.66524497064433,-106.21513598088082,56.820607515707195,1495.3568677343515,0.0,41110045.29872309,0.0036374488446034347,3.4875138888888904,AVAILABLE,-106.0095261058054,57.89780034471617,-106.21513598088082,56.820607515707195
6101475,1.4764,-0.2162,10.1186,-0.0016,0.0131,0.0091,52.413055,-1.529287,0.0,0.065,296.617,10.22802841998398,0.0160305957468835,0.6291500084194297,0.0026320883673281,-0.1036000000000001,-0.1142,0.6512000000000011,-0.0044,0.0063,-0.0020999999999999,0.1,7.994160000000002,2.2206000000000006,0.22206000000000006,-0.19852637980128005,0.09948829138646384,-75.64093269209202,38.764733262030795,-106.21513598088082,56.820607515707195,1495.3914501029385,0.0,41110045.29872309,0.0036375329660592384,2.2206000000000006,AVAILABLE,-106.20805248560671,57.99728863610263,-106.21513598088082,56.820607515707195
6101575,1.6109,-0.4174,9.9923,0.0043,-0.0002,-0.0029,52.413055,-1.529287,0.0,0.1009999999999999,296.617,10.129920081619598,0.0051903757089443,-0.0981083383643817,-0.0108402200379391,0.1345,-0.2012,-0.1263000000000005,0.0059,-0.0133,-0.012,0.1,7.913439999999998,2.198177777777777,0.21981777777777772,-0.19652178527508088,0.09848372119013105,-75.8374544773671,38.86321698322092,-106.21513598088082,56.820607515707195,1495.4257149694258,0.0,41110045.29872309,0.0036376163151926157,2.198177777777777,AVAILABLE,-106.4045742708818,58.09577235729275,-106.21513598088082,56.820607515707195
6101675,1.2753,-0.0764,9.4332,-0.0177,-0.0051,-0.0196,52.413055,-1.529287,0.0,0.047,296.617,9.51932189234086,0.0268972117514065,-0.610598189278738,0.0217068360424621,-0.3355999999999999,0.3409999999999999,-0.5591000000000008,-0.022,-0.0049,-0.0167,0.1,29.53102,8.203061111111111,0.8203061111111112,-0.7333711725108324,0.36751712784076007,-76.57082564987793,39.230734111061686,-106.21513598088082,56.820607515707195,1495.5538613804629,0.0,41110045.29872309,0.0036379280307602,8.203061111111111,AVAILABLE,-107.13794544339262,58.46328948513352,-106.21513598088082,56.820607515707195
6101776,1.3789,-0.0517,10.2719,-0.0213,0.0162,-0.0046,52.413055,-1.529287,0.0,0.054,296.617,10.364167487550557,0.0271530845393299,0.844845595209696,0.0002558727879234,0.1035999999999999,0.0246999999999999,0.8387000000000011,-0.0035999999999999,0.0213,0.015,0.101,15.64729,4.346469444444445,0.43899341388888896,-0.3924694821938488,0.19667974726522694,-76.96329513207178,39.427413858326915,-106.21513598088082,56.820607515707195,1495.622620267012,0.0,41110045.29872309,0.0036380952864419917,4.346469444444445,AVAILABLE,-107.53041492558646,58.65996923239876,-106.21513598088082,56.820607515707195
6101875,1.6222,0.1838,9.6231,-0.01,0.0095,-0.0041,52.413055,-1.529287,0.0,0.036,296.617,9.760602895825649,0.0143895795630032,-0.6035645917249077,-0.0127635049763267,0.2433,0.2355,-0.6487999999999996,0.0113,-0.0066999999999999,0.0004999999999999,0.099,22.04594,6.123872222222222,0.6062633500000001,-0.5420123754016768,0.2716207548488413,-77.50530750747346,39.699034613175755,-106.21513598088082,56.820607515707195,1495.7177850367445,0.0,41110045.29872309,0.0036383267743156753,6.123872222222222,AVAILABLE,-108.07242730098815,58.9315899872476,-106.21513598088082,56.820607515707195
6101975,1.4548,0.1437,9.7983,0.0103,0.008,0.0086,52.413055,-1.529287,0.0,0.0289999999999999,296.617,9.906754040552334,0.01562209973083,0.1461511447266854,0.0012325201678268,-0.1674,-0.0401,0.1751999999999984,0.0203,-0.0014999999999999,0.0127,0.1,10.558529999999996,2.9329249999999987,0.2932924999999999,-0.2622097552367238,0.1314021872532848,-77.76751726271019,39.83043680042904,-106.21513598088082,56.820607515707195,1495.7639089929764,0.0,41110045.29872309,0.003638438970631434,2.9329249999999987,AVAILABLE,-108.33463705622486,59.062992174500884,-106.21513598088082,56.820607515707195
6102075,1.6033,0.0175,9.886,-0.0039,0.0152,0.0073,52.413055,-1.529287,0.0,0.0289999999999999,296.617,10.015182132143178,0.0173072239252862,0.1084280915908433,0.0016851241944561,0.1484999999999998,-0.1261999999999999,0.0876999999999998,-0.0142,0.0072,-0.0013,0.1,9.501940000000001,2.639427777777778,0.2639427777777778,-0.23597047710941169,0.11825279647351267,-78.0034877398196,39.948689596902554,-106.21513598088082,56.820607515707195,1495.8054652817343,0.0,41110045.29872309,0.0036385400561166382,2.639427777777778,AVAILABLE,-108.57060753333428,59.1812449709744,-106.21513598088082,56.820607515707195
6102175,1.7379,-0.3088,10.4618,-0.0023,-0.008,-0.0052,52.413055,-1.529287,0.0,0.05,296.617,10.60966130892028,0.0098147847658519,0.5944791767771029,-0.0074924391594342,0.1346,-0.3263,0.575800000000001,0.0015999999999999,-0.0232,-0.0125,0.1,2.828540000000001,0.7857055555555559,0.07857055555555559,-0.07024375373061244,0.03520152357699476,-78.07373149355021,39.98389112047955,-106.21513598088082,56.820607515707195,1495.8178445412884,0.0,41110045.29872309,0.003638570168609738,0.7857055555555559,AVAILABLE,-108.64085128706489,59.216446494551384,-106.21513598088082,56.820607515707195
6102276,1.1322,-0.2414,10.9536,0.0,-0.0013,-0.0063,52.413055,-1.529287,0.0,0.09,296.617,11.014604112722346,0.0064327288144301,0.404942803802065,-0.0033820559514218,-0.6056999999999999,0.0674,0.4917999999999995,0.0023,0.0067,-0.0011,0.101,25.987369999999995,7.218713888888887,0.7290901027777776,-0.6518221140836501,0.32665013326192194,-78.72555360763386,40.31054125374147,-106.21513598088082,56.820607515707195,1495.9329089682817,0.0,41110045.29872309,0.003638850062310067,7.218713888888887,AVAILABLE,-109.29267340114853,59.543096627813306,-106.21513598088082,56.820607515707195
6102375,1.2999,-0.4098,10.7883,0.0102,0.0058,0.0009,52.413055,-1.529287,0.0,0.076,296.617,10.874055956265812,0.0117681774289819,-0.1405481564565338,0.0053354486145517,0.1676999999999999,-0.1684,-0.1653000000000002,0.0102,0.0070999999999999,0.0072,0.099,15.407360000000004,4.279822222222223,0.4237024000000001,-0.37879898939527096,0.1898290004158518,-79.10435259702912,40.50037025415732,-106.21513598088082,56.820607515707195,1495.9999365310107,0.0,41110045.29872309,0.003639013106554465,4.279822222222223,AVAILABLE,-109.67147239054381,59.73292562822916,-106.21513598088082,56.820607515707195
6102476,1.6051,0.0121,10.3426,-0.0147,-0.0209,-0.0092,52.413055,-1.529287,0.0,0.13,296.617,10.46641615740555,0.0271576876777092,-0.4076397988602611,0.0153895102487272,0.3051999999999999,0.4219,-0.4457000000000004,-0.0249,-0.0266999999999999,-0.0101,0.101,22.2557,6.182138888888889,0.6243960277777778,-0.5582233763713487,0.27974463636902686,-79.66257597340046,40.78011489052634,-106.21513598088082,56.820607515707195,1496.0989260422364,0.0,41110045.29872309,0.0036392538980946016,6.182138888888889,AVAILABLE,-110.22969576691514,60.01267026459818,-106.21513598088082,56.820607515707195
6102576,2.0109,-0.2024,10.3714,0.0031,-0.0026,0.0029,52.413055,-1.529287,0.0,0.2019999999999999,296.617,10.566485817432396,0.0049779513858614,0.1000696600268451,-0.0221797362918477,0.4057999999999999,-0.2145,0.0288000000000003,0.0178,0.0182999999999999,0.0121,0.1,4.340020000000001,1.2055611111111113,0.12055611111111114,-0.10777973656583698,0.05401207561308265,-79.7703557099663,40.83412696613942,-106.21513598088082,56.820607515707195,1496.1180678360533,0.0,41110045.29872309,0.003639300460421833,1.2055611111111113,AVAILABLE,-110.33747550348099,60.06668234021125,-106.21513598088082,56.820607515707195
6102675,1.7236,0.0429,9.818,-0.0168,-0.0038,0.0079,52.413055,-1.529287,0.0,0.032,296.617,9.968237626080148,0.0189496701818263,-0.5982481913522477,0.0139717187959649,-0.2872999999999999,0.2453,-0.5533999999999999,-0.0198999999999999,-0.0012,0.005,0.099,25.138699999999993,6.98297222222222,0.6913142499999998,-0.6180496953865486,0.3097256306566454,-80.38840540535284,41.143852596796066,-106.21513598088082,56.820607515707195,1496.2280169366866,0.0,41110045.29872309,0.0036395679111138335,6.98297222222222,AVAILABLE,-110.95552519886752,60.37640797086791,-106.21513598088082,56.820607515707195
6102775,1.07,-0.2368,9.6419,-0.0128,0.0202,0.0143,52.413055,-1.529287,0.0,0.241,296.617,9.70397907304009,0.0278634168758966,-0.2642585530400581,0.0089137466940702,-0.6536,-0.2797,-0.1760999999999999,0.0039999999999999,0.024,0.0063999999999999,0.1,13.815439999999997,3.837622222222221,0.3837622222222221,-0.3430916179513288,0.1719348274680776,-80.73149702330417,41.315787424264144,-106.21513598088082,56.820607515707195,1496.289186236845,0.0,41110045.29872309,0.0036397167051609182,3.837622222222221,AVAILABLE,-111.29861681681885,60.54834279833599,-106.21513598088082,56.820607515707195
6102875,1.2354,0.1721,9.7067,0.0012,0.0307,0.0064,52.413055,-1.529287,0.0,0.7490000000000001,298.649,9.78651400959504,0.0313829571583048,0.0825349365549499,0.0035195402824082,0.1654,0.4089,0.0647999999999999,0.014,0.0105,-0.0079,0.1,19.767909999999993,5.491086111111109,0.5491086111111109,-0.4818830403732513,0.2632660293258601,-81.21338006367742,41.57905345359001,-106.21513598088082,56.820607515707195,1496.396041993756,0.0,41110045.29872309,0.0036399766313082492,5.491086111111109,AVAILABLE,-111.7804998571921,60.811608827661836,-106.21513598088082,56.820607515707195
6102975,1.271,0.0133,9.7026,-0.0286,-0.0176,-0.043,52.413055,-1.529287,0.0,1.033,300.781,9.785502779622515,0.0545593255090273,-0.0010112299725228,0.0231763683507224,0.0355999999999998,-0.1588,-0.0040999999999993,-0.0298,-0.0483,-0.0494,0.1,32.440729999999995,9.011313888888887,0.9011313888888888,-0.7741886943284364,0.4611611926591922,-81.98756875800585,42.0402146462492,-106.21513598088082,56.820607515707195,1496.6045769525556,0.0,41110045.29872309,0.003640483891656138,9.011313888888887,AVAILABLE,-112.55468855152051,61.27277002032104,-106.21513598088082,56.820607515707195
6103075,0.4194,0.0569,9.8145,-0.0586,0.0049,-0.0227,52.413055,-1.529287,0.0,1.904,303.224,9.823621746586134,0.0630338004565804,0.0381189669636174,0.0084744749475531,-0.8515999999999999,0.0436,0.1119000000000003,-0.03,0.0225,0.0202999999999999,0.1,34.51994,9.588872222222221,0.9588872222222222,-0.8021426047955856,0.5253874251567144,-82.78971136280144,42.56560207140591,-106.21513598088082,56.820607515707195,1496.8665937566027,0.0,41110045.29872309,0.003641121246351671,9.588872222222221,AVAILABLE,-113.35683115631613,61.79815744547775,-106.21513598088082,56.820607515707195
6103176,0.0132,0.208,10.2375,-0.0572,0.0134,0.0098,52.413055,-1.529287,0.0,2.9160000000000004,297.891,10.239621305985882,0.0595603895218961,0.4159995593997472,-0.0034734109346842,-0.4062,0.1510999999999999,0.423,0.0013999999999999,0.0085,0.0325,0.101,39.369049999999994,10.93584722222222,1.1045205694444442,-0.9762184896977198,0.5166847672403186,-83.76592985249916,43.08228683864623,-106.21513598088082,56.820607515707195,1497.069075232959,0.0,41110045.29872309,0.0036416137816307863,10.93584722222222,AVAILABLE,-114.33304964601385,62.31484221271807,-106.21513598088082,56.820607515707195
6103275,0.5362,0.2971,10.0017,-0.0029,0.0469,0.046,52.41311,-1.529423,5.87,3.913,299.324,10.020468139762732,0.0657572809656847,-0.2191531662231494,0.0061968914437885,0.523,0.0890999999999999,-0.2358000000000011,0.0543,0.0334999999999999,0.0361999999999999,0.099,46.14519,12.818108333333333,1.268992725,-1.1063893319238327,0.6214862688008965,-84.87231918442299,43.70377310744713,-115.43943897793767,62.93632848151896,1494.2639290113964,11.05613126509515,41110056.35485435,0.0036347892985433743,12.818108333333333,LOST,-115.43943897793767,62.93632848151896,-115.43943897793767,62.93632848151896
6103376,-0.4048,-0.2113,10.0441,0.0026,-0.0005,-0.012,52.41311,-1.529423,5.87,4.763,298.728,10.05447440396563,0.0122886126149374,0.0340062642028975,-0.0534686683507472,-0.941,-0.5084,0.0424000000000006,0.0055,-0.0474,-0.0579999999999999,0.101,30.30021999999999,8.416727777777774,0.8500895055555553,-0.7454531593166823,0.4085973014111395,-85.61777234373967,44.11237040885827,-115.43943897793767,62.93632848151896,1494.4272646409704,0.0,41110056.35485435,0.003635186611619679,8.416727777777774,LOST,-116.18489213725437,63.34492578293011,-116.18489213725437,63.34492578293011
6103476,0.2895,0.0881,9.4711,0.0243,0.0369,0.0133,52.41311,-1.529423,5.87,5.861000000000001,298.064,9.475933044824664,0.0461409796168221,-0.5785413591409672,0.0338523670018847,0.6942999999999999,0.2994,-0.5730000000000004,0.0216999999999999,0.0374,0.0253,0.1,40.009679999999996,11.1138,1.11138,-0.9807068707163759,0.5228570914979483,-86.59847921445605,44.635227500356216,-115.43943897793767,62.93632848151896,1494.6288553677837,0.0,41110056.35485435,0.003635676980022663,11.1138,LOST,-117.16559900797071,63.86778287442805,-117.16559900797071,63.86778287442805
6103575,-0.2435,0.2028,9.9172,-0.007,-0.0152,-0.0343,52.41311,-1.529423,5.87,6.382999999999999,299.257,9.922261633821192,0.0381645123118323,0.4463285889965291,-0.0079764673049898,-0.5329999999999999,0.1147,0.4460999999999995,-0.0313,-0.0521,-0.0475999999999999,0.099,39.88584,11.0794,1.0968606,-0.9569410081032474,0.5360663045209061,-87.55542022255929,45.17129380487712,-115.43943897793767,62.93632848151896,1494.851006187216,0.0,41110056.35485435,0.003636217360744876,11.0794,LOST,-118.12254001607397,64.40384917894897,-118.12254001607397,64.40384917894897
6103676,-0.2212,0.0669,10.3325,0.015,0.0175,-0.0153,52.41311,-1.529423,5.87,7.405,302.05,10.335084000626216,0.0276647790520726,0.4128223668050239,-0.0104997332597596,0.0222999999999999,-0.1359,0.4153000000000002,0.022,0.0327,0.0189999999999999,0.101,51.01196000000001,14.169988888888891,1.431168877777778,-1.213037747712107,0.7594628228855201,-88.7684579702714,45.93075662776264,-115.43943897793767,62.93632848151896,1495.2099534449437,0.0,41110056.35485435,0.0036370904980975206,14.169988888888891,LOST,-119.33557776378606,65.16331200183447,-119.33557776378606,65.16331200183447
6103776,-0.0641,0.4162,10.4766,0.0073,0.0283,-0.0093,52.41311,-1.529423,5.87,8.136000000000001,297.701,10.485059790482836,0.0306703439824205,0.1499757898566205,0.0030055649303478,0.1571,0.3493,0.1440999999999999,-0.0076999999999999,0.0107999999999999,0.006,0.1,42.21990000000001,11.727750000000002,1.1727750000000003,-1.0383579945340273,0.5451732530235442,-89.80681596480542,46.47592988078618,-115.43943897793767,62.93632848151896,1495.4181362727354,0.0,41110056.35485435,0.003637596901752127,11.727750000000002,LOST,-120.3739357583201,65.70848525485803,-120.3739357583201,65.70848525485803
6103876,0.1005,0.4809,10.1327,0.0242,0.0538,-0.006,52.41311,-1.529423,5.87,8.586,299.329,10.14460321303894,0.0592965429009145,-0.340456577443895,0.028626198918494,0.1646,0.0646999999999999,-0.3438999999999996,0.0169,0.0255,0.0032999999999999,0.1,38.92247999999999,10.811799999999998,1.0811799999999998,-0.9425959283073004,0.5295876776686729,-90.74941189311272,47.005517558454855,-115.43943897793767,62.93632848151896,1495.6409935348186,0.0,41110056.35485435,0.003638139000892443,10.811799999999998,LOST,-121.3165316866274,66.2380729325267,-121.3165316866274,66.2380729325267
6103976,-0.2679,0.7085,9.7667,0.0008,0.0666,-0.0041,52.41311,-1.529423,5.87,9.81,298.802,9.796028355920576,0.0667308774106859,-0.3485748571183649,0.0074343345097714,-0.3684,0.2276,-0.3659999999999996,-0.0234,0.0128,0.0018999999999999,0.1,36.51235000000001,10.142319444444448,1.0142319444444448,-0.888761171783756,0.4886409895425518,-91.63817306489648,47.49415854799741,-115.43943897793767,62.93632848151896,1495.841596126611,0.0,41110056.35485435,0.003638626965662087,10.142319444444448,LOST,-122.20529285841116,66.72671392206925,-122.20529285841116,66.72671392206925
6104075,-0.229,0.612,9.7695,-0.0142,0.0751,-0.0064,52.41311,-1.529423,5.87,10.192,300.178,9.79132857430492,0.0766981746849297,-0.0046997816156562,0.0099672972742437,0.0389,-0.0965,0.0028000000000005,-0.015,0.0084999999999999,-0.0023,0.099,35.75771,9.932697222222222,0.983337025,-0.850063277290928,0.4943117734155817,-92.4882363421874,47.98847032141299,-115.43943897793767,62.93632848151896,1496.0598047814792,0.0,41110056.35485435,0.0036391577570893344,9.932697222222222,LOST,-123.05535613570208,67.22102569548483,-123.05535613570208,67.22102569548483
6104175,-0.8079,0.7061,10.3544,-0.0041,0.1104,-0.0054,52.41311,-1.529423,5.87,10.753,299.116,10.409845290877286,0.1106080015188774,0.6185167165723655,0.0339098268339477,-0.5789,0.0940999999999999,0.5848999999999993,0.0101,0.0353,0.001,0.1,40.09685000000001,11.138013888888892,1.1138013888888894,-0.973057411767668,0.5419527721995948,-93.46129375395508,48.53042309361258,-115.43943897793767,62.93632848151896,1496.2875396585828,0.0,41110056.35485435,0.0036397117210030245,11.138013888888892,LOST,-124.02841354746974,67.76297846768443,-124.02841354746974,67.76297846768443
6104276,-0.096,1.1437,10.0411,0.0034,0.1182,-0.0483,52.41311,-1.529423,5.87,11.279000000000002,299.034,10.106480836572144,0.127732885350641,-0.3033644543051412,0.0171248838317635,0.7119,0.4376,-0.3132999999999999,0.0075,0.0078,-0.0429,0.101,38.47085,10.686347222222222,1.0793210694444446,-0.9436847996340233,0.5238253238307529,-94.4049785535891,49.05424841744333,-115.43943897793767,62.93632848151896,1496.5074703307698,0.0,41110056.35485435,0.003640246701228517,10.686347222222222,LOST,-124.97209834710378,68.28680379151518,-124.97209834710378,68.28680379151518
6104375,-0.0152,1.4173,9.2499,0.0175,0.1353,-0.0325,52.41311,-1.529423,5.87,11.92,300.143,9.35786409069933,0.1402447503473838,-0.7486167458728143,0.0125118649967427,0.0808,0.2736,-0.7911999999999999,0.0141,0.0171,0.0158,0.099,36.405799999999985,10.112722222222217,1.0011594999999995,-0.8657775037550041,0.5027421391051311,-95.2707560573441,49.55699055654846,-115.43943897793767,62.93632848151896,1496.7310691493717,0.0,41110056.35485435,0.003640790604201239,10.112722222222217,LOST,-125.83787585085878,68.7895459306203,-125.83787585085878,68.7895459306203
6104476,-0.1403,1.5858,10.2248,0.015,0.173,-0.0119,52.41311,-1.529423,5.87,12.751,299.705,10.347994045707605,0.1740563414529904,0.9901299550082728,0.0338115911056066,-0.1251,0.1685000000000001,0.9749,-0.0025,0.0376999999999999,0.0206,0.101,33.25197000000001,9.236658333333335,0.9329024916666668,-0.8103081652386529,0.46228534078580025,-96.08106422258275,50.01927589733426,-115.43943897793767,62.93632848151896,1496.9330400295282,0.0,41110056.35485435,0.0036412818973252693,9.236658333333335,LOST,-126.64818401609742,69.2518312714061,-126.64818401609742,69.2518312714061
6104575,0.0094,1.3595,10.3417,0.0046,0.1988,-0.0106,52.41311,-1.529423,5.87,13.14,300.66900000000004,10.430680107260503,0.1991355317365537,0.0826860615529003,0.0250791902835633,0.1497,-0.2263000000000001,0.1168999999999993,-0.0104,0.0258,0.0013,0.099,36.924469999999985,10.256797222222218,1.0154229249999995,-0.8733940714634401,0.5179445072090928,-96.95445829404619,50.537220404543355,-115.43943897793767,62.93632848151896,1497.1701497667984,0.0,41110056.35485435,0.003641858665537951,10.256797222222218,LOST,-127.52157808756087,69.76977577861518,-127.52157808756087,69.76977577861518
6104675,0.1392,1.7212,9.8722,0.0184,0.221,-0.0184,52.41311,-1.529423,5.87,13.896,299.545,10.022087553000125,0.2225266725585946,-0.4085925542603803,0.0233911408220409,0.1298,0.3617000000000001,-0.4695,0.0138,0.0221999999999999,-0.0078,0.1,29.10535,8.084819444444445,0.8084819444444445,-0.7033539691878226,0.3986680931807879,-97.657812263234,50.93588849772414,-115.43943897793767,62.93632848151896,1497.3439483835803,0.0,41110056.35485435,0.003642281429776661,8.084819444444445,LOST,-128.22493205674868,70.16844387179597,-128.22493205674868,70.16844387179597
6104776,-0.057,1.7233,10.022,0.0007,0.2396,-0.0432,52.41311,-1.529423,5.87,14.36,299.79400000000004,10.169242640924642,0.2434643505731383,0.1471550879245189,0.0209376780145436,-0.1961999999999999,0.0020999999999999,0.1498000000000008,-0.0177,0.0186,-0.0248,0.101,28.61338000000001,7.948161111111114,0.8027642722222226,-0.6966528770678158,0.39887998900622906,-98.35446514030183,51.334768486730376,-115.43943897793767,62.93632848151896,1497.5203346942992,0.0,41110056.35485435,0.003642710488567523,7.948161111111114,LOST,-128.9215849338165,70.56732386080222,-128.9215849338165,70.56732386080222
6104875,0.5534,2.2965,9.6491,0.0137,0.2787,-0.0563,52.41311,-1.529423,5.87,14.857,300.379,9.934047242690164,0.2846595686078372,-0.2351953982344792,0.0411952180346989,0.6104,0.5731999999999999,-0.3728999999999995,0.013,0.0390999999999999,-0.0131,0.099,29.844900000000006,8.290250000000002,0.8207347500000003,-0.7080471156623103,0.41506000995018305,-99.06251225596414,51.74982849668056,-115.43943897793767,62.93632848151896,1497.7092569230363,0.0,41110056.35485435,0.0036431700409142935,8.290250000000002,LOST,-129.62963204947883,70.98238387075239,-129.62963204947883,70.98238387075239
6104975,0.838,2.2314,9.9024,0.0039,0.317,-0.0052,52.41311,-1.529423,5.87,15.725,300.052,10.185230273292794,0.3170666333753837,0.2511830306026308,0.0324070647675465,0.2845999999999999,-0.0651000000000001,0.2532999999999994,-0.0098,0.0383,0.0511,0.1,23.998500000000003,6.666250000000001,0.6666250000000001,-0.5770114422474047,0.3338363163895895,-99.63952369821155,52.08366481307014,-115.43943897793767,62.93632848151896,1497.8593142882391,0.0,41110056.35485435,0.0036435350546810165,6.666250000000001,LOST,-130.20664349172623,71.316220187142,-130.20664349172623,71.316220187142
6105075,0.555,1.9535,9.9706,-0.0162,0.297,-0.0291,52.41311,-1.529423,5.87,15.858,300.93,10.175315799030514,0.2988615900379304,-0.0099144742622794,-0.0182050433374533,-0.2829999999999999,-0.2778999999999998,0.0681999999999991,-0.0201,-0.02,-0.0239,0.1,26.05206,7.236683333333334,0.7236683333333334,-0.6207597282391103,0.3719586219809274,-100.26028342645066,52.45562343505107,-115.43943897793767,62.93632848151896,1498.0333144722285,0.0,41110056.35485435,0.0036439583092309187,7.236683333333334,LOST,-130.82740321996533,71.68817880912292,-130.82740321996533,71.68817880912292
6105175,0.7477,1.9631,9.7558,0.005,0.3416,-0.0114,52.41311,-1.529423,5.87,16.276,300.226,9.97940131170202,0.3418267397381311,-0.1959144873284941,0.0429651497002006,0.1926999999999999,0.0096,-0.2147999999999985,0.0212,0.0446,0.0177,0.1,16.670050000000018,4.63056944444445,0.463056944444445,-0.4001027088858546,0.23310846432600202,-100.66038613533651,52.688731899377075,-115.43943897793767,62.93632848151896,1498.139295285762,0.0,41110056.35485435,0.0036442161070130933,4.63056944444445,LOST,-131.22750592885117,71.92128727344891,-131.22750592885117,71.92128727344891
6105276,0.4377,2.1746,10.028,0.018,0.3432,-0.0979,52.41311,-1.529423,5.87,17.201,300.16,10.27040653771797,0.3573438819960403,0.2910052260159492,0.0155171422579092,-0.31,0.2114999999999998,0.2721999999999998,0.0129999999999999,0.0015999999999999,-0.0865,0.101,19.264740000000007,5.351316666666668,0.5404829833333336,-0.4673155131921653,0.2715475398578372,-101.12770164852867,52.96027943923491,-115.43943897793767,62.93632848151896,1498.2625622093121,0.0,41110056.35485435,0.0036445159531687055,5.351316666666668,LOST,-131.69482144204335,72.19283481330675,-131.69482144204335,72.19283481330675
6105376,1.3332,2.1522,9.2191,0.0266,0.383,-0.0826,52.41311,-1.529423,5.87,17.352,300.452,9.560397057131048,0.3927076775414507,-0.7100094805869226,0.0353637955454103,0.8955,-0.0223999999999997,-0.8089000000000013,0.0086,0.0398,0.0152999999999999,0.1,19.844790000000007,5.5124416666666685,0.5512441666666669,-0.4752022677226379,0.27937955550700266,-101.60290391625131,53.239658994741916,-115.43943897793767,62.93632848151896,1498.391207097728,0.0,41110056.35485435,0.0036448288811961097,5.5124416666666685,LOST,-132.17002370976599,72.47221436881375,-132.17002370976599,72.47221436881375
6105475,1.2144,2.8,9.8637,0.0141,0.3892,-0.0995,52.41311,-1.529423,5.87,18.072,300.438,10.325083295063532,0.4019647994538825,0.7646862379324855,0.0092571219124318,-0.1188,0.6477999999999997,0.6446000000000005,-0.0124999999999999,0.0061999999999999,-0.0169,0.099,25.95890999999999,7.21080833333333,0.7138700249999997,-0.6154829342091798,0.36165061909356494,-102.21838685046049,53.60130961383548,-115.43943897793767,62.93632848151896,1498.557919615796,0.0,41110056.35485435,0.003645234408536255,7.21080833333333,LOST,-132.78550664397517,72.83386498790733,-132.78550664397517,72.83386498790733
6105576,1.8707,2.3,10.1033,0.0451,0.4308,-0.077,52.41311,-1.529423,5.87,18.94,300.589,10.529301466859044,0.439945053387352,0.204218171795512,0.0379802539334694,0.6563000000000001,-0.5,0.2396000000000011,0.031,0.0416,0.0225,0.101,22.393209999999996,6.22033611111111,0.6282539472222222,-0.5408259646288106,0.31970345350593127,-102.7592128150893,53.92101306734141,-115.43943897793767,62.93632848151896,1498.7065130700685,0.0,41110056.35485435,0.0036455958613471917,6.22033611111111,LOST,-133.32633260860396,73.15356844141326,-133.32633260860396,73.15356844141326
6105675,2.0206,1.9462,9.4766,-0.0008,0.4642,-0.0671,52.41311,-1.529423,5.87,19.134,299.267,9.883140510991431,0.4690252551835562,-0.6461609558676109,0.0290802017962041,0.1498999999999999,-0.3537999999999999,-0.6267000000000014,-0.0459,0.0333999999999999,0.0098999999999999,0.099,20.082290000000004,5.57841388888889,0.5522629750000001,-0.48176715399183356,0.26999037555153643,-103.24097996908114,54.19100344289295,-115.43943897793767,62.93632848151896,1498.824925588378,0.0,41110056.35485435,0.0036458838991870997,5.57841388888889,LOST,-133.80809976259582,73.4235588169648,-133.80809976259582,73.4235588169648
6105776,1.6462,2.3733,9.9413,-0.0125,0.4477,-0.1096,52.41311,-1.529423,5.87,19.685,299.571,10.352389725082803,0.4610896875880005,0.46924921409137,-0.0079355675955556,-0.3743999999999998,0.4271,0.4647000000000005,-0.0117,-0.0165,-0.0424999999999999,0.101,24.453340000000015,6.792594444444449,0.6860520388888893,-0.5966902102053309,0.3385678559886041,-103.83767017928646,54.52957129888156,-115.43943897793767,62.93632848151896,1498.9758474245418,0.0,41110056.35485435,0.0036462510157749756,6.792594444444449,LOST,-134.40478997280113,73.7621266729534,-134.40478997280113,73.7621266729534
6105875,2.4496,2.6205,9.6751,0.0307,0.4704,-0.069,52.41311,-1.529423,5.87,20.326,299.058,10.318678230277364,0.476423813426659,-0.0337114948054377,0.0153341258386584,0.8034000000000001,0.2471999999999998,-0.2661999999999995,0.0432,0.0226999999999999,0.0406,0.099,27.82319,7.728663888888889,0.765137725,-0.6688286847307587,0.371623369420572,-104.50649886401722,54.90119466830213,-115.43943897793767,62.93632848151896,1499.1378309539252,0.0,41110056.35485435,0.003646645039874542,7.728663888888889,LOST,-135.0736186575319,74.13375004237398,-135.0736186575319,74.13375004237398
6105976,2.21,2.1606,9.989,0.0275,0.4977,-0.0336,52.41311,-1.529423,5.87,20.743,298.125,10.45621410262816,0.4995903321722709,0.137535872350794,0.0231665187456118,-0.2396000000000002,-0.4598999999999997,0.3139000000000003,-0.0032,0.0272999999999999,0.0354,0.101,22.78915,6.330319444444444,0.639362263888889,-0.5638671761455156,0.3013932848469046,-105.07036604016274,55.202587953149035,-115.43943897793767,62.93632848151896,1499.2632818156794,0.0,41110056.35485435,0.003646950198448569,6.330319444444444,LOST,-135.6374858336774,74.43514332722089,-135.6374858336774,74.43514332722089
6106075,2.8243,2.3682,9.6756,0.0122,0.4735,-0.0264,52.41311,-1.529423,5.87,21.456,298.704,10.353853248428818,0.4743922954686342,-0.1023608541993414,-0.0251980367036366,0.6143000000000001,0.2075999999999997,-0.3134000000000014,-0.0153,-0.0242,0.0071999999999999,0.099,27.231389999999983,7.564274999999995,0.7488632249999996,-0.6568373970161365,0.35966757379344927,-105.72720343717887,55.56225552694249,-115.43943897793767,62.93632848151896,1499.4179632611915,0.0,41110056.35485435,0.003647326460266789,7.564274999999995,LOST,-136.29432323069355,74.79481090101433,-136.29432323069355,74.79481090101433
6106175,2.1952,2.1186,9.9541,0.0224,0.4605,-0.0366,52.41311,-1.529423,5.87,21.708,297.748,10.4111226969045,0.4624949405128665,0.0572694484756812,-0.0118973549557677,-0.6291000000000002,-0.2496,0.2785000000000011,0.0101999999999999,-0.0129999999999999,-0.0102,0.1,24.282170000000004,6.745047222222223,0.6745047222222224,-0.5969393029473555,0.31403835577330763,-106.32414274012623,55.87629388271579,-115.43943897793767,62.93632848151896,1499.5465630497001,0.0,41110056.35485435,0.0036476392785889013,6.745047222222223,LOST,-136.8912625336409,75.10884925678764,-136.8912625336409,75.10884925678764
6106275,1.6978,1.5366,10.0496,0.0262,0.5098,-0.0586,52.41311,-1.529423,5.87,22.039,299.386,10.307188004494728,0.5138253010508533,-0.103934692409771,0.0513303605379867,-0.4973999999999998,-0.5819999999999999,0.0954999999999994,0.0038,0.0493,-0.022,0.1,17.856260000000006,4.960072222222224,0.49600722222222243,-0.43218782578697873,0.24338621106818945,-106.75633056591322,56.119680093783984,-115.43943897793767,62.93632848151896,1499.6551952469217,0.0,41110056.35485435,0.0036479035258482192,4.960072222222224,LOST,-137.32345035942788,75.35223546785582,-137.32345035942788,75.35223546785582
6106375,2.5251,1.4015,9.3535,0.0328,0.5177,-0.1023,52.41311,-1.529423,5.87,22.525,298.339,9.789192740466396,0.528729061051121,-0.5179952640283307,0.0149037600002677,0.8273000000000001,-0.1351,-0.6960999999999995,0.0066,0.0079,-0.0437,0.1,17.078630000000008,4.744063888888891,0.47440638888888914,-0.417550893318268,0.2251947452932956,-107.17388145923148,56.34487483907728,-115.43943897793767,62.93632848151896,1499.750768033196,0.0,41110056.35485435,0.0036481360061577793,4.744063888888891,LOST,-137.74100125274614,75.57743021314911,-137.74100125274614,75.57743021314911
6106476,3.2796,2.0147,9.3386,0.0026,0.5192,-0.0657,52.41311,-1.529423,5.87,22.46,299.861,10.100705035293329,0.5233468161745134,0.3115122948269295,-0.0053822448766076,0.7544999999999997,0.6132,-0.0149000000000008,-0.0302,0.0014999999999999,0.0366,0.101,22.91725,6.3659027777777775,0.6429561805555556,-0.5575946548516406,0.32012630475402676,-107.73147611408312,56.665001143831304,-115.43943897793767,62.93632848151896,1499.8972057186613,0.0,41110056.35485435,0.003648492215072215,6.3659027777777775,LOST,-138.2985959075978,75.89755651790315,-138.2985959075978,75.89755651790315
6106575,2.964,2.0744,9.851,-0.0151,0.5179,-0.0571,52.41311,-1.529423,5.87,22.522,299.57,10.494314287270036,0.5212569711764055,0.3936092519767094,-0.0020898449981079,-0.3155999999999999,0.0596999999999998,0.5124000000000013,-0.0177,-0.0012999999999999,0.0085999999999999,0.099,20.813819999999993,5.781616666666665,0.5723800499999998,-0.497829516136349,0.28246184609863845,-108.22930563021947,56.947462989929946,-115.43943897793767,62.93632848151896,1500.0249571006204,0.0,41110056.35485435,0.0036488029696497724,5.781616666666665,LOST,-138.79642542373415,76.1800183640018,-138.79642542373415,76.1800183640018
6106676,2.5595,1.8076,10.4781,0.0173,0.5319,-0.0008,52.41311,-1.529423,5.87,22.374,299.997,10.936591682055246,0.532181867410005,0.4422773947852096,0.0109248962335994,-0.4045000000000001,-0.2667999999999997,0.6270999999999987,0.0324,0.014,0.0562999999999999,0.101,22.83506,6.343072222222221,0.6406502944444444,-0.5548362013558152,0.3202960965057217,-108.78414183157528,57.26775908643567,-115.43943897793767,62.93632848151896,1500.172841428885,0.0,41110056.35485435,0.003649162697515353,6.343072222222221,LOST,-139.35126162508996,76.5003144605075,-139.35126162508996,76.5003144605075
6106775,2.1796,1.2707,10.1378,0.035,0.5219,-0.0293,52.41311,-1.529423,5.87,22.158,299.939,10.447024623786431,0.5238922599161014,-0.4895670582688147,-0.0082896074939035,-0.3798999999999997,-0.5369000000000002,-0.3402999999999991,0.0177,-0.01,-0.0285,0.099,17.228049999999996,4.785569444444444,0.47377137499999994,-0.4105500143027168,0.2364487291685655,-109.194691845878,57.50420781560423,-115.43943897793767,62.93632848151896,1500.2819042528283,0.0,41110056.35485435,0.0036494279922719497,4.785569444444444,LOST,-139.76181163939268,76.73676318967608,-139.76181163939268,76.73676318967608
6106875,2.0053,1.3996,9.5676,0.0329,0.5438,-0.0487,52.41311,-1.529423,5.87,22.226,299.208,9.875174834401667,0.5469666717451804,-0.5718497893847623,0.0230744118290789,-0.1743000000000001,0.1289,-0.5701999999999998,-0.0021,0.0218999999999999,-0.0194,0.1,17.751170000000005,4.930880555555557,0.49308805555555574,-0.4303938573357726,0.24061786737313046,-109.62508570321377,57.744825682977364,-115.43943897793767,62.93632848151896,1500.3894338180319,0.0,41110056.35485435,0.003649689557384572,4.930880555555557,LOST,-140.19220549672846,76.9773810570492,-140.19220549672846,76.9773810570492
6106975,2.4762,1.3081,9.6877,0.025,0.4971,-0.0661,52.41311,-1.529423,5.87,22.194000000000003,299.201,10.08435537553095,0.5020982174833923,0.2091805411292817,-0.044868454261788,0.4708999999999999,-0.0914999999999999,0.1200999999999989,-0.0078999999999999,-0.0466999999999999,-0.0174,0.1,19.034360000000003,5.287322222222223,0.5287322222222224,-0.4615375276448383,0.2579551770977657,-110.0866232308586,58.00278086007513,-115.43943897793767,62.93632848151896,1500.5048448724076,0.0,41110056.35485435,0.003649970294178945,5.287322222222223,LOST,-140.65374302437328,77.23533623414696,-140.65374302437328,77.23533623414696
6107075,2.3955,1.3691,9.7631,0.0095,0.4961,-0.0282,52.41311,-1.529423,5.87,22.349,298.94,10.145490459805282,0.4969916498292501,0.0611350842743316,-0.0051065676541422,-0.0806999999999997,0.0609999999999999,0.0754000000000001,-0.0155,-0.001,0.0379,0.1,20.931970000000007,5.814436111111113,0.5814436111111113,-0.5088369559231128,0.28135675785171643,-110.59546018678172,58.284137617926845,-115.43943897793767,62.93632848151896,1500.6293807579154,0.0,41110056.35485435,0.0036502732270779735,5.814436111111113,LOST,-141.16257998029639,77.5166929919987,-141.16257998029639,77.5166929919987
6107176,2.2444,1.6501,9.3398,-0.0068,0.4608,-0.0458,52.41311,-1.529423,5.87,21.924,298.578,9.746385248388243,0.4631204163066016,-0.3991052114170372,-0.0338712335226484,-0.1511,0.2809999999999999,-0.4232999999999993,-0.0163,-0.0353,-0.0176,0.101,21.566509999999997,5.990697222222221,0.6050604194444443,-0.5313439210285658,0.2894334962720731,-111.12680410781029,58.57357111419892,-115.43943897793767,62.93632848151896,1500.755466990678,0.0,41110056.35485435,0.0036505799311887005,5.990697222222221,LOST,-141.69392390132495,77.80612648827076,-141.69392390132495,77.80612648827076
6107276,1.8219,1.838,9.6465,0.033,0.4502,-0.0353,52.41311,-1.529423,5.87,22.043000000000003,300.789,9.98761862808147,0.452785964888489,0.2412333796932255,-0.0103344514181126,-0.4225000000000001,0.1879000000000001,0.3066999999999993,0.0398,-0.0105999999999999,0.0105,0.1,21.59244,5.9979,0.5997899999999999,-0.5152545095446356,0.307019273815044,-111.64205861735492,58.880590388013964,-115.43943897793767,62.93632848151896,1500.903220789988,0.0,41110056.35485435,0.003650939341543273,5.9979,LOST,-142.2091784108696,78.1131457620858,-142.2091784108696,78.1131457620858
6107375,1.9724,1.3715,9.9618,0.0559,0.482,0.0064,52.41311,-1.529423,5.87,22.468000000000004,298.48400000000004,10.247381775360964,0.4852728819952749,0.259763147279493,0.0324869171067859,0.1504999999999998,-0.4665000000000001,0.3153000000000006,0.0228999999999999,0.0317999999999999,0.0417,0.099,17.061319999999995,4.7392555555555544,0.4691862999999999,-0.4123914514603097,0.22376120054680826,-112.05445006881523,59.104351588560775,-115.43943897793767,62.93632848151896,1501.0005782159142,0.0,41110056.35485435,0.0036511761629795803,4.7392555555555544,LOST,-142.6215698623299,78.33690696263261,-142.6215698623299,78.33690696263261
6107476,1.7854,0.8238,9.1265,0.016,0.3871,-0.0081,52.41311,-1.529423,5.87,21.841,297.836,9.335914623110046,0.3875151867991757,-0.9114671522509176,-0.0977576951960992,-0.1869999999999998,-0.5477,-0.8353000000000002,-0.0399,-0.0948999999999999,-0.0144999999999999,0.101,17.30131,4.805919444444444,0.4853978638888889,-0.4292313903769833,0.22665281772556467,-112.48368145919221,59.33100440628634,-115.43943897793767,62.93632848151896,1501.0960712379754,0.0,41110056.35485435,0.0036514084492631034,4.805919444444444,LOST,-143.0508012527069,78.56355978035819,-143.0508012527069,78.56355978035819
6107576,0.9978,0.4856,10.232,0.0242,0.3664,-0.0096,52.41311,-1.529423,5.87,22.19,297.607,10.291998649436366,0.3673237808800296,0.9560840263263196,-0.020191405919146,-0.7876000000000001,-0.3382,1.1054999999999993,0.0081999999999999,-0.0206999999999999,-0.0014999999999999,0.1,14.608320000000006,4.057866666666668,0.40578666666666685,-0.3595866252665445,0.18804328696835287,-112.84326808445876,59.51904769325469,-115.43943897793767,62.93632848151896,1501.174427367694,0.0,41110056.35485435,0.0036515990501444122,4.057866666666668,LOST,-143.41038787797342,78.75160306732653,-143.41038787797342,78.75160306732653
6107676,1.0342,1.0761,10.0299,0.025,0.3665,-0.0081,52.41311,-1.529423,5.87,22.061,296.076,10.14033800521462,0.367440961244116,-0.1516606442217458,0.0001171803640864,0.0363999999999999,0.5905,-0.2020999999999997,0.0008,9.9999999999989e-05,0.0014999999999999,0.1,12.11429,3.3650805555555556,0.3365080555555556,-0.30225549897936116,0.14791647910398045,-113.14552358343812,59.666964172358675,-115.43943897793767,62.93632848151896,1501.2306419330205,0.0,41110056.35485435,0.0036517357917845625,3.3650805555555556,LOST,-143.7126433769528,78.89951954643053,-143.7126433769528,78.89951954643053
6107776,1.5778,0.716,9.6611,0.0255,0.3079,-0.0408,52.41311,-1.529423,5.87,22.079,296.63,9.815241313895443,0.3116364869523464,-0.3250966913191746,-0.0558044742917695,0.5436000000000001,-0.3601000000000001,-0.3688000000000002,0.0004999999999999,-0.0585999999999999,-0.0327,0.1,16.27977,4.522158333333333,0.45221583333333326,-0.40424462767509484,0.20269543880705604,-113.54976821111322,59.86965961116573,-115.43943897793767,62.93632848151896,1501.3106084462477,0.0,41110056.35485435,0.0036519303099154473,4.522158333333333,LOST,-144.1168880046279,79.10221498523757,-144.1168880046279,79.10221498523757
6107876,1.0165,0.6631,9.7509,0.0522,0.2814,-0.0203,52.41311,-1.529423,5.87,22.064,294.782,9.82613986619364,0.2869196577441148,0.0108985522981956,-0.0247168292082316,-0.5613000000000001,-0.0528999999999999,0.0898000000000003,0.0267,-0.0265,0.0205,0.1,17.991279999999996,4.997577777777777,0.49975777777777775,-0.45373468845983955,0.2094819059910306,-114.00350289957306,60.07914151715676,-115.43943897793767,62.93632848151896,1501.3832284262478,0.0,41110056.35485435,0.0036521069576421574,4.997577777777777,LOST,-144.57062269308776,79.31169689122859,-144.57062269308776,79.31169689122859
6107975,1.0265,0.1654,9.5016,0.044,0.246,-0.0146,52.41311,-1.529423,5.87,22.007,293.217,9.55831899289828,0.250330102065253,-0.26782087329536,-0.0365895556788617,0.01,-0.4977,-0.2492999999999998,-0.0082,-0.0353999999999999,0.0056999999999999,0.099,23.10684,6.418566666666666,0.6354381,-0.5839793147819647,0.25049897971528123,-114.58748221435503,60.329640496872045,-115.43943897793767,62.93632848151896,1501.458595942848,0.0,41110056.35485435,0.003652290288737473,6.418566666666666,LOST,-145.15460200786973,79.5621958709439,-145.15460200786973,79.5621958709439
6108076,1.2132,-0.1165,9.7702,0.0195,0.2261,-0.0108,52.41311,-1.529423,5.87,22.01,291.603,9.84592476763864,0.2271961707423785,0.28760577474036,-0.0231339313228745,0.1867000000000001,-0.2819,0.268600000000001,-0.0244999999999999,-0.0199,0.0037999999999999,0.101,21.937959999999993,6.0938777777777755,0.6154816555555553,-0.57224850666455,0.22660387230936685,-115.15973072101959,60.556244369181414,-115.43943897793767,62.93632848151896,1501.5146081941896,0.0,41110056.35485435,0.0036524265382498994,6.0938777777777755,LOST,-145.72685051453428,79.78879974325326,-145.72685051453428,79.78879974325326
6108175,0.697,0.2766,9.875,-0.0082,0.1556,-0.0037,52.41311,-1.529423,5.87,22.014,290.642,9.903430797456,0.1558598408827623,0.0575060298173593,-0.0713363298596161,-0.5162000000000001,0.3931,0.1047999999999991,-0.0277,-0.0705,0.0071,0.099,25.865259999999985,7.1847944444444405,0.7112946499999997,-0.6656305085623073,0.2507510821306782,-115.82536122958189,60.80699545131209,-115.43943897793767,62.93632848151896,1501.5677629601955,0.0,41110056.35485435,0.0036525558369439877,7.1847944444444405,LOST,-146.39248102309656,80.03955082538394,-146.39248102309656,80.03955082538394
6108275,-0.0192,-0.2557,10.3195,-0.0069,0.1577,0.03,52.41311,-1.529423,5.87,21.938,287.37,10.322685279519083,0.1606763828320765,0.4192544820630832,0.0048165419493141,-0.7162,-0.5323,0.4444999999999997,0.0013,0.0021,0.0337,0.1,32.53611000000001,9.037808333333336,0.9037808333333337,-0.862565512727454,0.2698157351859221,-116.68792674230934,61.07681118649801,-115.43943897793767,62.93632848151896,1501.5842372893135,0.0,41110056.35485435,0.0036525959106645774,9.037808333333336,LOST,-147.25504653582402,80.30936656056986,-147.25504653582402,80.30936656056986
6108375,0.2815,-0.2817,9.8456,-0.0037,0.1197,0.0162,52.41311,-1.529423,5.87,22.237,287.15,9.853650922373898,0.1208479209585336,-0.4690343571451851,-0.0398284618735428,0.3006999999999999,-0.026,-0.4739000000000004,0.0031999999999999,-0.038,-0.0138,0.1,21.42920999999999,5.9525583333333305,0.5952558333333331,-0.5687884090927563,0.1755256471262595,-117.2567151514021,61.25233683362427,-115.43943897793767,62.93632848151896,1501.593099488,0.0,41110056.35485435,0.0036526174679171637,5.9525583333333305,LOST,-147.8238349449168,80.4848922076961,-147.8238349449168,80.4848922076961
6108476,0.2883,-0.4866,9.7127,0.0031,0.0762,0.0,52.41311,-1.529423,5.87,21.809,285.272,9.72915400947071,0.0762630316732819,-0.1244969129031883,-0.0445848892852517,0.0068,-0.2048999999999999,-0.1328999999999993,0.0068,-0.0435,-0.0162,0.101,19.648900000000005,5.458027777777779,0.5512608055555557,-0.5317937225764104,0.1452030039981403,-117.78850887397851,61.39753983762241,-115.43943897793767,62.93632848151896,1501.5834490768445,0.0,41110056.35485435,0.0036525939933418133,5.458027777777779,LOST,-148.3556286674932,80.63009521169425,-148.3556286674932,80.63009521169425
6108575,0.3417,-0.2025,9.8376,0.0035,0.0733,-0.0008,52.41311,-1.529423,5.87,21.798,283.711,9.845615211859542,0.0733878736577099,0.116461202388832,-0.0028751580155719,0.0534,0.2840999999999999,0.1249000000000002,0.0004,-0.0029,-0.0008,0.099,26.194389999999995,7.276219444444443,0.7203457249999999,-0.6998184884451032,0.17073970468577754,-118.48832736242362,61.56827954230819,-115.43943897793767,62.93632848151896,1501.5515277626243,0.0,41110056.35485435,0.0036525163449096522,7.276219444444443,LOST,-149.0554471559383,80.80083491638004,-149.0554471559383,80.80083491638004
6108675,0.4898,-0.3337,9.6039,-0.0155,0.0264,-0.0262,52.41311,-1.529423,5.87,22.14,280.55,9.62216997043806,0.0402945405731347,-0.2234452414214818,-0.0330933330845752,0.1481,-0.1311999999999999,-0.2337000000000006,-0.019,-0.0469,-0.0254,0.1,43.15234000000001,11.986761111111113,1.1986761111111113,-1.1784130940173698,0.21946981386255962,-119.66674045644099,61.78774935617075,-115.43943897793767,62.93632848151896,1501.433217879671,0.0,41110056.35485435,0.0036522285567297187,11.986761111111113,LOST,-150.23386024995565,81.0203047302426,-150.23386024995565,81.0203047302426
6108776,0.1579,-0.5482,10.2295,-0.0034,0.0257,-0.0213,52.41311,-1.529423,5.87,21.647,278.856,10.245395351083332,0.0335520491177513,0.6232253806452732,-0.0067424914553833,-0.3319,-0.2145,0.6256000000000004,0.0121,-0.0006999999999999,0.0049,0.101,35.49027,9.858408333333333,0.9956992416666667,-0.9838288971442,0.1532895332356459,-120.6505693535852,61.94103888940639,-115.43943897793767,62.93632848151896,1501.3064112139607,0.0,41110056.35485435,0.0036519201001695627,9.858408333333333,LOST,-151.2176891470999,81.17359426347824,-151.2176891470999,81.17359426347824
6108875,0.0093,-0.2478,9.8042,-0.0164,0.0512,0.0182,52.41311,-1.529423,5.87,22.046,276.468,9.80733546739378,0.0567594925981548,-0.4380598836895526,0.0232074434804035,-0.1486,0.3004,-0.4253,-0.013,0.0255,0.0395,0.099,38.72136000000001,10.755933333333337,1.0648374000000005,-1.0580596304199967,0.11995210258374298,-121.70862898400519,62.06099099199014,-115.43943897793767,62.93632848151896,1501.1276228182082,0.0,41110056.35485435,0.003651485198319248,10.755933333333337,LOST,-152.27574877751985,81.29354636606197,-152.27574877751985,81.29354636606197
6108975,0.0012,-0.2247,10.1412,-0.0182,0.0209,-0.0144,52.41311,-1.529423,5.87,22.144,273.703,10.14368912033487,0.0312315545562496,0.3363536529410886,-0.0255279380419052,-0.0081,0.0230999999999999,0.3369999999999997,-0.0017999999999999,-0.0303,-0.0326,0.1,34.198399999999985,9.49955555555555,0.9499555555555551,-0.947972274445453,0.061352460534018514,-122.65660125845064,62.122343452524156,-115.43943897793767,62.93632848151896,1500.9237451623221,0.0,41110056.35485435,0.0036509892669730924,9.49955555555555,LOST,-153.22372105196533,81.35489882659598,-153.22372105196533,81.35489882659598
6109075,-0.0708,-0.3281,9.9475,-0.0133,0.017,-0.0165,52.41311,-1.529423,5.87,21.83,270.782,9.953161231488217,0.0271687320278293,-0.1905278888466544,-0.0040628225284203,-0.072,-0.1033999999999999,-0.1936999999999997,0.0049,-0.0038999999999999,-0.0021,0.1,23.761529999999983,6.600424999999995,0.6600424999999995,-0.6599810243110563,0.009008293710703476,-123.31658228276169,62.13135174623486,-115.43943897793767,62.93632848151896,1500.7497526205782,0.0,41110056.35485435,0.0036505660310129128,6.600424999999995,LOST,-153.88370207627636,81.36390712030669,-153.88370207627636,81.36390712030669
6109176,0.0781,-0.0118,9.7692,0.0145,0.0198,-0.0274,52.41311,-1.529423,5.87,21.755,268.392,9.769519307007894,0.0367838279682797,-0.1836419244803213,0.0096150959404504,0.1489,0.3163,-0.1783000000000001,0.0278,0.0028,-0.0109,0.101,30.457980000000003,8.460550000000001,0.8545155500000002,-0.8541790475018215,-0.023978740598366712,-124.1707613302635,62.1073730056365,-115.43943897793767,62.93632848151896,1500.4907109933054,0.0,41110056.35485435,0.0036499359135909446,8.460550000000001,LOST,-154.73788112377818,81.33992837970834,-154.73788112377818,81.33992837970834
6109276,0.3499,0.0969,10.0893,0.0317,0.0264,-0.0068,52.41311,-1.529423,5.87,21.874,264.60900000000004,10.095830530966731,0.0418101662278446,0.3263112239588377,0.0050263382595648,0.2718,0.1087,0.3201,0.0172,0.0065999999999999,0.0206,0.1,35.52676000000001,9.868544444444447,0.9868544444444448,-0.9824893255426588,-0.09271687933966113,-125.15325065580616,62.014656126296835,-115.43943897793767,62.93632848151896,1500.1306872809039,0.0,41110056.35485435,0.0036490601577678587,9.868544444444447,LOST,-155.72037044932082,81.24721150036868,-155.72037044932082,81.24721150036868
6109375,-0.1034,0.0493,9.5064,0.0101,0.0362,0.0174,52.41311,-1.529423,5.87,21.82,261.03700000000003,9.507090144202904,0.04141509386685,-0.5887403867638277,-0.0003950723609945,-0.4533,-0.0476,-0.5829000000000004,-0.0216,0.0098,0.0242,0.099,48.87545000000003,13.576513888888897,1.344074875000001,-1.3276625858586708,-0.2094023106781198,-126.48091324166484,61.80525381561871,-115.43943897793767,62.93632848151896,1499.5641953933416,0.0,41110056.35485435,0.0036476821691738457,13.576513888888897,LOST,-157.04803303517951,81.03780918969056,-157.04803303517951,81.03780918969056
6109476,-0.0813,-0.0651,10.2441,0.0006,0.0222,0.0045,52.41311,-1.529423,5.87,21.838,257.238,10.244629447178651,0.022659435120938,0.7375393029757493,-0.018755658745912,0.0221,-0.1144,0.7377000000000002,-0.0095,-0.014,-0.0128999999999999,0.101,39.277120000000025,10.910311111111119,1.101941422222223,-1.0747191454658291,-0.24342073941702938,-127.55563238713067,61.56183307620168,-115.43943897793767,62.93632848151896,1499.035272058736,0.0,41110056.35485435,0.0036463955658910864,10.910311111111119,LOST,-158.12275218064534,80.79438845027352,-158.12275218064534,80.79438845027352
6109575,-0.0682,0.3449,10.0848,-0.021,0.0182,-0.0048,52.41311,-1.529423,5.87,21.629,257.253,10.090926532781817,0.02820070921094,-0.1537029143968382,0.005541274090002,0.0131,0.41,-0.1593,-0.0216,-0.004,-0.0093,0.099,35.59373000000002,9.887147222222229,0.9788275750000007,-0.9547032680982259,-0.21597474728066937,-128.5103356552289,61.34585832892101,-115.43943897793767,62.93632848151896,1498.566190338899,0.0,41110056.35485435,0.003645254527027535,9.887147222222229,LOST,-159.07745544874356,80.57841370299286,-159.07745544874356,80.57841370299286
6109676,-0.7006,1.1298,9.6405,-0.0122,0.0064,-0.0139,52.41311,-1.529423,5.87,22.1,254.193,9.731727937524765,0.0195706412771784,-0.3591985952570518,-0.0086300679337616,-0.6324,0.7848999999999999,-0.4443000000000001,0.0088,-0.0118,-0.0091,0.101,35.40053000000001,9.833480555555559,0.9931815361111115,-0.9556240992657645,-0.27054046753586286,-129.46595975449466,61.07531786138515,-115.43943897793767,62.93632848151896,1498.0448559645267,0.0,41110056.35485435,0.0036439863838513926,9.833480555555559,LOST,-160.03307954800934,80.30787323545698,-160.03307954800934,80.30787323545698
6109775,-0.4658,1.5728,9.7215,0.0003,0.0255,0.0214,52.41311,-1.529423,5.87,21.906,250.33,9.8589163567808,0.0332911399624584,0.1271884192560364,0.01372049868528,0.2348,0.443,0.0810000000000013,0.0125,0.0191,0.0353,0.099,36.54774,10.152149999999999,1.0050628499999998,-0.9464143355146897,-0.3383064261618606,-130.41237409000937,60.737011435223295,-115.43943897793767,62.93632848151896,1497.461304344638,0.0,41110056.35485435,0.003642566897546505,10.152149999999999,LOST,-160.97949388352404,79.96956680929515,-160.97949388352404,79.96956680929515
6109875,-0.7754,0.5227,9.9839,0.0049,-0.0024,-0.0106,52.41311,-1.529423,5.87,22.198,246.738,10.02759790079359,0.011921828718783,0.1686815440127897,-0.0213693112436754,-0.3096,-1.0501,0.2623999999999995,0.0046,-0.0278999999999999,-0.032,0.1,11.796450000000004,3.2767916666666674,0.32767916666666674,-0.30104164061729005,-0.129412390758426,-130.71341573062665,60.60759904446487,-115.43943897793767,62.93632848151896,1497.2548000315587,0.0,41110056.35485435,0.0036420645768702772,3.2767916666666674,LOST,-161.28053552414133,79.84015441853671,-161.28053552414133,79.84015441853671
6109975,-0.3456,0.8589,10.4006,-0.0027,0.0227,-0.0098,52.41311,-1.529423,5.87,21.665,243.945,10.441725380893716,0.0248720726920777,0.4141274801001273,0.0129502439732947,0.4297999999999999,0.3361999999999999,0.4167000000000005,-0.0076,0.0251,0.0008,0.1,45.15078,12.541883333333333,1.2541883333333335,-1.1267287175621452,-0.5508818135409885,-131.8401444481888,60.05671723092388,-115.43943897793767,62.93632848151896,1496.4182663669142,0.0,41110056.35485435,0.0036400297130466334,12.541883333333333,LOST,-162.40726424170347,79.28927260499572,-162.40726424170347,79.28927260499572
6110075,-0.3098,1.453,10.1402,0.0138,0.0365,0.002,52.41311,-1.529423,5.87,21.982,241.172,10.248455546081075,0.0390728806207067,-0.1932698348126393,0.0142008079286289,0.0358,0.5941000000000001,-0.2604000000000006,0.0165,0.0137999999999999,0.0118,0.1,35.35757000000001,9.821547222222225,0.9821547222222226,-0.8604374131988902,-0.47357719154432826,-132.7005818613877,59.58314003937955,-115.43943897793767,62.93632848151896,1495.7289235829198,0.0,41110056.35485435,0.003638352890280826,9.821547222222225,LOST,-163.26770165490237,78.81569541345138,-163.26770165490237,78.81569541345138
6110175,0.0371,1.2432,9.912,0.0247,0.0549,0.0196,52.41311,-1.529423,5.87,22.082,238.418,9.989728056859208,0.0633108205601538,-0.2587274892218705,0.0242379399394471,0.3469,-0.2098,-0.2281999999999993,0.0109,0.0184,0.0175999999999999,0.1,41.80844,11.613455555555555,1.1613455555555556,-0.9893404156285895,-0.6082179226334026,-133.68992227701628,58.97492211674615,-115.43943897793767,62.93632848151896,1494.875398492481,0.0,41110056.35485435,0.003636276694901595,11.613455555555555,LOST,-164.25704207053096,78.20747749081798,-164.25704207053096,78.20747749081798
6110275,-0.599,1.3091,9.8947,0.0276,0.0505,0.0022,52.41311,-1.529423,5.87,21.766,235.532,9.998881532451517,0.0575921001527119,0.0091534755923099,-0.0057187204074419,-0.6361,0.0658999999999998,-0.0173000000000005,0.0029,-0.0043999999999999,-0.0174,0.1,33.20393999999999,9.223316666666664,0.9223316666666664,-0.7604093337767708,-0.5219897972578376,-134.45033161079306,58.45293231948831,-115.43943897793767,62.93632848151896,1494.1671764160503,0.0,41110056.35485435,0.0036345539483543334,9.223316666666664,LOST,-165.01745140430774,77.68548769356016,-165.01745140430774,77.68548769356016
6110375,-0.1374,0.8576,10.0689,0.0253,0.0508,0.0306,52.41311,-1.529423,5.87,22.169,232.345,10.10629030505259,0.0644754992225729,0.1074087726010741,0.0068833990698609,0.4616,-0.4514999999999999,0.174199999999999,-0.0023,0.0002999999999999,0.0283999999999999,0.1,46.19557000000002,12.832102777777783,1.2832102777777783,-1.0159221722198732,-0.7839201215599565,-135.46625378301292,57.66901219792835,-115.43943897793767,62.93632848151896,1493.1380202056675,0.0,41110056.35485435,0.003632050531181904,12.832102777777783,LOST,-166.0333735765276,76.9015675720002,-166.0333735765276,76.9015675720002
6110475,-0.248,0.8969,10.0646,-0.0081,0.0335,-0.0119,52.41311,-1.529423,5.87,22.057,229.941,10.107527233205952,0.0364618979209804,0.0012369281533626,-0.0280136013015924,-0.1106,0.0393,-0.0042999999999988,-0.0334,-0.0172999999999999,-0.0424999999999999,0.1,42.637370000000004,11.84371388888889,1.1843713888888892,-0.9064966966217294,-0.7622331177746664,-136.37275047963465,56.90677908015369,-115.43943897793767,62.93632848151896,1492.1596174897818,0.0,41110056.35485435,0.0036296705716230056,11.84371388888889,LOST,-166.93987027314932,76.13933445422552,-166.93987027314932,76.13933445422552
6110576,-0.6509,0.6027,9.5957,-0.0017,0.0452,-0.002,52.41311,-1.529423,5.87,22.003,227.227,9.6366164492523,0.0452761526634054,-0.4709107839536539,0.008814254742425,-0.4029,-0.2942,-0.4688999999999996,0.0063999999999999,0.0116999999999999,0.0099,0.101,41.64642,11.56845,1.16841345,-0.8576738487997712,-0.793464277221029,-137.23042432843442,56.11331480293266,-115.43943897793767,62.93632848151896,1491.1645653648309,0.0,41110056.35485435,0.0036272501124624498,11.56845,LOST,-167.7975441219491,75.34587017700451,-167.7975441219491,75.34587017700451
6110676,-0.1185,1.0174,9.989,0.0211,0.0869,0.0022,52.41311,-1.529423,5.87,21.982,224.855,10.041377694818577,0.0894519983007646,0.4047612455662754,0.0441758456373591,0.5324,0.4147,0.3933,0.0228,0.0417,0.0042,0.1,38.625,10.729166666666666,1.0729166666666667,-0.7567442447357636,-0.7605841976207565,-137.98716857317018,55.352730605311905,-115.43943897793767,62.93632848151896,1490.2285486539604,0.0,41110056.35485435,0.0036249732566420853,10.729166666666666,LOST,-168.55428836668486,74.58528597938374,-168.55428836668486,74.58528597938374
6110775,-0.0276,0.6927,10.3431,0.0188,0.0535,-0.0252,52.41311,-1.529423,5.87,21.978,222.707,10.36630660650166,0.0620542504587719,0.3249289116830862,-0.0273977478419926,0.0909,-0.3247000000000001,0.3540999999999989,-0.0023,-0.0334,-0.0274,0.099,45.91625000000002,12.754513888888894,1.2626968750000005,-0.8564234629584329,-0.927869737748275,-138.84359203612863,54.42486086756363,-115.43943897793767,62.93632848151896,1489.1048207461988,0.0,41110056.35485435,0.003622239794303669,12.754513888888894,LOST,-169.4107118296433,73.65741624163547,-169.4107118296433,73.65741624163547
6110876,0.2337,0.5688,10.1156,0.0305,0.0768,-0.0279,52.41311,-1.529423,5.87,22.136,220.913,10.134274147170087,0.0872175441066761,-0.2320324593315739,0.0251632936479041,0.2613,-0.1239,-0.2274999999999991,0.0116999999999999,0.0232999999999999,-0.0027,0.101,39.60876,11.002433333333332,1.1112457666666666,-0.7277685148842238,-0.8397738640120918,-139.57136055101284,53.585087003551536,-115.43943897793767,62.93632848151896,1488.1006622282273,0.0,41110056.35485435,0.0036197971838890695,11.002433333333332,LOST,-170.13848034452752,72.81764237762337,-170.13848034452752,72.81764237762337
6110975,-0.0364,0.4105,9.5512,0.0197,0.0676,-0.004,52.41311,-1.529423,5.87,22.316,218.747,9.560086644481837,0.0705255272933141,-0.5741875026882504,-0.0166920168133619,-0.2701,-0.1583,-0.5644000000000009,-0.0108,-0.0092,0.0239,0.099,43.265589999999996,12.018219444444442,1.1898037249999998,-0.7446774925228232,-0.9279484555479338,-140.31603804353566,52.6571385480036,-115.43943897793767,62.93632848151896,1487.0071728313853,0.0,41110056.35485435,0.0036171372765724675,12.018219444444442,LOST,-170.88315783705033,71.88969392207545,-170.88315783705033,71.88969392207545
6111076,0.0404,0.1329,10.1272,0.0247,0.07,-0.0211,52.41311,-1.529423,5.87,22.136,218.455,10.128152566485165,0.0771705902530232,0.568065922003326,0.006645062959709,0.0768,-0.2775999999999999,0.5760000000000005,0.005,0.0024,-0.0171,0.101,38.024299999999975,10.562305555555549,1.0667928611111104,-0.6634382517034033,-0.835402115567324,-140.97947629523907,51.821736432436275,-115.43943897793767,62.93632848151896,1486.0247301251227,0.0,41110056.35485435,0.0036147474897578196,10.562305555555549,LOST,-171.54659608875372,71.0542918065081,-171.54659608875372,71.0542918065081
6111176,-0.3922,0.2115,10.0993,0.0278,0.0653,-0.0263,52.41311,-1.529423,5.87,22.187,216.138,10.109125262850393,0.0756876476051409,-0.0190273036347718,-0.0014829426478822,-0.4326,0.0786,-0.0279000000000007,0.0030999999999999,-0.0047,-0.0052,0.1,39.65005,11.013902777777778,1.1013902777777778,-0.649525209048661,-0.8894816168947528,-141.62900150428771,50.93225481554152,-115.43943897793767,62.93632848151896,1484.9940063714523,0.0,41110056.35485435,0.00361224025954443,11.013902777777778,LOST,-172.19612129780236,70.16481018961335,-172.19612129780236,70.16481018961335
6111276,0.1655,0.3281,10.1529,0.0374,0.076,-0.0122,52.41311,-1.529423,5.87,22.554,214.712,10.159548133160255,0.0855780345649513,0.0504228703098643,0.0098903869598103,0.5577,0.1166,0.0536000000000012,0.0096,0.0107,0.0141,0.1,39.610779999999984,11.00299444444444,1.100299444444444,-0.6265673895761673,-0.9044734234705073,-142.25556889386388,50.02778139207101,-115.43943897793767,62.93632848151896,1483.9550637278126,0.0,41110056.35485435,0.0036097130369235906,11.00299444444444,LOST,-172.82268868737853,69.26033676614284,-172.82268868737853,69.26033676614284
6111375,-0.2006,0.6465,10.3222,0.0418,0.0783,-0.0139,52.41311,-1.529423,5.87,22.572,213.581,10.344371196452688,0.0898406366851882,0.1848230632924323,0.0042626021202369,-0.3661,0.3183999999999999,0.1692999999999997,0.0043999999999999,0.0022999999999999,-0.0016999999999999,0.099,42.22292999999999,11.728591666666665,1.1611305749999998,-0.6422390998898517,-0.9673433468900808,-142.89780799375373,49.06043804518093,-115.43943897793767,62.93632848151896,1482.8514371632791,0.0,41110056.35485435,0.0036070284709988757,11.728591666666665,LOST,-173.4649277872684,68.29299341925278,-173.4649277872684,68.29299341925278
6111475,-0.028,0.5043,10.2451,0.046,0.0772,-0.0273,52.41311,-1.529423,5.87,22.817,212.252,10.257542420092642,0.0939208709499651,-0.0868287763600452,0.0040802342647768,0.1726,-0.1422,-0.0770999999999997,0.0042,-0.0010999999999999,-0.0134,0.1,41.01137000000001,11.392047222222224,1.1392047222222226,-0.6079298070052097,-0.9634359080333366,-143.50573780075894,48.09700213714759,-115.43943897793767,62.93632848151896,1481.760806495484,0.0,41110056.35485435,0.003604375517525932,11.392047222222224,LOST,-174.0728575942736,67.32955751121943,-174.0728575942736,67.32955751121943
6111576,0.2083,0.7978,9.8584,0.0465,0.0611,-0.0062,52.41311,-1.529423,5.87,23.022,211.683,9.892821856780804,0.0770318116105288,-0.3647205633118382,-0.0168890593394363,0.2363,0.2935,-0.3867000000000011,0.0005,-0.0161,0.0211,0.101,37.32562,10.368227777777777,1.0471910055555556,-0.5500048087896767,-0.8911249701499149,-144.05574260954862,47.205877166997674,-115.43943897793767,62.93632848151896,1480.7553727465363,0.0,41110056.35485435,0.0036019298051185615,10.368227777777777,LOST,-174.6228624030633,66.43843254106952,-174.6228624030633,66.43843254106952
6111675,0.1795,-0.0897,9.6782,0.0069,0.0404,-0.0221,52.41311,-1.529423,5.87,22.871,211.441,9.680280036238624,0.0465637197826805,-0.2125418205421816,-0.0304680918278482,-0.0288,-0.8875,-0.1801999999999992,-0.0395999999999999,-0.0207,-0.0159,0.099,29.0642,8.07338888888889,0.7992655000000001,-0.41691309912788643,-0.6819155426193417,-144.4726557086765,46.52396162437833,-115.43943897793767,62.93632848151896,1479.9870795655825,0.0,41110056.35485435,0.0036000609359194487,8.07338888888889,LOST,-175.0397755021912,65.75651699845017,-175.0397755021912,65.75651699845017
6111776,-0.0745,-0.1923,9.395,-0.0217,0.0605,-0.01,52.41311,-1.529423,5.87,23.519,210.635,9.3972631409363,0.0650472136221068,-0.2830168953023211,0.0184834938394262,-0.254,-0.1026,-0.2832000000000008,-0.0286,0.0201,0.0121,0.101,43.67303000000002,12.131397222222226,1.225271119444445,-0.6243578732571115,-1.0542611451848636,-145.09701358193362,45.46970047919346,-115.43943897793767,62.93632848151896,1478.8047126622348,0.0,41110056.35485435,0.0035971848345267834,12.131397222222226,LOST,-175.6641333754483,64.70225585326531,-175.6641333754483,64.70225585326531
6111875,-0.3896,-0.0854,9.5293,-0.0526,0.0567,-0.0054,52.41311,-1.529423,5.87,23.371,211.257,9.537643304821165,0.0775294137730964,0.1403801638848634,0.0124822001509896,-0.3151,0.1069,0.1342999999999996,-0.0309,-0.0037999999999999,0.0046,0.099,39.42312,10.950866666666666,1.0841358,-0.5625338919932478,-0.9267718452783129,-145.65954747392686,44.54292863391515,-115.43943897793767,62.93632848151896,1477.7617496020428,0.0,41110056.35485435,0.0035946478322634212,10.950866666666666,LOST,-176.22666726744157,63.77548400798698,-176.22666726744157,63.77548400798698
6111975,-0.9192,0.4096,11.3991,-0.0718,0.0271,-0.0327,52.41311,-1.529423,5.87,23.461,209.269,11.443433995527744,0.0834202613278093,1.9057906907065776,0.0058908475547128,-0.5296000000000001,0.495,1.8698000000000012,-0.0192,-0.0296,-0.0272999999999999,0.1,44.257780000000004,12.293827777777778,1.229382777777778,-0.6010582042143962,-1.0724323052963158,-146.26060567814125,43.470496328618836,-115.43943897793767,62.93632848151896,1476.5681848669567,0.0,41110056.35485435,0.00359174449220282,12.293827777777778,LOST,-176.82772547165595,62.70305170269068,-176.82772547165595,62.70305170269068
6112075,-0.9786,0.9765,11.2387,0.0229,-0.0109,-0.0188,52.41311,-1.529423,5.87,23.695,208.422,11.323408846279465,0.0315699223945831,-0.1200251492482795,-0.0518503389332262,-0.0594,0.5669,-0.160400000000001,0.0947,-0.038,0.0139,0.1,54.91434000000001,15.253983333333336,1.5253983333333336,-0.7260315420817205,-1.3415357897717641,-146.98663722022297,42.128960538847075,-115.43943897793767,62.93632848151896,1475.0820617674974,0.0,41110056.35485435,0.0035881295054301645,15.253983333333336,LOST,-177.55375701373768,61.36151591291891,-177.55375701373768,61.36151591291891
6112175,-0.4804,0.5179,10.0584,0.0834,0.0099,0.0168,52.41311,-1.529423,5.87,23.893,209.849,10.08317485368572,0.0856493432549252,-1.240233992593744,0.054079420860342,0.4982,-0.4586,-1.180299999999999,0.0605,0.0208,0.0356,0.1,37.07390000000002,10.298305555555562,1.0298305555555562,-0.5125630439145351,-0.893213355906041,-147.4992002641375,41.23574718294103,-115.43943897793767,62.93632848151896,1474.084892551771,0.0,41110056.35485435,0.0035857038964572188,10.298305555555562,LOST,-178.06632005765218,60.46830255701287,-178.06632005765218,60.46830255701287
6112275,-0.7911,0.1873,9.2883,0.0962,-0.0372,0.0199,52.412903,-1.530007,6.09,24.098000000000003,209.796,9.323810239918012,0.1050442287800714,-0.7593646137677066,0.0193948855251462,-0.3107,-0.3306,-0.7701000000000011,0.0127999999999999,-0.0470999999999999,0.0031,0.1,40.76635000000002,11.323986111111116,1.1323986111111117,-0.5627040194966283,-0.9826956807113345,-148.06190428363414,40.253051502229695,-155.04968125943665,39.91897866574205,1506.0032575799266,45.7616344085186,41110102.11648876,0.0036633410768782473,11.323986111111116,LOST,-178.62902407714884,59.48560687630154,-178.62902407714884,59.48560687630154
6112376,-0.9924,-1.1122,9.2727,0.0811,-0.0373,0.0081,52.412903,-1.530007,6.09,24.318,209.874,9.391741685651285,0.0896331969752278,0.0679314457332704,-0.0154110318048436,-0.2012999999999999,-1.2995,-0.0155999999999991,-0.0150999999999999,-0.0001,-0.0118,0.101,40.661,11.294722222222223,1.1407669444444446,-0.5682095162799019,-0.9891851025698246,-148.63011379991403,39.26386639965987,-155.04968125943665,39.91897866574205,1504.893066795722,0.0,41110102.11648876,0.0036606405465291402,11.294722222222223,LOST,-179.1972335934287,58.496421773731704,-179.1972335934287,58.496421773731704
6112475,-0.2054,-0.6731,10.1166,-0.0351,-0.0852,0.011,52.412903,-1.530007,6.09,24.512,210.265,10.141047693902244,0.0928011314586196,0.7493060082509597,0.0031679344833917,0.7869999999999999,0.4391,0.8438999999999997,-0.1162,-0.0479,0.0029,0.099,37.75670000000001,10.487972222222224,1.0383092500000002,-0.52330797765239,-0.8967914245580901,-149.15342177756642,38.36707497510178,-155.04968125943665,39.91897866574205,1503.884282044768,0.0,41110102.11648876,0.0036581866855581913,10.487972222222224,LOST,-179.7205415710811,57.599630349173616,-179.7205415710811,57.599630349173616
6112576,-1.0857,-0.0012,10.3707,-0.0483,-0.067,0.001,52.412903,-1.530007,6.09,24.548,209.499,10.427375720669128,0.082600786921191,0.2863280267668848,-0.0102003445374286,-0.8803000000000001,0.6719,0.2540999999999993,-0.0132,0.0181999999999999,-0.0099999999999999,0.101,44.32146000000002,12.311516666666673,1.243463183333334,-0.6122916785836222,-1.0822659509763388,-149.76571345615005,37.284809024125444,-155.04968125943665,39.91897866574205,1502.67239739247,0.0,41110102.11648876,0.003655238785674936,12.311516666666673,LOST,-180.33283324966473,56.51736439819728,-180.33283324966473,56.51736439819728
6112676,-1.5746,0.3869,9.8918,-0.0606,-0.1092,-0.0007,52.412903,-1.530007,6.09,24.552,209.645,10.023809855040149,0.1248899115221081,-0.4035658656289786,0.0422891246009171,-0.4888999999999999,0.3881,-0.4788999999999994,-0.0122999999999999,-0.0422,-0.0017,0.1,36.81293999999998,10.225816666666661,1.0225816666666663,-0.5057940620466671,-0.888732598592574,-150.27150751819673,36.39607642553287,-155.04968125943665,39.91897866574205,1501.676410890478,0.0,41110102.11648876,0.0036528160563439075,10.225816666666661,LOST,-180.8386273117114,55.6286317996047,-180.8386273117114,55.6286317996047
6112775,-1.0143,0.1809,9.8037,-0.0069,-0.0939,0.048,52.412903,-1.530007,6.09,24.66,209.256,9.85769055052957,0.1056826381199863,-0.1661193045105786,-0.0192072734021217,0.5603,-0.206,-0.0881000000000007,0.0537,0.0153,0.0487,0.099,36.404540000000004,10.112372222222223,1.00112485,-0.4892623347611187,-0.8734262035636563,-150.76076985295785,35.522650221969215,-155.04968125943665,39.91897866574205,1500.6998387314839,0.0,41110102.11648876,0.0036504405522494953,10.112372222222223,LOST,-181.32788964647253,54.75520559604106,-181.32788964647253,54.75520559604106
6112876,-1.3623,-0.0694,9.4113,-0.0098,-0.1476,0.0565,52.412903,-1.530007,6.09,24.595,209.638,9.509639600952289,0.1583478765250737,-0.3480509495772814,0.0526652384050873,-0.3480000000000001,-0.2503,-0.3923999999999985,-0.0029,-0.0537,0.0085,0.101,32.577850000000005,9.049402777777779,0.9139896805555557,-0.45198474075196293,-0.7944097999706623,-151.2127545937098,34.72824042199855,-155.04968125943665,39.91897866574205,1499.809655356615,0.0,41110102.11648876,0.0036482751881928787,9.049402777777779,LOST,-181.77987438722445,53.96079579607038,-181.77987438722445,53.96079579607038
6112975,-2.1839,0.0718,9.7888,-0.0249,-0.1984,0.0068,52.412903,-1.530007,6.09,24.426,208.763,10.029714845896669,0.2000720120356668,0.520075244944378,0.041724135510593,-0.8215999999999999,0.1412,0.3774999999999995,-0.0150999999999999,-0.0507999999999999,-0.0497,0.099,34.453309999999995,9.570363888888886,0.9474660249999998,-0.45590897800118185,-0.8305653931553,-151.668663571711,33.89767502884325,-155.04968125943665,39.91897866574205,1498.8837217314115,0.0,41110102.11648876,0.003646022861933557,9.570363888888886,LOST,-182.23578336522567,53.13023040291508,-182.23578336522567,53.13023040291508
6113076,-1.9398,-0.0785,9.8239,0.0203,-0.1509,0.0578,52.412903,-1.530007,6.09,24.167,208.981,10.013890228078196,0.1628611064680576,-0.0158246178184704,-0.0372109055676091,0.2440999999999999,-0.1503,0.0350999999999999,0.0452,0.0474999999999999,0.051,0.101,35.017169999999986,9.726991666666663,0.982426158333333,-0.47600468870760004,-0.8594071752702394,-152.1446682604186,33.03826785357301,-155.04968125943665,39.91897866574205,1497.924451007006,0.0,41110102.11648876,0.003643689443442678,9.726991666666663,LOST,-182.7117880539333,52.27082322764485,-182.7117880539333,52.27082322764485
6113175,-1.7539,-0.4122,9.8722,-0.0226,-0.2315,0.0167,52.412903,-1.530007,6.09,23.63,209.533,10.035258187510673,0.2331992710108674,0.0213679594324762,0.0703381645428098,0.1858999999999999,-0.3337,0.0482999999999993,-0.0428999999999999,-0.0806,-0.0411,0.099,28.850159999999995,8.013933333333332,0.7933794,-0.3910763561214273,-0.6902971505280509,-152.53574461654003,32.34797070304496,-155.04968125943665,39.91897866574205,1497.151480257192,0.0,41110102.11648876,0.0036418091981744376,8.013933333333332,LOST,-183.1028644100547,51.580526077116794,-183.1028644100547,51.580526077116794
6113275,-1.9498,-0.1565,10.536,0.0122,-0.2074,0.0595,52.412903,-1.530007,6.09,23.569000000000003,209.348,10.7160397670968,0.2161107355038152,0.6807815795861263,-0.0170885355070521,-0.1958999999999999,0.2557,0.6638000000000002,0.0348,0.0241,0.0428,0.1,36.92749999999999,10.257638888888886,1.0257638888888887,-0.5027400763196189,-0.894116307540915,-153.03848469285964,31.45385439550404,-155.04968125943665,39.91897866574205,1496.1513926068858,0.0,41110102.11648876,0.003639376492832397,10.257638888888886,LOST,-183.6056044863743,50.68640976957588,-183.6056044863743,50.68640976957588
6113375,-2.4847,-0.5253,10.4348,-0.0011,-0.2363,0.0337,52.412903,-1.530007,6.09,23.252,208.912,10.739400598729892,0.2386935064051806,0.0233608316330933,0.0225827709013653,-0.5349000000000002,-0.3688,-0.1012000000000004,-0.0133,-0.0289,-0.0257999999999999,0.1,36.45078999999999,10.125219444444442,1.0125219444444442,-0.48951966052165014,-0.8863245398522634,-153.52800435338128,30.567529855651777,-155.04968125943665,39.91897866574205,1495.162563338002,0.0,41110102.11648876,0.003636971173414601,10.125219444444442,LOST,-184.09512414689593,49.800085229723614,-184.09512414689593,49.800085229723614
6113476,-1.5878,-0.4605,8.8137,0.0119,-0.242,0.0883,52.412903,-1.530007,6.09,23.011,208.688,8.967411933216853,0.2578807864110857,-1.7719886655130388,0.019187280005905,0.8969,0.0647999999999999,-1.6210999999999984,0.013,-0.0056999999999999,0.0546,0.101,44.569119999999984,12.380311111111107,1.2504114222222218,-0.600247221343554,-1.0969193215971456,-154.12825157472483,29.470610534054632,-155.04968125943665,39.91897866574205,1493.9404117236697,0.0,41110102.11648876,0.0036339982992269638,12.380311111111107,LOST,-184.6953713682395,48.70316590812647,-184.6953713682395,48.70316590812647
6113575,-2.2868,0.3584,9.1636,-0.0561,-0.3996,-0.0069,52.412903,-1.530007,6.09,22.342,208.012,9.451426863706876,0.4035777248560678,0.484014930490023,0.1456969384449821,-0.6989999999999998,0.8189,0.3498999999999999,-0.068,-0.1576,-0.0952,0.099,20.591179999999994,5.719772222222221,0.5662574499999999,-0.265946478815099,-0.49991996368054015,-154.39419805353992,28.970690570374092,-155.04968125943665,39.91897866574205,1493.3855924273234,0.0,41110102.11648876,0.0036326487056531653,5.719772222222221,LOST,-184.96131784705457,48.20324594444593,-184.96131784705457,48.20324594444593
6113675,-2.9797,-1.2562,10.7802,-0.0475,-0.3305,0.1286,52.412903,-1.530007,6.09,21.355,206.424,11.254748445434045,0.3578050586562465,1.8033215817271664,-0.0457726661998213,-0.6928999999999998,-1.6146,1.6166,0.0085999999999999,0.0691,0.1354999999999999,0.1,29.44515,8.179208333333333,0.8179208333333334,-0.36398322407046335,-0.7324689086889391,-154.7581812776104,28.238221661685152,-155.04968125943665,39.91897866574205,1492.579980284345,0.0,41110102.11648876,0.0036306890604528306,8.179208333333333,LOST,-185.32530107112504,47.47077703575699,-185.32530107112504,47.47077703575699
6113775,-2.9208,-0.4595,8.9322,-0.0913,-0.4043,0.0124,52.412903,-1.530007,6.09,22.118,207.668,9.408847417723385,0.4146660584132731,-1.8459010277106584,0.0568609997570265,0.0588999999999999,0.7967,-1.8480000000000008,-0.0438,-0.0737999999999999,-0.1162,0.1,25.59213,7.108925,0.7108925,-0.33010113819990505,-0.6296041495379278,-155.08828241581028,27.608617512147223,-155.04968125943665,39.91897866574205,1491.8826312172991,0.0,41110102.11648876,0.0036289927643330354,7.108925,LOST,-185.65540220932493,46.84117288621906,-185.65540220932493,46.84117288621906
6113875,-3.5331,-0.2984,9.4126,-0.0814,-0.3992,0.0554,52.412903,-1.530007,6.09,21.553,207.427,10.058274053235971,0.4111639089219772,0.6494266355125866,-0.0035021494912958,-0.6123000000000003,0.1611,0.4803999999999995,0.0099,0.0050999999999999,0.043,0.1,26.836370000000002,7.454547222222223,0.7454547222222223,-0.3433699428661048,-0.6616644355105831,-155.4316523586764,26.94695307663664,-155.04968125943665,39.91897866574205,1491.1507890177754,0.0,41110102.11648876,0.0036272125639398326,7.454547222222223,LOST,-185.9987721521911,46.179508450708475,-185.9987721521911,46.179508450708475
6113975,-2.8831,-0.2395,9.4405,-0.0633,-0.4658,0.0107,52.412903,-1.530007,6.09,21.946,208.1,9.873837456126164,0.470203168853635,-0.1844365971098067,0.0590392599316577,0.6499999999999999,0.0589,0.0279000000000007,0.0181,-0.0665999999999999,-0.0447,0.1,21.305840000000007,5.918288888888891,0.5918288888888891,-0.2787584383155488,-0.5220681629742743,-155.71041079699194,26.424884913662364,-155.04968125943665,39.91897866574205,1490.5711402731285,0.0,41110102.11648876,0.003625802572928367,5.918288888888891,LOST,-186.27753059050664,45.6574402877342,-186.27753059050664,45.6574402877342
6114076,-2.7013,-0.6286,10.033,-0.0449,-0.4479,0.1089,52.412903,-1.530007,6.09,21.028,206.691,10.409286654233323,0.4631302516571337,0.535449198107159,-0.0070729171965012,0.1818000000000004,-0.3891,0.5924999999999994,0.0183999999999999,0.0178999999999999,0.0982,0.101,20.234260000000003,5.620627777777778,0.5676834055555556,-0.25499127290111073,-0.5071921723443933,-155.96540206989306,25.91769274131797,-155.04968125943665,39.91897866574205,1490.0124982599605,0.0,41110102.11648876,0.0036244436806259707,5.620627777777778,LOST,-186.5325218634077,45.15024811538981,-186.5325218634077,45.15024811538981
6114176,-3.2593,-0.6509,9.2272,-0.063,-0.4694,0.0746,52.412903,-1.530007,6.09,21.42,207.041,9.8075443990838,0.4794481410955725,-0.6017422551495244,0.0163178894384387,-0.5580000000000003,-0.0222999999999999,-0.8057999999999996,-0.0180999999999999,-0.0214999999999999,-0.0343,0.1,20.372220000000006,5.658950000000002,0.5658950000000001,-0.25727169754319734,-0.5040321663031455,-156.22267376743625,25.413660575014827,-155.04968125943665,39.91897866574205,1489.456248212507,0.0,41110102.11648876,0.0036230906067613593,5.658950000000002,LOST,-186.78979356095093,44.64621594908666,-186.78979356095093,44.64621594908666
6114276,-2.9852,-0.7446,9.4543,-0.0298,-0.4352,0.0999,52.412903,-1.530007,6.09,21.395,206.057,9.942315459187563,0.447512111567944,0.1347710601037643,-0.0319360295276284,0.2741000000000002,-0.0937,0.2271,0.0332,0.0342,0.0253,0.1,21.51563,5.976563888888889,0.597656388888889,-0.2625295838034512,-0.5369090954786421,-156.4852033512397,24.876751479536185,-155.04968125943665,39.91897866574205,1488.8669847034976,0.0,41110102.11648876,0.0036216572279112176,5.976563888888889,LOST,-187.05232314475435,44.109306853608025,-187.05232314475435,44.109306853608025
6114376,-3.5047,-0.7588,9.7429,-0.085,-0.4903,0.0584,52.412903,-1.530007,6.09,21.308000000000003,205.952,10.381849543313562,0.5010285919985006,0.4395340841259987,0.0535164804305565,-0.5195000000000003,-0.0141999999999999,0.2886000000000006,-0.0552,-0.0551,-0.0415,0.1,22.12636,6.146211111111111,0.6146211111111111,-0.26896927437369655,-0.5526433204756427,-156.7541726256134,24.324108159060543,-155.04968125943665,39.91897866574205,1488.2608144930673,0.0,41110102.11648876,0.0036201827236428683,6.146211111111111,LOST,-187.32129241912807,43.55666353313239,-187.32129241912807,43.55666353313239
6114475,-3.5153,0.0685,9.6353,-0.0682,-0.4515,0.057,52.412903,-1.530007,6.09,21.478,206.479,10.256755453358531,0.4601657201487308,-0.125094089955029,-0.0408628718497697,-0.0105999999999997,0.8273,-0.1075999999999997,0.0168,0.0388,-0.0013999999999999,0.099,22.33993999999999,6.205538888888887,0.6143483499999998,-0.27391935909429455,-0.5499018820308702,-157.0280919847077,23.774206277029673,-155.04968125943665,39.91897866574205,1487.6558802499414,0.0,41110102.11648876,0.0036187112258552643,6.205538888888887,LOST,-187.59521177822236,43.006761651101506,-187.59521177822236,43.006761651101506
6114575,-2.9138,0.2278,10.117,-0.0449,-0.4804,0.0137,52.412903,-1.530007,6.09,21.704,205.808,10.53070806166423,0.4826881602028374,0.2739526083056969,0.0225224400541065,0.6014999999999997,0.1593,0.4817,0.0232999999999999,-0.0288999999999999,-0.0433,0.1,20.815869999999986,5.782186111111107,0.5782186111111107,-0.25173140616758327,-0.5205459262967611,-157.27982339087526,23.25366035073291,-155.04968125943665,39.91897866574205,1487.0853866312334,0.0,41110102.11648876,0.0036173235046156244,5.782186111111107,LOST,-187.84694318438991,42.486215724804744,-187.84694318438991,42.486215724804744
6114676,-3.041,-0.2095,9.5682,-0.0711,-0.5108,0.0402,52.412903,-1.530007,6.09,21.528,204.761,10.042012870435888,0.5172889811314368,-0.4886951912283432,0.0346008209285994,-0.1271999999999997,-0.4373,-0.5488000000000017,-0.0261999999999999,-0.0304,0.0265,0.101,21.37598999999999,5.937774999999998,0.5997152749999998,-0.2511811959426371,-0.5445791199386476,-157.53100458681791,22.709081230794265,-155.04968125943665,39.91897866574205,1486.4920023392744,0.0,41110102.11648876,0.003615880101993375,5.937774999999998,LOST,-188.09812438033256,41.9416366048661,-188.09812438033256,41.9416366048661
6114775,-3.2246,-0.9883,8.695,-0.0614,-0.5031,-0.0193,52.412903,-1.530007,6.09,21.978,206.037,9.326189310216687,0.5072002168769253,-0.7158235602191994,-0.0100887642545115,-0.1836000000000002,-0.7787999999999999,-0.8731999999999989,0.0096999999999999,0.0077,-0.0595,0.099,22.882540000000002,6.356261111111111,0.62926985,-0.27621892644791946,-0.5654057382013216,-157.80722351326582,22.143675492592944,-155.04968125943665,39.91897866574205,1485.8715674064783,0.0,41110102.11648876,0.0036143708989000867,6.356261111111111,LOST,-188.3743433067805,41.37623086666478,-188.3743433067805,41.37623086666478
6114875,-3.2677,-0.6962,10.0605,-0.0339,-0.4088,0.0261,52.412903,-1.530007,6.09,21.596,204.337,10.60076497145371,0.4110326751001676,1.274575661237023,-0.0961675417767576,-0.0430999999999999,0.2920999999999999,1.365499999999999,0.0275,0.0943,0.0454,0.1,23.35298,6.486938888888888,0.6486938888888889,-0.2673285882676848,-0.5910492258489108,-158.0745521015335,21.552626266744035,-155.04968125943665,39.91897866574205,1485.2290550565467,0.0,41110102.11648876,0.003612807992663291,6.486938888888888,LOST,-188.64167189504818,40.78518164081587,-188.64167189504818,40.78518164081587
6114975,-2.8328,-0.1952,9.0101,-0.0523,-0.4319,-0.0391,52.412903,-1.530007,6.09,21.582,203.851,9.446944526671045,0.4368085507404817,-1.1538204447826672,0.025775875640314,0.4348999999999998,0.501,-1.0503999999999998,-0.0184,-0.0231,-0.0652,0.1,22.544470000000004,6.262352777777779,0.626235277777778,-0.2532242203601032,-0.5727548492648741,-158.3277763218936,20.97987141747916,-155.04968125943665,39.91897866574205,1484.6080827002825,0.0,41110102.11648876,0.0036112974822916435,6.262352777777779,LOST,-188.89489611540827,40.21242679155099,-188.89489611540827,40.21242679155099
6115076,-1.8105,-0.921,9.368,-0.0866,-0.456,0.0354,52.412903,-1.530007,6.09,21.805,202.576,9.585696388369495,0.4654983566028993,0.138751861698454,0.0286898058624175,1.0223000000000002,-0.7258,0.3579000000000008,-0.0343,-0.0241,0.0745,0.101,14.967109999999996,4.157530555555555,0.41991058611111104,-0.16120727497879694,-0.38773330373091164,-158.4889835968724,20.59213811374825,-155.04968125943665,39.91897866574205,1484.1905972751113,0.0,41110102.11648876,0.0036102819522791222,4.157530555555555,LOST,-189.05610339038705,39.82469348782009,-189.05610339038705,39.82469348782009
6115175,-3.2883,-0.3704,9.637,-0.084,-0.491,0.0432,52.412903,-1.530007,6.09,22.064,203.59,10.189302333820509,0.5000032399895025,0.6036059454510099,0.0345048833866031,-1.4778,0.5506,0.2690000000000001,0.0025999999999999,-0.0349999999999999,0.0078,0.099,22.103149999999996,6.139763888888887,0.6078366249999999,-0.2432495864305825,-0.5570412923587812,-158.73223318330298,20.035096821389466,-155.04968125943665,39.91897866574205,1483.587523301185,0.0,41110102.11648876,0.0036088149795817127,6.139763888888887,LOST,-189.29935297681763,39.2676521954613,-189.29935297681763,39.2676521954613
6115275,-2.664,-0.4188,8.773,-0.0567,-0.511,-0.0184,52.412903,-1.530007,6.09,21.521,203.758,9.17811627949875,0.5144652077643347,-1.0111860543217563,0.0144619677748322,0.6242999999999999,-0.0484,-0.8640000000000008,0.0273,-0.02,-0.0616,0.1,19.8488,5.5135555555555555,0.5513555555555556,-0.22212708688816446,-0.5046310592032096,-158.95436027019113,19.530465762186257,-155.04968125943665,39.91897866574205,1483.0406956570557,0.0,41110102.11648876,0.003607484825639064,5.5135555555555555,LOST,-189.5214800637058,38.7630211362581,-189.5214800637058,38.7630211362581
6115376,-3.0406,-1.2191,9.5889,-0.0333,-0.4232,0.0267,52.412903,-1.530007,6.09,21.24,202.135,10.13303786531956,0.4253469407436711,0.9549215858208092,-0.0891182670206636,-0.3765999999999998,-0.8003,0.815900000000001,0.0233999999999999,0.0877999999999999,0.0451,0.101,23.08171999999999,6.411588888888886,0.6475704777777775,-0.24399819496888517,-0.599843650079973,-159.19835846516003,18.930622112106285,-155.04968125943665,39.91897866574205,1482.3963581001333,0.0,41110102.11648876,0.0036059174796006215,6.411588888888886,LOST,-189.76547825867473,38.16317748617812,-189.76547825867473,38.16317748617812
6115475,-2.8318,-1.1243,9.9315,-0.0573,-0.485,-0.0038,52.412903,-1.530007,6.09,21.254,202.975,10.388350878748753,0.4883878888752259,0.255313013429193,0.0630409481315548,0.2088000000000001,0.0948,0.3425999999999991,-0.0239999999999999,-0.0617999999999999,-0.0305,0.099,19.992449999999995,5.553458333333332,0.5497923749999999,-0.21460015276135705,-0.5061802347414829,-159.4129586179214,18.424441877364803,-155.04968125943665,39.91897866574205,1481.8501763841125,0.0,41110102.11648876,0.0036045888968730157,5.553458333333332,LOST,-189.9800784114361,37.65699725143664,-189.9800784114361,37.65699725143664
6115575,-2.0031,-1.1478,10.1604,-0.0287,-0.4328,0.0666,52.412903,-1.530007,6.09,20.689,203.105,10.419384943939829,0.4388337840230626,0.0310340651910756,-0.0495541048521632,0.8287,-0.0234999999999998,0.2288999999999994,0.0285999999999999,0.0521999999999999,0.0704,0.1,18.881249999999998,5.244791666666666,0.5244791666666666,-0.20581474290134874,-0.48240925350972774,-159.61877336082273,17.942032623855074,-155.04968125943665,39.91897866574205,1481.329281698997,0.0,41110102.11648876,0.0036033218246491632,5.244791666666666,LOST,-190.18589315433744,37.17458799792691,-190.18589315433744,37.17458799792691
6115675,-2.5001,-1.0134,9.2928,-0.0225,-0.4306,0.0378,52.412903,-1.530007,6.09,21.236,203.907,9.67644621800793,0.4328411371392511,-0.7429387259318982,-0.0059926468838115,-0.4970000000000003,0.1343999999999998,-0.8675999999999995,0.0062,0.0022,-0.0288,0.1,19.71744999999999,5.477069444444441,0.5477069444444441,-0.221960036234109,-0.5007161264705007,-159.84073339705685,17.441316497384573,-155.04968125943665,39.91897866574205,1480.7862692382898,0.0,41110102.11648876,0.0036020009511101765,5.477069444444441,LOST,-190.40785319057156,36.673871871456406,-190.40785319057156,36.673871871456406
6115775,-2.9417,-1.4006,10.3913,-0.0614,-0.4473,0.0624,52.412903,-1.530007,6.09,21.614,203.582,10.890105368636243,0.4557861450285649,1.213659150628315,0.0229450078893138,-0.4415999999999997,-0.3872,1.0984999999999996,-0.0389,-0.0166999999999999,0.0245999999999999,0.1,24.903239999999997,6.917566666666666,0.6917566666666666,-0.2767449530345393,-0.6339870005352541,-160.1174783500914,16.80732949684932,-155.04968125943665,39.91897866574205,1480.0999447374556,0.0,41110102.11648876,0.003600331472160964,6.917566666666666,LOST,-190.68459814360605,36.03988487092115,-190.68459814360605,36.03988487092115
6115875,-2.299,-1.1279,9.8692,-0.0503,-0.4712,0.0223,52.412903,-1.530007,6.09,21.272,205.101,10.196012360231816,0.4744015387833391,-0.6940930084044279,0.0186153937547742,0.6427,0.2727000000000001,-0.5221,0.0111,-0.0239,-0.0401,0.1,17.792239999999996,4.942288888888887,0.4942288888888888,-0.209659420704085,-0.44755460216868853,-160.32713777079547,16.35977489468063,-155.04968125943665,39.91897866574205,1479.611411913863,0.0,41110102.11648876,0.0035991431199106872,4.942288888888887,LOST,-190.89425756431015,35.59233026875247,-190.89425756431015,35.59233026875247
6115975,-2.4092,-1.8829,9.1611,-0.0366,-0.442,0.0542,52.412903,-1.530007,6.09,20.938,205.052,9.657914384586352,0.4468122648271866,-0.5380979756454654,-0.0275892739561524,-0.1101999999999998,-0.7550000000000001,-0.7081,0.0136999999999999,0.0292,0.0319,0.1,19.346769999999996,5.374102777777776,0.5374102777777776,-0.22756134467288278,-0.48685279199349113,-160.55469911546837,15.872922102687138,-155.04968125943665,39.91897866574205,1479.080130250115,0.0,41110102.11648876,0.0035978507814430215,5.374102777777776,LOST,-191.12181890898304,35.10547747675897,-191.12181890898304,35.10547747675897
6116076,-1.7252,-2.1083,9.8998,-0.0517,-0.465,0.0351,52.412903,-1.530007,6.09,20.963,205.374,10.2677789209741,0.4691800294130175,0.6098645363877466,0.0223677645858308,0.6839999999999997,-0.2253999999999998,0.7387000000000015,-0.0151,-0.023,-0.0191,0.101,17.45893999999999,4.849705555555553,0.4898202611111109,-0.20990031002575782,-0.4425672243242235,-160.7645994254941,15.430354878362914,-155.04968125943665,39.91897866574205,1478.5963221484067,0.0,41110102.11648876,0.00359667392204156,4.849705555555553,LOST,-191.33171921900882,34.66291025243475,-191.33171921900882,34.66291025243475
6116176,-2.3409,-1.7984,10.4118,0.0027,-0.3828,0.0857,52.412903,-1.530007,6.09,20.79,206.051,10.822182525258016,0.3922851258969679,0.5544036042839178,-0.0768949035160496,-0.6156999999999999,0.3098999999999998,0.5119999999999987,0.0544,0.0822,0.0506,0.1,23.87762,6.632672222222222,0.6632672222222222,-0.29128773303529676,-0.5958815861037664,-161.0558871585294,14.834473292259148,-155.04968125943665,39.91897866574205,1477.9424729258387,0.0,41110102.11648876,0.0035950834389512597,6.632672222222222,LOST,-191.62300695204405,34.06702866633099,-191.62300695204405,34.06702866633099
6116275,-1.8626,-1.1766,11.1654,-0.0065,-0.4046,0.0841,52.412903,-1.530007,6.09,21.262,208.483,11.3806776371181,0.4132991894499673,0.5584951118600827,0.0210140635529994,0.4782999999999999,0.6217999999999999,0.7536000000000005,-0.0092,-0.0218,-0.0016,0.099,14.957740000000006,4.15492777777778,0.4113378500000002,-0.19616619345383704,-0.36154896126037267,-161.25205335198325,14.472924330998774,-155.04968125943665,39.91897866574205,1477.5402778046898,0.0,41110102.11648876,0.003594105102482989,4.15492777777778,LOST,-191.81917314549796,33.70547970507061,-191.81917314549796,33.70547970507061
6116376,-1.4996,-2.2414,10.3347,0.0078,-0.4651,-0.029,52.412903,-1.530007,6.09,20.466,209.116,10.680762997557803,0.4660685035485664,-0.6999146395602942,0.052769314098599,0.363,-1.0648,-0.8307000000000002,0.0143,-0.0605,-0.1130999999999999,0.101,18.671440000000004,5.186511111111112,0.5238376222222223,-0.25488857742311416,-0.4576436032052156,-161.50694192940637,14.01528072779356,-155.04968125943665,39.91897866574205,1477.0293359436596,0.0,41110102.11648876,0.003592862240425428,5.186511111111112,LOST,-192.07406172292107,33.247836101865396,-192.07406172292107,33.247836101865396
6116475,-1.4878,-1.4385,9.6635,0.0177,-0.39,0.0431,52.412903,-1.530007,6.09,20.819000000000003,210.356,9.882614195646818,0.3927733443094121,-0.7981488019109868,-0.0732951592391542,0.0118,0.8029000000000002,-0.6711999999999989,0.0099,0.0751,0.0721,0.099,15.04939,4.180386111111111,0.413858225,-0.2091520493286555,-0.35711909870766406,-161.71609397873502,13.658161629085896,-155.04968125943665,39.91897866574205,1476.627742851092,0.0,41110102.11648876,0.0035918853683869463,4.180386111111111,LOST,-192.2832137722497,32.890717003157725,-192.2832137722497,32.890717003157725
6116575,-0.4639,-1.9261,9.8827,-0.0033,-0.3858,0.0488,52.412903,-1.530007,6.09,20.635,211.64,10.079326550419925,0.3888881201579703,0.1967123547731049,-0.0038852241514417,1.0239,-0.4876,0.2191999999999989,-0.021,0.0042,0.0057,0.1,14.99768,4.166022222222223,0.4166022222222223,-0.2185413586256358,-0.3546788492855969,-161.93463533736065,13.3034827798003,-155.04968125943665,39.91897866574205,1476.2258522361042,0.0,41110102.11648876,0.003590907772627517,4.166022222222223,LOST,-192.50175513087535,32.536038153872134,-192.50175513087535,32.536038153872134
6116676,-1.7768,-1.9333,9.7552,-0.0043,-0.3974,0.0202,52.412903,-1.530007,6.09,20.164,213.907,10.102405365555274,0.3979362888704673,0.0230788151353511,0.0090481687124969,-1.3129,-0.0072,-0.1274999999999995,-0.001,-0.0116,-0.0286,0.101,20.660330000000002,5.738980555555556,0.5796370361111112,-0.3233484976308176,-0.4810663599874416,-162.25798383499145,12.822416419812859,-155.04968125943665,39.91897866574205,1475.6731778908575,0.0,41110102.11648876,0.003589563396630394,5.738980555555556,LOST,-192.82510362850613,32.0549717938847,-192.82510362850613,32.0549717938847
6116775,-2.6168,-1.9398,11.0356,0.0429,-0.3533,0.0159,52.412903,-1.530007,6.09,20.333,214.71,11.506299737100544,0.3562500666666604,1.4038943715452683,-0.0416862222038068,-0.8400000000000001,-0.0064999999999999,1.2804000000000002,0.0472,0.0440999999999999,-0.0042999999999999,0.099,28.47556999999999,7.909880555555553,0.7830781749999998,-0.44590272831323186,-0.6437252403348391,-162.70388656330468,12.178691179478019,-155.04968125943665,39.91897866574205,1474.9299425076015,0.0,41110102.11648876,0.0035877554824073885,7.909880555555553,LOST,-193.27100635681936,31.41124655354985,-193.27100635681936,31.41124655354985
6116876,-0.3604,-1.4061,10.4292,0.0725,-0.2937,-0.0022,52.412903,-1.530007,6.09,20.156,216.362,10.52973019644853,0.3025240155756234,-0.9765695406520134,-0.053726051091037,2.2564,0.5337000000000001,-0.6064000000000007,0.0295999999999999,0.0595999999999999,-0.0181,0.101,23.886839999999985,6.635233333333329,0.6701585666666663,-0.3973269151203223,-0.5396701094165665,-163.101213478425,11.639021070061453,-155.04968125943665,39.91897866574205,1474.3002668944907,0.0,41110102.11648876,0.0035862238014319277,6.635233333333329,LOST,-193.66833327193964,30.87157644413329,-193.66833327193964,30.87157644413329
6116976,-0.7906,-0.6464,9.4979,0.0716,-0.2747,-0.0116,52.412903,-1.530007,6.09,20.426,218.907,9.552642866243875,0.2841147831423067,-0.977087330204654,-0.0184092324333166,-0.4301999999999999,0.7596999999999999,-0.9313000000000002,-0.0008999999999999,0.019,-0.0093999999999999,0.1,22.992579999999997,6.386827777777777,0.6386827777777777,-0.401129913181838,-0.49700149233243684,-163.50234339160684,11.142019577729016,-155.04968125943665,39.91897866574205,1473.71050459119,0.0,41110102.11648876,0.003584789209268597,6.386827777777777,LOST,-194.06946318512152,30.37457495180086,-194.06946318512152,30.37457495180086
6117076,0.017,-0.6702,9.1982,0.0909,-0.2351,0.0169,52.412903,-1.530007,6.09,19.919,221.59,9.222599431830488,0.2526270571415501,-0.3300434344133887,-0.0314877260007566,0.8076,-0.0238,-0.2996999999999996,0.0192999999999999,0.0395999999999999,0.0284999999999999,0.1,24.99768999999999,6.943802777777775,0.6943802777777776,-0.460926633632669,-0.5193367005852743,-163.96327002523952,10.622682877143742,-155.04968125943665,39.91897866574205,1473.0825442773655,0.0,41110102.11648876,0.003583261700745156,6.943802777777775,LOST,-194.53038981875417,29.855238251215575,-194.53038981875417,29.855238251215575
6117176,0.0972,-1.3501,9.4802,0.0283,-0.2423,0.0,52.412903,-1.530007,6.09,19.886,223.847,9.576346374792424,0.2439470844261107,0.3537469429619371,-0.0086799727154393,0.0802,-0.6799000000000001,0.282,-0.0625999999999999,-0.0071999999999999,-0.0169,0.1,21.982639999999993,6.106288888888887,0.6106288888888888,-0.4230040059547808,-0.44038080213820247,-164.38627403119432,10.18230207500554,-155.04968125943665,39.91897866574205,1472.541071601594,0.0,41110102.11648876,0.003581944572720912,6.106288888888887,LOST,-194.95339382470897,29.41485744907738,-194.95339382470897,29.41485744907738
6117276,0.2223,-0.4223,10.0347,-0.0542,-0.2,0.0252,52.412903,-1.530007,6.09,19.746,226.056,10.046041940485816,0.2087407003916581,0.4696955656933923,-0.0352063840344525,0.1251,0.9278,0.5545000000000009,-0.0824999999999999,0.0422999999999999,0.0252,0.1,11.77452000000001,3.2707000000000024,0.32707000000000025,-0.23549641968623927,-0.2269718511511126,-164.62177045088055,9.955330223854427,-155.04968125943665,39.91897866574205,1472.2571112376022,0.0,41110102.11648876,0.0035812538413693153,3.2707000000000024,LOST,-195.1888902443952,29.18788559792626,-195.1888902443952,29.18788559792626
6117375,-0.5646,-0.2206,9.7062,-0.0443,-0.1463,0.0232,52.412903,-1.530007,6.09,19.361,228.228,9.725109560308306,0.1546105429781553,-0.3209323801775099,-0.0541301574135028,-0.7868999999999999,0.2017,-0.3285,0.0098999999999999,0.0537,-0.002,0.099,22.304419999999983,6.195672222222218,0.6133715499999995,-0.45745350783687566,-0.4086085492462676,-165.07922395871742,9.54672167460816,-155.04968125943665,39.91897866574205,1471.7365571156422,0.0,41110102.11648876,0.0035799875975626597,6.195672222222218,LOST,-195.64634375223213,28.779277048679994,-195.64634375223213,28.779277048679994
6117476,-0.5457,-0.4967,9.7456,-0.0226,-0.1185,0.0277,52.412903,-1.530007,6.09,19.555,230.958,9.773495727732222,0.1237751994544949,0.0483861674239154,-0.0308353435236603,0.0189,-0.2761,0.0393999999999987,0.0217,0.0278,0.0045,0.101,26.840119999999985,7.455588888888885,0.7530144777777774,-0.5848546255448068,-0.47431621385082606,-165.66407858426223,9.072405460757333,-155.04968125943665,39.91897866574205,1471.117295936784,0.0,41110102.11648876,0.0035784812496165923,7.455588888888885,LOST,-196.2311983777769,28.304960834829167,-196.2311983777769,28.304960834829167
6117575,0.366,-0.3804,9.8654,0.0041,-0.1135,-0.0067,52.412903,-1.530007,6.09,19.235,234.15,9.879513010265232,0.1137714814881128,0.1060172825330099,-0.010003717966382,0.9117,0.1162999999999999,0.1197999999999996,0.0266999999999999,0.0049999999999999,-0.0344,0.099,19.62347,5.450963888888889,0.5396454250000001,-0.4374112388671867,-0.3160515667357207,-166.1014898231294,8.756353894021611,-155.04968125943665,39.91897866574205,1470.6913744317994,0.0,41110102.11648876,0.0035774451989062876,5.450963888888889,LOST,-196.6686096166441,27.988909268093444,-196.6686096166441,27.988909268093444
6117675,0.8901,-0.4709,9.484,0.0225,-0.1037,-0.0153,52.412903,-1.530007,6.09,19.386,236.879,9.537309936245126,0.1072102140656383,-0.3422030740201052,-0.0065612674224744,0.5241,-0.0904999999999999,-0.3813999999999993,0.0184,0.0098,-0.0086,0.1,29.60394999999999,8.223319444444442,0.8223319444444442,-0.6887182195194916,-0.44932954605242886,-166.7902080426489,8.307024347969183,-155.04968125943665,39.91897866574205,1470.0672752197584,0.0,41110102.11648876,0.003575927082482561,8.223319444444442,LOST,-197.3573278361636,27.53957972204102,-197.3573278361636,27.53957972204102
6117775,1.1384,0.2959,9.4395,0.004,-0.0515,0.0098,52.412903,-1.530007,6.09,19.12,239.772,9.512500807884328,0.0525765156700213,-0.0248091283607987,-0.054633698395617,0.2483,0.7667999999999999,-0.0444999999999993,-0.0185,0.0522,0.0250999999999999,0.1,30.933020000000013,8.59250555555556,0.8592505555555561,-0.7424172924414999,-0.4325830337708174,-167.53262533509042,7.874441314198365,-155.04968125943665,39.91897866574205,1469.4444541840887,0.0,41110102.11648876,0.0035744120752128038,8.59250555555556,LOST,-198.09974512860512,27.106996688270208,-198.09974512860512,27.106996688270208
6117875,0.4693,0.2028,9.5396,-0.0302,-0.0203,-0.0223,52.412903,-1.530007,6.09,19.055,243.016,9.553289406795964,0.0426780974271346,0.0407885989116376,-0.0098984182428866,-0.6691,-0.0930999999999999,0.1000999999999994,-0.0342,0.0312,-0.0321,0.1,38.37428999999999,10.659524999999997,1.0659524999999996,-0.9499057343347602,-0.48366706331338,-168.48253106942516,7.390774250884985,-155.04968125943665,39.91897866574205,1468.7149625915763,0.0,41110102.11648876,0.003572637592652665,10.659524999999997,LOST,-199.04965086293984,26.623329624956817,-199.04965086293984,26.623329624956817
6117976,0.4848,-0.4826,10.5625,-0.0354,-0.0253,-0.0035,52.412903,-1.530007,6.09,18.673,245.114,10.584627534778916,0.0436520331714343,1.0313381279829503,0.0009739357442996,0.0155,-0.6854,1.0229,-0.0052,-0.005,0.0188,0.101,46.01372000000001,12.781588888888892,1.2909404777777782,-1.1710726081824792,-0.5432460432711902,-169.65360367760763,6.847528207613795,-155.04968125943665,39.91897866574205,1467.8671306678132,0.0,41110102.11648876,0.003570575248167699,12.781588888888892,LOST,-200.22072347112234,26.080083581685635,-200.22072347112234,26.080083581685635
6118075,0.4643,0.1384,10.0752,-0.0243,-0.0214,-0.039,52.412903,-1.530007,6.09,18.889,248.944,10.086842126751067,0.0506897425521179,-0.4977854080278483,0.0070377093806836,-0.0205,0.621,-0.4872999999999994,0.0111,0.0039,-0.0355,0.099,39.04666999999999,10.84629722222222,1.0737834249999998,-1.0020866022625885,-0.3857891721789904,-170.6556902798702,6.461739035434805,-155.04968125943665,39.91897866574205,1467.2181135228698,0.0,41110102.11648876,0.003568996519068208,10.84629722222222,LOST,-201.22281007338492,25.694294409506647,-201.22281007338492,25.694294409506647
6118175,0.3069,0.3283,9.667,-0.0046,0.0158,0.0006,52.412903,-1.530007,6.09,18.828,251.797,9.67744064822926,0.0164669365699877,-0.4094014785218061,-0.0342228059821302,-0.1573999999999999,0.1898999999999999,-0.4082000000000008,0.0197,0.0372,0.0396,0.1,24.04189000000001,6.67830277777778,0.667830277777778,-0.6344091766063116,-0.2086199332624904,-171.29009945647653,6.253119102172315,-155.04968125943665,39.91897866574205,1466.8417091673778,0.0,41110102.11648876,0.0035680809184345116,6.67830277777778,LOST,-201.85721924999118,25.48567447624415,-201.85721924999118,25.48567447624415
6118276,0.5281,-0.2703,10.3249,0.0116,0.0325,-0.0159,52.412903,-1.530007,6.09,18.605,254.628,10.341929786553376,0.0379949996710093,0.6644891383241163,0.0215280631010215,0.2212,-0.5986,0.6578999999999997,0.0162,0.0167,-0.0165,0.101,44.54297000000001,12.373047222222224,1.2496777694444448,-1.2049706276056702,-0.3312707564081681,-172.4950700840822,5.921848345764147,-155.04968125943665,39.91897866574205,1466.1897940001943,0.0,41110102.11648876,0.0035664951399187192,12.373047222222224,LOST,-203.06218987759686,25.154403719835976,-203.06218987759686,25.154403719835976
6118375,0.0853,0.082,9.4437,-0.0114,0.01,-0.0847,52.412903,-1.530007,6.09,18.716,255.819,9.44444121057461,0.0860467895972882,-0.8974885759787679,0.0480517899262789,-0.4428,0.3523,-0.8811999999999998,-0.023,-0.0225,-0.0688,0.099,41.38543000000001,11.495952777777779,1.1380993250000002,-1.103417618650564,-0.27881827848434637,-173.59848770273274,5.643030067279801,-155.04968125943665,39.91897866574205,1465.6170830912529,0.0,41110102.11648876,0.00356510202513803,11.495952777777779,LOST,-204.16560749624742,24.87558544135164,-204.16560749624742,24.87558544135164
6118475,-0.4114,0.6369,9.5315,0.0063,0.0513,-0.0446,52.412903,-1.530007,6.09,18.468,258.668,9.56160989687406,0.0682681477703914,0.1171686862994505,-0.0177786418268968,-0.4967,0.5549000000000001,0.0877999999999996,0.0177,0.0412999999999999,0.0401,0.1,42.20895,11.724708333333334,1.1724708333333334,-1.1496135949154869,-0.23038324028203927,-174.74810129764822,5.4126468269977615,-155.04968125943665,39.91897866574205,1465.078884797172,0.0,41110102.11648876,0.0035637928620214894,11.724708333333334,LOST,-205.3152210911629,24.6452022010696,-205.3152210911629,24.6452022010696
6118575,-0.2583,0.9465,9.4487,-0.0051,0.0428,-0.0555,52.412903,-1.530007,6.09,18.396,261.861,9.49950066214009,0.0702716158914821,-0.0621092347339704,0.0020034681210906,0.1531,0.3096,-0.0827999999999988,-0.0114,-0.0085,-0.0109,0.1,40.69018000000001,11.30282777777778,1.1302827777777782,-1.1188980270446784,-0.16001988256643673,-175.8669993246929,5.2526269444313245,-155.04968125943665,39.91897866574205,1464.6175191718273,0.0,41110102.11648876,0.003562670593767236,11.30282777777778,LOST,-206.43411911820758,24.485182318503156,-206.43411911820758,24.485182318503156
6118675,0.0026,0.9692,9.7142,-0.0127,0.0718,0.0059,52.412903,-1.530007,6.09,18.425,264.491,9.762429873755815,0.0731528536695596,0.2629292116157273,0.0028812377780775,0.2608999999999999,0.0226999999999999,0.2654999999999994,-0.0075999999999999,0.029,0.0614,0.1,37.77334,10.492594444444444,1.0492594444444445,-1.0444130521787904,-0.10073111830237827,-176.91141237687168,5.151895826128946,-155.04968125943665,39.91897866574205,1464.2342997117953,0.0,41110102.11648876,0.003561738415445358,10.492594444444444,LOST,-207.4785321703864,24.38445120020078,-207.4785321703864,24.38445120020078
6118775,-0.4211,-0.4817,10.2678,-0.0023,0.0882,0.0189,52.412903,-1.530007,6.09,18.335,267.158,10.287714855107522,0.0902315909202536,0.5252849813517049,0.017078737250694,-0.4236999999999999,-1.4509,0.5535999999999994,0.0104,0.0163999999999999,0.013,0.1,42.29309,11.748080555555555,1.1748080555555556,-1.1733631124192248,-0.05824923872545536,-178.0847754892909,5.093646587403491,-155.04968125943665,39.91897866574205,1463.857373653907,0.0,41110102.11648876,0.003560821545774686,11.748080555555555,LOST,-208.6518952828056,24.326201961475327,-208.6518952828056,24.326201961475327
6118875,0.3095,0.849,9.3818,0.0045,0.0816,-0.0335,52.412903,-1.530007,6.09,18.45,269.262,9.4252194929349,0.0883236095276908,-0.8624953621726217,-0.0019079813925627,0.7305999999999999,1.3307,-0.8859999999999992,0.0068,-0.0065999999999999,-0.0524,0.1,40.298620000000014,11.194061111111115,1.1194061111111115,-1.1193132531524295,-0.014418145172930361,-179.20408874244333,5.07922844223056,-155.04968125943665,39.91897866574205,1463.5381904093492,0.0,41110102.11648876,0.003560045135043199,11.194061111111115,LOST,-209.77120853595804,24.311783816302402,-209.77120853595804,24.311783816302402
6118975,-0.1923,1.0448,10.1193,0.0023,0.1494,0.0144,52.412903,-1.530007,6.09,18.32,272.019,10.174911243838936,0.1501099930051294,0.7496917509040362,0.0617863834774385,-0.5018,0.1957999999999999,0.7375000000000007,-0.0021999999999999,0.0678,0.0479,0.1,35.08366000000001,9.745461111111114,0.9745461111111114,-0.9739411118698452,0.034334141776377655,-180.17802985431317,5.113562584006938,-155.04968125943665,39.91897866574205,1463.306216486096,0.0,41110102.11648876,0.0035594808602997406,9.745461111111114,LOST,-210.74514964782784,24.34611795807877,-210.74514964782784,24.34611795807877
6119075,-0.5772,0.2666,9.7767,-0.0204,0.0713,-0.0027,52.412903,-1.530007,6.09,18.41,274.675,9.797351595711977,0.074210107128342,-0.3775596481269598,-0.0758998858767873,-0.3849,-0.7782,-0.3426000000000009,-0.0227,-0.0781,-0.0171,0.1,39.102059999999994,10.861683333333332,1.0861683333333332,-1.0825546994740745,0.08852666820064428,-181.26058455378725,5.202089252207582,-155.04968125943665,39.91897866574205,1463.0975691269364,0.0,41110102.11648876,0.0035589733272399383,10.861683333333332,LOST,-211.82770434730193,24.434644626279415,-211.82770434730193,24.434644626279415
6119175,-0.3105,0.541,9.7415,-0.0069,0.0646,0.0334,52.412903,-1.530007,6.09,18.32,277.397,9.761450378913986,0.0730501882269991,-0.0359012167979901,-0.0011599189013429,0.2667,0.2744,-0.0351999999999996,0.0135,-0.0066999999999999,0.0361,0.1,50.80438000000001,14.11232777777778,1.4112327777777782,-1.399488364174688,0.18168729073339152,-182.66007291796194,5.383776542940973,-155.04968125943665,39.91897866574205,1462.8937307373915,0.0,41110102.11648876,0.0035584774919608935,14.11232777777778,LOST,-213.2271927114766,24.616331917012808,-213.2271927114766,24.616331917012808
6119276,0.0816,-0.6038,10.4857,-0.0532,0.0376,-0.0449,52.412903,-1.530007,6.09,18.349,278.98400000000004,10.50338695326417,0.079120224974402,0.7419365743501842,0.0060700367474029,0.3921,-1.1448,0.7441999999999993,-0.0462999999999999,-0.027,-0.0783,0.101,39.890120000000024,11.080588888888895,1.1191394777777786,-1.1054098599222466,0.17476330366354942,-183.7654827778842,5.558539846604523,-155.04968125943665,39.91897866574205,1462.7637664396705,0.0,41110102.11648876,0.0035581613548290696,11.080588888888895,LOST,-214.33260257139884,24.79109522067636,-214.33260257139884,24.79109522067636
6119375,-1.3287,-0.8713,9.6495,-0.019,0.0069,-0.069,52.412903,-1.530007,6.09,18.407,282.717,9.7794405581301,0.0719,-0.7239463951340692,-0.007220224974402,-1.4103,-0.2674999999999999,-0.8361999999999998,0.0341999999999999,-0.0307,-0.0241,0.099,34.35785999999999,9.543849999999997,0.9448411499999998,-0.9216635081079599,0.20799321276294266,-184.68714628599216,5.7665330593674655,-155.04968125943665,39.91897866574205,1462.7160385068066,0.0,41110102.11648876,0.0035580452570078366,9.543849999999997,LOST,-215.25426607950683,24.999088433439304,-215.25426607950683,24.999088433439304
6119475,-0.0473,0.4366,10.3909,0.0404,0.027,-0.0342,52.412903,-1.530007,6.09,18.212,285.16,10.40017594370403,0.0594205351709322,0.6207353855739282,-0.0124794648290677,1.2814,1.3079,0.7414000000000005,0.0593999999999999,0.0201,0.0348,0.1,44.78456000000001,12.44015555555556,1.244015555555556,-1.2007229457326667,0.3253292333241306,-185.88786923172484,6.091862292691596,-155.04968125943665,39.91897866574205,1462.7071444153369,0.0,41110102.11648876,0.0035580236222003034,12.44015555555556,LOST,-216.45498902523954,25.32441766676343,-216.45498902523954,25.32441766676343
6119575,-0.036,0.9983,9.901,0.0539,0.121,0.0414,52.412903,-1.530007,6.09,18.151,287.386,9.951266245558903,0.138781014551703,-0.4489096981451261,0.0793604793807707,0.0113,0.5617,-0.4899000000000004,0.0135,0.094,0.0756,0.1,37.19471000000001,10.331863888888892,1.0331863888888893,-0.9859835840803969,0.3087239642613416,-186.87385281580524,6.400586256952938,-155.04968125943665,39.91897866574205,1462.7406960859846,0.0,41110102.11648876,0.0035581052363752147,10.331863888888892,LOST,-217.4409726093199,25.633141631024777,-217.4409726093199,25.633141631024777
6119675,0.0295,0.0844,9.7297,0.0062,0.005,-0.0226,52.412903,-1.530007,6.09,18.284,290.507,9.730110775320084,0.023962470657259,-0.2211554702388198,-0.1148185438944439,0.0655,-0.9139,-0.1713000000000004,-0.0477,-0.1159999999999999,-0.064,0.1,35.050720000000005,9.736311111111112,0.9736311111111112,-0.9119315198723764,0.3410842177332666,-187.78578433567762,6.741670474686204,-155.04968125943665,39.91897866574205,1462.8259119743038,0.0,41110102.11648876,0.0035583125233531886,9.736311111111112,LOST,-218.3529041291923,25.974225848758046,-218.3529041291923,25.974225848758046
6119775,0.8655,-0.1724,10.4325,0.0443,0.071,-0.009,52.412903,-1.530007,6.09,18.346,292.168,10.469759704023774,0.0841694124964645,0.7396489287036907,0.0602069418392055,0.8360000000000001,-0.2568,0.7027999999999999,0.0381,0.0659999999999999,0.0136,0.1,39.348330000000004,10.930091666666668,1.0930091666666668,-1.0122155319660782,0.4124181800842331,-188.7979998676437,7.154088654770438,-155.04968125943665,39.91897866574205,1462.9538589467365,0.0,41110102.11648876,0.0035586237533571183,10.930091666666668,LOST,-219.3651196611584,26.386644028842277,-219.3651196611584,26.386644028842277
6119875,0.1948,-0.3627,10.3662,-0.0576,0.0408,-0.0197,52.412903,-1.530007,6.09,18.439,293.91200000000003,10.374372307277197,0.0732836270936421,-0.0953873967465774,-0.0108857854028223,-0.6707000000000001,-0.1903,-0.0663,-0.1018999999999999,-0.0301999999999999,-0.0107,0.1,36.99440000000002,10.276222222222227,1.0276222222222227,-0.9394204640737991,0.4165292586173355,-189.73742033171752,7.570617913387773,-155.04968125943665,39.91897866574205,1463.1058856223676,0.0,41110102.11648876,0.0035589935570496515,10.276222222222227,LOST,-220.3045401252322,26.803173287459607,-220.3045401252322,26.803173287459607
6119976,-0.0005,-0.2809,10.4529,-0.0674,0.0144,-0.0325,52.412903,-1.530007,6.09,18.349,296.214,10.456673633139747,0.0761995406810303,0.0823013258625504,0.0029159135873882,-0.1953,0.0818,0.0867000000000004,-0.0098,-0.0264,-0.0128,0.101,38.01342999999999,10.559286111111108,1.066487897222222,-0.9568001104129462,0.47109445298713803,-190.69422044213047,8.041712366374911,-155.04968125943665,39.91897866574205,1463.306639419494,0.0,41110102.11648876,0.003559481889081904,10.559286111111108,LOST,-221.26134023564518,27.274267740446753,-221.26134023564518,27.274267740446753
6120075,-0.5485,-0.1137,9.9879,-0.0098,0.0356,0.0092,52.412903,-1.530007,6.09,18.148,298.536,10.003595671057482,0.0380531207655824,-0.4530779620822649,-0.0381464199154479,-0.548,0.1672,-0.4649999999999998,0.0576,0.0212,0.0417,0.099,40.98031999999999,11.38342222222222,1.1269588,-0.99005261231608,0.538360438501517,-191.68427305444655,8.580072804876428,-155.04968125943665,39.91897866574205,1463.5642489880838,0.0,41110102.11648876,0.0035601085223309773,11.38342222222222,LOST,-222.25139284796123,27.812628178948266,-222.25139284796123,27.812628178948266
6120175,-0.048,-0.0876,9.591,-0.0007,0.0182,-0.0258,52.412903,-1.530007,6.09,18.472,300.849,9.591520148547882,0.0315811652729914,-0.4120755225095998,-0.0064719554925909,0.5005,0.0260999999999999,-0.3969000000000005,0.0091,-0.0174,-0.035,0.1,40.83931000000001,11.34425277777778,1.1344252777777781,-0.9739286930513305,0.5817074966961628,-192.65820174749788,9.161780301572591,-155.04968125943665,39.91897866574205,1463.8687431816622,0.0,41110102.11648876,0.0035608492020615104,11.34425277777778,LOST,-223.22532154101256,28.394335675644435,-223.22532154101256,28.394335675644435
6120275,-0.1587,-0.1746,9.8595,-0.0079,0.0271,-0.0164,52.412903,-1.530007,6.09,18.295,301.436,9.862322804491852,0.032646286159378,0.2708026559439691,0.0010651208863866,-0.1107,-0.087,0.2685000000000013,-0.0072,0.0088999999999999,0.0093999999999999,0.1,30.730389999999986,8.53621944444444,0.853621944444444,-0.7283301057637043,0.44520296615739724,-193.3865318532616,9.606983267729989,-155.04968125943665,39.91897866574205,1464.106814078481,0.0,41110102.11648876,0.0035614283076452046,8.53621944444444,LOST,-223.95365164677625,28.83953864180183,-223.95365164677625,28.83953864180183
6120375,-0.2373,0.0746,9.6492,0.0134,0.0233,-0.0153,52.412903,-1.530007,6.09,18.382,303.142,9.652405766957791,0.0309279808587628,-0.2099170375340602,-0.0017183053006152,-0.0786,0.2492,-0.2103000000000001,0.0213,-0.0037999999999999,0.0011,0.1,35.08132000000001,9.744811111111114,0.9744811111111114,-0.8159507483914011,0.5327643119728072,-194.202482601653,10.139747579702796,-155.04968125943665,39.91897866574205,1464.406884752545,0.0,41110102.11648876,0.0035621582271993173,9.744811111111114,LOST,-224.76960239516765,29.37230295377463,-224.76960239516765,29.37230295377463
6120475,-0.2233,0.4035,9.5454,-0.0123,0.0122,-0.0027,52.412903,-1.530007,6.09,18.648,304.264,9.556533696900775,0.0175333967045749,-0.0958720700570161,-0.0133945841541878,0.014,0.3289,-0.1037999999999996,-0.0257,-0.0111,0.0126,0.1,39.67108000000001,11.019744444444447,1.1019744444444448,-0.9107292097582115,0.6204191991724841,-195.11321181141122,10.76016677887528,-155.04968125943665,39.91897866574205,1464.7673788308948,0.0,41110102.11648876,0.003563035126209026,11.019744444444447,LOST,-225.6803316049259,29.992722152947117,-225.6803316049259,29.992722152947117
6120575,-0.4085,-0.0966,10.0671,-0.0229,0.0265,0.0172,52.412903,-1.530007,6.09,18.81,303.848,10.075847667566238,0.0390192260302533,0.519313970665463,0.0214858293256783,-0.1851999999999999,-0.5001,0.5216999999999992,-0.0106,0.0142999999999999,0.0199,0.1,43.10904000000001,11.974733333333335,1.1974733333333336,-0.994523321422639,0.6669825688808723,-196.10773513283385,11.427149347756153,-155.04968125943665,39.91897866574205,1465.1517299895058,0.0,41110102.11648876,0.003563970057378795,11.974733333333335,LOST,-226.6748549263485,30.659704721827985,-226.6748549263485,30.659704721827985
6120676,-0.2136,0.1002,10.0154,0.0023,0.0359,0.0133,52.412903,-1.530007,6.09,18.652,305.298,10.018178584952455,0.0383534874555104,-0.0576690826137813,-0.0006657385747428,0.1948999999999999,0.1968,-0.0517000000000003,0.0252,0.0094,-0.0039,0.101,35.568740000000005,9.880205555555557,0.9979007611111114,-0.8144444505086829,0.5766161340629873,-196.92217958334254,12.00376548181914,-155.04968125943665,39.91897866574205,1465.4964992748266,0.0,41110102.11648876,0.0035648087059531623,9.880205555555557,LOST,-227.48929937685725,31.236320855890973,-227.48929937685725,31.236320855890973
6120775,-0.2918,0.1023,9.925,0.0091,0.0256,-0.0089,52.412903,-1.530007,6.09,18.767,306.762,9.929815583886745,0.0285898583417267,-0.0883630010657139,-0.0097636291137837,-0.0781999999999999,0.0021,-0.0903999999999989,0.0068,-0.0103,-0.0221999999999999,0.099,27.301509999999993,7.583752777777776,0.7507915249999999,-0.601480474952363,0.44934302293782785,-197.5236600582949,12.453108504756969,-155.04968125943665,39.91897866574205,1465.7741985618484,0.0,41110102.11648876,0.0035654842072842825,7.583752777777776,LOST,-228.09077985180957,31.685663878828812,-228.09077985180957,31.685663878828812
6120875,-0.0755,0.4343,9.5325,0.004,0.0364,-0.0129,52.412903,-1.530007,6.09,18.709,306.423,9.542686885254067,0.0388248631678206,-0.3871286986326741,0.0102350048260939,0.2163,0.332,-0.3925,-0.0051,0.0108,-0.004,0.1,37.99347999999999,10.553744444444442,1.0553744444444442,-0.8492128712308054,0.6266200741456905,-198.3728729295257,13.07972857890266,-155.04968125943665,39.91897866574205,1466.1593105132167,0.0,41110102.11648876,0.0035664209890764495,10.553744444444442,LOST,-228.93999272304038,32.31228395297449,-228.93999272304038,32.31228395297449
6120975,0.0701,0.1537,9.4031,-0.0157,0.0054,-0.0169,52.412903,-1.530007,6.09,19.001,307.608,9.404617339902778,0.0236909265331687,-0.138069545351291,-0.0151339366346519,0.1456,-0.2806,-0.1294000000000004,-0.0197,-0.031,-0.0039999999999999,0.1,50.828790000000005,14.119108333333335,1.4119108333333337,-1.1185220357047334,0.861626750354797,-199.49139496523043,13.941355329257457,-155.04968125943665,39.91897866574205,1466.7026161948534,0.0,41110102.11648876,0.00356774257587304,14.119108333333335,LOST,-230.05851475874508,33.17391070332929,-230.05851475874508,33.17391070332929
6121075,-0.3381,0.216,10.1731,-0.0098,0.0297,0.0103,52.412903,-1.530007,6.09,19.408,307.663,10.181008359686183,0.0329274961088753,0.7763910197834072,0.0092365695757065,-0.4082,0.0622999999999999,0.7699999999999996,0.0058999999999999,0.0243,0.0272,0.1,42.30964999999999,11.752680555555553,1.1752680555555555,-0.9303636706760168,0.7181075425697634,-200.42175863590646,14.65946287182722,-155.04968125943665,39.91897866574205,1467.156784712215,0.0,41110102.11648876,0.0035688473372187425,11.752680555555553,LOST,-230.98887842942113,33.89201824589906,-230.98887842942113,33.89201824589906
6121175,-0.504,-0.1224,9.9826,-0.0101,0.0132,-0.0124,52.412903,-1.530007,6.09,19.685,308.221,9.996064251494184,0.0207366824733369,-0.1849441081920009,-0.0121908136355383,-0.1659,-0.3384,-0.1905000000000001,-0.0002999999999999,-0.0165,-0.0226999999999999,0.1,29.231480000000005,8.119855555555556,0.8119855555555557,-0.6379203596957671,0.502372528226303,-201.0596789956022,15.161835400053523,-155.04968125943665,39.91897866574205,1467.4783105136253,0.0,41110102.11648876,0.0035696294462013453,8.119855555555556,LOST,-231.62679878911692,34.39439077412536,-231.62679878911692,34.39439077412536
6121276,-0.5198,-0.1064,9.8652,0.0052,0.0445,-0.0048,52.412903,-1.530553,5.38,19.728,308.016,9.879457679447794,0.0450591833037395,-0.1166065720463898,0.0243225008304025,-0.0158,0.016,-0.1173999999999999,0.0153,0.0312999999999999,0.0076,0.101,32.89054,9.13626111111111,0.9227623722222222,-0.7269879979556747,0.5683122789607691,-201.78666699355787,15.730147679014292,-192.08254476236084,39.91897866574205,1477.748388631878,36.97803377904074,41110139.09452254,0.0035946080971269957,9.13626111111111,LOST,-232.35378678707255,34.96270305308612,-232.35378678707255,34.96270305308612
6121376,0.0194,0.2575,9.4266,-0.0023,-0.0068,-0.0446,52.412903,-1.530553,5.38,20.066,308.023,9.43013627526135,0.0451739969451453,-0.4493214041864437,0.0001148136414058,0.5392,0.3639,-0.4385999999999992,-0.0075,-0.0513,-0.0398,0.1,42.585609999999996,11.82933611111111,1.182933611111111,-0.9318719782610013,0.7286607883153182,-202.71853897181887,16.45880846732961,-192.08254476236084,39.91897866574205,1478.1879174382889,0.0,41110139.09452254,0.003595677246529289,11.82933611111111,LOST,-233.28565876533352,35.69136384140145,-233.28565876533352,35.69136384140145
6121475,-0.1371,-0.0298,9.6323,-0.0011,0.0452,-0.0166,52.412903,-1.530553,5.38,20.095,308.133,9.633321739670071,0.0481644059446392,0.2031854644087207,0.0029904089994939,-0.1565,-0.2873,0.2057000000000002,0.0012,0.052,0.028,0.099,38.499019999999994,10.694172222222221,1.05872305,-0.8327698518653386,0.6537498530978683,-203.55130882368422,17.11255832042748,-192.08254476236084,39.91897866574205,1478.5838721154134,0.0,41110139.09452254,0.0035966404023002147,10.694172222222221,LOST,-234.11842861719887,36.34511369449931,-234.11842861719887,36.34511369449931
6121575,-0.5834,-0.2472,10.708,-0.0122,0.0078,-0.0432,52.412903,-1.530553,5.38,20.135,307.627,10.726729576156938,0.0455622650885576,1.0934078364868665,-0.0026021408560815,-0.4463,-0.2174,1.0756999999999994,-0.0111,-0.0373999999999999,-0.0266,0.1,50.15374999999999,13.93159722222222,1.393159722222222,-1.1033853298707574,0.8505497195627651,-204.65469415355497,17.963108039990242,-192.08254476236084,39.91897866574205,1479.0944715316862,0.0,41110139.09452254,0.0035978824302464077,13.93159722222222,LOST,-235.22181394706965,37.195663414062075,-235.22181394706965,37.195663414062075
6121676,-0.0671,0.4157,9.6524,0.0053,0.0119,-0.0241,52.412903,-1.530553,5.38,20.578000000000003,307.963,9.661580339675286,0.0273954375763556,-1.065149236481652,-0.0181668275122019,0.5163,0.6629,-1.0556,0.0175,0.0041,0.0191,0.101,35.68845999999999,9.91346111111111,1.0012595722222222,-0.7894012231296965,0.6159273008139567,-205.44409537668466,18.5790353408042,-192.08254476236084,39.91897866574205,1479.467593612557,0.0,41110139.09452254,0.0035987900459565196,9.91346111111111,LOST,-236.01121517019934,37.81159071487604,-236.01121517019934,37.81159071487604
6121775,0.1032,0.5353,9.9639,-0.0106,0.0304,-0.0119,52.412903,-1.530553,5.38,20.408,307.874,9.978802510321568,0.0343238983799917,0.3172221706462821,0.006928460803636,0.1703,0.1195999999999999,0.3115000000000005,-0.0159,0.0185,0.0121999999999999,0.099,30.53434,8.48176111111111,0.8396943499999999,-0.6628234474572694,0.5155110851599437,-206.10691882414193,19.094546425964143,-192.08254476236084,39.91897866574205,1479.7797474108745,0.0,41110139.09452254,0.003599549356932335,8.48176111111111,LOST,-236.67403861765658,38.32710180003598,-236.67403861765658,38.32710180003598
6121876,-0.6342,0.272,9.6217,-0.0062,0.0318,0.0029,52.412903,-1.530553,5.38,20.372,307.155,9.646414076225424,0.0325282953749501,-0.3323884340961438,-0.0017956030050416,-0.7373999999999999,-0.2633,-0.3422,0.0044,0.0014,0.0148,0.101,38.998580000000004,10.83293888888889,1.094126827777778,-0.8720240308464745,0.6608234294343159,-206.9789428549884,19.75536985539846,-192.08254476236084,39.91897866574205,1480.174328620449,0.0,41110139.09452254,0.0036005091717572547,10.83293888888889,LOST,-237.54606264850307,38.9879252294703,-237.54606264850307,38.9879252294703
6121975,0.1057,-0.0258,10.1613,0.0199,0.0142,-0.008,52.412903,-1.530553,5.38,20.718000000000004,305.98900000000003,10.161882493908305,0.0257225581931502,0.5154684176828788,-0.0068057371817998,0.7399,-0.2978,0.5396000000000001,0.0261,-0.0176,-0.0109,0.099,37.25893,10.349702777777777,1.024620575,-0.8290510677010327,0.6020977078988993,-207.80799392268943,20.35746756329736,-192.08254476236084,39.91897866574205,1480.5249648833865,0.0,41110139.09452254,0.0036013620909413303,10.349702777777777,LOST,-238.37511371620414,39.59002293736919,-238.37511371620414,39.59002293736919
6122076,-0.3921,0.0049,9.9097,-0.0208,0.0049,-0.0392,52.412903,-1.530553,5.38,20.308,306.435,9.917455344492357,0.0446462764404826,-0.2444271494159462,0.0189237182473324,-0.4978,0.0306999999999999,-0.2515999999999998,-0.0407,-0.0093,-0.0312,0.101,38.96168999999999,10.822691666666664,1.093091858333333,-0.8794264479094275,0.6491986856672052,-208.68742037059886,21.006666248964564,-192.08254476236084,39.91897866574205,1480.9077034671288,0.0,41110139.09452254,0.003602293098697987,10.822691666666664,LOST,-239.25454016411354,40.23922162303639,-239.25454016411354,40.23922162303639
6122176,-0.5357,0.4099,9.8833,-0.021,0.0235,-0.0131,52.412903,-1.530553,5.38,20.383,305.91200000000003,9.90629150540201,0.034130045414561,-0.0111638390903472,-0.0105162310259216,-0.1435999999999999,0.4049999999999999,-0.0264000000000006,-0.0002,0.0186,0.0260999999999999,0.1,37.71133,10.475369444444443,1.0475369444444442,-0.8484198787660872,0.6144244130001187,-209.53584024936495,21.621090661964683,-192.08254476236084,39.91897866574205,1481.2661869290773,0.0,41110139.09452254,0.003603165106114757,10.475369444444443,LOST,-240.10296004287963,40.853646036036515,-240.10296004287963,40.853646036036515
6122275,-0.6951,0.4819,10.1648,0.0011,-0.0041,-0.0191,52.412903,-1.530553,5.38,20.488000000000003,305.197,10.19992895367414,0.0195660420116077,0.2936374482721291,-0.0145640034029532,-0.1594000000000001,0.072,0.2814999999999994,0.0221,-0.0276,-0.0059999999999999,0.099,40.43648000000001,11.232355555555559,1.1120032000000004,-0.9087013029644746,0.6409470015538781,-210.44454155232944,22.262037663518562,-192.08254476236084,39.91897866574205,1481.6343838511682,0.0,41110139.09452254,0.0036040607414256575,11.232355555555559,LOST,-241.0116613458441,41.4945930375904,-241.0116613458441,41.4945930375904
6122375,-0.3887,0.1495,9.7967,0.0192,0.0184,0.0006,52.412903,-1.530553,5.38,20.203,305.094,9.80554785975776,0.0266,-0.3943810939163779,0.0070339579883922,0.3064,-0.3324,-0.3681000000000001,0.0180999999999999,0.0225,0.0197,0.1,32.76854000000001,9.102372222222224,0.9102372222222224,-0.7447651314639739,0.5233131946304022,-211.1893066837934,22.785350858148963,-192.08254476236084,39.91897866574205,1481.9347827213942,0.0,41110139.09452254,0.0036047914586570815,9.102372222222224,LOST,-241.75642647730805,42.0179062322208,-241.75642647730805,42.0179062322208
6122476,-0.394,0.3238,9.6955,0.0085,0.0066,-0.0027,52.412903,-1.530553,5.38,20.437,303.649,9.708903269164852,0.0110950439386241,-0.0966445905929074,-0.0155049560613758,-0.0053,0.1742999999999999,-0.1012000000000004,-0.0106999999999999,-0.0118,-0.0033,0.101,31.652990000000027,8.792497222222229,0.8880422194444452,-0.7392486759492015,0.4920674533264403,-211.9285553597426,23.277418311475405,-192.08254476236084,39.91897866574205,1482.2071102979348,0.0,41110139.09452254,0.0036054538927488616,8.792497222222229,LOST,-242.49567515325728,42.509973685547244,-242.49567515325728,42.509973685547244
6122575,-0.562,0.2823,10.0504,0.0116,0.0126,0.0049,52.412903,-1.530553,5.38,20.092,304.455,10.070058463087491,0.0178137587274555,0.361155193922638,0.0067187147888314,-0.168,-0.0414999999999999,0.3549000000000006,0.0030999999999999,0.006,0.0076,0.099,31.047159999999998,8.62421111111111,0.8537969,-0.7040159833193322,0.4830431054062605,-212.63257134306193,23.760461416881665,-192.08254476236084,39.91897866574205,1482.4807931598816,0.0,41110139.09452254,0.0036061196235587668,8.62421111111111,LOST,-243.1996911365766,42.9930167909535,-243.1996911365766,42.9930167909535
6122675,-0.4887,0.5226,9.5006,0.0124,0.0138,0.0057,52.412903,-1.530553,5.38,20.063,303.824,9.527504332720088,0.0194085032910835,-0.5425541303674049,0.0015947445636279,0.0733,0.2402999999999999,-0.5497999999999994,0.0008,0.0011999999999999,0.0008,0.1,48.48344000000001,13.467622222222225,1.3467622222222226,-1.118824569008813,0.7496666372376346,-213.75139591207073,24.5101280541193,-192.08254476236084,39.91897866574205,1482.8993217762827,0.0,41110139.09452254,0.00360713769021001,13.467622222222225,LOST,-244.31851570558544,43.742683428191135,-244.31851570558544,43.742683428191135
6122775,-0.6946,0.3422,10.2061,-0.0159,0.0314,0.0066,52.412903,-1.530553,5.38,19.879,303.60200000000003,10.235430973339618,0.0358096355748002,0.7079266406195313,0.0164011322837167,-0.2058999999999999,-0.1803999999999999,0.7054999999999989,-0.0283,0.0175999999999999,0.0008999999999999,0.1,40.60431,11.278974999999999,1.1278975,-0.9394279969151234,0.6242017375162368,-214.69082390898586,25.134329791635537,-192.08254476236084,39.91897866574205,1483.2465297285235,0.0,41110139.09452254,0.0036079822700627864,11.278974999999999,LOST,-245.25794370250057,44.366885165707366,-245.25794370250057,44.366885165707366
6122875,-1.1108,0.2945,9.7891,-0.0216,0.0011,-0.0202,52.412903,-1.530553,5.38,19.692,303.108,9.856322118315736,0.0295940872472864,-0.3791088550238832,-0.0062155483275138,-0.4162,-0.0477,-0.4169999999999998,-0.0057,-0.0302999999999999,-0.0267999999999999,0.1,33.502050000000004,9.306125000000002,0.9306125000000002,-0.7795205421657428,0.5083181577495306,-215.47034445115162,25.64264794938507,-192.08254476236084,39.91897866574205,1483.5259483819193,0.0,41110139.09452254,0.003608661953127719,9.306125000000002,LOST,-246.03746424466632,44.87520332345691,-246.03746424466632,44.87520332345691
6122975,-1.3228,0.8993,10.2377,-0.0014,0.0286,0.0177,52.412903,-1.530553,5.38,19.93,302.97,10.361903378240893,0.0336631846384147,0.5055812599251563,0.0040690973911283,-0.2119999999999999,0.6048,0.4486000000000008,0.0202,0.0275,0.0379,0.1,41.795939999999995,11.609983333333332,1.1609983333333334,-0.9740260827152296,0.631815099687561,-216.44437053386685,26.27446304907263,-192.08254476236084,39.91897866574205,1483.8726179840742,0.0,41110139.09452254,0.003609505223449325,11.609983333333332,LOST,-247.01149032738155,45.507018423144466,-247.01149032738155,45.507018423144466
6123075,-1.816,0.6498,9.9673,-0.0102,0.0096,0.0315,52.412903,-1.530553,5.38,20.095,303.494,10.1522000241327,0.03447390317327,-0.2097033541081909,0.0008107185348553,-0.4932000000000001,-0.2494999999999999,-0.2704000000000004,-0.0088,-0.019,0.0138,0.1,37.617650000000005,10.449347222222224,1.0449347222222225,-0.8714166409436899,0.5766468690559671,-217.31578717481054,26.851109918128596,-192.08254476236084,39.91897866574205,1484.1944430476585,0.0,41110139.09452254,0.0036102880596806603,10.449347222222224,LOST,-247.88290696832522,46.08366529220043,-247.88290696832522,46.08366529220043
6123175,-1.697,0.691,9.6379,-0.0027,0.0274,0.0335,52.412903,-1.530553,5.38,19.976,302.083,9.810525287159704,0.043362426131387,-0.3416747369729958,0.0088885229581169,0.119,0.0411999999999999,-0.3293999999999997,0.0075,0.0178,0.002,0.1,47.21438,13.115105555555555,1.3115105555555555,-1.1112160775601634,0.6966051724653262,-218.4270032523707,27.547715090593922,-192.08254476236084,39.91897866574205,1484.5684756702872,0.0,41110139.09452254,0.0036111978902744436,13.115105555555555,LOST,-248.9941230458854,46.780270464665755,-248.9941230458854,46.780270464665755
6123276,-1.7141,0.2814,9.8767,-0.0017,0.0081,-0.0158,52.412903,-1.530553,5.38,19.814,302.273,10.028286377043688,0.0178364794732592,0.2177610898839823,-0.0255259466581277,-0.0170999999999998,-0.4095999999999999,0.2387999999999994,0.001,-0.0193,-0.0493,0.101,23.578339999999994,6.549538888888887,0.6615034277777776,-0.5593101095550739,0.3532123813107925,-218.98631336192577,27.900927471904716,-192.08254476236084,39.91897866574205,1484.7596360304785,0.0,41110139.09452254,0.0036116628859285613,6.549538888888887,LOST,-249.55343315544044,47.13348284597655,-249.55343315544044,47.13348284597655
6123375,-1.971,0.6366,9.7941,0.0014,0.0355,0.0083,52.412903,-1.530553,5.38,19.724,302.763,10.010719023626626,0.03648424317428,-0.0175673534170606,0.0186477637010207,-0.2569000000000001,0.3552,-0.0825999999999993,0.0031,0.0273999999999999,0.0241,0.099,37.18360000000003,10.328777777777786,1.0225490000000008,-0.8598780685814007,0.5533680191099967,-219.84619143050716,28.45429549101471,-192.08254476236084,39.91897866574205,1485.0640209281332,0.0,41110139.09452254,0.003612403299131627,10.328777777777786,LOST,-250.41331122402184,47.68685086508655,-250.41331122402184,47.68685086508655
6123476,-1.668,0.7531,10.0482,-0.0219,0.0005,-0.0055,52.412903,-1.530553,5.38,19.861,301.55400000000003,10.213506099768091,0.022585614890899,0.2027870761414654,-0.013898628283381,0.3030000000000001,0.1164999999999999,0.2540999999999993,-0.0232999999999999,-0.0349999999999999,-0.0138,0.101,32.186499999999995,8.940694444444443,0.9030101388888888,-0.7694976900562728,0.4725469457463361,-220.61568912056345,28.92684243676105,-192.08254476236084,39.91897866574205,1485.3151116713318,0.0,41110139.09452254,0.003613014074839832,8.940694444444443,LOST,-251.1828089140781,48.15939781083289,-251.1828089140781,48.15939781083289
6123576,-1.5436,0.8747,9.8709,-0.009,0.0028,-0.0106,52.412903,-1.530553,5.38,19.609,301.85400000000004,10.029081107459447,0.0141844985811977,-0.184424992308644,-0.0084011163097013,0.1243999999999998,0.1216,-0.1772999999999989,0.0129,0.0023,-0.0051,0.1,20.30532999999999,5.640369444444442,0.5640369444444442,-0.47909053915403593,0.2976742010845417,-221.0947796597175,29.22451663784559,-192.08254476236084,39.91897866574205,1485.4750387268182,0.0,41110139.09452254,0.0036134030957942946,5.640369444444442,LOST,-251.66189945323217,48.457072011917425,-251.66189945323217,48.457072011917425
6123676,-1.6324,0.3286,9.8949,-0.0176,0.0081,0.0147,52.412903,-1.530553,5.38,19.49,301.623,10.034029785186007,0.0243199506578446,0.0049486777265617,0.0101354520766469,-0.0887999999999999,-0.5461,0.0239999999999991,-0.0086,0.0052999999999999,0.0253,0.1,32.23367,8.95379722222222,0.8953797222222222,-0.7624306288164703,0.4694724520238279,-221.85721028853396,29.69398908986942,-192.08254476236084,39.91897866574205,1485.7258560894438,0.0,41110139.09452254,0.0036140132065070043,8.95379722222222,LOST,-252.4243300820486,48.92654446394126,-252.4243300820486,48.92654446394126
6123775,-1.4732,0.3904,9.6463,-0.008,0.0073,-0.0003,52.412903,-1.530553,5.38,19.768,301.561,9.765952799906415,0.0108342050931298,-0.2680769852795919,-0.0134857455647148,0.1592,0.0618,-0.2485999999999997,0.0096,-0.0007999999999999,-0.015,0.099,34.127860000000005,9.479961111111113,0.9385161500000002,-0.7996940345767455,0.49122501450271233,-222.6569043231107,30.185214104372132,-192.08254476236084,39.91897866574205,1485.9883158693494,0.0,41110139.09452254,0.003614651637282688,9.479961111111113,LOST,-253.22402411662537,49.417769478443965,-253.22402411662537,49.417769478443965
6123875,-1.4701,0.3403,9.6667,0.0012,0.0204,0.0096,52.412903,-1.530553,5.38,19.501,300.832,9.783766503244037,0.0225778652666721,0.0178137033376177,0.0117436601735423,0.0031000000000001,-0.0501,0.0204000000000004,0.0092,0.0131,0.0098999999999999,0.1,42.290620000000025,11.747394444444451,1.1747394444444452,-1.008717964320197,0.6020804188738926,-223.6656222874309,30.787294523246025,-192.08254476236084,39.91897866574205,1486.3032340234627,0.0,41110139.09452254,0.003615417672526181,11.747394444444451,LOST,-254.2327420809456,50.01984989731786,-254.2327420809456,50.01984989731786
6123975,-1.513,0.5858,9.7175,-0.0089,-0.0005,-0.0087,52.412903,-1.530553,5.38,19.537,301.235,9.852011819420436,0.0124559222862058,0.0682453161764016,-0.0101219429804662,-0.0428999999999999,0.2455,0.0507999999999988,-0.0101,-0.0209,-0.0182999999999999,0.1,21.96669999999999,6.101861111111107,0.6101861111111108,-0.5217382039654977,0.3164116570478361,-224.1873604913964,31.103706180293862,-192.08254476236084,39.91897866574205,1486.47127940141,0.0,41110139.09452254,0.003615826441218403,6.101861111111107,LOST,-254.75448028491107,50.3362615543657,-254.75448028491107,50.3362615543657
6124075,-1.5773,0.4746,9.8119,0.0062,0.0026,-0.0102,52.412903,-1.530553,5.38,19.501,301.217,9.949196050937983,0.0122163824432603,0.0971842315175486,-0.0002395398429455,-0.0643,-0.1111999999999999,0.0944000000000002,0.0150999999999999,0.0031,-0.0015,0.1,12.979890000000003,3.6055250000000005,0.36055250000000005,-0.308348291302269,0.18686743030079137,-224.49570878269867,31.290573610594652,-192.08254476236084,39.91897866574205,1486.5705755431577,0.0,41110139.09452254,0.003616067978084818,3.6055250000000005,LOST,-255.06282857621338,50.52312898466649,-255.06282857621338,50.52312898466649
6124176,-1.1296,0.4654,9.6184,0.0188,0.0096,-0.0072,52.412903,-1.530553,5.38,19.606,301.248,9.69568006279085,0.022303362975121,-0.2535159881471358,0.0100869805318606,0.4477,-0.0092,-0.1935000000000002,0.0126,0.0069999999999999,0.003,0.101,34.67398000000001,9.631661111111113,0.9727977722222224,-0.8316739787388103,0.5046324392360004,-225.3273827614375,31.795206049830654,-192.08254476236084,39.91897866574205,1486.8393929422284,0.0,41110139.09452254,0.003616721873705197,9.631661111111113,LOST,-255.89450255495214,51.02776142390248,-255.89450255495214,51.02776142390248
6124275,-1.3031,0.4514,9.6245,-0.0114,-0.007,-0.0116,52.412903,-1.530553,5.38,19.49,301.039,9.72279958756736,0.017706495983113,0.0271195247765092,-0.0045968669920079,-0.1735,-0.0139999999999999,0.0060999999999999,-0.0302,-0.0166,-0.0043999999999999,0.099,34.21532000000001,9.50425555555556,0.9409213000000004,-0.8061969203140844,0.4851591681806876,-226.13357968175157,32.28036521801134,-192.08254476236084,39.91897866574205,1487.0966615339416,0.0,41110139.09452254,0.0036173476769677977,9.50425555555556,LOST,-256.7006994752662,51.512920592083184,-256.7006994752662,51.512920592083184
6124375,-1.191,0.4179,9.882,-0.0088,0.0167,-0.0013,52.412903,-1.530553,5.38,19.415,300.02,9.962281134860628,0.0189214164374657,0.2394815472932698,0.0012149204543526,0.1120999999999998,-0.0335,0.2575000000000003,0.0026,0.0237,0.0103,0.1,28.383790000000012,7.884386111111114,0.7884386111111115,-0.6826702164533661,0.3944576264420968,-226.81624989820494,32.67482284445344,-192.08254476236084,39.91897866574205,1487.2991437865946,0.0,41110139.09452254,0.003617840213011491,7.884386111111114,LOST,-257.3833696917196,51.907378218525274,-257.3833696917196,51.907378218525274
6124476,-1.1277,0.4731,9.9267,0.0092,0.0141,0.0059,52.412903,-1.530553,5.38,19.591,300.91700000000003,10.001745037242252,0.0178398430486369,0.0394639023816232,-0.0010815733888288,0.0633000000000001,0.0552,0.0447000000000006,0.018,-0.0026,0.0072,0.101,28.682800000000007,7.967444444444446,0.8047118888888891,-0.6903723861227661,0.41345760677278914,-227.5066222843277,33.088280451226225,-192.08254476236084,39.91897866574205,1487.5183550561785,0.0,41110139.09452254,0.0036183734422206644,7.967444444444446,LOST,-258.07374207784244,52.32083582529807,-258.07374207784244,52.32083582529807
6124575,-1.238,0.2741,9.8109,-0.0013,-0.0156,-0.0094,52.412903,-1.530553,5.38,19.267,301.126,9.89249885620413,0.0182595180659293,-0.109246181038122,0.0004196750172923,-0.1103,-0.199,-0.1158000000000001,-0.0104999999999999,-0.0296999999999999,-0.0153,0.099,29.627030000000005,8.229730555555557,0.8147433250000002,-0.6974468476936734,0.42115861652614206,-228.20406913202137,33.50943906775237,-192.08254476236084,39.91897866574205,1487.743566966543,0.0,41110139.09452254,0.0036189212679282033,8.229730555555557,LOST,-258.7711889255361,52.7419944418242,-258.7711889255361,52.7419944418242
6124676,-1.4645,0.5125,9.6107,-0.0013,0.0231,0.0135,52.412903,-1.530553,5.38,19.177,298.599,9.73514103595834,0.0267871237724396,-0.1573578202457906,0.0085276057065102,-0.2264999999999999,0.2383999999999999,-0.2002000000000006,0.0,0.0387,0.0229,0.101,39.03197,10.842213888888889,1.0950636027777778,-0.9614563490848463,0.5241812500777616,-229.16552548110622,34.03362031783013,-192.08254476236084,39.91897866574205,1488.00023156352,0.0,41110139.09452254,0.00361954560197968,10.842213888888889,LOST,-259.73264527462095,53.26617569190196,-259.73264527462095,53.26617569190196
6124776,-1.0834,0.3288,9.8844,0.0088,0.0009,-0.0086,52.412903,-1.530553,5.38,19.372,299.378,9.949031528746906,0.0123373416909802,0.2138904927885665,-0.0144497820814593,0.3811,-0.1836999999999999,0.2736999999999998,0.0101,-0.0221999999999999,-0.0221,0.1,14.480149999999995,4.0222638888888875,0.4022263888888888,-0.3505009764264912,0.19731987594429473,-229.51602645753272,34.23094019377442,-192.08254476236084,39.91897866574205,1488.1000046282159,0.0,41110139.09452254,0.0036197882989563715,4.0222638888888875,LOST,-260.0831462510474,53.46349556784626,-260.0831462510474,53.46349556784626
6124876,-1.2255,0.2098,9.6271,-0.0007,0.0125,-0.0118,52.412903,-1.530553,5.38,19.098,298.758,9.707055202274272,0.0172040692860729,-0.2419763264726331,0.0048667275950927,-0.1421000000000001,-0.119,-0.257299999999999,-0.0095,0.0116,-0.0031999999999999,0.1,34.136530000000015,9.482369444444448,0.9482369444444448,-0.8312810094793719,0.4562073937238343,-230.3473074670121,34.68714758749826,-192.08254476236084,39.91897866574205,1488.3256685055062,0.0,41110139.09452254,0.0036203372240689122,9.482369444444448,LOST,-260.91442726052674,53.91970296157009,-260.91442726052674,53.91970296157009
6124975,-1.1248,0.1333,9.6596,-0.0091,0.0142,-0.0281,52.412903,-1.530553,5.38,19.332,300.284,9.725781001544297,0.0327728546208596,0.0187257992700242,0.0155687853347866,0.1007,-0.0764999999999999,0.0324999999999988,-0.0084,0.0017,-0.0163,0.099,42.1338,11.703833333333334,1.1586795,-1.0005619330262683,0.584306428082892,-231.34786940003835,35.27145401558115,-192.08254476236084,39.91897866574205,1488.6320513261446,0.0,41110139.09452254,0.0036210824971995483,11.703833333333334,LOST,-261.9149891935531,54.504009389652985,-261.9149891935531,54.504009389652985
6125075,-1.1825,0.618,9.8603,-0.0111,0.0081,-0.0234,52.412903,-1.530553,5.38,19.357,299.91900000000004,9.95016313132604,0.0271363225216682,0.224382129781743,-0.0056365320991913,-0.0577,0.4847,0.2007000000000012,-0.002,-0.0061,0.0046999999999999,0.1,31.672699999999992,8.797972222222219,0.8797972222222219,-0.7625478750351984,0.4388210233218562,-232.11041727507356,35.710275038903006,-192.08254476236084,39.91897866574205,1488.8598426060914,0.0,41110139.09452254,0.003621636597197661,8.797972222222219,LOST,-262.6775370685882,54.942830412974835,-262.6775370685882,54.942830412974835
6125175,-1.404,0.5861,9.99,0.0019,-0.0036,-0.0221,52.412903,-1.530553,5.38,19.123,299.543,10.105188232289391,0.0224717600556787,0.1550251009633516,-0.0046645624659894,-0.2214999999999998,-0.0319,0.1296999999999997,0.013,-0.0116999999999999,0.0012999999999999,0.1,32.06583,8.907174999999999,0.8907174999999999,-0.7749116579836811,0.43919197069986643,-232.88532893305725,36.14946700960287,-192.08254476236084,39.91897866574205,1489.08530573228,0.0,41110139.09452254,0.003622185033985165,8.907174999999999,LOST,-263.4524487265719,55.382022383674716,-263.4524487265719,55.382022383674716
6125276,-1.3642,0.7314,10.1472,0.0103,0.0114,0.0155,52.412903,-1.530553,5.38,19.184,300.04200000000003,10.26458257504902,0.0218242983850569,0.1593943427596293,-0.0006474616706218,0.0397999999999998,0.1453000000000001,0.1571999999999995,0.0084,0.015,0.0376,0.101,41.10907000000001,11.419186111111113,1.1533377972222225,-0.9983968428406808,0.5774009167876074,-233.88372577589794,36.72686792639048,-192.08254476236084,39.91897866574205,1489.3876890627737,0.0,41110139.09452254,0.0036229205783962367,11.419186111111113,LOST,-264.45084556941265,55.959423300462326,-264.45084556941265,55.959423300462326
6125376,-1.4523,0.5068,9.8705,0.0124,0.0126,0.0189,52.412903,-1.530553,5.38,19.084,299.387,9.989634216526648,0.0258791421805283,-0.2749483585223728,0.0040548437954713,-0.0880999999999998,-0.2246,-0.2766999999999999,0.0020999999999999,0.0011999999999999,0.0034,0.1,31.466370000000012,8.740658333333336,0.8740658333333337,-0.761595561888977,0.4289094089801579,-234.64532133778692,37.155777335370644,-192.08254476236084,39.91897866574205,1489.6077514530182,0.0,41110139.09452254,0.00362345587794786,8.740658333333336,LOST,-265.2124411313016,56.38833270944249,-265.2124411313016,56.38833270944249
6125475,-1.271,0.3084,9.682,0.0223,0.0087,0.0174,52.412903,-1.530553,5.38,18.932,300.073,9.769937336544182,0.0295929045549773,-0.2196968799824663,0.003713762374449,0.1813,-0.1984,-0.1884999999999994,0.0099,-0.0039,-0.0015,0.099,36.73328999999999,10.203691666666664,1.0101654749999998,-0.8741847324487242,0.5061969383901168,-235.51950607023565,37.66197427376076,-192.08254476236084,39.91897866574205,1489.874361387419,0.0,41110139.09452254,0.0036241044039326243,10.203691666666664,LOST,-266.0866258637503,56.89452964783259,-266.0866258637503,56.89452964783259
6125576,-1.1982,0.2575,9.7164,0.0075,0.0135,0.0136,52.412903,-1.530553,5.38,18.641,299.857,9.79338646485474,0.0205781437452458,0.023449128310558,-0.0090147608097315,0.0727999999999999,-0.0509,0.0343999999999997,-0.0148,0.0048,-0.0037999999999999,0.101,31.520069999999983,8.755574999999995,0.8843130749999996,-0.7669387449531191,0.44024376895725553,-236.28644481518876,38.102218042718015,-192.08254476236084,39.91897866574205,1490.10506202534,0.0,41110139.09452254,0.0036246655809147564,8.755574999999995,LOST,-266.85356460870344,57.33477341678985,-266.85356460870344,57.33477341678985
6125676,-1.3498,0.3702,9.7636,0.002,-0.0023,0.0019,52.412903,-1.530553,5.38,18.504,299.197,9.863411835668224,0.0035916569992135,0.0700253708134841,-0.0169864867460322,-0.1516000000000001,0.1126999999999999,0.0472000000000001,-0.0055,-0.0158,-0.0116999999999999,0.1,21.009399999999992,5.835944444444443,0.5835944444444443,-0.5094473815244767,0.2846855125296578,-236.79589219671323,38.38690355524767,-192.08254476236084,39.91897866574205,1490.251080146696,0.0,41110139.09452254,0.0036250207685267965,5.835944444444443,LOST,-267.36301199022796,57.6194589293195,-267.36301199022796,57.6194589293195
6125775,-1.4208,0.1305,9.8739,0.0106,0.0155,0.004,52.412903,-1.530553,5.38,18.565,299.045,9.97645248071678,0.0191992187341047,0.1130406450485566,0.0156075617348911,-0.0709999999999999,-0.2396999999999999,0.1103000000000005,0.0086,0.0178,0.0021,0.099,33.57037999999999,9.325105555555554,0.92318545,-0.8070844188990841,0.44820320822371423,-237.6029766156123,38.83510676347139,-192.08254476236084,39.91897866574205,1490.4801314412523,0.0,41110139.09452254,0.0036255779334977774,9.325105555555554,LOST,-268.17009640912704,58.06766213754323,-268.17009640912704,58.06766213754323
6125875,-1.0793,0.3981,9.7551,0.0042,-0.0008,-0.0118,52.412903,-1.530553,5.38,18.266,298.941,9.82269556231893,0.0125506971917897,-0.1537569183978497,-0.0066485215423149,0.3415000000000001,0.2676,-0.1188000000000002,-0.0064,-0.0163,-0.0158,0.1,24.86945999999999,6.90818333333333,0.6908183333333331,-0.604547885168441,0.33429302147638307,-238.20752450078075,39.16939978494777,-192.08254476236084,39.91897866574205,1490.6506663876178,0.0,41110139.09452254,0.0036259927580401443,6.90818333333333,LOST,-268.7746442942954,58.401955159019614,-268.7746442942954,58.401955159019614
6125976,-1.039,0.3877,9.7337,0.0039,-0.0003,-0.0002,52.412903,-1.530553,5.38,17.964000000000002,298.998,9.79667024963074,0.0039166312055132,-0.0260253126881906,-0.0086340659862765,0.0403,-0.0104,-0.0213999999999998,-0.0002999999999999,0.0005,0.0116,0.101,26.155309999999997,7.265363888888888,0.7338017527777777,-0.6418098918843262,0.3557317459254491,-238.84933439266507,39.52513153087322,-192.08254476236084,39.91897866574205,1490.8328486359771,0.0,41110139.09452254,0.003626435914527503,7.265363888888888,LOST,-269.41645418617975,58.757686904945054,-269.41645418617975,58.757686904945054
6126075,-0.4956,0.2386,9.938,0.0103,-0.0168,-0.0031,52.412903,-1.530553,5.38,18.158,299.685,9.953210201738935,0.0199484335224598,0.1565399521081953,0.0160318023169466,0.5433999999999999,-0.1490999999999999,0.2042999999999999,0.0064,-0.0164999999999999,-0.0029,0.099,21.70094000000001,6.028038888888892,0.5967758500000003,-0.518455700858857,0.2955420467381492,-239.36779009352392,39.820673577611366,-192.08254476236084,39.91897866574205,1490.9881806907679,0.0,41110139.09452254,0.0036268137581889743,6.028038888888892,LOST,-269.93490988703866,59.0532289516832,-269.93490988703866,59.0532289516832
6126175,-0.2648,0.1711,9.8298,0.0143,-0.0027,0.0147,52.412903,-1.530553,5.38,17.348,299.273,9.834854462065008,0.0206850187333731,-0.1183557396739267,0.0007365852109133,0.2308,-0.0675,-0.1082,0.004,0.0140999999999999,0.0178,0.1,14.901249999999997,4.13923611111111,0.41392361111111103,-0.3610654797280745,0.20239682602253847,-239.728855573252,40.0230704036339,-192.08254476236084,39.91897866574205,1491.0931735134116,0.0,41110139.09452254,0.003627069152174391,4.13923611111111,LOST,-270.2959753667667,59.25562577770574,-270.2959753667667,59.25562577770574
6126276,0.1254,-0.1979,9.7808,0.0151,-0.018,0.0059,52.412903,-1.530553,5.38,17.273,298.443,9.78360558332152,0.02422436789681,-0.0512488787434897,0.0035393491634368,0.3902,-0.369,-0.0490000000000012,0.0008,-0.0152999999999999,-0.0087999999999999,0.101,4.992709999999997,1.386863888888888,0.14007325277777768,-0.12316520278512984,0.06671468329119948,-239.8520207760371,40.089785086925104,-192.08254476236084,39.91897866574205,1491.1267614940639,0.0,41110139.09452254,0.0036271508545996124,1.386863888888888,LOST,-270.4191405695518,59.322340460996934,-270.4191405695518,59.322340460996934
6126376,-0.0039,-0.2507,10.0219,-0.0011,-0.0321,-0.0045,52.412903,-1.530553,5.38,16.258,298.607,10.025035925621417,0.0324325453826862,0.2414303422998962,0.0082081774858761,-0.1293,-0.0527999999999999,0.2411000000000012,-0.0162,-0.0140999999999999,-0.0104,0.1,28.646229999999996,7.9572861111111095,0.795728611111111,-0.698589631612756,0.3809941589368157,-240.55061040764986,40.47077924586192,-192.08254476236084,39.91897866574205,1491.3200136148648,0.0,41110139.09452254,0.003627620938440381,7.9572861111111095,LOST,-271.1177302011646,59.70333461993376,-271.1177302011646,59.70333461993376
6126476,0.2305,-0.2237,10.0722,-0.0022,-0.0574,-0.0073,52.412903,-1.530553,5.38,15.966,298.30400000000003,10.07732031742566,0.0579041449293571,0.0522843918042461,0.0254715995466709,0.2344,0.0269999999999999,0.0503,-0.0011,-0.0253,-0.0028,0.1,29.983569999999997,8.328769444444443,0.8328769444444444,-0.7333017198275861,0.39490833402831405,-241.28391212747744,40.865687579890235,-192.08254476236084,39.91897866574205,1491.5184409069982,0.0,41110139.09452254,0.003628103610833382,8.328769444444443,LOST,-271.8510319209921,60.09824295396208,-271.8510319209921,60.09824295396208
6126576,0.174,-0.1753,9.8718,0.0113,-0.0418,0.01,52.412903,-1.530553,5.38,15.196,299.153,9.8748894338114,0.0444401845180687,-0.2024308836142623,-0.0134639604112883,-0.0565,0.0484,-0.2004000000000001,0.0135,0.0156,0.0173,0.1,18.96246,5.2673499999999995,0.526735,-0.4600092516211087,0.25659549615686456,-241.74392137909854,41.1222830760471,-192.08254476236084,39.91897866574205,1491.6517234880298,0.0,41110139.09452254,0.0036284278193716335,5.2673499999999995,LOST,-272.3110411726133,60.354838450118926,-272.3110411726133,60.354838450118926
6126675,0.3994,-0.3568,9.8638,0.0049,-0.0642,0.0055,52.412903,-1.530553,5.38,14.569,299.153,9.878328656204957,0.0646212039504062,0.0034392223935562,0.0201810194323374,0.2254,-0.1815,-0.0080000000000008,-0.0063999999999999,-0.0223999999999999,-0.0045,0.099,10.793439999999999,2.9981777777777774,0.29681959999999996,-0.25921907992154847,0.14459371891194256,-242.00314045902007,41.26687679495904,-192.08254476236084,39.91897866574205,1491.7269060310423,0.0,41110139.09452254,0.0036286107001515786,2.9981777777777774,LOST,-272.5702602525348,60.499432169030875,-272.5702602525348,60.499432169030875
6126775,0.4042,-0.387,9.9639,0.0089,-0.0699,0.0078,52.412903,-1.530553,5.38,14.144,299.215,9.979601687943262,0.0708947106630671,0.101273031738307,0.0062735067126608,0.0048,-0.0302,0.1001000000000011,0.004,-0.0057,0.0023,0.1,13.425049999999992,3.729180555555553,0.37291805555555535,-0.32548076295057604,0.1820168923711401,-242.32862122197065,41.44889368733018,-192.08254476236084,39.91897866574205,1491.8218324604193,0.0,41110139.09452254,0.0036288416077365875,3.729180555555553,LOST,-272.8957410154853,60.68144906140201,-272.8957410154853,60.68144906140201
6126875,0.5656,-0.5139,9.7689,0.0007,-0.1,0.0103,52.412903,-1.530553,5.38,13.525,298.833,9.798745010459248,0.1005314876046306,-0.1808566774840141,0.0296367769415635,0.1614,-0.1269,-0.1950000000000002,-0.0082,-0.0301,0.0025,0.1,19.13953,5.316536111111112,0.5316536111111112,-0.4657440155871701,0.2563943723099681,-242.79436523755783,41.70528805964015,-192.08254476236084,39.91897866574205,1491.9538853874294,0.0,41110139.09452254,0.003629162825153796,5.316536111111112,LOST,-273.36148503107256,60.93784343371198,-273.36148503107256,60.93784343371198
6126975,0.548,-0.766,9.7484,-0.007,-0.1153,0.0164,52.412903,-1.530553,5.38,13.007,298.474,9.79379204190083,0.1166706904068026,-0.0049529685584186,0.016139202802172,-0.0175999999999999,-0.2521,-0.0205000000000001,-0.0077,-0.0152999999999999,0.0061,0.1,8.560189999999999,2.3778305555555552,0.23778305555555554,-0.20901928344245257,0.11336542973296615,-243.00338452100027,41.81865348937311,-192.08254476236084,39.91897866574205,1492.01155960658,0.0,41110139.09452254,0.0036293031171119863,2.3778305555555552,LOST,-273.570504314515,61.05120886344495,-273.570504314515,61.05120886344495
6127075,0.532,-0.818,9.9058,0.0038,-0.1466,0.0065,52.412903,-1.530553,5.38,12.524,298.685,9.953744101593127,0.1467932219143649,0.1599520596922978,0.0301225315075622,-0.016,-0.0519999999999999,0.1573999999999991,0.0108,-0.0313,-0.0099,0.1,14.099290000000002,3.916469444444445,0.39164694444444453,-0.3435808417956416,0.1879881226132868,-243.3469653627959,42.006641611986396,-192.08254476236084,39.91897866574205,1492.1080296826865,0.0,41110139.09452254,0.003629537779602144,3.916469444444445,LOST,-273.91408515631065,61.239196986058225,-273.91408515631065,61.239196986058225
6127176,0.5235,-0.8924,9.9449,-0.0028,-0.1589,0.0204,52.412903,-1.530553,5.38,11.844,298.283,9.998573199211975,0.1602286179182732,0.0448290976188481,0.0134353960039083,-0.0085,-0.0744,0.0391000000000012,-0.0066,-0.0123,0.0139,0.101,15.479989999999997,4.299997222222221,0.4342997194444444,-0.38245214145812784,0.205782909406042,-243.72941750425403,42.212424521392435,-192.08254476236084,39.91897866574205,1492.2121632843332,0.0,41110139.09452254,0.003629791083541125,4.299997222222221,LOST,-274.29653729776874,61.44497989546428,-274.29653729776874,61.44497989546428
6127276,0.5303,-1.0455,9.8826,0.0068,-0.176,0.0389,52.412903,-1.530553,5.38,11.696,299.448,9.951887815886996,0.1803758575863188,-0.0466853833249807,0.0201472396680456,0.0068,-0.1531000000000001,-0.0623000000000004,0.0096,-0.0170999999999999,0.0184999999999999,0.1,17.45184,4.847733333333333,0.48477333333333333,-0.4221417078920768,0.23833078518955886,-244.1515592121461,42.450755306581996,-192.08254476236084,39.91897866574205,1492.338083411152,0.0,41110139.09452254,0.00363009738298353,4.847733333333333,LOST,-274.71867900566076,61.68331068065384,-274.71867900566076,61.68331068065384
6127375,0.9204,-1.0456,9.9349,-0.0144,-0.2329,0.0126,52.412903,-1.530553,5.38,11.009,298.965,10.032081216278106,0.2336846807131353,0.0801934003911117,0.0533088231268164,0.3901,-9.9999999999989e-05,0.0523000000000006,-0.0212,-0.0569,-0.0262999999999999,0.099,17.64681,4.901891666666666,0.48528727499999996,-0.42458545458782865,0.23501261887263095,-244.57614466673394,42.68576792545463,-192.08254476236084,39.91897866574205,1492.4603296423377,0.0,41110139.09452254,0.0036303947457117483,4.901891666666666,LOST,-275.1432644602486,61.918323299526456,-275.1432644602486,61.918323299526456
6127475,0.8123,-0.9514,9.7428,-0.0062,-0.2601,0.0284,52.412903,-1.530553,5.38,10.692,299.461,9.822787032711236,0.2617193344023326,-0.20929418356687,0.0280346536891972,-0.1080999999999999,0.0942,-0.1920999999999999,0.0081999999999999,-0.0272,0.0158,0.1,14.996619999999997,4.165727777777777,0.4165727777777777,-0.36270603364114884,0.2048834115925434,-244.9388507003751,42.89065133704717,-192.08254476236084,39.91897866574205,1492.5688697621674,0.0,41110139.09452254,0.0036306587684619028,4.165727777777777,LOST,-275.5059704938898,62.123206711119,-275.5059704938898,62.123206711119
6127576,1.0075,-0.9604,9.8267,-0.0079,-0.2887,0.0326,52.412903,-1.530553,5.38,10.429,298.691,9.924790038081412,0.2906421511068207,0.1020030053701752,0.028922816704488,0.1952,-0.009,0.0838999999999998,-0.0017,-0.0286,0.0041999999999999,0.101,16.072930000000003,4.464702777777778,0.45093498055555564,-0.3955698989225511,0.21648744017850555,-245.33442059929766,43.10713877722567,-192.08254476236084,39.91897866574205,1492.6806246811238,0.0,41110139.09452254,0.0036309306111786096,4.464702777777778,LOST,-275.9015403928123,62.339694151297515,-275.9015403928123,62.339694151297515
6127676,1.7074,-0.9947,10.0027,-0.0105,-0.3196,0.0494,52.412903,-1.530553,5.38,9.716,299.248,10.196011481947243,0.3235657120277116,0.2712214438658318,0.0329235609208909,0.6999,-0.0343,0.1760000000000001,-0.0026,-0.0308999999999999,0.0168,0.1,18.284699999999997,5.079083333333332,0.5079083333333333,-0.4431566554571246,0.24815933146569313,-245.7775772547548,43.355298108691365,-192.08254476236084,39.91897866574205,1492.8114293374174,0.0,41110139.09452254,0.0036312487921898503,5.079083333333332,LOST,-276.3446970482695,62.5878534827632,-276.3446970482695,62.5878534827632
6127776,1.4945,-0.8935,9.4863,-0.0251,-0.3615,0.0492,52.412903,-1.530553,5.38,9.554,298.29,9.644778908300594,0.3656950915722003,-0.551232573646649,0.0421293795444887,-0.2129000000000001,0.1012,-0.5164000000000009,-0.0146,-0.0418999999999999,-0.0001999999999999,0.1,16.182280000000006,4.495077777777779,0.44950777777777795,-0.39581860660370877,0.21303725718525074,-246.1733958613585,43.568335365876614,-192.08254476236084,39.91897866574205,1492.9200509747072,0.0,41110139.09452254,0.003631513013230407,4.495077777777779,LOST,-276.7405156548732,62.80089073994845,-276.7405156548732,62.80089073994845
6127876,1.3322,-0.54,9.5603,-0.019,-0.4015,0.0653,52.412903,-1.530553,5.38,8.906,298.641,9.66776566379223,0.4072190319717388,0.0229867554916349,0.0415239403995384,-0.1622999999999999,0.3534999999999999,0.0739999999999998,0.0061,-0.04,0.0160999999999999,0.1,13.547830000000008,3.763286111111113,0.3763286111111113,-0.3302811197628608,0.18038183242502248,-246.50367698112137,43.748717198301634,-192.08254476236084,39.91897866574205,1493.0133223468072,0.0,41110139.09452254,0.003631739894905231,3.763286111111113,LOST,-277.07079677463605,62.98127257237348,-277.07079677463605,62.98127257237348
6127975,1.5412,-1.1106,10.138,-0.0293,-0.4171,0.0717,52.412903,-1.530553,5.38,8.46,298.806,10.314444909930929,0.4242308216054086,0.6466792461386976,0.0170117896336697,0.2089999999999998,-0.5706,0.5777000000000001,-0.0103,-0.0156,0.0064,0.099,13.121350000000001,3.644819444444445,0.36083712500000004,-0.31618577739370757,0.1738677225715068,-246.8198627585151,43.92258492087314,-192.08254476236084,39.91897866574205,1493.10384407678,0.0,41110139.09452254,0.0036319600881032266,3.644819444444445,LOST,-277.38698255202974,63.15514029494498,-277.38698255202974,63.15514029494498
6128075,1.6177,-1.0916,10.0579,-0.031,-0.4266,0.0773,52.412903,-1.530553,5.38,8.142999999999999,299.004,10.245481748556289,0.434653712741534,-0.0689631613746382,0.0104228911361254,0.0765,0.0190000000000001,-0.0800999999999998,-0.0017,-0.0094999999999999,0.0055999999999999,0.1,13.138379999999998,3.649549999999999,0.3649549999999999,-0.3191844821390659,0.1769559786687532,-247.13904724065415,44.09954089954189,-192.08254476236084,39.91897866574205,1493.196702156899,0.0,41110139.09452254,0.003632185964449462,3.649549999999999,LOST,-277.70616703416886,63.33209627361372,-277.70616703416886,63.33209627361372
6128175,1.4091,-1.597,10.2821,-0.0526,-0.479,0.0532,52.412903,-1.530553,5.38,7.56,299.182,10.500359623365288,0.4848071781646802,0.254877874808999,0.0501534654231461,-0.2085999999999999,-0.5054000000000001,0.2241999999999997,-0.0216,-0.0524,-0.0240999999999999,0.1,11.645199999999999,3.2347777777777775,0.32347777777777775,-0.2824204578192248,0.15772304118685018,-247.42146769847338,44.25726394072874,-192.08254476236084,39.91897866574205,1493.280048019483,0.0,41110139.09452254,0.0036323887024221854,3.2347777777777775,LOST,-277.988587491988,63.48981931480058,-277.988587491988,63.48981931480058
6128275,1.4494,-1.0565,9.4266,-0.0263,-0.4817,0.0569,52.412903,-1.530553,5.38,7.416,299.04200000000003,9.595714677396364,0.4857614538021723,-0.904644945968924,0.0009542756374921,0.0403,0.5405,-0.8554999999999993,0.0263,-0.0027,0.0037,0.1,12.434840000000008,3.4541222222222245,0.34541222222222245,-0.30198150150455166,0.16768057731756064,-247.72344919997792,44.4249445180463,-192.08254476236084,39.91897866574205,1493.3683019365574,0.0,41110139.09452254,0.0036326033791881083,3.4541222222222245,LOST,-278.29056899349257,63.657499892118146,-278.29056899349257,63.657499892118146
6128376,1.189,-0.9203,9.8231,-0.0337,-0.5226,0.0333,52.412903,-1.530553,5.38,7.096,299.723,9.937503041508968,0.524743118106374,0.3417883641126042,0.0389816643042016,-0.2603999999999999,0.1362,0.3964999999999996,-0.0074,-0.0408999999999999,-0.0235999999999999,0.101,13.048359999999995,3.6245444444444432,0.3660789888888888,-0.31791491150620216,0.18150464222139007,-248.0413641114841,44.606449160267694,-192.08254476236084,39.91897866574205,1493.4661173654206,0.0,41110139.09452254,0.0036328413142353196,3.6245444444444432,LOST,-278.6084839049988,63.83900453433953,-278.6084839049988,63.83900453433953
6128475,0.8403,-1.0745,10.1491,-0.0319,-0.5146,0.0466,52.412903,-1.530553,5.38,6.235,298.358,10.2403557140365,0.5176894146107297,0.302852672527532,-0.0070537034956442,-0.3487,-0.1542,0.3260000000000005,0.0018,0.008,0.0133,0.099,10.90259,3.028497222222222,0.299821225,-0.2638417747144694,0.14240886515951115,-248.3052058861986,44.748858025427204,-192.08254476236084,39.91897866574205,1493.539386270473,0.0,41110139.09452254,0.003633019540110167,3.028497222222222,LOST,-278.8723256797133,63.98141339949904,-278.8723256797133,63.98141339949904
6128575,0.9359,-0.6086,9.7058,-0.0202,-0.4927,0.0402,52.412903,-1.530553,5.38,6.098,298.698,9.769793058709077,0.4947498054572635,-0.4705626553274253,-0.0229396091534662,0.0955999999999999,0.4659,-0.4433000000000007,0.0116999999999999,0.0218999999999999,-0.0064,0.1,13.229010000000006,3.6747250000000014,0.36747250000000015,-0.3223332533736108,0.17645767771857848,-248.6275391395722,44.925315703145785,-192.08254476236084,39.91897866574205,1493.631377396836,0.0,41110139.09452254,0.0036332433076001077,3.6747250000000014,LOST,-279.1946589330869,64.15787107721764,-279.1946589330869,64.15787107721764
6128676,1.0682,-0.5184,10.1505,-0.0239,-0.4799,0.0553,52.412903,-1.530553,5.38,5.425,298.947,10.21970841315935,0.4836665276820384,0.4499153544502743,-0.0110832777752251,0.1323,0.0902,0.4446999999999992,-0.0037,0.0128,0.0151,0.101,10.897089999999997,3.0269694444444433,0.3057239138888888,-0.26752915079605977,0.14797048691505954,-248.89506829036827,45.07328619006084,-192.08254476236084,39.91897866574205,1493.7092607822192,0.0,41110139.09452254,0.0036334327581519638,3.0269694444444433,LOST,-279.462188083883,64.30584156413269,-279.462188083883,64.30584156413269
6128775,1.0159,-0.2999,9.5381,-0.048,-0.4677,0.0719,52.412903,-1.530553,5.38,4.835,296.23,9.596736134228136,0.4756226445408166,-0.6229722789312131,-0.0080438831412217,-0.0523,0.2184999999999999,-0.6123999999999992,-0.0241,0.0121999999999999,0.0166,0.099,14.721160000000003,4.089211111111112,0.40483190000000013,-0.36314517502925114,0.17892582013388864,-249.25821346539752,45.25221201019473,-192.08254476236084,39.91897866574205,1493.7938106813635,0.0,41110139.09452254,0.003633638424931514,4.089211111111112,LOST,-279.8253332589122,64.48476738426658,-279.8253332589122,64.48476738426658
6128876,0.9168,-0.6998,9.6743,-0.0377,-0.4389,0.07,52.412903,-1.530553,5.38,4.777,298.664,9.74280877211495,0.4460431593467161,0.1460726378868138,-0.0295794851941004,-0.0991,-0.3999,0.1362000000000005,0.0103,0.0287999999999999,-0.0018999999999999,0.101,12.850540000000008,3.5695944444444465,0.3605290388888891,-0.31634538456078154,0.17293578446705976,-249.5745588499583,45.42514779466179,-192.08254476236084,39.91897866574205,1493.884100436021,0.0,41110139.09452254,0.003633858053851888,3.5695944444444465,LOST,-280.141678643473,64.65770316873363,-280.141678643473,64.65770316873363
6128975,0.7955,-0.8975,10.1798,-0.0218,-0.4329,0.0663,52.412903,-1.530553,5.38,4.039,299.436,10.250202658484367,0.4384898402471829,0.5073938863694174,-0.0075533190995331,-0.1212999999999999,-0.1977,0.5054999999999996,0.0158999999999999,0.006,-0.0037,0.099,11.38936,3.163711111111111,0.3132074,-0.2727739518490478,0.1539261076212004,-249.84733280180734,45.57907390228299,-192.08254476236084,39.91897866574205,1493.966683367978,0.0,41110139.09452254,0.0036340589360035324,3.163711111111111,LOST,-280.414452595322,64.81162927635484,-280.414452595322,64.81162927635484
6129075,1.2009,-0.9383,9.777,-0.0215,-0.4281,0.0532,52.412903,-1.530553,5.38,3.442,297.758,9.89506425951848,0.4319283505397625,-0.355138398965888,-0.0065614897074204,0.4054000000000001,-0.0408,-0.4028000000000009,0.0003,0.0048,-0.0131,0.1,13.79393,3.831647222222222,0.38316472222222225,-0.3390711286486672,0.1784544033431278,-250.186403930456,45.75752830562612,-192.08254476236084,39.91897866574205,1494.05692962711,0.0,41110139.09452254,0.0036342784591214777,3.831647222222222,LOST,-280.7535237239707,64.99008367969796,-280.7535237239707,64.99008367969796
6129175,0.8889,-0.3925,9.6462,-0.0326,-0.3927,0.0202,52.412903,-1.530553,5.38,3.398,299.238,9.695017993794544,0.3945682323755931,-0.2000462657239339,-0.0373601181641694,-0.312,0.5458000000000001,-0.1307999999999989,-0.0110999999999999,0.0353999999999999,-0.033,0.1,11.72972,3.2582555555555555,0.3258255555555556,-0.2843148338666981,0.1591457441983238,-250.4707187643227,45.916674049824444,-192.08254476236084,39.91897866574205,1494.141896260258,0.0,41110139.09452254,0.0036344851396023013,3.2582555555555555,LOST,-281.0378385578374,65.14922942389629,-281.0378385578374,65.14922942389629
6129276,0.6079,0.1336,9.4662,-0.0199,-0.3304,0.008,52.412903,-1.530553,5.38,2.826,298.968,9.486639753358403,0.3310954092100946,-0.20837824043614,-0.0634728231654984,-0.281,0.5261,-0.1799999999999997,0.0126999999999999,0.0622999999999999,-0.0121999999999999,0.101,16.07894,4.466372222222222,0.4511035944444444,-0.3946661768876791,0.21847897322525342,-250.86538494121038,46.135153023049696,-192.08254476236084,39.91897866574205,1494.257588066582,0.0,41110139.09452254,0.003634766558757946,4.466372222222222,LOST,-281.43250473472506,65.36770839712153,-281.43250473472506,65.36770839712153
6129375,0.5773,0.2315,9.8991,-0.0062,-0.3058,0.0043,52.412903,-1.530553,5.38,2.657,300.703,9.91862129280073,0.3058930695520904,0.4319815394423241,-0.0252023396580042,-0.0305999999999999,0.0979,0.4329,0.0137,0.0246,-0.0037,0.099,14.540270000000005,4.03896388888889,0.39985742500000016,-0.34380762575527435,0.20416237851316277,-251.20919256696564,46.33931540156286,-192.08254476236084,39.91897866574205,1494.3718966042022,0.0,41110139.09452254,0.0036350446131263765,4.03896388888889,LOST,-281.77631236048035,65.5718707756347,-281.77631236048035,65.5718707756347
6129475,1.3279,0.3886,9.7216,-0.0107,-0.2854,0.0171,52.412903,-1.530553,5.38,2.448,300.751,9.81956388695547,0.2861119710882437,-0.0990574058452598,-0.0197810984638466,0.7506,0.1571,-0.1775000000000002,-0.0045,0.0204,0.0128,0.1,11.34207,3.150575,0.3150575,-0.2707596239567088,0.1610914471381757,-251.47995219092235,46.50040684870103,-192.08254476236084,39.91897866574205,1494.4622851823658,0.0,41110139.09452254,0.0036352644824339353,3.150575,LOST,-282.047071984437,65.73296222277287,-282.047071984437,65.73296222277287
6129575,1.1073,0.2424,9.9709,-0.0097,-0.2485,0.0187,52.412903,-1.530553,5.38,2.8080000000000003,298.551,10.035124207502369,0.2493913190149168,0.2155603205468974,-0.0367206520733269,-0.2206000000000001,-0.1462,0.2492999999999998,0.0009999999999999,0.0368999999999999,0.0016,0.1,8.780310000000002,2.4389750000000006,0.24389750000000007,-0.21423762184611894,0.11656857163047583,-251.69418981276846,46.61697542033151,-192.08254476236084,39.91897866574205,1494.5232801041825,0.0,41110139.09452254,0.0036354128519679725,2.4389750000000006,LOST,-282.26130960628313,65.84953079440334,-282.26130960628313,65.84953079440334
6129675,1.3434,0.722,9.6669,-0.029,-0.2088,0.038,52.412903,-1.530553,5.38,2.426,300.83,9.786468370663648,0.214201867405492,-0.2486558368387186,-0.0351894516094247,0.2360999999999999,0.4795999999999999,-0.3040000000000002,-0.0193,0.0396999999999999,0.0192999999999999,0.1,10.158270000000002,2.821741666666667,0.2821741666666667,-0.24230060758575594,0.14461215681124914,-251.9364904203542,46.761587577142755,-192.08254476236084,39.91897866574205,1494.604701630692,0.0,41110139.09452254,0.0036356109090125437,2.821741666666667,LOST,-282.5036102138689,65.9941429512146,-282.5036102138689,65.9941429512146
6129775,0.8039,0.401,9.8215,-0.0348,-0.204,0.0268,52.412903,-1.530553,5.38,2.689,300.075,9.862500619011389,0.2086750584042088,0.0760322483477402,-0.0055268090012831,-0.5395,-0.3209999999999999,0.1546000000000003,-0.0057999999999999,0.0048,-0.0111999999999999,0.1,4.971609999999998,1.3810027777777774,0.13810027777777775,-0.11950785996635747,0.06920663355893615,-252.05599828032055,46.83079421070169,-192.08254476236084,39.91897866574205,1494.642822656611,0.0,41110139.09452254,0.003635703638024799,1.3810027777777774,LOST,-282.62311807383526,66.06334958477353,-282.62311807383526,66.06334958477353
6129875,0.5393,-0.0623,10.2112,-0.0098,-0.1455,0.0356,52.412903,-1.530553,5.38,2.779,300.385,10.22562131217463,0.1501121247601272,0.3631206931632409,-0.0585629336440816,-0.2645999999999999,-0.4633,0.3896999999999995,0.0249999999999999,0.0584999999999999,0.0087999999999999,0.1,19.804820000000003,5.501338888888889,0.5501338888888889,-0.4745708641680099,0.27826208974066274,-252.53056914448857,47.109056300442354,-192.08254476236084,39.91897866574205,1494.7976562115496,0.0,41110139.09452254,0.0036360802690903918,5.501338888888889,LOST,-283.0976889380032,66.34161167451418,-283.0976889380032,66.34161167451418
6129975,0.7212,0.07,10.3704,-0.0174,-0.1275,0.0305,52.412903,-1.530553,5.38,2.772,304.42900000000003,10.395683027103123,0.1322469659387314,0.1700617149284955,-0.0178651588213957,0.1818999999999999,0.1323,0.1592000000000002,-0.0075999999999999,0.0179999999999999,-0.0051,0.1,38.40015,10.666708333333332,1.0666708333333332,-0.879819369691394,0.6030792181793913,-253.41038851417997,47.71213551862174,-192.08254476236084,39.91897866574205,1495.1698144040972,0.0,41110139.09452254,0.0036369855401518487,10.666708333333332,LOST,-283.9775083076946,66.94469089269359,-283.9775083076946,66.94469089269359
6130075,1.0131,0.0567,9.757,-0.0247,-0.108,-0.0181,52.412903,-1.530553,5.38,2.984,302.743,9.809619539003538,0.1122572937496713,-0.5860634880995867,-0.0199896721890601,0.2918999999999999,-0.0133,-0.6134000000000004,-0.0073,0.0195,-0.0486,0.1,26.242880000000003,7.2896888888888896,0.728968888888889,-0.6131394495933519,0.39427865313793353,-254.02352796377332,48.106414171759674,-192.08254476236084,39.91897866574205,1495.4043294300486,0.0,41110139.09452254,0.003637555995594513,7.2896888888888896,LOST,-284.590647757288,67.3389695458315,-284.590647757288,67.3389695458315
6130175,0.4012,0.2822,9.7649,-0.0126,-0.0925,-0.0236,52.412903,-1.530553,5.38,3.222,303.791,9.777211785064289,0.0962910691601251,-0.0324077539392497,-0.0159662245895462,-0.6118999999999999,0.2255,0.0079000000000011,0.0121,0.0155,-0.0054999999999999,0.1,27.528709999999997,7.646863888888888,0.7646863888888888,-0.6355093255620864,0.42529186504746486,-254.6590372893354,48.53170603680714,-192.08254476236084,39.91897866574205,1495.663875541627,0.0,41110139.09452254,0.003638187338901286,7.646863888888888,LOST,-285.22615708285014,67.76426141087899,-285.22615708285014,67.76426141087899
6130275,1.2146,1.3481,9.4053,0.008,-0.0577,-0.0018,52.413063,-1.530855,4.11,3.326,304.717,9.578741820301872,0.0582797563481523,-0.1984699647624168,-0.0380113128119728,0.8133999999999999,1.0659,-0.3596000000000003,0.0206,0.0348,0.0218,0.1,36.61482,10.170783333333334,1.0170783333333335,-0.8360130608946784,0.5792499444537066,-255.4950503502301,49.110955981260844,-212.56592347642822,57.710166928988,1483.8642220953327,27.108185141087077,41110166.202707686,0.003609482420427673,10.170783333333334,LOST,-286.06217014374477,68.34351135533268,-286.06217014374477,68.34351135533268
6130375,0.5037,0.7532,9.4025,0.0108,-0.0152,0.0128,52.413063,-1.530855,4.11,3.474,303.895,9.44605897610215,0.0226168079091634,-0.1326828441997225,-0.0356629484389888,-0.7108999999999999,-0.5949000000000001,-0.0028000000000005,0.0028,0.0425,0.0146,0.1,40.31875000000002,11.199652777777784,1.1199652777777784,-0.9296394473419365,0.6245740319398778,-256.424689797572,49.73553001320072,-212.56592347642822,57.710166928988,1484.230402725931,0.0,41110166.202707686,0.0036103731505424405,11.199652777777784,LOST,-286.99180959108674,68.96808538727257,-286.99180959108674,68.96808538727257
6130476,0.745,0.2542,9.8939,-0.0383,-0.0095,-0.0387,52.413063,-1.530855,4.11,3.683,309.096,9.925164978477689,0.0552705165526793,0.4791060023755396,0.0326537086435158,0.2412999999999999,-0.499,0.4914000000000005,-0.0491,0.0057,-0.0515,0.101,36.114149999999995,10.031708333333333,1.0132025416666666,-0.7863368009533456,0.6389474359493523,-257.21102659852534,50.37447744915008,-212.56592347642822,57.710166928988,1484.647727844925,0.0,41110166.202707686,0.0036113882890289554,10.031708333333333,LOST,-287.77814639204007,69.60703282322191,-287.77814639204007,69.60703282322191
6130575,-1.072,2.2742,10.7701,-0.0486,0.0742,0.0969,52.413063,-1.530855,4.11,4.043,307.938,11.059666525261962,0.1313667004990229,1.1345015467842732,0.0760961839463436,-1.817,2.02,0.876199999999999,-0.0102999999999999,0.0837,0.1356,0.099,50.82186999999998,14.117186111111106,1.3976014249999995,-1.1022554029828746,0.8592571034079904,-258.3132820015082,51.23373455255807,-212.56592347642822,57.710166928988,1485.1984818483384,0.0,41110166.202707686,0.0036127279917212234,14.117186111111106,LOST,-288.88040179502286,70.46628992662991,-288.88040179502286,70.46628992662991
6130675,-1.0425,-0.3186,11.5648,0.0154,0.0699,0.1399,52.413063,-1.530855,4.11,4.331,311.476,11.616062639724356,0.1571470012440581,0.5563961144623946,0.0257803007450351,0.0295,-2.5928,0.7947000000000006,0.064,-0.0042999999999999,0.043,0.1,53.47299000000002,14.853608333333337,1.485360833333334,-1.1128816691947352,0.9837637905366492,-259.4261636707029,52.21749834309472,-212.56592347642822,57.710166928988,1485.8681141387667,0.0,41110166.202707686,0.003614356864460697,14.853608333333337,LOST,-289.9932834642176,71.45005371716655,-289.9932834642176,71.45005371716655
6130775,-0.281,-0.509,11.2084,0.1042,0.0709,0.0358,52.413063,-1.530855,4.11,4.705,310.48400000000004,11.223469720189028,0.1310194260405685,-0.3925929195353284,-0.0261275752034895,0.7615,-0.1904,-0.3564000000000007,0.0888,0.001,-0.1041,0.1,42.62986,11.841627777777777,1.1841627777777777,-0.900659165241211,0.7688007234266805,-260.32682283594414,52.9862990665214,-212.56592347642822,57.710166928988,1486.384438072267,0.0,41110166.202707686,0.0036156128164093085,11.841627777777777,LOST,-290.8939426294588,72.21885444059325,-290.8939426294588,72.21885444059325
6130875,0.2987,-0.6885,9.7761,0.1175,-0.0102,-0.0362,52.413063,-1.530855,4.11,4.846,312.189,9.8048653815338,0.1233723226659853,-1.4186043386552267,-0.0076471033745831,0.5797000000000001,-0.1795,-1.4322999999999997,0.0132999999999999,-0.0811,-0.072,0.1,40.80747000000001,11.335408333333335,1.1335408333333337,-0.8398784266028686,0.7612614855364209,-261.166701262547,53.74756055205782,-212.56592347642822,57.710166928988,1486.9095224110476,0.0,41110166.202707686,0.00361689007794163,11.335408333333335,LOST,-291.73382105606174,72.98011592612966,-291.73382105606174,72.98011592612966
6130975,-0.0486,-0.1007,8.8915,0.1374,0.0161,-0.0535,52.413063,-1.530855,4.11,5.501,316.023,8.89220302849637,0.1483247113599079,-0.9126623530374314,0.0249523886939225,-0.3473,0.5878,-0.8845999999999989,0.0199,0.0263,-0.0172999999999999,0.1,35.94819999999999,9.985611111111108,0.9985611111111109,-0.6933704323596328,0.718583144912871,-261.86007169490665,54.46614369697069,-212.56592347642822,57.710166928988,1487.4307514370018,0.0,41110166.202707686,0.003618157961470449,9.985611111111108,LOST,-292.4271914884214,73.69869907104254,-292.4271914884214,73.69869907104254
6131076,0.0573,1.9707,9.6863,0.053,-0.0959,-0.0793,52.413063,-1.530855,4.11,5.922000000000001,317.642,9.884905132068797,0.1352564231376831,0.9927021035724248,-0.0130682882222247,0.1059,2.0714,0.7947999999999986,-0.0844,-0.112,-0.0257999999999999,0.101,39.88765000000003,11.079902777777786,1.1190701805555565,-0.7539857213032046,0.8269362738926936,-262.61405741620985,55.29307997086338,-212.56592347642822,57.710166928988,1488.0421825175433,0.0,41110166.202707686,0.003619645260445419,11.079902777777786,LOST,-293.1811772097245,74.52563534493521,-293.1811772097245,74.52563534493521
6131175,-0.0789,1.24,10.1707,0.0113,-0.0403,0.0207,52.413063,-1.530855,4.11,6.318,318.006,10.24631463990834,0.0466933614125177,0.3614095078395465,-0.0885630617251654,-0.1362,-0.7306999999999999,0.4844000000000008,-0.0417,0.0556,0.0999999999999999,0.099,39.76263000000001,11.045175000000002,1.0934723250000002,-0.7315906997099778,0.8126849165813104,-263.3456481159198,56.10576488744469,-212.56592347642822,57.710166928988,1488.6460002267079,0.0,41110166.202707686,0.0036211140399832766,11.045175000000002,LOST,-293.9127679094345,75.33832026151654,-293.9127679094345,75.33832026151654
6131275,0.3852,-0.2665,10.0485,-0.0701,0.0593,0.0598,52.413063,-1.530855,4.11,6.984,320.891,10.059411192510224,0.1095743583143428,-0.1869034473981159,0.0628809969018251,0.4640999999999999,-1.5065,-0.1221999999999994,-0.0814,0.0996,0.0390999999999999,0.1,35.127440000000014,9.757622222222226,0.9757622222222226,-0.6155085662415576,0.7571400921885673,-263.96115668216135,56.86290497963326,-212.56592347642822,57.710166928988,1489.2255275178297,0.0,41110166.202707686,0.0036225237333624384,9.757622222222226,LOST,-294.5282764756761,76.0954603537051,-294.5282764756761,76.0954603537051
6131375,-0.4261,-0.1287,10.2003,-0.0653,0.0027,-0.0041,52.413063,-1.530855,4.11,7.499,323.606,10.210007100389303,0.0654842729210609,0.1505959078790777,-0.0440900853932818,-0.8112999999999999,0.1378,0.1517999999999997,0.0047999999999999,-0.0566,-0.0639,0.1,36.47817,10.132824999999999,1.0132824999999999,-0.6012155618277165,0.8156477628378765,-264.56237224398905,57.67855274247113,-212.56592347642822,57.710166928988,1489.8656924085346,0.0,41110166.202707686,0.0036240809269956343,10.132824999999999,LOST,-295.1294920375037,76.91110811654298,-295.1294920375037,76.91110811654298
6131476,-0.652,0.0772,9.6787,0.0005,-0.0031,0.0187,52.413063,-1.530855,4.11,7.434,325.904,9.700943125799675,0.0189618037116725,-0.5090639745896279,-0.0465224692093883,-0.2259,0.2059,-0.5216000000000012,0.0658,-0.0058,0.0228,0.101,32.373200000000004,8.992555555555557,0.9082481111111113,-0.5091468012018526,0.7521197817919847,-265.0715190451909,58.430672524263116,-212.56592347642822,57.710166928988,1490.4676020188658,0.0,41110166.202707686,0.0036255450651053256,8.992555555555557,LOST,-295.63863883870556,77.66322789833495,-295.63863883870556,77.66322789833495
6131575,-0.2412,0.2269,9.4148,0.0174,0.0061,0.0042,52.413063,-1.530855,4.11,8.802,330.064,9.420622064916945,0.0189105790498334,-0.2803210608827307,-5.122466183912766e-05,0.4108,0.1497,-0.2638999999999996,0.0169,0.0092,-0.0145,0.099,46.805789999999995,13.001608333333332,1.287159225,-0.6423340653462111,1.1154307773225598,-265.7138531105371,59.546103301585674,-212.56592347642822,57.710166928988,1491.3887750659349,0.0,41110166.202707686,0.003627785807802708,13.001608333333332,LOST,-296.28097290405185,78.77865867565751,-296.28097290405185,78.77865867565751
6131675,0.0897,0.0222,9.4348,-0.0045,-0.0291,0.0273,52.413063,-1.530855,4.11,8.536,332.53,9.435252512254245,0.0401540782486661,0.0146304473372982,0.0212434991988326,0.3308999999999999,-0.2047,0.0199999999999995,-0.0219,-0.0352,0.0231,0.1,44.212849999999996,12.281347222222221,1.2281347222222223,-0.5665190349710286,1.089665581241947,-266.2803721455081,60.63576888282762,-212.56592347642822,57.710166928988,1492.3042715506895,0.0,41110166.202707686,0.0036300127423284415,12.281347222222221,LOST,-296.8474919390228,79.86832425689946,-296.8474919390228,79.86832425689946
6131775,0.2601,-0.4264,10.3539,0.0063,-0.0461,0.0358,52.413063,-1.530855,4.11,9.378,335.94,10.365940101119628,0.0587072397579719,0.9306875888653838,0.0185531615093058,0.1704,-0.4486,0.9191000000000004,0.0108,-0.017,0.0084999999999999,0.1,40.13812,11.149477777777777,1.1149477777777779,-0.45455649629166284,1.0180800257595926,-266.7349286417998,61.653848908587214,-212.56592347642822,57.710166928988,1493.178479059557,0.0,41110166.202707686,0.0036321392419017026,11.149477777777777,LOST,-297.30204843531453,80.88640428265904,-297.30204843531453,80.88640428265904
6131876,-0.4381,-0.7094,9.9322,-0.0168,-0.0851,0.0174,52.413063,-1.530855,4.11,9.648,338.36300000000006,9.96713483454498,0.0884703905270006,-0.3988052665746462,0.0297631507690286,-0.6981999999999999,-0.283,-0.4216999999999995,-0.0231,-0.0389999999999999,-0.0184,0.101,26.74389000000001,7.428858333333336,0.750314691666667,-0.27665970915928817,0.697446443720766,-267.0115883509591,62.35129535230798,-212.56592347642822,57.710166928988,1493.7861141295916,0.0,41110166.202707686,0.003633617307125372,7.428858333333336,LOST,-297.5787081444738,81.58385072637981,-297.5787081444738,81.58385072637981
6131976,0.1,-0.79,10.0114,-0.0191,-0.0897,0.0271,52.413063,-1.530855,4.11,9.972,339.966,10.04301896642638,0.095631114183617,0.0758841318814003,0.0071607236566164,0.5381,-0.0806,0.0792000000000001,-0.0023,-0.0046,0.0097,0.1,33.61916000000001,9.338655555555558,0.9338655555555558,-0.31992152150924724,0.8773568805955164,-267.3315098724683,63.22865223290349,-212.56592347642822,57.710166928988,1494.5575959916243,0.0,41110166.202707686,0.003635493927760347,9.338655555555558,LOST,-297.898629665983,82.46120760697534,-297.898629665983,82.46120760697534
6132076,-0.3483,-0.2406,9.9889,0.0,-0.0841,0.0122,52.413063,-1.530855,4.11,10.969,341.941,9.997865995301195,0.0849802918328714,-0.0451529711251836,-0.0106508223507455,-0.4483,0.5494,-0.0225000000000008,0.0191,0.0056,-0.0148999999999999,0.1,28.412380000000002,7.892327777777778,0.7892327777777779,-0.24465914257397248,0.7503534377037236,-267.5761690150423,63.979005670607215,-212.56592347642822,57.710166928988,1495.2246677962798,0.0,41110166.202707686,0.00363711657214803,7.892327777777778,LOST,-298.14328880855703,83.21156104467906,-298.14328880855703,83.21156104467906
6132176,-0.6319,-0.9038,9.8126,-0.0031,-0.0973,-0.0048,52.413063,-1.530855,4.11,10.573,345.415,9.874374451579198,0.097467635654098,-0.1234915437219985,0.0124873438212265,-0.2836,-0.6632,-0.1762999999999994,-0.0031,-0.0132,-0.017,0.1,32.963109999999986,9.15641944444444,0.915641944444444,-0.23057329548923527,0.8861355008311291,-267.80674231053155,64.86514117143834,-212.56592347642822,57.710166928988,1496.0269398475225,0.0,41110166.202707686,0.0036390680895592876,9.15641944444444,LOST,-298.3738621040462,84.09769654551019,-298.3738621040462,84.09769654551019
6132275,-0.9656,0.2526,9.0986,-0.0219,-0.09,0.0453,52.413063,-1.530855,4.11,11.333,348.1,9.153180435236704,0.1031101352923174,-0.7211940163424941,0.0056424996382193,-0.3337,1.1564,-0.7140000000000004,-0.0188,0.0073,0.0501,0.099,40.13722999999999,11.149230555555553,1.1037738249999998,-0.22760278244624674,1.0800526052826578,-268.0343450929778,65.945193776721,-212.56592347642822,57.710166928988,1497.0180602165635,0.0,41110166.202707686,0.0036414789783018775,11.149230555555553,LOST,-298.6014648864925,85.17774915079283,-298.6014648864925,85.17774915079283
6132375,-0.6996,-0.7997,9.7351,-0.0343,-0.0909,0.0582,52.413063,-1.530855,4.11,11.254,349.461,9.792912348224098,0.1132543155910625,0.6397319129873935,0.0101441802987451,0.266,-1.0523,0.6364999999999998,-0.0123999999999999,-0.0008999999999999,0.0129,0.1,35.82581,9.951613888888888,0.9951613888888888,-0.18201975858744143,0.9783736491847232,-268.21636485156523,66.92356742590572,-212.56592347642822,57.710166928988,1497.9219298403425,0.0,41110166.202707686,0.003643677630623841,9.951613888888888,LOST,-298.78348464507997,86.15612279997757,-298.78348464507997,86.15612279997757
6132476,-0.7752,-0.9602,9.7345,-0.0308,-0.1192,0.0006,52.413063,-1.530855,4.11,12.355,352.519,9.812410984564396,0.1231163677177003,0.0194986363402982,0.0098620521266377,-0.0756,-0.1605000000000001,-0.0005999999999986,0.0034999999999999,-0.0283,-0.0576,0.101,31.80001,8.83333611111111,0.8921669472222222,-0.11615782535453051,0.8845729033407737,-268.3325226769198,67.80814032924648,-212.56592347642822,57.710166928988,1498.7510947072742,0.0,41110166.202707686,0.003645694564495729,8.83333611111111,LOST,-298.8996424704345,87.04069570331833,-298.8996424704345,87.04069570331833
6132576,-0.6891,-0.7293,10.1259,0.0043,-0.0869,0.0066,52.413063,-1.530855,4.11,12.683,355.115,10.175489575936874,0.0872562891716121,0.3630785913724779,-0.0358600785460881,0.0860999999999999,0.2309000000000001,0.3913999999999991,0.0351,0.0322999999999999,0.006,0.1,39.93021999999999,11.091727777777775,1.1091727777777776,-0.09445280316351079,1.1051438453603342,-268.4269754800833,68.91328417460682,-212.56592347642822,57.710166928988,1499.799510429627,0.0,41110166.202707686,0.003648244823517264,11.091727777777775,LOST,-298.99409527359796,88.14583954867865,-298.99409527359796,88.14583954867865
6132676,-0.9468,-0.3118,9.8365,-0.0127,-0.1104,-0.0041,52.413063,-1.530855,4.11,12.708,355.535,9.886879271539629,0.1112036869892361,-0.2886103043972454,0.0239473978176239,-0.2576999999999999,0.4174999999999999,-0.2894000000000005,-0.017,-0.0234999999999999,-0.0107,0.1,29.899890000000006,8.305525000000001,0.8305525000000001,-0.06465859433510467,0.8280318360032172,-268.4916340744184,69.74131601061003,-212.56592347642822,57.710166928988,1500.5865895576794,0.0,41110166.202707686,0.0036501593843199895,8.305525000000001,LOST,-299.0587538679331,88.97387138468187,-299.0587538679331,88.97387138468187
6132775,-1.3429,-0.2191,9.6986,0.0074,-0.0807,0.0324,52.413063,-1.530855,4.11,13.470999999999998,356.749,9.793580917110964,0.0872754833845106,-0.0932983544286649,-0.0239282036047254,-0.3961,0.0927,-0.1378999999999983,0.0201,0.0297,0.0365,0.099,35.443269999999984,9.845352777777773,0.9746899249999996,-0.05527487303797536,0.9731213379158534,-268.5469089474564,70.71443734852589,-212.56592347642822,57.710166928988,1501.5167017677911,0.0,41110166.202707686,0.0036524218714272553,9.845352777777773,LOST,-299.1140287409711,89.94699272259774,-299.1140287409711,89.94699272259774
6132876,-1.0149,0.0061,9.3131,-0.0125,-0.1026,0.0776,52.413063,-1.530855,4.11,13.734000000000002,357.50800000000004,9.368238405911754,0.1292469341996165,-0.4253425111992097,0.0419714508151058,0.328,0.2251999999999999,-0.3855000000000004,-0.0199,-0.0219,0.0452,0.101,37.84164999999998,10.511569444444438,1.0616685138888884,-0.046161233909583606,1.0606644963733751,-268.593070181366,71.77510184489927,-212.56592347642822,57.710166928988,1502.5339903866989,0.0,41110166.202707686,0.00365489641413256,10.511569444444438,LOST,-299.1601899748807,91.0076572189711,-299.1601899748807,91.0076572189711
6132975,-0.8106,-1.6666,10.2736,-0.0104,-0.1184,0.0742,52.413063,-1.530855,4.11,14.550999999999998,358.63300000000004,10.439419757821792,0.1401155237652131,1.0711813519100382,0.0108685895655965,0.2042999999999999,-1.6727,0.9604999999999996,0.0021,-0.0158,-0.0034,0.099,37.699110000000005,10.471975,1.036725525,-0.024732525760627774,1.0364304686548083,-268.6178027071266,72.81153231355408,-212.56592347642822,57.710166928988,1503.5330643263903,0.0,41110166.202707686,0.0036573266498430295,10.471975,LOST,-299.1849225006413,92.04408768762593,-299.1849225006413,92.04408768762593
6133075,-0.9864,-1.5497,10.1685,0.0062,-0.1294,0.0229,52.413063,-1.530855,4.11,15.116,359.384,10.333099597894138,0.1315568698320235,-0.1063201599276535,-0.0085586539331895,-0.1758,0.1169,-0.1051000000000002,0.0166,-0.0109999999999999,-0.0513,0.1,34.05496000000001,9.459711111111114,0.9459711111111114,-0.010170155350031367,0.945916439754034,-268.6279728624766,73.75744875330811,-212.56592347642822,57.710166928988,1504.4479540784746,0.0,41110166.202707686,0.003659552108498616,9.459711111111114,LOST,-299.1950926559913,92.99000412737996,-299.1950926559913,92.99000412737996
6133176,-1.1288,-1.4004,10.18,-0.0029,-0.1638,-0.0004,52.413063,-1.530855,4.11,15.408,359.843,10.337683957250771,0.1638261578625342,0.0045843593566328,0.0322692880305106,-0.1423999999999999,0.1493,0.0114999999999998,-0.0091,-0.0344,-0.0233,0.101,36.01609000000001,10.004469444444448,1.0104514138888894,-0.002768802079360574,1.010447620396575,-268.63074166455596,74.76789637370469,-212.56592347642822,57.710166928988,1505.4272725947787,0.0,41110166.202707686,0.0036619342893720167,10.004469444444448,LOST,-299.19786145807063,94.00045174777654,-299.19786145807063,94.00045174777654
6133275,-1.5119,-0.7643,10.2012,0.0017,-0.1828,-0.0215,52.413063,-1.530855,4.11,15.772,1.262,10.340912800135198,0.1840678679183305,0.0032288428844271,0.0202417100557963,-0.3831,0.6361000000000001,0.0212000000000003,0.0046,-0.0189999999999999,-0.0210999999999999,0.099,33.74072,9.372422222222223,0.9278698000000001,0.020435658919260247,0.9276447324253914,-268.6103060056367,75.69554110613008,-212.56592347642822,57.710166928988,1506.3319690420308,0.0,41110166.202707686,0.003664134952932439,9.372422222222223,LOST,-299.17742579915137,94.92809648020193,-299.17742579915137,94.92809648020193
6133376,-1.0995,-0.5446,9.7704,0.0102,-0.1724,0.0043,52.413063,-1.530855,4.11,16.25,2.709,9.847142000093225,0.1727549999276432,-0.4937708000419736,-0.0113128679906873,0.4124000000000001,0.2197,-0.4307999999999996,0.0085,0.0103999999999999,0.0257999999999999,0.101,19.897110000000005,5.526975000000001,0.5582244750000002,0.026383561745129562,0.5576006385924129,-268.58392244389154,76.2531417447225,-212.56592347642822,57.710166928988,1506.8792207083818,0.0,41110166.202707686,0.003665466136230635,5.526975000000001,LOST,-299.1510422374063,95.48569711879435,-299.1510422374063,95.48569711879435
6133476,-1.0255,-0.4801,9.6828,0.0049,-0.1879,0.0491,52.413063,-1.530855,4.11,16.592,2.303,9.748782595791129,0.1942710220285053,-0.0983594043020961,0.0215160221008621,0.0739999999999998,0.0644999999999999,-0.0876000000000001,-0.0053,-0.0155,0.0448,0.1,20.372450000000004,5.65901388888889,0.5659013888888891,0.022740243758567015,0.5654443060639789,-268.561182200133,76.81858605078648,-212.56592347642822,57.710166928988,1507.4332019498345,0.0,41110166.202707686,0.0036668136891418084,5.65901388888889,LOST,-299.1283019936477,96.05114142485832,-299.1283019936477,96.05114142485832
6133575,-0.9864,-1.2538,10.0057,-0.0039,-0.1929,0.0533,52.413063,-1.530855,4.11,17.053,2.809,10.132079346807346,0.2001662059389646,0.3832967510162177,0.0058951839104592,0.0391,-0.7737,0.3228999999999988,-0.0087999999999999,-0.0049999999999999,0.0042,0.099,26.522619999999996,7.367394444444443,0.7293720499999999,0.03574408901128102,0.7284956742644091,-268.5254381111217,77.54708172505089,-212.56592347642822,57.710166928988,1508.1485099633994,0.0,41110166.202707686,0.0036685536675452957,7.367394444444443,LOST,-299.09255790463635,96.77963709912274,-299.09255790463635,96.77963709912274
6133675,-1.6296,-1.3714,9.9721,-0.0113,-0.192,0.0313,52.413063,-1.530855,4.11,17.359,2.207,10.197014883288148,0.1948624643177849,0.0649355364808013,-0.0053037416211796,-0.6431999999999999,-0.1175999999999999,-0.0335999999999998,-0.0073999999999999,0.0008999999999999,-0.022,0.1,35.53932999999999,9.87203611111111,0.987203611111111,0.03801710424511575,0.9864713222266696,-268.48742100687656,78.53355304727755,-212.56592347642822,57.710166928988,1509.1146206972526,0.0,41110166.202707686,0.0036709037206418688,9.87203611111111,LOST,-299.05454080039124,97.7661084213494,-299.05454080039124,97.7661084213494
6133775,-1.3414,-1.5463,9.9632,-0.0065,-0.2282,-0.018,52.413063,-1.530855,4.11,17.845,2.822,10.171320066245087,0.2290010698664964,-0.0256948170430586,0.0341386055487115,0.2882,-0.1749,-0.0088999999999987,0.0048,-0.0361999999999999,-0.0493,0.1,24.473810000000007,6.798280555555557,0.6798280555555558,0.033470165153919915,0.679003632659662,-268.45395084172264,79.21255667993721,-212.56592347642822,57.710166928988,1509.7814001087243,0.0,41110166.202707686,0.0036725256537865412,6.798280555555557,LOST,-299.0210706352374,98.44511205400906,-299.0210706352374,98.44511205400906
6133876,-1.287,-0.9946,10.1397,-0.0048,-0.2271,0.0035,52.413063,-1.530855,4.11,17.816,0.598,10.269328812049988,0.2271776837631725,0.0980087458048988,-0.0018233861033239,0.0544,0.5517,0.176499999999999,0.0017,0.0010999999999999,0.0215,0.101,23.504279999999998,6.5289666666666655,0.6594256333333333,0.006882345833943403,0.6593897172483733,-268.4470684958887,79.87194639718558,-212.56592347642822,57.710166928988,1510.422706387262,0.0,41110166.202707686,0.0036740856238323336,6.5289666666666655,LOST,-299.01418828940336,99.10450177125742,-299.01418828940336,99.10450177125742
6133975,-1.4138,-0.9115,9.8336,0.0111,-0.1996,-0.0393,52.413063,-1.530855,4.11,17.608,0.23,9.976439828415748,0.2037347785725353,-0.2928889836342403,-0.0234429051906371,-0.1268,0.0831,-0.3060999999999989,0.0159,0.0274999999999999,-0.0428,0.099,28.750420000000005,7.9862277777777795,0.7906365500000002,0.0031738100023949354,0.7906301797464929,-268.4438946858863,80.66257657693207,-212.56592347642822,57.710166928988,1511.1904415761153,0.0,41110166.202707686,0.0036759531307284815,7.9862277777777795,LOST,-299.01101447940096,99.89513195100392,-299.01101447940096,99.89513195100392
6134075,-1.0982,-0.5221,9.2659,-0.0122,-0.2122,-0.0002,52.413063,-1.530855,4.11,17.503,2.123,9.345348279224268,0.2125505116437031,-0.6310915491914795,0.0088157330711678,0.3155999999999999,0.3893999999999999,-0.5677000000000003,-0.0233,-0.0126,0.0391,0.1,34.13513000000002,9.48198055555556,0.9481980555555561,0.03512586599468446,0.9475472157615478,-268.4087688198916,81.61012379269361,-212.56592347642822,57.710166928988,1512.118180917418,0.0,41110166.202707686,0.003678209845860034,9.48198055555556,LOST,-298.97588861340625,100.84267916676546,-298.97588861340625,100.84267916676546
6134182,-1.3006,-0.0872,9.3399,-0.0311,-0.2159,0.0133,52.413063,-1.530855,4.11,17.514,2.369,9.430423967669746,0.2185335443358753,0.0850756884454781,0.0059830326921722,-0.2023999999999999,0.4349,0.0739999999999998,-0.0189,-0.0037,0.0135,0.107,33.10291999999998,9.195255555555551,0.983892344444444,0.040669259080376004,0.9830514517675245,-268.3680995608112,82.59317524446114,-212.56592347642822,57.710166928988,1513.0817343039134,0.0,41110166.202707686,0.003680553678238974,9.195255555555551,LOST,-298.9352193543259,101.82573061853299,-298.9352193543259,101.82573061853299
6134275,-1.4483,-0.7461,10.1705,-0.0387,-0.2164,0.0319,52.413063,-1.530855,4.11,18.094,3.347,10.300160598262536,0.2221356792593211,0.8697366305927883,0.0036021349234457,-0.1476999999999999,-0.6589,0.8306000000000004,-0.0075999999999999,-0.0005,0.0186,0.093,31.272660000000016,8.686850000000005,0.8078770500000004,0.0471662470587458,0.8064990223522261,-268.32093331375245,83.39967426681336,-212.56592347642822,57.710166928988,1513.8756022540435,0.0,41110166.202707686,0.0036824847527722553,8.686850000000005,LOST,-298.8880531072672,102.63222964088521,-298.8880531072672,102.63222964088521
6134375,-1.4572,-0.9421,10.0508,-0.032,-0.2071,0.0244,52.413063,-1.530855,4.11,17.932000000000002,0.928,10.199488462172994,0.210973386947264,-0.1006721360895408,-0.0111622923120571,-0.0089000000000001,-0.196,-0.1196999999999999,0.0066999999999999,0.0093,-0.0074999999999999,0.1,31.16706999999999,8.657519444444441,0.8657519444444441,0.014021672883176912,0.8656383898596995,-268.30691164086926,84.26531265667306,-212.56592347642822,57.710166928988,1514.7188304441422,0.0,41110166.202707686,0.003684535895513788,8.657519444444441,LOST,-298.87403143438394,103.49786803074491,-298.87403143438394,103.49786803074491
6134476,-1.457,-0.8802,9.8898,-0.0389,-0.2232,0.0129,52.413063,-1.530855,4.11,18.115,0.314,10.035225213217688,0.2269313993258755,-0.1642632489553062,0.0159580123786115,0.0001999999999999,0.0619,-0.1610000000000013,-0.0068999999999999,-0.0161,-0.0115,0.101,24.955759999999994,6.932155555555553,0.700147711111111,0.0038370239951177445,0.7001371969985516,-268.30307461687414,84.96544985367161,-212.56592347642822,57.710166928988,1515.3990432155667,0.0,41110166.202707686,0.003686190505149931,6.932155555555553,LOST,-298.8701944103889,104.19800522774347,-298.8701944103889,104.19800522774347
6134575,-1.7643,-0.4958,9.474,-0.0286,-0.204,0.0263,52.413063,-1.530855,4.11,18.277,1.3769999999999998,9.649624248124898,0.2076671615831448,-0.3856009650927898,-0.0192642377427307,-0.3072999999999999,0.3843999999999999,-0.415799999999999,0.0102999999999999,0.0192,0.0134,0.099,35.87321,9.964780555555555,0.986513275,0.023706772557420538,0.9862283866762994,-268.2793678443167,85.95167824034792,-212.56592347642822,57.710166928988,1516.3616663850514,0.0,41110166.202707686,0.0036885320747868386,9.964780555555555,LOST,-298.8464876378314,105.18423361441975,-298.8464876378314,105.18423361441975
6134675,-1.6582,-0.7303,9.7076,-0.0247,-0.2002,0.034,52.413063,-1.530855,4.11,18.166,1.721,9.875244963543942,0.204563266497189,0.2256207154190441,-0.0031038950859557,0.1061,-0.2344999999999999,0.2335999999999991,0.0039,0.0037999999999999,0.0077,0.1,32.469739999999994,9.01937222222222,0.9019372222222221,0.027087519736689842,0.9015303761407335,-268.25228032458,86.85320861648864,-212.56592347642822,57.710166928988,1517.2429560997805,0.0,41110166.202707686,0.003690675801743289,9.01937222222222,LOST,-298.8194001180947,106.08576399056048,-298.8194001180947,106.08576399056048
6134775,-1.678,-0.9099,9.7553,-0.0432,-0.2194,0.0039,52.413063,-1.530855,4.11,18.209,1.218,9.940295775277514,0.2236466185749295,0.0650508117335721,0.0190833520777404,-0.0198,-0.1796000000000001,0.0477000000000007,-0.0185,-0.0192,-0.0301,0.1,32.58716000000001,9.051988888888891,0.9051988888888891,0.019241368518334762,0.904994363619587,-268.23303895606165,87.75820298010824,-212.56592347642822,57.710166928988,1518.1257339946876,0.0,41110166.202707686,0.0036928231486806724,9.051988888888891,LOST,-298.8001587495763,106.99075835418009,-298.8001587495763,106.99075835418009
6134875,-1.7008,-0.5959,9.6692,-0.0121,-0.1974,0.0159,52.413063,-1.530855,4.11,18.101,2.12,9.835712790133718,0.1984086187644075,-0.1045829851437964,-0.025237999810522,-0.0228000000000001,0.314,-0.0861,0.0311,0.022,0.012,0.1,32.108070000000005,8.918908333333334,0.8918908333333335,0.032993305439237695,0.8912803713648255,-268.2000456506224,88.64948335147307,-212.56592347642822,57.710166928988,1518.9985544440137,0.0,41110166.202707686,0.0036949462742477705,8.918908333333334,LOST,-298.76716544413716,107.8820387255449,-298.76716544413716,107.8820387255449
6134975,-1.7264,-0.2542,9.7211,-0.0084,-0.237,0.0084,52.413063,-1.530855,4.11,18.335,1.5419999999999998,9.876480132618097,0.2372975347533134,0.0407673424843793,0.0388889159889059,-0.0255999999999998,0.3417,0.0518999999999998,0.0037,-0.0395999999999999,-0.0075,0.1,30.129980000000018,8.369438888888894,0.8369438888888894,0.022521932653302986,0.8366408044663001,-268.1775237179691,89.48612415593936,-212.56592347642822,57.710166928988,1519.8158461444336,0.0,41110166.202707686,0.0036969343267805425,8.369438888888894,LOST,-298.7446435114838,108.7186795300112,-298.7446435114838,108.7186795300112
6135075,-1.5006,-0.2583,10.0471,0.0139,-0.1855,0.0383,52.413063,-1.530855,4.11,18.187,2.329,10.161827476394194,0.1899219576562962,0.2853473437760971,-0.0473755770970171,0.2258,-0.0040999999999999,0.3260000000000005,0.0223,0.0514999999999999,0.0299,0.1,31.598659999999995,8.777405555555553,0.8777405555555554,0.035669203857873547,0.8770155020084426,-268.14185451411123,90.36313965794781,-212.56592347642822,57.710166928988,1520.6755138021742,0.0,41110166.202707686,0.0036990254583354524,8.777405555555553,LOST,-298.7089743076259,109.59569503201965,-298.7089743076259,109.59569503201965
6135175,-1.4031,-0.334,9.7774,0.0001,-0.2065,0.0288,52.413063,-1.530855,4.11,18.072,2.734,9.883207797572608,0.2084986810509841,-0.2786196788215864,0.0185767233946878,0.0974999999999999,-0.0757,-0.2697000000000003,-0.0138,-0.0209999999999999,-0.0095,0.1,22.60853999999999,6.280149999999997,0.6280149999999998,0.029955810302812667,0.6273001591376345,-268.11189870380844,90.99043981708544,-212.56592347642822,57.710166928988,1521.2914906917492,0.0,41110166.202707686,0.003700523814937899,6.280149999999997,LOST,-298.6790184973231,110.22299519115728,-298.6790184973231,110.22299519115728
6135275,-1.5032,-0.214,9.9985,-0.0124,-0.2096,0.0224,52.413063,-1.530855,4.11,18.025,3.506,10.11313049900969,0.2111579503594406,0.2299227014370828,0.0026592693084565,-0.1001,0.12,0.2210999999999998,-0.0124999999999999,-0.0031,-0.0063999999999999,0.1,30.235609999999994,8.398780555555554,0.8398780555555554,0.05136111617417076,0.8383061397539231,-268.06053758763426,91.82874595683937,-212.56592347642822,57.710166928988,1522.1174135736912,0.0,41110166.202707686,0.0037025328627190964,8.398780555555554,LOST,-298.627657381149,111.06130133091122,-298.627657381149,111.06130133091122
6135376,-1.5254,-0.1801,9.8628,-0.0188,-0.2219,0.0042,52.413063,-1.530855,4.11,17.982,4.082,9.981688484920776,0.2227345729786914,-0.1314420140889147,0.0115766226192507,-0.0221999999999999,0.0338999999999999,-0.1356999999999999,-0.0064,-0.0122999999999999,-0.0182,0.101,25.41413999999998,7.059483333333327,0.7130078166666661,0.05075480941655118,0.7111990550815261,-268.0097827782177,92.53994501192089,-212.56592347642822,57.710166928988,1522.81985108654,0.0,41110166.202707686,0.003704241533779644,7.059483333333327,LOST,-298.5769025717324,111.77250038599274,-298.5769025717324,111.77250038599274
6135475,-1.5916,-0.0976,9.6885,-0.0061,-0.191,0.0256,52.413063,-1.530855,4.11,17.777,5.169,9.818846600797876,0.1928044864623227,-0.1628418841228995,-0.0299300865163686,-0.0661999999999998,0.0825,-0.1743000000000005,0.0127,0.0308999999999999,0.0214,0.099,33.00244000000001,9.167344444444446,0.9075671000000002,0.08176611583273981,0.9038762876102223,-267.92801666238495,93.44382129953111,-212.56592347642822,57.710166928988,1523.716768156038,0.0,41110166.202707686,0.003706423274094376,9.167344444444446,LOST,-298.4951364558997,112.67637667360296,-298.4951364558997,112.67637667360296
6135576,-1.3295,0.0806,9.8915,-0.0124,-0.1826,0.0256,52.413063,-1.530855,4.11,17.618,4.727,9.980773460007995,0.1848022727132975,0.161926859210121,-0.0080022137490251,0.2621,0.1782,0.2030000000000011,-0.0062999999999999,0.0083999999999999,0.0,0.101,26.492879999999996,7.359133333333332,0.7432724666666666,0.06125171176225957,0.7407443469314795,-267.86676495062267,94.18456564646259,-212.56592347642822,57.710166928988,1524.4504309401505,0.0,41110166.202707686,0.0037082079002632292,7.359133333333332,LOST,-298.43388474413734,113.41712102053444,-298.43388474413734,113.41712102053444
6135675,-1.827,-0.0178,9.7996,-0.0134,-0.1767,0.0241,52.413063,-1.530855,4.11,17.543,5.376,9.968470594830483,0.1788386423567345,-0.0123028651775136,-0.005963630356563,-0.4975,-0.0984,-0.0919000000000007,-0.001,0.0059,-0.0015,0.099,32.795190000000005,9.109775,0.9018677250000001,0.08449714610401865,0.8979006769665294,-267.78226780451865,95.08246632342912,-212.56592347642822,57.710166928988,1525.3422299468705,0.0,41110166.202707686,0.003710377190949924,9.109775,LOST,-298.34938759803333,114.31502169750095,-298.34938759803333,114.31502169750095
6135776,-1.7811,-0.2341,10.0049,0.0029,-0.1618,0.0281,52.413063,-1.530855,4.11,17.201,7.053,10.164897639917482,0.1642475570594582,0.1964270450869989,-0.0145910852972762,0.0459,-0.2163,0.2052999999999993,0.0163,0.0148999999999999,0.004,0.101,32.69648,9.082355555555555,0.9173179111111112,0.11263510021716315,0.9103765617832668,-267.6696327043015,95.99284288521238,-212.56592347642822,57.710166928988,1526.2529271700002,0.0,41110166.202707686,0.003712592451327708,9.082355555555555,LOST,-298.23675249781616,115.22539825928422,-298.23675249781616,115.22539825928422
6135875,-1.5944,-0.0747,9.8201,-0.0008,-0.1548,0.0232,52.413063,-1.530855,4.11,16.808,8.255,9.948972583136412,0.156530891519853,-0.2159250567810708,-0.0077166655396052,0.1866999999999998,0.1594,-0.1847999999999992,-0.0036999999999999,0.007,-0.0049,0.099,34.630500000000005,9.619583333333335,0.9523387500000002,0.13673583093015249,0.9424714357960159,-267.5328968733713,96.9353143210084,-212.56592347642822,57.710166928988,1527.2005866049744,0.0,41110166.202707686,0.0037148976218548753,9.619583333333335,LOST,-298.10001666688606,116.16786969508024,-298.10001666688606,116.16786969508024
6135975,-1.4669,0.1032,9.5889,-0.0045,-0.1479,-0.0012,52.413063,-1.530855,4.11,16.697,7.926,9.701002477063904,0.1479733084039145,-0.2479701060725077,-0.0085575831159385,0.1274999999999999,0.1779,-0.2311999999999994,-0.0036999999999999,0.0068999999999999,-0.0243999999999999,0.1,32.22495000000001,8.951375000000002,0.8951375000000003,0.12343410009864636,0.8865862433170774,-267.4094627732727,97.82190056432549,-212.56592347642822,57.710166928988,1528.0908080256188,0.0,41110166.202707686,0.0037170630750818336,8.951375000000002,LOST,-297.97658256678744,117.05445593839733,-297.97658256678744,117.05445593839733
6136075,-1.4194,0.3679,9.5724,0.0036,-0.123,-0.0003,52.413063,-1.530855,4.11,16.218,7.744,9.684053310985025,0.1230530373456909,-0.0169491660788807,-0.0249202710582236,0.0475000000000001,0.2647,-0.0165000000000006,0.0081,0.0249,0.0009,0.1,38.87421000000001,10.798391666666669,1.079839166666667,0.14550526776849596,1.069991048055534,-267.2639575055042,98.89189161238102,-212.56592347642822,57.710166928988,1529.164360319495,0.0,41110166.202707686,0.0037196744785205414,10.798391666666669,LOST,-297.83107729901894,118.12444698645285,-297.83107729901894,118.12444698645285
6136175,-1.3204,0.3725,9.6759,-0.0084,-0.1215,-0.0008,52.413063,-1.530855,4.11,16.132,8.252,9.77267891726726,0.1217926516666748,0.0886256062822372,-0.001260385679016,0.0989999999999999,0.0045999999999999,0.1035000000000003,-0.012,0.0015,-0.0005,0.1,34.39446000000002,9.554016666666671,0.9554016666666671,0.1371260948064605,0.9455097983588404,-267.1268314106978,99.83740141073986,-212.56592347642822,57.710166928988,1530.1150815011652,0.0,41110166.202707686,0.0037219870967108507,9.554016666666671,LOST,-297.69395120421245,119.0699567848117,-297.69395120421245,119.0699567848117
6136275,-1.1296,0.2442,9.9869,-0.0001,-0.0826,0.0262,52.413063,-1.530855,4.11,15.8,9.592,10.053546708003102,0.086655698023846,0.2808677907358419,-0.0351369536428287,0.1908,-0.1283,0.3109999999999999,0.0083,0.0388999999999999,0.027,0.1,31.485670000000006,8.746019444444446,0.8746019444444446,0.14573586138898995,0.8623744082074865,-266.9810955493088,100.69977581894734,-212.56592347642822,57.710166928988,1530.9871862842358,0.0,41110166.202707686,0.003724108481428126,8.746019444444446,LOST,-297.5482153428235,119.9323311930192,-297.5482153428235,119.9323311930192
6136376,-1.0918,0.037,9.9075,0.0027,-0.0947,0.0173,52.413063,-1.530855,4.11,15.268,11.192,9.96754495801248,0.096305088131417,-0.086001749990622,0.0096493901075709,0.0377999999999998,-0.2072,-0.0793999999999996,0.0028,-0.0121,-0.0089,0.101,31.583219999999994,8.773116666666665,0.8860847833333332,0.17198673680694476,0.8692334586389198,-266.80910881250185,101.56900927758626,-212.56592347642822,57.710166928988,1531.8722663947142,0.0,41110166.202707686,0.0037262614284780454,8.773116666666665,LOST,-297.3762286060165,120.80156465165811,-297.3762286060165,120.80156465165811
6136475,-0.9693,0.0755,9.9038,0.0069,-0.0795,0.0149,52.413063,-1.530855,4.11,14.755999999999998,12.734000000000002,9.951406794016613,0.0811780142649473,-0.0161381639958673,-0.0151270738664696,0.1225,0.0385,-0.0037000000000002,0.0042,0.0152,-0.0023999999999999,0.099,30.01326999999999,8.337019444444442,0.8253649249999998,0.1819311126714613,0.8050641773563021,-266.6271776998304,102.37407345494256,-212.56592347642822,57.710166928988,1532.6974546287313,0.0,41110166.202707686,0.0037282686892367305,8.337019444444442,LOST,-297.19429749334506,121.6066288290144,-297.19429749334506,121.6066288290144
6136576,-1.0165,0.1898,9.7642,-0.0075,-0.0727,0.0028,52.413063,-1.530855,4.11,14.728,14.019,9.818803284005645,0.0731394558360943,-0.1326035100109699,-0.0080385584288529,-0.0471999999999999,0.1143,-0.1395999999999997,-0.0144,0.0068,-0.0121,0.101,35.788999999999994,9.941388888888888,1.0040802777777778,0.24323206589938443,0.9741741971231925,-266.383945633931,103.34824765206575,-212.56592347642822,57.710166928988,1533.7015333860604,0.0,41110166.202707686,0.0037307110991077544,9.941388888888888,LOST,-296.95106542744566,122.5808030261376,-296.95106542744566,122.5808030261376
6136675,-0.9033,0.2035,9.8011,0.0049,-0.0575,0.0128,52.413063,-1.530855,4.11,13.871,14.224,9.844740948851827,0.0591109126980797,0.0259376648461859,-0.0140285431380146,0.1131999999999999,0.0136999999999999,0.0368999999999992,0.0124,0.0151999999999999,0.01,0.099,35.43695,9.843597222222224,0.9745161250000002,0.2394517139550721,0.9446399073557047,-266.1444939199759,104.29288755942146,-212.56592347642822,57.710166928988,1534.6760357415787,0.0,41110166.202707686,0.0037330815647261934,9.843597222222224,LOST,-296.7116137134906,123.52544293349331,-296.7116137134906,123.52544293349331
6136775,-0.7083,0.2256,9.823,0.0002,-0.0509,0.0143,52.413063,-1.530855,4.11,13.752,14.157,9.851086907037214,0.0528709750241094,0.0063459581853848,-0.0062399376739703,0.1949999999999999,0.0221,0.0219000000000004,-0.0047,0.0066,0.0014999999999999,0.1,34.44823000000001,9.56895277777778,0.9568952777777779,0.2340372138369618,0.9278335816151747,-265.9104567061389,105.22072114103663,-212.56592347642822,57.710166928988,1535.6329228047537,0.0,41110166.202707686,0.003735409181351377,9.56895277777778,LOST,-296.47757649965365,124.45327651510848,-296.47757649965365,124.45327651510848
6136875,-0.5363,0.117,9.8137,0.001,-0.0518,0.0061,52.413063,-1.530855,4.11,13.363,15.879,9.829039341665084,0.0521675186298907,-0.0220475653721283,-0.0007034563942186,0.172,-0.1085999999999999,-0.0092999999999996,0.0008,-0.0008999999999999,-0.0081999999999999,0.1,23.140059999999995,6.427794444444443,0.6427794444444443,0.17586876499960255,0.6182520454457252,-265.7345879411393,105.83897318648236,-212.56592347642822,57.710166928988,1536.275326601656,0.0,41110166.202707686,0.0037369718210977956,6.427794444444443,LOST,-296.301707734654,125.07152856055421,-296.301707734654,125.07152856055421
6136975,-0.3101,0.1104,9.8684,0.0079,-0.0406,0.011,52.413063,-1.530855,4.11,12.535,17.692999999999998,9.87388822754238,0.0427991822351782,0.0448488858772933,-0.0093683363947124,0.2262,-0.0066,0.0546999999999986,0.0069,0.0112,0.0048999999999999,0.1,28.73318,7.9814388888888885,0.7981438888888889,0.24256923217379836,0.7603905805395625,-265.4920187089655,106.59936376702193,-212.56592347642822,57.710166928988,1537.0717419245152,0.0,41110166.202707686,0.0037389090920855418,7.9814388888888885,LOST,-296.0591385024802,125.83191914109378,-296.0591385024802,125.83191914109378
6137075,-0.3404,0.1262,9.7791,0.0031,-0.0501,0.0095,52.413063,-1.530855,4.11,12.323,20.241,9.7858364696126,0.0510868867714602,-0.0880517579297794,0.0082877045362819,-0.0302999999999999,0.0158,-0.0892999999999997,-0.0048,-0.0095,-0.0014999999999999,0.1,27.327910000000006,7.591086111111113,0.7591086111111114,0.2626285648333136,0.7122303843537107,-265.22939014413214,107.31159415137564,-212.56592347642822,57.710166928988,1537.8262414925712,0.0,41110166.202707686,0.003740744403488409,7.591086111111113,LOST,-295.7965099376469,126.5441495254475,-295.7965099376469,126.5441495254475
6137176,-0.1175,0.0889,9.9237,0.0008,-0.0536,0.0041,52.413063,-1.530855,4.11,11.786,20.662,9.924793758562442,0.0537625334224495,0.1389572889498431,0.0026756466509892,0.2229,-0.0373,0.1446000000000005,-0.0023,-0.0035,-0.0053999999999999,0.101,19.305909999999997,5.362752777777777,0.5416380305555555,0.19111933851531465,0.5067989291519561,-265.03827080561683,107.8183930805276,-212.56592347642822,57.710166928988,1538.364141492722,0.0,41110166.202707686,0.0037420528389676003,5.362752777777777,LOST,-295.6053905991315,127.05094845459945,-295.6053905991315,127.05094845459945
6137276,-0.3221,0.0845,9.7736,-0.0014,-0.0412,0.0112,52.413063,-1.530855,4.11,11.347,23.66,9.779271221312966,0.0427181460271861,-0.1455225372494766,-0.0110443873952633,-0.2046,-0.0044,-0.1501000000000001,-0.0022,0.0124,0.0070999999999999,0.1,29.44539000000001,8.179275000000002,0.8179275000000003,0.3282411973388437,0.7491749539498852,-264.710029608278,108.56756803447749,-212.56592347642822,57.710166928988,1539.1703043897855,0.0,41110166.202707686,0.003744013820815955,8.179275000000002,LOST,-295.2771494017927,127.80012340854933,-295.2771494017927,127.80012340854933
6137375,-0.0874,0.0905,10.0417,-0.008,-0.0556,0.0045,52.413063,-1.530855,4.11,11.606,24.252,10.042488132928016,0.0563525509626671,0.26321691161505,0.013634404935481,0.2347,0.0059999999999999,0.2681000000000004,-0.0066,-0.0143999999999999,-0.0067,0.099,25.83942,7.177616666666666,0.71058405,0.29187288092640506,0.6478733776704543,-264.4181567273516,109.21544141214794,-212.56592347642822,57.710166928988,1539.8694006431729,0.0,41110166.202707686,0.0037457143643018177,7.177616666666666,LOST,-294.98527652086625,128.4479967862198,-294.98527652086625,128.4479967862198
6137476,-0.1527,0.0063,9.8918,-0.0034,-0.0544,0.0027,52.413063,-1.530855,4.11,10.919,22.757,9.89298055289709,0.054572978661605,-0.1495075800309262,-0.0017795723010621,-0.0653,-0.0842,-0.1499000000000006,0.0046,0.0011999999999999,-0.0017999999999999,0.101,19.269430000000003,5.3526194444444455,0.5406145638888891,0.2091224863334382,0.4985297307066998,-264.2090342410181,109.71397114285463,-212.56592347642822,57.710166928988,1540.403625787823,0.0,41110166.202707686,0.0037470138607378477,5.3526194444444455,LOST,-294.77615403453285,128.94652651692647,-294.77615403453285,128.94652651692647
6137575,-0.3348,0.189,9.8254,0.0028,-0.0453,0.0074,52.413063,-1.530855,4.11,10.598,25.975,9.832919057940018,0.0459857586650475,-0.0600614949570719,-0.0085872199965574,-0.1820999999999999,0.1827,-0.0663999999999997,0.0062,0.0090999999999999,0.0047,0.099,24.08174000000001,6.689372222222225,0.6622478500000003,0.29005060618583944,0.5953510398755091,-263.9189836348323,110.30932218273014,-212.56592347642822,57.710166928988,1541.0513260238938,0.0,41110166.202707686,0.0037485893840107946,6.689372222222225,LOST,-294.48610342834695,129.54187755680198,-294.48610342834695,129.54187755680198
6137675,-0.3877,0.1341,9.9919,-0.0051,-0.0526,0.0029,52.413063,-1.530855,4.11,10.199,26.613000000000003,10.000317980444422,0.0529261749987659,0.1673989225044039,0.0069404163337183,-0.0529,-0.0549,0.1664999999999992,-0.0079,-0.0073,-0.0045,0.1,27.39329,7.609247222222222,0.7609247222222222,0.3408653250122079,0.6803067419137399,-263.57811830982007,110.98962892464388,-212.56592347642822,57.710166928988,1541.7937396887428,0.0,41110166.202707686,0.003750395296595015,7.609247222222222,LOST,-294.1452381033348,130.22218429871572,-294.1452381033348,130.22218429871572
6137775,-0.4005,0.1614,9.8553,-0.0032,-0.0531,0.0047,52.413063,-1.530855,4.11,9.821,27.62,9.86475485250394,0.0534035579339054,-0.1355631279404825,0.0004773829351395,-0.0128,0.0272999999999999,-0.1365999999999996,0.0019,-0.0005,0.0018,0.1,17.75606,4.9322388888888895,0.49322388888888896,0.22866123378169356,0.437016984493867,-263.3494570760384,111.42664590913775,-212.56592347642822,57.710166928988,1542.2730009422464,0.0,41110166.202707686,0.0037515610940066354,4.9322388888888895,LOST,-293.91657686955307,130.6592012832096,-293.91657686955307,130.6592012832096
6137875,-0.5934,0.2138,9.9621,0.0024,-0.0493,0.0024,52.413063,-1.530855,4.11,8.986,29.9,9.982047405717926,0.049416697582902,0.1172925532139874,-0.0039868603510034,-0.1929,0.0524,0.1067999999999997,0.0056,0.0038,-0.0023,0.1,35.99240999999999,9.997891666666664,0.9997891666666665,0.4983826419220321,0.8667139782043688,-262.85107443411636,112.29335988734212,-212.56592347642822,57.710166928988,1543.234355932589,0.0,41110166.202707686,0.003753899578812565,9.997891666666664,LOST,-293.41819422763103,131.52591526141396,-293.41819422763103,131.52591526141396
6137975,-0.6233,0.1615,9.8548,-0.005,-0.041,0.0078,52.413063,-1.530855,4.11,8.946,30.112,9.8758122795039,0.0420337959266112,-0.1062351262140275,-0.0073829016562908,-0.0298999999999999,-0.0522999999999999,-0.1073000000000004,-0.0074,0.0082999999999999,0.0054,0.1,34.69090999999999,9.636363888888885,0.9636363888888886,0.4834485930612542,0.8335901558067437,-262.3676258410551,113.12695004314887,-212.56592347642822,57.710166928988,1544.1600095825468,0.0,41110166.202707686,0.003756151220524236,9.636363888888885,LOST,-292.9347456345698,132.3595054172207,-292.9347456345698,132.3595054172207
6138075,-0.3529,0.2434,9.8453,-0.0023,-0.0365,0.0119,52.413063,-1.530855,4.11,8.446,32.289,9.854629067600667,0.0384597191877423,-0.0211832119032315,-0.0035740767388688,0.2704,0.0819,-0.0094999999999991,0.0027,0.0045,0.0041,0.1,30.235970000000005,8.398880555555557,0.8398880555555558,0.44865985156380067,0.710011467132497,-261.9189659894913,113.83696151028137,-212.56592347642822,57.710166928988,1544.957386554612,0.0,41110166.202707686,0.003758090830712464,8.398880555555557,LOST,-292.48608578300605,133.06951688435322,-292.48608578300605,133.06951688435322
6138176,-0.6391,0.2438,9.8455,-0.0098,-0.0447,0.0066,52.413063,-1.530855,4.11,7.69,34.228,9.869232872923812,0.0462351597812746,0.0146038053231443,0.0077754405935322,-0.2862,0.0003999999999999,0.0001999999999995,-0.0075,-0.0081999999999999,-0.0053,0.101,33.78737,9.385380555555557,0.9479234361111113,0.5331950823810895,0.7837485852321006,-261.3857709071102,114.62071009551347,-212.56592347642822,57.710166928988,1545.8468034220507,0.0,41110166.202707686,0.0037602543268731295,9.385380555555557,LOST,-291.95289070062495,133.85326546958532,-291.95289070062495,133.85326546958532
6138276,-0.6074,0.2762,9.8215,-0.0039,-0.0374,0.0024,52.413063,-1.530855,4.11,7.537999999999999,33.954,9.84413954848264,0.0376793046644972,-0.0250933244411708,-0.0085558551167774,0.0316999999999999,0.0324,-0.0239999999999991,0.0059,0.0072999999999999,-0.0042,0.1,35.148900000000005,9.763583333333335,0.9763583333333336,0.5453226170852978,0.809875816631591,-260.84044829002494,115.43058591214506,-212.56592347642822,57.710166928988,1546.7645758786762,0.0,41110166.202707686,0.0037624867976739046,9.763583333333335,LOST,-291.4075680835397,134.6631412862169,-291.4075680835397,134.6631412862169
6138375,-0.5336,0.1698,9.9386,-0.0048,-0.0336,0.0075,52.413063,-1.530855,4.11,7.085,36.713,9.95436240851216,0.0347598906787694,0.110222860029518,-0.0029194139857277,0.0738,-0.1064,0.1170999999999988,-0.0008999999999999,0.0038,0.0051,0.099,27.00849,7.502358333333333,0.742733475,0.44401130667091243,0.5954048827763883,-260.396436983354,116.02599079492146,-212.56592347642822,57.710166928988,1547.4497922151238,0.0,41110166.202707686,0.003764153578423632,7.502358333333333,LOST,-290.9635567768687,135.2585461689933,-290.9635567768687,135.2585461689933
6138475,-0.4403,0.2917,9.859,-0.0031,-0.0241,0.0075,52.413063,-1.530855,4.11,6.527,37.691,9.873136987806864,0.0254297070372428,-0.0812254207052944,-0.0093301836415265,0.0932999999999999,0.1219,-0.0795999999999992,0.0016999999999999,0.0094999999999999,0.0,0.1,27.492849999999994,7.636902777777776,0.7636902777777776,0.46692233410292205,0.6043230711202232,-259.9295146492511,116.63031386604167,-212.56592347642822,57.710166928988,1548.1492689686086,0.0,41110166.202707686,0.003765855047471545,7.636902777777776,LOST,-290.49663444276575,135.86286924011353,-290.49663444276575,135.86286924011353
6138576,-0.5496,0.3474,9.7451,-0.0019,-0.0306,0.0012,52.413063,-1.530855,4.11,6.318,38.034,9.766766144942755,0.0306824053815863,-0.1063708428641074,0.0052526983443434,-0.1092999999999999,0.0556999999999999,-0.1138999999999992,0.0012,-0.0064999999999999,-0.0063,0.101,32.996459999999985,9.165683333333329,0.9257340166666662,0.5703715571933937,0.7291500232178442,-259.3591430920577,117.35946388925952,-212.56592347642822,57.710166928988,1548.995007839188,0.0,41110166.202707686,0.0037679122974140756,9.165683333333329,LOST,-289.92626288557244,136.59201926333137,-289.92626288557244,136.59201926333137
6138675,-0.315,0.2465,10.0031,-0.0052,-0.0325,-0.0004,52.413063,-1.530855,4.11,6.001,40.321,10.011093689502662,0.0329158016763985,0.2443275445599049,0.0022333962948121,0.2345999999999999,-0.1008999999999999,0.2579999999999991,-0.0033,-0.0019,-0.0015999999999999,0.099,29.885310000000008,8.301475000000002,0.8218460250000003,0.531791306301087,0.6266010655519862,-258.8273517857566,117.9860649548115,-212.56592347642822,57.710166928988,1549.7319886412545,0.0,41110166.202707686,0.0037697049946229183,8.301475000000002,LOST,-289.39447157927134,137.21862032888333,-289.39447157927134,137.21862032888333
6138775,-0.5929,0.2573,9.7783,0.0023,-0.0123,0.0149,52.413063,-1.530855,4.11,5.494,41.512,9.79963696215324,0.0194573893418413,-0.2114567273494216,-0.0134584123345572,-0.2779,0.0107999999999999,-0.2248000000000001,0.0075,0.0202,0.0153,0.1,20.81894999999999,5.783041666666664,0.5783041666666664,0.3832866397181869,0.43304394811331587,-258.44406514603844,118.41910890292482,-212.56592347642822,57.710166928988,1550.2451986087517,0.0,41110166.202707686,0.003770953371885532,5.783041666666664,LOST,-289.0111849395531,137.65166427699666,-289.0111849395531,137.65166427699666
6138876,-0.4221,0.2064,9.8286,-0.0006,-0.0251,-0.0066,52.413063,-1.530855,4.11,5.472,41.361,9.839824557887198,0.025960161786861,0.0401875957339576,0.0065027724450197,0.1708,-0.0508999999999999,0.0503,-0.0029,-0.0128,-0.0215,0.101,30.758429999999986,8.544008333333329,0.8629448416666663,0.5702349245625259,0.6476927748309982,-257.87383022147594,119.06680167775582,-212.56592347642822,57.710166928988,1551.0121400415442,0.0,41110166.202707686,0.003772818947979315,8.544008333333329,LOST,-288.4409500149907,138.29935705182766,-288.4409500149907,138.29935705182766
6138976,-0.3823,0.238,9.8178,-0.0023,-0.0273,-0.0048,52.413063,-1.530855,4.11,4.601,42.347,9.828122614721492,0.0278140252390767,-0.0117019431657059,0.0018538634522157,0.0398,0.0315999999999999,-0.0107999999999996,-0.0017,-0.0022,0.0018,0.1,25.089830000000003,6.969397222222223,0.6969397222222223,0.4694718456475135,0.5150933532433764,-257.40435837582845,119.58189503099919,-212.56592347642822,57.710166928988,1551.6260325256135,0.0,41110166.202707686,0.0037743122342896707,6.969397222222223,LOST,-287.9714781693432,138.81445040507103,-287.9714781693432,138.81445040507103
6139076,-0.506,0.2976,9.8727,0.0039,-0.0147,0.0042,52.413063,-1.530855,4.11,4.374,43.801,9.890136856990402,0.0157778325507656,0.0620142422689102,-0.0120361926883111,-0.1237,0.0595999999999999,0.0548999999999999,0.0062,0.0126,0.009,0.1,12.703730000000006,3.5288138888888905,0.3528813888888891,0.24424888974761086,0.25469148882758297,-257.16010948608084,119.83658651982678,-212.56592347642822,57.710166928988,1551.9325539681952,0.0,41110166.202707686,0.0037750578441251314,3.5288138888888905,LOST,-287.7272292795956,139.06914189389863,-287.7272292795956,139.06914189389863
6139175,-0.2552,0.3065,9.9785,0.002,-0.0077,0.0086,52.413063,-1.530855,4.11,3.899,45.53,9.986467420464557,0.0117153745138599,0.0963305634741544,-0.0040624580369056,0.2508,0.0089,0.1058000000000003,-0.0018999999999999,0.0069999999999999,0.0044,0.099,10.739990000000008,2.9833305555555576,0.29534972500000023,0.21076668707329696,0.20690302964848695,-256.9493427990075,120.04348954947527,-212.56592347642822,57.710166928988,1552.184586197831,0.0,41110166.202707686,0.0037756709095853715,2.9833305555555576,LOST,-287.5164625925222,139.27604492354712,-287.5164625925222,139.27604492354712
6139276,-0.4283,0.2724,9.9711,-0.0004,-0.012,-0.0021,52.413296,-1.530721,0.0,3.866,47.863,9.98401111077106,0.0121889294033561,-0.0024563096934961,0.0004735548894961,-0.1731,-0.0341,-0.0074000000000005,-0.0024,-0.0043,-0.0107,0.101,9.696520000000003,2.6934777777777787,0.2720412555555557,0.2017302190376749,0.18251400891782218,-256.7476125799698,120.22600355839309,-203.47727199402286,83.61858483733498,1525.0734581233005,27.451872152482885,41110193.65457984,0.003709720929406036,2.6934777777777787,LOST,-287.3147323734845,139.45855893246494,-287.3147323734845,139.45855893246494
6139375,-0.3477,0.3007,9.8705,-0.0016,-0.0136,-0.0058,52.413296,-1.530721,0.0,3.236,45.803,9.881198613022612,0.014871449156017,-0.1028124977484488,0.0026825197526608,0.0806,0.0283,-0.1006,-0.0012,-0.0015999999999999,-0.0036999999999999,0.099,7.144040000000002,1.984455555555556,0.19646110000000006,0.14085221790133323,0.13695844817128064,-256.6067603620685,120.36296200656437,-203.47727199402286,83.61858483733498,1525.2404657232216,0.0,41110193.65457984,0.00371012717317449,1.984455555555556,LOST,-287.1738801555832,139.5955173806362,-287.1738801555832,139.5955173806362
6139475,-0.2191,0.3014,9.9132,-0.0069,-0.0027,0.0033,52.413296,-1.530721,0.0,3.125,46.423,9.920200653716638,0.0081111035007574,0.0390020406940259,-0.0067603456552595,0.1286,0.0006999999999999,0.0426999999999999,-0.0053,0.0109,0.0091,0.1,6.27771,1.7438083333333332,0.17438083333333332,0.12632995652328263,0.1202057283113134,-256.4804304055452,120.48316773487569,-203.47727199402286,83.61858483733498,1525.3877069203395,0.0,41110193.65457984,0.003710485335430682,1.7438083333333332,LOST,-287.04755019905986,139.71572310894754,-287.04755019905986,139.71572310894754
6139576,-0.4303,0.3538,9.7251,0.0019,-0.0091,-0.0018,52.413296,-1.530721,0.0,2.797,49.816,9.741042169090532,0.0094688964510126,-0.1791584846261056,0.0013577929502551,-0.2112,0.0524,-0.1881000000000003,0.0088,-0.0064,-0.0051,0.101,15.303189999999994,4.250886111111109,0.42933949722222203,0.3280051767636459,0.2770288936036814,-256.1524252287815,120.76019662847938,-203.47727199402286,83.61858483733498,1525.7360053890893,0.0,41110193.65457984,0.003711332566829483,4.250886111111109,LOST,-286.7195450222962,139.9927520025512,-286.7195450222962,139.9927520025512
6139675,-0.274,0.2451,9.972,0.0022,-0.0048,-0.0015,52.413296,-1.530721,0.0,2.462,48.085,9.978774173714926,0.0054890800686453,0.2377320046243944,-0.0039798163823672,0.1563,-0.1086999999999999,0.2469000000000001,0.0003,0.0043,0.0002999999999999,0.099,14.520679999999997,4.033522222222222,0.39931869999999997,0.2971476927068927,0.2667558300931023,-255.85527753607462,121.02695245857248,-203.47727199402286,83.61858483733498,1526.066889563009,0.0,41110193.65457984,0.003712137438187424,4.033522222222222,LOST,-286.42239732958933,140.25950783264432,-286.42239732958933,140.25950783264432
6139775,-0.3801,0.2785,9.9114,0.0025,0.0028,-0.0001,52.413296,-1.530721,0.0,2.218,46.807,9.922594833006134,0.0037549966711037,-0.0561793407087929,-0.0017340833975416,-0.1060999999999999,0.0334,-0.0605999999999991,0.0002999999999999,0.0075999999999999,0.0014,0.1,8.076730000000001,2.2435361111111116,0.22435361111111118,0.1635655061399033,0.15356063304048,-255.69171202993473,121.18051309161297,-203.47727199402286,83.61858483733498,1526.2555625354744,0.0,41110193.65457984,0.003712596382686812,2.2435361111111116,LOST,-286.25883182344944,140.4130684656848,-286.25883182344944,140.4130684656848
6139875,-0.434,0.3255,9.7694,0.0003,0.0116,0.0047,52.413296,-1.530721,0.0,2.146,49.728,9.78445106329425,0.0125195846576473,-0.138143769711883,0.0087645879865436,-0.0539,0.0469999999999999,-0.1420000000000012,-0.0022,0.0087999999999999,0.0048,0.1,8.058640000000002,2.238511111111112,0.2238511111111112,0.17079488773125362,0.14470116195299718,-255.52091714220347,121.32521425356596,-203.47727199402286,83.61858483733498,1526.4374067398978,0.0,41110193.65457984,0.0037130387162986438,2.238511111111112,LOST,-286.08803693571815,140.5577696276378,-286.08803693571815,140.5577696276378
6139975,-0.1554,0.3331,9.967,-0.0071,-0.0079,-0.009,52.413296,-1.530721,0.0,1.85,51.967,9.973775301760112,0.0139219251542306,0.1893242384658613,0.0014023404965832,0.2785999999999999,0.0075999999999999,0.1976000000000013,-0.0074,-0.0195,-0.0137,0.1,13.807019999999998,3.8352833333333325,0.38352833333333325,0.3020884034169553,0.23629764914285387,-255.21882873878653,121.56151190270882,-203.47727199402286,83.61858483733498,1526.7400161051992,0.0,41110193.65457984,0.003713774809560193,3.8352833333333325,LOST,-285.7859485323012,140.79406727678065,-285.7859485323012,140.79406727678065
6140075,-0.3376,0.3461,9.7863,-0.0029,0.0004,-0.004,52.413296,-1.530721,0.0,2.07,45.595,9.798235895302788,0.0049568134925574,-0.1755394064573252,-0.0089651116616731,-0.1822,0.013,-0.1806999999999998,0.0042,0.0083,0.0049999999999999,0.1,10.188090000000003,2.8300250000000005,0.28300250000000005,0.20218027442328965,0.19802411883498766,-255.01664846436324,121.75953602154381,-203.47727199402286,83.61858483733498,1526.9812449101094,0.0,41110193.65457984,0.0037143615954239066,2.8300250000000005,LOST,-285.583768257878,140.99209139561566,-285.583768257878,140.99209139561566
6140176,0.0891,0.2854,9.9785,0.0055,0.0135,0.0101,52.413296,-1.530721,0.0,1.48,47.46,9.982978223957018,0.0177344297906642,0.1847423286542309,0.0127776162981067,0.4267,-0.0607,0.1921999999999997,0.0084,0.0131,0.0141,0.101,17.849250000000005,4.958125000000002,0.5007706250000002,0.3689705538621162,0.33857340303924355,-254.64767791050113,122.09810942458306,-203.47727199402286,83.61858483733498,1527.3993874373098,0.0,41110193.65457984,0.003715378721567154,4.958125000000002,LOST,-285.21479770401584,141.3306647986549,-285.21479770401584,141.3306647986549
6140276,-0.0009,0.2632,9.7398,-0.0029,-0.0071,-0.0132,52.413296,-1.530721,0.0,1.894,46.925,9.743355638074595,0.0152663027613106,-0.2396225858824223,-0.0024681270293536,-0.09,-0.0221999999999999,-0.2386999999999997,-0.0084,-0.0206,-0.0233,0.1,6.2272799999999995,1.7297999999999998,0.17298,0.12635502987804592,0.11813757583647178,-254.52132288062307,122.21624700041953,-203.47727199402286,83.61858483733498,1527.544719215892,0.0,41110193.65457984,0.00371573223918812,1.7297999999999998,LOST,-285.0884426741378,141.44880237449138,-285.0884426741378,141.44880237449138
6140376,-0.0013,0.2239,9.9434,-0.0022,0.0115,0.0008,52.413296,-1.530721,0.0,1.775,51.725,9.94592059389175,0.0117358425347309,0.202564955817154,-0.0035304602265796,-0.0003999999999999,-0.0393,0.2035999999999997,0.0006999999999999,0.0186,0.014,0.1,8.561860000000001,2.3782944444444447,0.23782944444444448,0.18670722657380742,0.14732025044056246,-254.33461565404926,122.36356725086009,-203.47727199402286,83.61858483733498,1527.7330528734706,0.0,41110193.65457984,0.003716190358308553,2.3782944444444447,LOST,-284.90173544756396,141.59612262493192,-284.90173544756396,141.59612262493192
6140475,-0.236,0.2851,9.8321,0.002,0.0096,0.0064,52.413296,-1.530721,0.0,1.915,51.926,9.839063391400629,0.0117098249346435,-0.1068572024911223,-2.6017600087384005e-05,-0.2347,0.0612,-0.1112999999999999,0.0042,-0.0019,0.0056,0.099,7.56774,2.10215,0.20811285000000002,0.16382954533503902,0.12833876425475238,-254.17078610871422,122.49190601511484,-203.47727199402286,83.61858483733498,1527.8974189430921,0.0,41110193.65457984,0.0037165901765896406,2.10215,LOST,-284.73790590222893,141.72446138918667,-284.73790590222893,141.72446138918667
6140576,0.1054,0.2858,10.0175,-0.0056,-0.0104,-0.0147,52.413296,-1.530721,0.0,1.717,51.305,10.022130364847586,0.0188576244527246,0.1830669734469587,0.0071477995180811,0.3414,0.0006999999999999,0.1853999999999995,-0.0076,-0.0199999999999999,-0.0211,0.101,11.565809999999999,3.212725,0.324485225,0.25325584015255376,0.20285990405184742,-253.91753026856168,122.69476591916668,-203.47727199402286,83.61858483733498,1528.1558579927412,0.0,41110193.65457984,0.003717218826145078,3.212725,LOST,-284.4846500620764,141.92732129323852,-284.4846500620764,141.92732129323852
6140675,-0.0357,0.3679,9.8122,0.0028,0.0154,0.004,52.413296,-1.530721,0.0,2.041,50.832,9.819159523095651,0.0161554944214035,-0.2029708417519344,-0.0027021300313211,-0.1411,0.0821,-0.2052999999999993,0.0084,0.0258,0.0187,0.099,11.042649999999995,3.0674027777777764,0.3036728749999999,0.23543677816232703,0.1917986926423347,-253.68209349039935,122.88656461180902,-203.47727199402286,83.61858483733498,1528.3992509896027,0.0,41110193.65457984,0.003717810876376966,3.0674027777777764,LOST,-284.24921328391406,142.11911998588087,-284.24921328391406,142.11911998588087
6140775,0.0297,0.3036,9.8858,0.0007,0.0146,0.0056,52.413296,-1.530721,0.0,1.6740000000000002,53.637,9.890505380919622,0.0156527952775215,0.0713458578239709,-0.0005026991438819,0.0654,-0.0643,0.073599999999999,-0.0021,-0.0008,0.0015999999999999,0.1,11.924969999999998,3.312491666666666,0.3312491666666666,0.266747283079254,0.1963972947552929,-253.4153462073201,123.08296190656431,-203.47727199402286,83.61858483733498,1528.6547615329516,0.0,41110193.65457984,0.003718432402379728,3.312491666666666,LOST,-283.98246600083485,142.31551728063616,-283.98246600083485,142.31551728063616
6140875,-0.1209,0.3111,9.8013,-0.0072,-0.004,-0.0101,52.413296,-1.530721,0.0,2.214,51.99,9.806981274072058,0.0130326513035529,-0.0835241068475642,-0.0026201439739685,-0.1505999999999999,0.0075,-0.0845000000000002,-0.0078999999999999,-0.0186,-0.0157,0.1,24.607200000000017,6.835333333333338,0.6835333333333339,0.5385581610691019,0.42091914297599464,-252.87678804625102,123.5038810495403,-203.47727199402286,83.61858483733498,1529.1943794886756,0.0,41110193.65457984,0.003719745015889307,6.835333333333338,LOST,-283.44390783976576,142.73643642361213,-283.44390783976576,142.73643642361213
6140975,-0.0176,0.2902,9.854,0.0057,0.01,0.0005,52.413296,-1.530721,0.0,1.775,54.045,9.858287975099936,0.0115212846505934,0.0513067010278778,-0.0015113666529594,0.1032999999999999,-0.0208999999999999,0.0526999999999997,0.0129,0.014,0.0106,0.1,16.85979,4.683275,0.4683275,0.3791009908163373,0.27497833736191174,-252.49768705543468,123.77885938690221,-203.47727199402286,83.61858483733498,1529.553627228684,0.0,41110193.65457984,0.0037206188812450064,4.683275,LOST,-283.0648068489494,143.01141476097405,-283.0648068489494,143.01141476097405
6141075,0.1413,0.2897,9.9255,-0.0035,0.0083,-0.0042,52.413296,-1.530721,0.0,2.016,50.46,9.930732200094814,0.0099388128063667,0.0724442249948786,-0.0015824718442266,0.1589,-0.0005,0.0715000000000003,-0.0092,-0.0017,-0.0046999999999999,0.1,13.215079999999999,3.670855555555555,0.3670855555555555,0.2830891595095487,0.2336928173173239,-252.21459789592512,124.01255220421953,-203.47727199402286,83.61858483733498,1529.8494251286565,0.0,41110193.65457984,0.0037213384057076197,3.670855555555555,LOST,-282.7817176894398,143.24510757829137,-282.7817176894398,143.24510757829137
6141175,-0.0493,0.3161,9.8189,-0.0075,-0.0033,-0.0062,52.413296,-1.530721,0.0,1.5519999999999998,52.051,9.82411048950489,0.0102752128931716,-0.1066217105899252,0.0003364000868048,-0.1906,0.0263999999999999,-0.1066000000000002,-0.004,-0.0116,-0.002,0.1,11.91659,3.3101638888888885,0.33101638888888885,0.2610257714309445,0.20356177529664157,-251.95357212449417,124.21611397951617,-203.47727199402286,83.61858483733498,1530.1106410726431,0.0,41110193.65457984,0.0037219738100216482,3.3101638888888885,LOST,-282.5206919180089,143.448669353588,-282.5206919180089,143.448669353588
6141276,0.2033,0.3005,9.9352,0.0023,0.0144,0.0043,52.413296,-1.530721,0.0,2.052,54.469,9.941822276625146,0.0152032891178192,0.1177117871202568,0.0049280762246476,0.2526,-0.0156,0.1163000000000007,0.0098,0.0177,0.0104999999999999,0.101,17.40173,4.833813888888889,0.4882152027777778,0.39731012211430783,0.2837230182569974,-251.55626200237987,124.49983699777316,-203.47727199402286,83.61858483733498,1530.4829668339587,0.0,41110193.65457984,0.003722879487490463,4.833813888888889,LOST,-282.1233817958946,143.732392371845,-282.1233817958946,143.732392371845
6141376,-0.0694,0.3658,9.778,0.0006,-0.0014,-0.0054,52.413296,-1.530721,0.0,1.4,52.93899999999999,9.785086100796455,0.0056107040556422,-0.1567361758286889,-0.0095925850621769,-0.2727,0.0653,-0.1571999999999995,-0.0017,-0.0157999999999999,-0.0097,0.1,26.00054000000001,7.2223722222222255,0.7222372222222226,0.576341211626159,0.4352670593377855,-250.9799207907537,124.93510405711095,-203.47727199402286,83.61858483733498,1531.046154678171,0.0,41110193.65457984,0.003724249434440712,7.2223722222222255,LOST,-281.5470405842684,144.16765943118278,-281.5470405842684,144.16765943118278
6141475,0.1597,0.2197,9.9891,-0.0031,0.0066,0.0017,52.413296,-1.530721,0.0,1.602,53.183,9.992791951701989,0.0074873226189339,0.2077058509055298,0.0018766185632917,0.2291,-0.1461,0.2111,-0.0036999999999999,0.008,0.0071,0.099,11.88106,3.3002944444444444,0.32672915,0.2615641978539898,0.19579608744998292,-250.7183565928997,125.13090014456093,-203.47727199402286,83.61858483733498,1531.3001030704047,0.0,41110193.65457984,0.0037248671605316355,3.3002944444444444,LOST,-281.2854763864144,144.36345551863278,-281.2854763864144,144.36345551863278
6141575,-0.0635,0.3265,9.8343,0.0009,0.0002,-0.0067,52.413296,-1.530721,0.0,1.649,55.709,9.83992332236385,0.0067631353675643,-0.1528686293381369,-0.0007241872513695,-0.2232,0.1068,-0.1547999999999998,0.004,-0.0064,-0.0084,0.1,21.643380000000008,6.012050000000002,0.6012050000000002,0.4967076367584922,0.33871665977745175,-250.22164895614122,125.46961680433837,-203.47727199402286,83.61858483733498,1531.7503390797951,0.0,41110193.65457984,0.0037259623536440144,6.012050000000002,LOST,-280.7887687496559,144.70217217841022,-280.7887687496559,144.70217217841022
6141676,-0.0342,0.2329,9.8374,-0.003,0.0064,0.0049,52.413296,-1.530721,0.0,1.048,59.284,9.840215994072487,0.0086005813756978,0.0002926717086388,0.0018374460081334,0.0293,-0.0936,0.0030999999999998,-0.0039,0.0062,0.0116,0.101,5.917940000000002,1.6438722222222228,0.16603109444444453,0.14273853701509417,0.08480586284692022,-250.07891041912612,125.55442266718529,-203.47727199402286,83.61858483733498,1531.8675950354968,0.0,41110193.65457984,0.003726247577198753,1.6438722222222228,LOST,-280.64603021264077,144.78697804125713,-280.64603021264077,144.78697804125713
6141776,0.0781,0.3287,9.8888,-0.0052,0.0013,-0.0029,52.413296,-1.530721,0.0,1.48,51.291,9.894569659161531,0.006094259594077,0.0543536650890441,-0.0025063217816207,0.1123,0.0958,0.0513999999999992,-0.0021999999999999,-0.0051,-0.0078,0.1,9.493560000000002,2.6371000000000007,0.26371000000000006,0.20578140045987556,0.16491506700351052,-249.87312901866625,125.7193377341888,-203.47727199402286,83.61858483733498,1532.0780010562203,0.0,41110193.65457984,0.0037267593870493492,2.6371000000000007,LOST,-280.4402488121809,144.95189310826063,-280.4402488121809,144.95189310826063
6141875,-0.0061,0.339,9.8351,-0.0023,0.0044,-0.0009,52.413296,-1.530721,0.0,1.3,51.997,9.840942547337628,0.0050457903246171,-0.0536271118239053,-0.0010484692694598,-0.0842,0.0103,-0.0536999999999991,0.0029,0.0031,0.002,0.099,12.506110000000003,3.4739194444444452,0.34391802500000007,0.27100001516018074,0.21175126848045678,-249.60212900350606,125.93108900266925,-203.47727199402286,83.61858483733498,1532.3498525596506,0.0,41110193.65457984,0.003727420662220453,3.4739194444444452,LOST,-280.1692487970207,145.1636443767411,-280.1692487970207,145.1636443767411
6141975,0.134,0.3039,9.909,0.0034,0.0156,0.0074,52.413296,-1.530721,0.0,0.7090000000000001,54.304,9.914564650553247,0.0175977271259671,0.0736221032156194,0.01255193680135,0.1401,-0.0351,0.0739,0.0057,0.0111999999999999,0.0083,0.1,15.44172,4.289366666666667,0.42893666666666674,0.3483498746226028,0.25027790326260946,-249.25377912888345,126.18136690593187,-203.47727199402286,83.61858483733498,1532.6781004631907,0.0,41110193.65457984,0.003728219120885713,4.289366666666667,LOST,-279.8208989223981,145.4139222800037,-279.8208989223981,145.4139222800037
6142075,-0.0321,0.2888,9.8049,-0.0048,0.0049,-0.0076,52.413296,-1.530721,0.0,1.084,51.18600000000001,9.809204853605618,0.0102376755174209,-0.1053597969476296,-0.0073600516085462,-0.1661,-0.0151,-0.1041000000000007,-0.0081999999999999,-0.0107,-0.015,0.1,18.88352,5.245422222222222,0.5245422222222222,0.4087153440718907,0.3287800334783474,-248.84506378481157,126.51014693941022,-203.47727199402286,83.61858483733498,1533.0973441579624,0.0,41110193.65457984,0.0037292389256044513,5.245422222222222,LOST,-279.4121835783262,145.74270231348206,-279.4121835783262,145.74270231348206
6142176,0.2037,0.2626,10.0476,-0.0046,-0.0023,-0.0029,52.413296,-1.530721,0.0,0.961,50.826,10.053094956778237,0.0059042357676502,0.2438901031726175,-0.0043334397497707,0.2357999999999999,-0.0262,0.2426999999999992,0.0001999999999999,-0.0072,0.0047,0.101,8.65573,2.4043694444444443,0.24284131388888888,0.18825816674672294,0.1533974132260545,-248.65680561806485,126.66354435263628,-203.47727199402286,83.61858483733498,1533.2923714881858,0.0,41110193.65457984,0.003729713326994681,2.4043694444444443,LOST,-279.22392541157956,145.89609972670812,-279.22392541157956,145.89609972670812
6142275,-0.0704,0.3103,9.8396,-0.0026,0.0124,0.0077,52.413296,-1.530721,0.0,0.918,55.09,9.844743288171612,0.0148259906920245,-0.2083516686066229,0.0089217549243743,-0.2741,0.0477,-0.2079999999999984,0.002,0.0147,0.0106,0.099,20.691739999999996,5.747705555555554,0.5690228499999999,0.466628329084366,0.3256455224904144,-248.1901772889805,126.9891898751267,-203.47727199402286,83.61858483733498,1533.7229462757189,0.0,41110193.65457984,0.0037307606944460498,5.747705555555554,LOST,-278.75729708249514,146.22174524919853,-278.75729708249514,146.22174524919853
6142375,0.248,0.2584,9.9963,-0.0048,-0.0136,-0.0096,52.413296,-1.530721,0.0,0.7559999999999999,51.744,10.002714044198203,0.0173251262621661,0.1579707560265912,0.0024991355701415,0.3184,-0.0519,0.1566999999999989,-0.0021999999999999,-0.026,-0.0173,0.1,11.923290000000001,3.312025,0.33120250000000007,0.2600774570631654,0.20507270011829326,-247.93009983191732,127.19426257524499,-203.47727199402286,83.61858483733498,1533.9858127962762,0.0,41110193.65457984,0.003731400113765662,3.312025,LOST,-278.49721962543197,146.42681794931684,-278.49721962543197,146.42681794931684
6142476,-0.0261,0.3198,9.7895,-0.0008,0.0127,0.004,52.413296,-1.530721,0.0,0.623,55.588,9.79475693930176,0.0133390404452494,-0.2079571048964421,-0.0039860858169167,-0.2741,0.0613999999999999,-0.2067999999999994,0.0039999999999999,0.0262999999999999,0.0136,0.101,9.194570000000002,2.554047222222223,0.25795876944444457,0.21281473466411308,0.14578276799106007,-247.7172850972532,127.34004534323606,-203.47727199402286,83.61858483733498,1534.1795873148988,0.0,41110193.65457984,0.0037318714677083134,2.554047222222223,LOST,-278.28440489076786,146.5726007173079,-278.28440489076786,146.5726007173079
6142575,0.1249,0.263,9.8616,0.0076,0.0106,0.0008,52.413296,-1.530721,0.0,0.562,57.096,9.865896997739233,0.0130675169791357,0.0711400584374715,-0.0002715234661137,0.151,-0.0567999999999999,0.0720999999999989,0.0084,-0.0020999999999999,-0.0032,0.099,18.073219999999996,5.020338888888888,0.4970135499999999,0.41728360138907844,0.26999419418825127,-247.30000149586414,127.61003953742431,-203.47727199402286,83.61858483733498,1534.5442287932278,0.0,41110193.65457984,0.0037327584532608335,5.020338888888888,LOST,-277.8671212893788,146.84259491149615,-277.8671212893788,146.84259491149615
6142676,0.0209,0.2805,9.8287,-0.0006,-0.0075,-0.0124,52.413296,-1.530721,0.0,0.331,57.096,9.83272397405724,0.0145041373407728,-0.0331730236819929,0.001436620361637,-0.104,0.0175,-0.0328999999999997,-0.0082,-0.0180999999999999,-0.0132,0.101,7.97692,2.215811111111111,0.22379692222222222,0.1878958545188162,0.12157388803021495,-247.11210564134532,127.73161342545453,-203.47727199402286,83.61858483733498,1534.708445043463,0.0,41110193.65457984,0.003733157907108254,2.215811111111111,LOST,-277.67922543486,146.96416879952636,-277.67922543486,146.96416879952636
6142776,-0.0577,0.2933,9.8118,0.0071,0.0078,-0.0002,52.413296,-1.530721,0.0,0.4539999999999999,57.096,9.816352347995664,0.0105494075663043,-0.0163716260615753,-0.0039547297744684,-0.0786,0.0127999999999999,-0.0168999999999996,0.0077,0.0153,0.0121999999999999,0.1,21.33805,5.927236111111111,0.5927236111111112,0.49764004034253007,0.32198706405146277,-246.6144656010028,128.05360048950598,-203.47727199402286,83.61858483733498,1535.1434426788885,0.0,41110193.65457984,0.003734216033078373,5.927236111111111,LOST,-277.18158539451747,147.28615586357782,-277.18158539451747,147.28615586357782
6142876,0.2093,0.2268,9.9718,0.0008,0.0014,-0.0092,52.413296,-1.530721,0.0,0.371,57.096,9.976574560940245,0.0093402355430684,0.1602222129445785,-0.0012091720232358,0.267,-0.0665,0.1600000000000001,-0.0063,-0.0063999999999999,-0.009,0.1,11.935449999999994,3.315402777777776,0.3315402777777776,0.27835523018768105,0.1801036413183505,-246.3361103708151,128.23370413082432,-203.47727199402286,83.61858483733498,1535.3868048879103,0.0,41110193.65457984,0.00373480800841925,3.315402777777776,LOST,-276.9032301643298,147.46625950489616,-276.9032301643298,147.46625950489616
6142976,-0.0202,0.2942,9.7882,0.0015,0.0077,0.0031,52.413296,-1.530721,0.0,0.241,57.096,9.792641161607015,0.0084350459394125,-0.1839333993332275,-0.0009051896036559,-0.2295,0.0674,-0.1836000000000002,0.0007,0.0063,0.0123,0.1,17.316259999999996,4.810072222222221,0.48100722222222214,0.4038449776329954,0.2612990276877119,-245.93226539318212,128.49500315851202,-203.47727199402286,83.61858483733498,1535.7399397701297,0.0,41110193.65457984,0.0037356670043295747,4.810072222222221,LOST,-276.4993851866968,147.72755853258386,-276.4993851866968,147.72755853258386
6143075,0.1005,0.2648,9.9854,0.0003,-0.0067,-0.0088,52.413296,-1.530721,0.0,0.184,57.096,9.989416021469925,0.0110643571887389,0.1967748598629075,0.0026293112493264,0.1207,-0.0294,0.1972000000000004,-0.0012,-0.0144,-0.0119,0.099,12.389069999999998,3.441408333333333,0.340699425,0.2860450847973627,0.1850791929380508,-245.64622030838476,128.68008235145007,-203.47727199402286,83.61858483733498,1535.9901086954524,0.0,41110193.65457984,0.00373627553691744,3.441408333333333,LOST,-276.21334010189946,147.9126377255219,-276.21334010189946,147.9126377255219
6143175,0.1988,0.257,9.9555,0.0017,0.0129,0.0056,52.413296,-1.530721,0.0,0.036,57.096,9.960800705264614,0.0141654509282267,-0.0286153162053093,0.0031010937394877,0.0983,-0.0077999999999999,-0.0298999999999995,0.0014,0.0196,0.0144,0.1,8.356720000000003,2.321311111111112,0.2321311111111112,0.19489308900912827,0.12610129500587638,-245.45132721937563,128.80618364645593,-203.47727199402286,83.61858483733498,1536.160577976043,0.0,41110193.65457984,0.003736690201178142,2.321311111111112,LOST,-276.0184470128903,148.03873902052777,-276.0184470128903,148.03873902052777
6143276,0.0174,0.2469,9.737,-0.0032,-0.0057,-0.0107,52.413296,-1.530721,0.0,0.104,57.096,9.740145346451458,0.0125387399685933,-0.2206553588131559,-0.0016267109596334,-0.1814,-0.0100999999999999,-0.2185000000000005,-0.0049,-0.0186,-0.0163,0.101,7.641800000000001,2.1227222222222224,0.21439494444444449,0.18000212375978322,0.11646642282350791,-245.27132509561585,128.92265006927946,-203.47727199402286,83.61858483733498,1536.318036766404,0.0,41110193.65457984,0.003737073217594177,2.1227222222222224,LOST,-275.8384448891305,148.1552054433513,-275.8384448891305,148.1552054433513
6143376,0.2298,0.1965,9.9579,-0.0069,-0.0007,-0.0065,52.413296,-1.530721,0.0,0.119,57.096,9.962489282302892,0.0095052617007634,0.222343935851434,-0.0030334782678299,0.2124,-0.0504,0.2209000000000003,-0.0036999999999999,0.005,0.0042,0.1,2.7536899999999993,0.7649138888888887,0.07649138888888887,0.06422078881110604,0.04155265164379464,-245.20710430680475,128.96420272092325,-203.47727199402286,83.61858483733498,1536.3742179262658,0.0,41110193.65457984,0.0037372098775192895,0.7649138888888887,LOST,-275.77422410031943,148.1967580949951,-275.77422410031943,148.1967580949951
6143475,-0.0591,0.2749,9.8181,-0.0033,0.0107,0.0058,52.413296,-1.530721,0.0,0.025,57.096,9.822125555601495,0.012610313239567,-0.1403637267013966,0.0031050515388036,-0.2889,0.0783999999999999,-0.139800000000001,0.0036,0.0113999999999999,0.0122999999999999,0.099,11.373059999999999,3.159183333333333,0.31275915,0.2625869344596078,0.1699011117086293,-244.94451737234513,129.1341038326319,-203.47727199402286,83.61858483733498,1536.6039505479675,0.0,41110193.65457984,0.0037377686990700512,3.159183333333333,LOST,-275.51163716585984,148.36665920670373,-275.51163716585984,148.36665920670373
6143575,0.2218,0.194,10.0147,-0.0025,-0.0136,-0.0092,52.413296,-1.530721,0.0,0.022,57.096,10.01903425136375,0.0166087326427996,0.1969086957622554,0.0039984194032326,0.2809,-0.0808999999999999,0.1966000000000001,0.0007999999999999,-0.0243,-0.015,0.1,7.963680000000002,2.212133333333334,0.2212133333333334,0.1857267199427783,0.12017039711901291,-244.75879065240235,129.2542742297509,-203.47727199402286,83.61858483733498,1536.7664572362598,0.0,41110193.65457984,0.0037381639944307535,2.212133333333334,LOST,-275.3259104459171,148.48682960382274,-275.3259104459171,148.48682960382274
6143676,0.0544,0.2684,9.8918,-0.0036,0.0049,0.0016,52.413296,-1.530721,0.0,0.018,57.096,9.895590187553244,0.0062872887638472,-0.1234440638105081,-0.0103214438789524,-0.1674,0.0744,-0.1228999999999995,-0.0010999999999999,0.0185,0.0108,0.101,5.898800000000001,1.638555555555556,0.16549411111111118,0.1389458671561948,0.0899018732433862,-244.61984478524616,129.34417610299428,-203.47727199402286,83.61858483733498,1536.8880413187142,0.0,41110193.65457984,0.003738459746096328,1.638555555555556,LOST,-275.1869645787608,148.57673147706612,-275.1869645787608,148.57673147706612
6143775,0.0607,0.2518,9.8519,0.0012,0.0037,-0.0005,52.413296,-1.530721,0.0,0.05,57.096,9.855304223614816,0.0039217343102255,-0.0402859639384267,-0.0023655544536217,0.0063,-0.0166,-0.0398999999999993,0.0048,-0.0011999999999999,-0.0021,0.099,10.01676,2.782433333333333,0.2754609,0.23127199730042938,0.14963946903634814,-244.38857278794572,129.49381557203063,-203.47727199402286,83.61858483733498,1537.0904332354771,0.0,41110193.65457984,0.0037389520617454913,2.782433333333333,LOST,-274.9556925814604,148.72637094610246,-274.9556925814604,148.72637094610246
6143875,0.1472,0.2457,9.8795,0.0051,0.0083,0.0026,52.413296,-1.530721,0.0,0.0289999999999999,57.096,9.883650974209884,0.0100826583796139,0.0283467505950696,0.0061609240693884,0.0865,-0.0061,0.0275999999999996,0.0039,0.0046,0.0031,0.1,9.94988,2.7638555555555557,0.2763855555555556,0.23204832140722015,0.15014177250800184,-244.15652446653849,129.64395734453862,-203.47727199402286,83.61858483733498,1537.2935273601838,0.0,41110193.65457984,0.0037394460855061503,2.7638555555555557,LOST,-274.7236442600532,148.87651271861046,-274.7236442600532,148.87651271861046
6143976,-0.0574,0.2593,9.7548,-0.0005,-0.0002,-0.0032,52.413296,-1.530721,0.0,0.076,57.096,9.758414537720766,0.0032449961479175,-0.1252364364891196,-0.0068376622316963,-0.2046,0.0135999999999999,-0.1247000000000007,-0.0056,-0.0085,-0.0058,0.101,10.56308,2.9341888888888885,0.29635307777777775,0.2488126924866511,0.16098879080825718,-243.90771177405185,129.80494613534688,-203.47727199402286,83.61858483733498,1537.5113194478106,0.0,41110193.65457984,0.003739975861866381,2.9341888888888885,LOST,-274.4748315675665,149.03750150941872,-274.4748315675665,149.03750150941872
6144075,0.2365,0.1783,9.956,-0.0041,-0.0067,-0.0019,52.413296,-1.530721,0.0,0.104,57.096,9.96040456708461,0.0080814602640859,0.201990029363845,0.0048364641161683,0.2939,-0.0809999999999999,0.2012,-0.0036,-0.0065,0.0013,0.099,3.751579999999998,1.042105555555555,0.10316844999999994,0.08661836757917174,0.056044513320413256,-243.82109340647267,129.8609906486673,-203.47727199402286,83.61858483733498,1537.5871448757487,0.0,41110193.65457984,0.0037401603062126544,1.042105555555555,LOST,-274.3882131999874,149.09354602273913,-274.3882131999874,149.09354602273913
6144175,-0.0181,0.2495,9.8409,-0.0027,0.0145,0.0068,52.413296,-1.530721,0.0,0.0579999999999999,57.096,9.844078965042897,0.0162413053662567,-0.1163256020417158,0.0081598451021708,-0.2546,0.0712,-0.1150999999999999,0.0014,0.0212,0.0087,0.1,7.50697,2.085269444444444,0.20852694444444442,0.1750754569255467,0.11327873119719979,-243.64601794954712,129.9742693798645,-203.47727199402286,83.61858483733498,1537.7404150603365,0.0,41110193.65457984,0.0037405331339007836,2.085269444444444,LOST,-274.2131377430618,149.20682475393633,-274.2131377430618,149.20682475393633
6144276,0.1467,0.1833,9.9383,-0.0041,-0.0066,-0.011,52.413296,-1.530721,0.0,0.083,57.096,9.94107271223785,0.0134673679685378,0.0969937471949542,-0.0027739373977188,0.1648,-0.0662,0.0974000000000003,-0.0014,-0.0211,-0.0178,0.101,2.9604399999999997,0.8223444444444443,0.08305678888888889,0.06973298009152458,0.04511919400973929,-243.5762849694556,130.01938857387424,-203.47727199402286,83.61858483733498,1537.8014665676637,0.0,41110193.65457984,0.003740681640881413,0.8223444444444443,LOST,-274.14340476297025,149.25194394794607,-274.14340476297025,149.25194394794607
6144375,0.1801,0.1752,9.9574,0.0012,0.0112,0.0048,52.413296,-1.530721,0.0,0.054,57.096,9.96056955249046,0.0122441822920111,0.0194968402526107,-0.0012231856765267,0.0334,-0.0080999999999999,0.0190999999999998,0.0053,0.0178,0.0157999999999999,0.099,4.720179999999997,1.3111611111111103,0.12980494999999992,0.10898189197081092,0.07051434086031705,-243.4673030774848,130.08990291473455,-203.47727199402286,83.61858483733498,1537.896884786269,0.0,41110193.65457984,0.0037409137444307347,1.3111611111111103,LOST,-274.0344228709995,149.3224582888064,-274.0344228709995,149.3224582888064
6144475,0.0225,0.2131,9.7801,-0.0036,0.0043,-0.0041,52.413296,-1.530721,0.0,0.068,57.096,9.782447233182502,0.0069469417731833,-0.1781223193079579,-0.0052972405188278,-0.1576,0.0379,-0.1773000000000006,-0.0048,-0.0069,-0.0089,0.1,4.071150000000003,1.1308750000000007,0.11308750000000008,0.09494622283856738,0.06143286925530278,-243.37235685464623,130.15133578398985,-203.47727199402286,83.61858483733498,1537.9800182922882,0.0,41110193.65457984,0.003741115965579868,1.1308750000000007,LOST,-273.93947664816096,149.3838911580617,-273.93947664816096,149.3838911580617
6144576,0.2687,0.1651,9.922,-0.0046,-0.0019,-0.0055,52.413296,-1.530721,0.0,0.05,57.096,9.927010713200628,0.007417546764261,0.1445634800181245,0.0004706049910777,0.2462,-0.048,0.1419000000000014,-0.001,-0.0062,-0.0013999999999999,0.101,6.334029999999999,1.7594527777777775,0.17770473055555555,0.14919768273943043,0.09653508547158833,-243.2231591719068,130.24787086946145,-203.47727199402286,83.61858483733498,1538.1106612931394,0.0,41110193.65457984,0.0037414337529441135,1.7594527777777775,LOST,-273.7902789654215,149.4804262435333,-273.7902789654215,149.4804262435333
6144675,0.0326,0.2564,9.79,-0.0002,0.0021,-0.0028,52.413296,-1.530721,0.0,0.032,57.096,9.793411240216557,0.0035057096285916,-0.1335994729840699,-0.0039118371356694,-0.2361,0.0913,-0.1320000000000014,0.0044,0.004,0.0026999999999999,0.099,7.19597,1.9988805555555555,0.197889175,0.16614417779940527,0.10749994309552093,-243.0570149941074,130.35537081255697,-203.47727199402286,83.61858483733498,1538.2561543726763,0.0,41110193.65457984,0.0037417876629275097,1.9988805555555555,LOST,-273.6241347876221,149.5879261866288,-273.6241347876221,149.5879261866288
6144775,0.1628,0.1344,9.9218,0.0016,0.0016,-0.001,52.413296,-1.530721,0.0,0.061,57.096,9.924045668979964,0.0024738633753705,0.1306344287634075,-0.001031846253221,0.1302,-0.122,0.1318000000000001,0.0018,-0.0004999999999999,0.0018,0.1,2.59449,0.7206916666666666,0.07206916666666667,0.060507970890886977,0.03915035431123648,-242.9965070232165,130.3945211668682,-203.47727199402286,83.61858483733498,1538.3091443350854,0.0,41110193.65457984,0.003741916560307206,0.7206916666666666,LOST,-273.56362681673124,149.62707654094004,-273.56362681673124,149.62707654094004
6144875,0.2858,0.157,9.9138,0.0001,0.0055,-0.0016,52.413296,-1.530721,0.0,0.022,57.096,9.91916130930433,0.005728874234961,-0.0048843596756338,0.0032550108595904,0.123,0.0226,-0.0079999999999991,-0.0015,0.0039,-0.0006,0.1,2.588630000000001,0.7190638888888892,0.07190638888888892,0.06037130560814527,0.03906192804007575,-242.93613571760835,130.43358309490827,-203.47727199402286,83.61858483733498,1538.3620161583992,0.0,41110193.65457984,0.0037420451703151234,0.7190638888888892,RECOVERED,-273.50325551112303,149.6661384689801,-203.47727199402286,83.61858483733498
6144975,0.1081,0.182,9.8404,0.0001,-0.0004,-0.0062,52.413296,-1.530721,0.0,0.047,57.096,9.842676555185587,0.0062136945531623,-0.0764847541187432,0.0004848203182013,-0.1777,0.0249999999999999,-0.0733999999999994,0.0,-0.0059,-0.0046,0.1,4.964130000000001,1.3789250000000002,0.13789250000000003,0.1157720529038766,0.07490776543638186,-242.82036366470447,130.50849086034466,-203.47727199402286,83.61858483733498,1538.463411021439,0.0,41110193.65457984,0.0037422918119726445,1.3789250000000002,RECOVERED,-273.3874834582192,149.7410462344165,-203.47727199402286,83.61858483733498
6145075,0.5128,0.1337,10.0224,0.004,0.0108,0.0091,52.413296,-1.530721,0.0,0.079,57.096,10.036400813538686,0.0146782151503512,0.1937242583530984,0.0084645205971888,0.4047,-0.0482999999999999,0.1819999999999986,0.0039,0.0112,0.0153,0.1,9.508710000000002,2.641308333333334,0.26413083333333337,0.22175947792818085,0.14348460219264575,-242.5986041867763,130.6519754625373,-203.47727199402286,83.61858483733498,1538.6576470758093,0.0,41110193.65457984,0.003742764288594872,2.641308333333334,RECOVERED,-273.165723980291,149.88453083660914,-203.47727199402286,83.61858483733498
6145175,0.3991,0.1638,9.8889,0.0169,-0.0017,0.0005,52.413296,-1.530721,0.0,0.054,57.096,9.898305635814646,0.0169926454679664,-0.1380951777240397,0.0023144303176152,-0.1137,0.0300999999999999,-0.1334999999999997,0.0128999999999999,-0.0125,-0.0086,0.1,5.692770000000001,1.5813250000000003,0.15813250000000004,0.13276519140506024,0.08590280267504509,-242.46583899537123,130.73787826521234,-203.47727199402286,83.61858483733498,1538.7739442312504,0.0,41110193.65457984,0.0037430471798807125,1.5813250000000003,RECOVERED,-273.03295878888594,149.97043363928418,-203.47727199402286,83.61858483733498
6145275,0.3893,0.1109,9.8386,-0.0025,-0.0115,-0.0006,52.413296,-1.530721,0.0,0.054,57.096,9.846923542914304,0.0117838873042812,-0.0513820929003419,-0.0052087581636852,-0.0098,-0.0529,-0.0503,-0.0193999999999999,-0.0098,-0.0010999999999999,0.1,2.60525,0.7236805555555555,0.07236805555555556,0.06075891260459022,0.03931272063848727,-242.40508008276663,130.77719098585084,-203.47727199402286,83.61858483733498,1538.8271691692792,0.0,41110193.65457984,0.003743176648835483,0.7236805555555555,RECOVERED,-272.97219987628137,150.00974635992267,-203.47727199402286,83.61858483733498
6145376,0.3981,0.1186,9.9597,0.0026,-0.0113,-0.0054,52.413296,-1.530721,0.0,0.018,57.096,9.968358624166768,0.0127910124696991,0.1214350812524642,0.0010071251654179,0.0088,0.0076999999999999,0.1211000000000002,0.0051,0.0002,-0.0048,0.101,4.200570000000001,1.1668250000000002,0.11784932500000003,0.09894416511837953,0.06401965004576705,-242.30613591764825,130.8412106358966,-203.47727199402286,83.61858483733498,1538.9138478142015,0.0,41110193.65457984,0.0037433874934879085,1.1668250000000002,RECOVERED,-272.873255711163,150.07376600996844,-203.47727199402286,83.61858483733498
6145475,0.5616,0.0782,9.9495,-0.0084,0.0064,0.009,52.413296,-1.530721,0.0,0.036,57.096,9.96564398571412,0.0138751576567619,-0.0027146384526481,0.0010841451870627,0.1634999999999999,-0.0403999999999999,-0.0101999999999993,-0.011,0.0177,0.0144,0.099,9.019440000000005,2.505400000000001,0.24803460000000013,0.20824537109118973,0.1347405960215879,-242.09789054655707,130.9759512319182,-203.47727199402286,83.61858483733498,1539.0962917774193,0.0,41110193.65457984,0.0037438312860050412,2.505400000000001,RECOVERED,-272.6650103400717,150.20850660599004,-203.47727199402286,83.61858483733498
6145575,0.3949,0.1118,9.7856,0.0024,-0.0212,0.001,52.413296,-1.530721,0.0,0.032,57.096,9.794203010454703,0.021358838919754,-0.171440975259415,0.007483681262992,-0.1667,0.0335999999999999,-0.1638999999999999,0.0107999999999999,-0.0276,-0.008,0.1,11.797839999999999,3.2771777777777773,0.3277177777777778,0.2751459282153109,0.17802713292680958,-241.82274461834174,131.15397836484502,-203.47727199402286,83.61858483733498,1539.3373755090556,0.0,41110193.65457984,0.003744417718979943,3.2771777777777773,RECOVERED,-272.3898644118565,150.38653373891685,-203.47727199402286,83.61858483733498
6145675,0.3092,0.1134,9.8545,0.0034,-0.0207,-0.007,52.413296,-1.530721,0.0,0.047,57.096,9.860001746957249,0.0221144748976773,0.0657987365025434,0.0007556359779232,-0.0857,0.0016,0.0688999999999993,0.001,0.0005,-0.008,0.1,6.256640000000002,1.737955555555556,0.1737955555555556,0.1459156100022583,0.09441149235412534,-241.6768290083395,131.24838985719913,-203.47727199402286,83.61858483733498,1539.4652402164122,0.0,41110193.65457984,0.003744728748182167,1.737955555555556,RECOVERED,-272.24394880185423,150.48094523127097,-203.47727199402286,83.61858483733498
6145775,0.6348,0.0239,9.9816,0.0018,-0.0266,-0.0079,52.413296,-1.530721,0.0,0.0969999999999999,57.096,10.0017938795998,0.0278066538799618,0.1417921326425517,0.0056921789822845,0.3256,-0.0895,0.1271000000000004,-0.0015999999999999,-0.0058999999999999,-0.0009,0.1,15.80978000000001,4.391605555555558,0.43916055555555583,0.3687112719768924,0.23856653468801214,-241.3081177363626,131.48695639188713,-203.47727199402286,83.61858483733498,1539.7883791156783,0.0,41110193.65457984,0.003745514779262392,4.391605555555558,RECOVERED,-271.87523752987727,150.71951176595897,-203.47727199402286,83.61858483733498
6145875,0.6549,0.0733,9.9231,0.0002,-0.0231,-0.0028,52.413296,-1.530721,0.0,0.094,57.096,9.94495754189026,0.0232699376879268,-0.0568363377095391,-0.004536716192035,0.0201,0.0494,-0.0585000000000004,-0.0015999999999999,0.0034999999999999,0.0051,0.1,15.983369999999997,4.439824999999999,0.44398249999999995,0.3727596894566084,0.24118597434855704,-240.93535804690598,131.7281423662357,-203.47727199402286,83.61858483733498,1540.1151244274156,0.0,41110193.65457984,0.003746309582893051,4.439824999999999,RECOVERED,-271.5024778404206,150.96069774030752,-203.47727199402286,83.61858483733498
6145975,0.3937,0.1212,9.8151,0.0032,-0.0119,0.0047,52.413296,-1.530721,0.0,0.032,57.096,9.823740486189564,0.0131886314680485,-0.121217055700697,-0.0100813062198783,-0.2612,0.0479,-0.1080000000000005,0.003,0.0111999999999999,0.0075,0.1,3.4575700000000014,0.9604361111111115,0.09604361111111115,0.08063648151012498,0.05217406525209269,-240.85472156539586,131.7803164314878,-203.47727199402286,83.61858483733498,1540.1858146604525,0.0,41110193.65457984,0.0037464815359459385,0.9604361111111115,RECOVERED,-271.42184135891057,151.01287180555963,-203.47727199402286,83.61858483733498
6146076,0.3319,0.1021,9.9497,0.0039,-0.0319,0.0035,52.413296,-1.530721,0.0,0.022,57.096,9.95575773660649,0.0323275424367519,0.1320172504169257,0.0191389109687034,-0.0618,-0.0191,0.1346000000000007,0.0006999999999999,-0.0199999999999999,-0.0012,0.101,22.2249,6.173583333333333,0.6235319166666667,0.5235061373431398,0.3387231543105264,-240.33121542805273,132.1190395857983,-203.47727199402286,83.61858483733498,1540.6448147442195,0.0,41110193.65457984,0.003747598047552825,6.173583333333333,RECOVERED,-270.89833522156744,151.35159495987014,-203.47727199402286,83.61858483733498
6146175,0.5345,-0.023,9.9435,-0.006,-0.031,0.0023,52.413296,-1.530721,0.0,0.043,57.096,9.957881878190763,0.0316589639754683,0.0021241415842734,-0.0006685784612836,0.2026,-0.1251,-0.0061999999999997,-0.0098999999999999,0.0008999999999999,-0.0012,0.099,23.4355,6.509861111111111,0.6444762500000001,0.5410906213919684,0.3501008087047446,-239.79012480666077,132.46914039450306,-203.47727199402286,83.61858483733498,1541.1193540251954,0.0,41110193.65457984,0.003748752358050516,6.509861111111111,RECOVERED,-270.3572446001755,151.7016957685749,-203.47727199402286,83.61858483733498
6146277,0.4921,-0.0654,9.8436,-0.0057,-0.0439,0.0039,52.413296,-1.530721,0.0,0.086,57.096,9.856109807119644,0.0444399594959311,-0.1017720710711191,0.0127809955204628,-0.0423999999999999,-0.0424,-0.0998999999999998,0.0002999999999999,-0.0129,0.0015999999999999,0.102,16.484999999999992,4.579166666666665,0.4670749999999998,0.3921477354466569,0.2537305839055644,-239.39797707121411,132.72287097840862,-203.47727199402286,83.61858483733498,1541.4633467243457,0.0,41110193.65457984,0.0037495891157219604,4.579166666666665,RECOVERED,-269.9650968647288,151.95542635248046,-203.47727199402286,83.61858483733498
6146376,0.2039,-0.021,9.7566,-0.0064,-0.0517,-0.0007,52.413296,-1.530721,0.0,0.1689999999999999,57.096,9.7587529823231,0.0520993282106401,-0.0973568247965435,0.0076593687147089,-0.2882,0.0443999999999999,-0.0869999999999997,-0.0007,-0.0078,-0.0046,0.099,17.943169999999995,4.984213888888887,0.4934371749999999,0.41428094152212336,0.2680513890348706,-238.983696129692,132.9909223674435,-203.47727199402286,83.61858483733498,1541.8268250429871,0.0,41110193.65457984,0.00375047327190399,4.984213888888887,RECOVERED,-269.55081592320664,152.22347774151532,-203.47727199402286,83.61858483733498
6146475,0.5053,-0.1383,9.9463,-0.0105,-0.054,0.0086,52.413296,-1.530721,0.0,0.162,57.096,9.960087282248084,0.0556795294520347,0.2013342999249836,0.0035802012413945,0.3014,-0.1173,0.1897000000000002,-0.0041,-0.0022999999999999,0.0093,0.099,20.92068,5.8113,0.5753187000000001,0.48302719127573657,0.3125321408398872,-238.50066893841625,133.30345450828338,-203.47727199402286,83.61858483733498,1542.2507105428142,0.0,41110193.65457984,0.003751504367751868,5.8113,RECOVERED,-269.06778873193093,152.53600988235522,-203.47727199402286,83.61858483733498
6146575,0.403,-0.0523,9.9451,-0.0049,-0.0674,0.0107,52.413296,-1.530721,0.0,0.068,57.096,9.953399333895932,0.0684197339953905,-0.0066879483521518,0.0127402045433558,-0.1022999999999999,0.086,-0.0012000000000007,0.0056,-0.0134,0.0020999999999999,0.1,10.129210000000002,2.8136694444444452,0.28136694444444454,0.23623060556320566,0.15284782766282384,-238.26443833285305,133.4563023359462,-203.47727199402286,83.61858483733498,1542.458052870078,0.0,41110193.65457984,0.00375200872520882,2.8136694444444452,RECOVERED,-268.8315581263678,152.68885771001803,-203.47727199402286,83.61858483733498
6146675,0.2871,-0.1123,9.8685,-0.0108,-0.0878,0.0066,52.413296,-1.530721,0.0,0.018,57.096,9.873314030759884,0.0887076095946678,-0.0800853031360482,0.0202878755992772,-0.1159,-0.06,-0.0766000000000008,-0.0059,-0.0204,-0.0040999999999999,0.1,9.72313,2.7008694444444443,0.2700869444444444,0.22676012126017436,0.1467201586879166,-238.03767821159286,133.6030224946341,-203.47727199402286,83.61858483733498,1542.657104903449,0.0,41110193.65457984,0.003752492916635995,2.7008694444444443,RECOVERED,-268.60479800510757,152.83557786870594,-203.47727199402286,83.61858483733498
6146776,0.6278,-0.213,10.0477,-0.0075,-0.0793,0.0241,52.413296,-1.530721,0.0,0.0579999999999999,57.096,10.069547017120485,0.083219889449578,0.1962329863605987,-0.0054877201450897,0.3407,-0.1007,0.1792000000000015,0.0033,0.0085,0.0175,0.101,28.90494,8.02915,0.81094415,0.6808540641143588,0.4405316762710521,-237.3568241474785,134.04355417090517,-203.47727199402286,83.61858483733498,1543.254894358836,0.0,41110193.65457984,0.0037539470315458155,8.02915,RECOVERED,-267.92394394099324,153.276109544977,-203.47727199402286,83.61858483733498
6146876,0.3362,-0.181,9.8432,-0.0108,-0.1103,0.0004,52.413296,-1.530721,0.0,0.022,57.096,9.850602909467014,0.1108282003823936,-0.2189441076534688,0.0276083109328155,-0.2916,0.032,-0.2045000000000012,-0.0033,-0.031,-0.0237,0.1,11.61832,3.2273111111111112,0.32273111111111114,0.2709592129324106,0.17531821070858822,-237.0858649345461,134.21887238161375,-203.47727199402286,83.61858483733498,1543.4928505008488,0.0,41110193.65457984,0.003754525856700501,3.2273111111111112,RECOVERED,-267.6529847280608,153.4514277556856,-203.47727199402286,83.61858483733498
6146975,0.284,-0.0285,9.7729,-0.0056,-0.0899,0.0094,52.413296,-1.530721,0.0,0.036,57.096,9.777067180908595,0.0905634032046057,-0.0735357285584168,-0.0202647971777878,-0.0522,0.1525,-0.0702999999999995,0.0052,0.0204,0.009,0.099,9.25002,2.56945,0.25437555,0.21356911820478056,0.13818520972605924,-236.8722958163413,134.3570575913398,-203.47727199402286,83.61858483733498,1543.6804284117961,0.0,41110193.65457984,0.003754982137477292,2.56945,RECOVERED,-267.43941560985604,153.58961296541165,-203.47727199402286,83.61858483733498
6147076,0.5383,-0.1545,10.0151,-0.0103,-0.1268,0.006,52.413296,-1.530721,0.0,0.036,57.096,10.03074599169972,0.1273590593558228,0.2536788107911238,0.036795656151217,0.2543,-0.126,0.2422000000000004,-0.0047,-0.0369,-0.0034,0.101,18.599979999999995,5.16666111111111,0.5218327722222221,0.43812137217533714,0.2834768163507014,-236.43417444416596,134.64053440769052,-203.47727199402286,83.61858483733498,1544.065290571063,0.0,41110193.65457984,0.003755918309567603,5.16666111111111,RECOVERED,-267.00129423768067,153.87308978176236,-203.47727199402286,83.61858483733498
6147175,0.5021,0.0132,9.9822,-0.0059,-0.1199,0.0298,52.413296,-1.530721,0.0,0.119,57.096,9.994828437246936,0.1236885605058123,-0.0359175544527854,-0.0036704988500104,-0.0362,0.1677,-0.0328999999999997,0.0044,0.0068999999999999,0.0238,0.099,14.014309999999993,3.8928638888888867,0.3853935249999998,0.3235694440604925,0.20935850587523142,-236.11060500010547,134.84989291356575,-203.47727199402286,83.61858483733498,1544.3495776690559,0.0,41110193.65457984,0.003756609834157298,3.8928638888888867,RECOVERED,-266.6777247936202,154.0824482876376,-203.47727199402286,83.61858483733498
6147275,0.302,0.0039,9.8182,-0.005,-0.1354,0.0223,52.413296,-1.530721,0.0,0.079,57.096,9.822844315675576,0.13731514847241,-0.1719841215713593,0.0136265879665976,-0.2001,-0.0093,-0.1640000000000014,0.0008999999999999,-0.0154999999999999,-0.0075,0.1,5.54169,1.5393583333333334,0.15393583333333336,0.12924174585614878,0.08362303457829327,-235.98136325424932,134.93351594814405,-203.47727199402286,83.61858483733498,1544.4631413138031,0.0,41110193.65457984,0.0037568860762146853,1.5393583333333334,RECOVERED,-266.54848304776397,154.16607132221588,-203.47727199402286,83.61858483733498
6147376,0.3753,-0.084,9.9545,-0.0132,-0.1343,0.0241,52.413296,-1.530721,0.0,0.04,57.096,9.96192633680856,0.1370822380908628,0.1390820211329835,-0.0002329103815471,0.0733,-0.0879,0.1363000000000003,-0.0081999999999999,0.0010999999999999,0.0017999999999999,0.101,8.816279999999995,2.4489666666666654,0.24734563333333323,0.20766692711938295,0.13436632654746733,-235.77369632712993,135.06788227469153,-203.47727199402286,83.61858483733498,1544.645631154257,0.0,41110193.65457984,0.0037573299803275854,2.4489666666666654,RECOVERED,-266.3408161206446,154.30043764876336,-203.47727199402286,83.61858483733498
6147475,0.4519,-0.2323,9.9922,-0.0091,-0.1449,0.0237,52.413296,-1.530721,0.0,0.0579999999999999,57.096,10.005110581098045,0.1471071378281828,0.0431842442894829,0.01002489973732,0.0766,-0.1483,0.0377000000000009,0.0040999999999999,-0.0105999999999999,-0.0004,0.099,9.876319999999998,2.7434222222222218,0.2715988,0.22802944788316545,0.14754144861542712,-235.54566687924677,135.21542372330694,-203.47727199402286,83.61858483733498,1544.8460355939822,0.0,41110193.65457984,0.003757817461465254,2.7434222222222218,RECOVERED,-266.11278667276144,154.44797909737878,-203.47727199402286,83.61858483733498
6147576,0.1692,-0.1149,9.8523,-0.0182,-0.145,0.0228,52.413296,-1.530721,0.0,0.065,57.096,9.854422658887732,0.1479056455988073,-0.1506879222103094,0.0007985077706244,-0.2827,0.1174,-0.1399000000000008,-0.0091,-9.9999999999989e-05,-0.0008999999999999,0.101,9.94682,2.7630055555555555,0.27906356111111114,0.2342967265115924,0.1515965536744386,-235.31137015273518,135.36702027698138,-203.47727199402286,83.61858483733498,1545.0519707066856,0.0,41110193.65457984,0.003758318395891479,2.7630055555555555,RECOVERED,-265.87848994624983,154.59957565105321,-203.47727199402286,83.61858483733498
6147676,0.1882,0.0401,9.818,-0.0147,-0.1457,0.0256,52.413296,-1.530721,0.0,0.086,57.096,9.819885500859977,0.1486604856712098,-0.0345371580277564,0.0007548400724025,0.019,0.155,-0.0343,0.0035,-0.0007,0.0028,0.1,7.162290000000002,1.9895250000000007,0.1989525000000001,0.16703692626762526,0.10807757639452302,-235.14433322646755,135.4750978533759,-203.47727199402286,83.61858483733498,1545.1988018317113,0.0,41110193.65457984,0.003758675560652753,1.9895250000000007,RECOVERED,-265.7114530199823,154.70765322744774,-203.47727199402286,83.61858483733498
6147776,0.2472,-0.1427,9.8907,-0.0118,-0.1664,0.0206,52.413296,-1.530721,0.0,0.061,57.096,9.89481771534979,0.1680849785078964,0.074932214489813,0.0194244928366865,0.059,-0.1828,0.0727000000000011,0.0029,-0.0206999999999999,-0.005,0.1,5.91619,1.6433861111111112,0.16433861111111114,0.13797573022249332,0.0892741674366038,-235.00635749624504,135.5643720208125,-203.47727199402286,83.61858483733498,1545.3200959751334,0.0,41110193.65457984,0.0037589706070454833,1.6433861111111112,RECOVERED,-265.5734772897597,154.79692739488434,-203.47727199402286,83.61858483733498
6147875,0.3909,-0.1674,9.9062,-0.0114,-0.1504,0.0457,52.413296,-1.530721,0.0,0.05,57.096,9.915322688142831,0.1576026966774363,0.0205049727930415,-0.0104822818304601,0.1437,-0.0247,0.0154999999999994,0.0003999999999999,0.0159999999999999,0.0250999999999999,0.099,15.205710000000009,4.223808333333336,0.4181570250000003,0.35107708700928386,0.22715672240531778,-234.65528040923576,135.7915287432178,-203.47727199402286,83.61858483733498,1545.6287628964615,0.0,41110193.65457984,0.0037597214352316053,4.223808333333336,RECOVERED,-265.22240020275046,155.02408411728965,-203.47727199402286,83.61858483733498
6147976,0.1056,-0.1361,9.8231,-0.0202,-0.171,0.0228,52.413296,-1.530721,0.0,0.018,57.096,9.824610332221834,0.1736919111530528,-0.0907123559209974,0.0160892144756165,-0.2853,0.0312999999999999,-0.0830999999999999,-0.0087999999999999,-0.0206,-0.0228999999999999,0.101,7.539000000000002,2.094166666666667,0.2115108333333334,0.17758067615287051,0.11489967830438198,-234.4776997330829,135.90642842152218,-203.47727199402286,83.61858483733498,1545.7849114059006,0.0,41110193.65457984,0.0037601012644067028,2.094166666666667,RECOVERED,-265.0448195265976,155.13898379559402,-203.47727199402286,83.61858483733498
6148075,0.0534,-0.147,9.7799,-0.0248,-0.1648,0.0343,52.413296,-1.530721,0.0,0.05,57.096,9.781150472720476,0.1701486702857239,-0.0434598595013575,-0.0035432408673289,-0.0521999999999999,-0.0108999999999999,-0.0432000000000005,-0.0046,0.0062,0.0114999999999999,0.099,12.253970000000006,3.403880555555557,0.33698417500000016,0.28292582798824606,0.18306094629274736,-234.19477390509465,136.08948936781493,-203.47727199402286,83.61858483733498,1546.0337181849834,0.0,41110193.65457984,0.003760706483591933,3.403880555555557,RECOVERED,-264.76189369860936,155.32204474188677,-203.47727199402286,83.61858483733498
6148175,0.0981,-0.1451,9.9213,-0.014,-0.1688,0.0259,52.413296,-1.530721,0.0,0.05,57.096,9.92284592795837,0.1713483294345177,0.1416954552378939,0.0011996591487937,0.0447,0.0018999999999999,0.1414000000000008,0.0107999999999999,-0.004,-0.0083999999999999,0.1,7.075730000000001,1.9654805555555557,0.19654805555555557,0.16501819813210908,0.10677140266898132,-234.02975570696253,136.19626077048392,-203.47727199402286,83.61858483733498,1546.1788516665893,0.0,41110193.65457984,0.0037610595188581376,1.9654805555555557,RECOVERED,-264.59687550047727,155.42881614455575,-203.47727199402286,83.61858483733498
6148275,0.1003,-0.0656,9.6295,-0.0186,-0.1816,0.0193,52.413296,-1.530721,0.0,0.018,57.096,9.630245775679873,0.1835674535422878,-0.2926001522784993,0.0122191241077701,0.0021999999999999,0.0795,-0.2918000000000003,-0.0045999999999999,-0.0128,-0.0065999999999999,0.1,10.922579999999998,3.0340499999999992,0.3034049999999999,0.2547333590391114,0.1648196281322438,-233.77502234792343,136.36108039861617,-203.47727199402286,83.61858483733498,1546.402911922677,0.0,41110193.65457984,0.0037616045424548896,3.0340499999999992,RECOVERED,-264.3421421414381,155.593635772688,-203.47727199402286,83.61858483733498
6148376,-0.201,-0.0497,9.6376,-0.0127,-0.1686,0.0445,52.413296,-1.530721,0.0,0.2339999999999999,57.096,9.63982390139986,0.1748356370995341,0.0095781257199885,-0.0087318164427536,-0.3013,0.0159,0.0081000000000006,0.0058999999999999,0.013,0.0251999999999999,0.101,26.637760000000018,7.399377777777783,0.7473371555555561,0.627450780209297,0.4059782537139323,-233.14757156771412,136.7670586523301,-203.47727199402286,83.61858483733498,1546.9549251216706,0.0,41110193.65457984,0.003762947307229076,7.399377777777783,RECOVERED,-263.7146913612288,155.99961402640193,-203.47727199402286,83.61858483733498
6148475,-0.1583,0.0494,10.1836,-0.0298,-0.1881,0.022,52.413296,-1.530721,0.0,0.173,57.096,10.184950083824663,0.1917124148301303,0.5451261824248039,0.0168767777305962,0.0427,0.0991,0.5459999999999994,-0.0171,-0.0194999999999999,-0.0225,0.099,14.87162,4.131005555555555,0.40896955,0.3433634489089298,0.22216578220006628,-232.8042081188052,136.98922443453017,-203.47727199402286,83.61858483733498,1547.2570758768575,0.0,41110193.65457984,0.003763682284927614,4.131005555555555,RECOVERED,-263.3713279123199,156.221779808602,-203.47727199402286,83.61858483733498
6148575,-0.5577,0.0992,10.0128,-0.0232,-0.1577,0.028,52.413296,-1.530721,0.0,0.4679999999999999,57.096,10.028810187155804,0.1618379745300836,-0.1561398966688596,-0.0298744403000467,-0.3994,0.0498,-0.1707999999999998,0.0066,0.0303999999999999,0.006,0.1,23.59779,6.554941666666666,0.6554941666666667,0.550341065261097,0.35608610534716,-232.2538670535441,137.34531053987735,-203.47727199402286,83.61858483733498,1547.7414638328921,0.0,41110193.65457984,0.003764860552196566,6.554941666666666,RECOVERED,-262.82098684705875,156.57786591394918,-203.47727199402286,83.61858483733498
6148676,-0.7315,0.1209,9.8001,-0.0253,-0.1732,0.0119,52.413296,-1.530721,0.0,0.418,57.096,9.82810607746986,0.175442127210086,-0.2007041096859438,0.0136041526800023,-0.1738,0.0216999999999999,-0.2126999999999999,-0.0021,-0.0154999999999999,-0.0161,0.101,19.522259999999996,5.422849999999999,0.5477078499999999,0.45984562021914527,0.2975330141629531,-231.79402143332496,137.6428435540403,-203.47727199402286,83.61858483733498,1548.146297969379,0.0,41110193.65457984,0.0037658453058561775,5.422849999999999,RECOVERED,-262.36114122683966,156.87539892811213,-203.47727199402286,83.61858483733498
6148775,-0.5575,0.189,9.9485,-0.0147,-0.1516,0.0248,52.413296,-1.530721,0.0,0.616,49.541,9.965900837355344,0.1543168493716742,0.1377947598854856,-0.0211252778384117,0.174,0.0681,0.1483999999999987,0.0106,0.0215999999999999,0.0128999999999999,0.099,15.077359999999999,4.188155555555555,0.4146274,0.3154777597017606,0.2690532734688767,-231.4785436736232,137.91189682750917,-203.47727199402286,83.61858483733498,1548.4868705878732,0.0,41110193.65457984,0.0037666737442268545,4.188155555555555,RECOVERED,-262.04566346713784,157.144452201581,-203.47727199402286,83.61858483733498
6148875,-0.5272,0.4849,9.7888,-0.0088,-0.1472,0.0103,52.413296,-1.530721,0.0,0.644,52.028,9.81497189450892,0.1478220890124341,-0.1509289428464253,-0.0064947603592401,0.0302999999999999,0.2959,-0.159699999999999,0.0058999999999999,0.0044,-0.0144999999999999,0.1,15.622419999999988,4.339561111111108,0.43395611111111076,0.34209260523168494,0.2670029134981064,-231.1364510683915,138.17889974100729,-203.47727199402286,83.61858483733498,1548.8322861104584,0.0,41110193.65457984,0.0037675139628974047,4.339561111111108,RECOVERED,-261.7035708619062,157.41145511507912,-203.47727199402286,83.61858483733498
6148975,-0.7048,0.3103,9.8688,-0.0241,-0.141,0.0191,52.413296,-1.530721,0.0,0.799,58.833,9.898800057077626,0.1443143097547848,0.0838281625687056,-0.0035077792576492,-0.1775999999999999,-0.1745999999999999,0.08,-0.0153,0.0062,0.0087999999999999,0.1,21.11251,5.8645861111111115,0.5864586111111112,0.5018106298401616,0.3035124286183251,-230.63464043855134,138.4824121696256,-203.47727199402286,83.61858483733498,1549.25382374953,0.0,41110193.65457984,0.003768539347605182,5.8645861111111115,RECOVERED,-261.201760232066,157.71496754369744,-203.47727199402286,83.61858483733498
6149075,-0.6514,0.5052,9.9326,-0.0183,-0.1312,0.0211,52.413296,-1.530721,0.0,1.04,60.456,9.966749307572655,0.1341400014909796,0.0679492504950296,-0.0101743082638052,0.0534,0.1948999999999999,0.0638000000000005,0.0058,0.0097999999999999,0.002,0.1,20.18115,5.605874999999999,0.5605874999999999,0.4876983913605017,0.276421099449063,-230.14694204719083,138.75883326907467,-203.47727199402286,83.61858483733498,1549.64567007721,0.0,41110193.65457984,0.0037694925085923875,5.605874999999999,RECOVERED,-260.71406184070554,157.9913886431465,-203.47727199402286,83.61858483733498
6149175,-0.9423,0.5482,9.9073,-0.0081,-0.1024,0.0146,52.413296,-1.530721,0.0,1.166,63.489,9.967098164460907,0.1037522529875857,0.0003488568882517,-0.0303877485033938,-0.2909,0.043,-0.0253000000000014,0.0102,0.0288,-0.0065,0.1,31.467,8.740833333333333,0.8740833333333333,0.7821723181612821,0.39016424530358645,-229.36476972902955,139.14899751437827,-203.47727199402286,83.61858483733498,1550.2229418273546,0.0,41110193.65457984,0.0037708967144567404,8.740833333333333,RECOVERED,-259.9318895225442,158.3815528884501,-203.47727199402286,83.61858483733498
6149275,-0.6682,0.3715,9.9265,-0.0068,-0.0957,0.0173,52.413296,-1.530721,0.0,1.0659999999999998,63.612,9.955898037846712,0.09748856343182,-0.0112001266141952,-0.0062636895557657,0.2741,-0.1767,0.0192000000000014,0.0013,0.0067,0.0026999999999999,0.1,28.79853,7.999591666666666,0.7999591666666667,0.7166073131155463,0.3555399093257257,-228.648162415914,139.504537423704,-203.47727199402286,83.61858483733498,1550.7502130816838,0.0,41110193.65457984,0.0037721792947791773,7.999591666666666,RECOVERED,-259.21528220942866,158.73709279777583,-203.47727199402286,83.61858483733498
6149375,-0.6956,0.3071,9.8257,-0.0046,-0.098,0.0034,52.413296,-1.530721,0.0,1.274,56.232,9.855077384779888,0.0981667968307003,-0.1008206530668243,0.0006782333988803,-0.0273999999999999,-0.0644,-0.1008000000000013,0.0021999999999999,-0.0023,-0.0139,0.1,28.912639999999996,8.031288888888888,0.8031288888888888,0.6676370567846707,0.4464042703377775,-227.9805253591293,139.95094169404177,-203.47727199402286,83.61858483733498,1551.3529632645905,0.0,41110193.65457984,0.003773645476592795,8.031288888888888,RECOVERED,-258.547645152644,159.1834970681136,-203.47727199402286,83.61858483733498
6149476,-0.4065,0.3383,10.0243,0.0027,-0.0658,0.0126,52.413296,-1.530721,0.0,1.4,57.251000000000005,10.038240863318633,0.0670499067859158,0.183163478538745,-0.0311168900447845,0.2891,0.0312,0.1986000000000007,0.0073,0.0322,0.0092,0.101,29.539700000000007,8.205472222222223,0.8287526944444445,0.6970211729263096,0.44832188552574426,-227.283504186203,140.39926357956753,-203.47727199402286,83.61858483733498,1551.965301690774,0.0,41110193.65457984,0.0037751349816808237,8.205472222222223,RECOVERED,-257.85062397971774,159.63181895363937,-203.47727199402286,83.61858483733498
6149575,-0.5336,0.5084,9.8817,-0.0088,-0.0693,-0.003,52.413296,-1.530721,0.0,1.379,58.61600000000001,9.909147007184826,0.0699208838616904,-0.1290938561338066,0.0028709770757746,-0.1271,0.1700999999999999,-0.1425999999999998,-0.0115,-0.0035,-0.0156,0.099,19.27847999999999,5.355133333333331,0.5301581999999998,0.4525940711321604,0.27609115125852324,-226.83091011507085,140.67535473082606,-203.47727199402286,83.61858483733498,1552.3485062041461,0.0,41110193.65457984,0.0037760671215695146,5.355133333333331,RECOVERED,-257.3980299085855,159.9079101048979,-203.47727199402286,83.61858483733498
6149675,-0.4745,0.3746,9.9106,-0.0027,-0.055,0.0088,52.413296,-1.530721,0.0,1.67,60.396,9.929021491063455,0.0557649531515987,0.0198744838786311,-0.0141559307100917,0.0590999999999999,-0.1337999999999999,0.0289000000000001,0.0061,0.0143,0.0118,0.1,24.893170000000005,6.914769444444445,0.6914769444444446,0.6012118509518158,0.3415913859764574,-226.22969826411904,141.01694611680253,-203.47727199402286,83.61858483733498,1552.8333664281456,0.0,41110193.65457984,0.003777246537624018,6.914769444444445,RECOVERED,-256.7968180576337,160.24950149087437,-203.47727199402286,83.61858483733498
6149775,-0.6463,0.4187,9.821,-0.01,-0.0597,0.0042,52.413296,-1.530721,0.0,1.793,62.641000000000005,9.851144825856537,0.0606772609797113,-0.0778766652069204,0.0049123078281126,-0.1718,0.0441,-0.0896000000000007,-0.0073,-0.0047,-0.0046,0.1,34.93961,9.705447222222222,0.9705447222222223,0.8619839277934931,0.4460277637761049,-225.36771433632555,141.46297388057863,-203.47727199402286,83.61858483733498,1553.4865589460371,0.0,41110193.65457984,0.0037788354197474633,9.705447222222222,RECOVERED,-255.93483412984025,160.69552925465047,-203.47727199402286,83.61858483733498
6149875,-0.3773,0.3456,9.9361,-0.0052,-0.042,0.0082,52.413296,-1.530721,0.0,1.75,62.842,9.94926519196267,0.0431077719210817,0.0981203661061336,-0.0175694890586296,0.2689999999999999,-0.0731,0.1150999999999999,0.0048,0.0177,0.004,0.1,32.6596,9.072111111111111,0.9072111111111112,0.8071921789198647,0.4140927268306678,-224.56052215740567,141.8770666074093,-203.47727199402286,83.61858483733498,1554.0950704575005,0.0,41110193.65457984,0.003780315615916268,9.072111111111111,RECOVERED,-255.12764195092038,161.10962198148113,-203.47727199402286,83.61858483733498
6149975,-0.5054,0.4127,9.8559,-0.0006,-0.0239,0.0027,52.413296,-1.530721,0.0,1.804,65.19,9.877475146007708,0.024059509554436,-0.0717900459549625,-0.0190482623666456,-0.1280999999999999,0.0670999999999999,-0.0801999999999996,0.0046,0.0181,-0.0055,0.1,22.695729999999998,6.304369444444443,0.6304369444444444,0.5722502979321881,0.264537969745308,-223.98827185947349,142.1416045771546,-203.47727199402286,83.61858483733498,1554.4986047228538,0.0,41110193.65457984,0.0037812972076566136,6.304369444444443,RECOVERED,-254.55539165298816,161.37415995122643,-203.47727199402286,83.61858483733498
6150075,-0.4211,0.3982,9.9446,-0.0037,-0.036,-0.0073,52.413296,-1.530721,0.0,2.12,64.208,9.961473666581666,0.0369185590184665,0.0839985205739584,0.0128590494640305,0.0842999999999999,-0.0145,0.0886999999999993,-0.0031,-0.0120999999999999,-0.01,0.1,34.28301,9.523058333333333,0.9523058333333334,0.8574366808722113,0.414353398074084,-223.13083517860127,142.55595797522867,-203.47727199402286,83.61858483733498,1555.1208923138097,0.0,41110193.65457984,0.003782810913955797,9.523058333333333,RECOVERED,-253.69795497211598,161.7885133493005,-203.47727199402286,83.61858483733498
6150176,-0.5098,0.404,9.7745,0.0035,-0.0111,0.0063,52.413296,-1.530721,0.0,2.149,62.085,9.796119756822083,0.0132344248080526,-0.165353909759581,-0.0236841342104139,-0.0887,0.0058,-0.1700999999999997,0.0072,0.0249,0.0136,0.101,12.363109999999999,3.4341972222222217,0.34685391944444444,0.30649507126017456,0.16238353588708954,-222.8243401073411,142.71834151111577,-203.47727199402286,83.61858483733498,1555.3571956265325,0.0,41110193.65457984,0.003783385718625189,3.4341972222222217,RECOVERED,-253.39145990085578,161.9508968851876,-203.47727199402286,83.61858483733498
6150276,-0.4827,0.449,9.8364,0.0034,-0.0019,0.0086,52.413296,-1.530721,0.0,2.419,64.964,9.858466678444472,0.0094408686041062,0.062346921622387,-0.0037935562039463,0.0271,0.0449999999999999,0.0618999999999996,-0.0001,0.0092,0.0023,0.1,13.753589999999999,3.8204416666666665,0.3820441666666667,0.34614808731953167,0.16167636478180006,-222.47819202002157,142.88001787589758,-203.47727199402286,83.61858483733498,1555.6031492675477,0.0,41110193.65457984,0.0037839839975899684,3.8204416666666665,RECOVERED,-253.04531181353624,162.11257324996942,-203.47727199402286,83.61858483733498
6150375,-0.4194,0.3772,9.8637,-0.0048,-0.0099,-0.0087,52.413296,-1.530721,0.0,2.027,65.34899999999999,9.879815478540072,0.0140264036730731,0.0213488000956001,0.0045855350689668,0.0633,-0.0718,0.0273000000000003,-0.0081999999999999,-0.008,-0.0173,0.099,8.102700000000002,2.2507500000000005,0.22282425000000006,0.2025172087482428,0.09293775631509062,-222.27567481127332,142.97295563221266,-203.47727199402286,83.61858483733498,1555.745476396404,0.0,41110193.65457984,0.0037843302064403867,2.2507500000000005,RECOVERED,-252.842794604788,162.2055110062845,-203.47727199402286,83.61858483733498
6150476,-0.2556,0.3191,9.8973,-0.0013,0.0131,0.0067,52.413296,-1.530721,0.0,2.6060000000000003,62.944,9.905740934427874,0.0147712558707782,0.0259254558878012,0.000744852197705,0.1638,-0.0580999999999999,0.0335999999999998,0.0034999999999999,0.023,0.0154,0.101,8.327879999999999,2.3132999999999995,0.23364329999999997,0.20807393225713808,0.10627525746824565,-222.06760087901617,143.0792308896809,-203.47727199402286,83.61858483733498,1555.902145523524,0.0,41110193.65457984,0.0037847113020110772,2.3132999999999995,RECOVERED,-252.63472067253085,162.31178626375274,-203.47727199402286,83.61858483733498
6150575,0.0767,0.0338,9.8463,0.0054,-0.0014,0.0011,52.413296,-1.530721,0.0,2.783,66.305,9.846656743280938,0.0056859475903317,-0.059084191146935,-0.0090853082804464,0.3323,-0.2853,-0.0510000000000001,0.0067,-0.0145,-0.0056,0.099,0.2462800000000001,0.06841111111111114,0.006772700000000004,0.006201745585319057,0.0027217305129229163,-222.06139913343085,143.08195262019382,-203.47727199402286,83.61858483733498,1555.9063848711173,0.0,41110193.65457984,0.003784721614167787,0.06841111111111114,RECOVERED,-252.62851892694553,162.31450799426565,-203.47727199402286,83.61858483733498
6150676,0.1315,0.0312,9.9123,0.01,-0.001,-0.0039,52.413296,-1.530721,0.0,2.5780000000000003,67.738,9.913221322052689,0.0107800742112473,0.0665645787717483,0.0050941266209155,0.0548,-0.0025999999999999,0.0660000000000007,0.0046,0.0003999999999999,-0.005,0.101,1.0981100000000006,0.3050305555555557,0.030808086111111126,0.028511687717852646,0.011671410939097675,-222.032887445713,143.09362403113292,-203.47727199402286,83.61858483733498,1555.925062441202,0.0,41110193.65457984,0.003784767047108925,0.3050305555555557,RECOVERED,-252.60000723922766,162.32617940520475,-203.47727199402286,83.61858483733498
6150776,0.0133,0.0904,9.7325,0.0027,0.014,-0.0005,52.413296,-1.530721,0.0,2.909,66.58,9.73292891682663,0.014266744548074,-0.1802924052260568,0.0034866703368266,-0.1182,0.0591999999999999,-0.1798000000000001,-0.0073,0.015,0.0034,0.1,2.0432300000000003,0.567563888888889,0.0567563888888889,0.05208056708497017,0.022558861048703513,-221.98080687862802,143.11618289218163,-203.47727199402286,83.61858483733498,1555.9603774588486,0.0,41110193.65457984,0.0037848529504202625,0.567563888888889,RECOVERED,-252.54792667214267,162.34873826625346,-203.47727199402286,83.61858483733498
6150876,-0.1485,0.2656,9.8042,-0.0062,0.0012,-0.0053,52.413296,-1.530721,0.0,2.902,68.923,9.808921105300012,0.0082443920333763,0.075992188473382,-0.0060223525146976,-0.1618,0.1752,0.0716999999999998,-0.0089,-0.0128,-0.0048,0.1,7.24568,2.012688888888889,0.2012688888888889,0.18780359197506705,0.07238077421408566,-221.79300328665295,143.1885636663957,-203.47727199402286,83.61858483733498,1556.079075921315,0.0,41110193.65457984,0.003785141682853546,2.012688888888889,RECOVERED,-252.36012308016765,162.42111904046754,-203.47727199402286,83.61858483733498
6150976,-0.084,0.1584,9.9459,-0.0027,0.0056,-0.0042,52.413296,-1.530721,0.0,3.359,69.138,9.947515939670566,0.007502666192761,0.1385948343705543,-0.0007417258406153,0.0644999999999999,-0.1071999999999999,0.1417000000000001,0.0034999999999999,0.0044,0.0011,0.1,2.9181000000000017,0.8105833333333338,0.08105833333333338,0.0757442192323013,0.028866358545318164,-221.71725906742066,143.21743002494102,-203.47727199402286,83.61858483733498,1556.1266389628493,0.0,41110193.65457984,0.0037852573793203,0.8105833333333338,RECOVERED,-252.28437886093533,162.44998539901286,-203.47727199402286,83.61858483733498
6151075,-0.0293,0.1587,9.8507,0.0015,0.017,0.0008,52.413296,-1.530721,0.0,2.707,67.505,9.852021856959109,0.0170847885559055,-0.0954940827114576,0.0095821223631444,0.0547,0.0002999999999999,-0.0952000000000001,0.0042,0.0114,0.005,0.099,3.726170000000002,1.0350472222222227,0.10246967500000005,0.09467305709390494,0.039205185308831936,-221.62258601032676,143.25663521024987,-203.47727199402286,83.61858483733498,1556.1891096309819,0.0,41110193.65457984,0.0037854093383907377,1.0350472222222227,RECOVERED,-252.1897058038414,162.4891905843217,-203.47727199402286,83.61858483733498
6151175,0.0348,0.0472,9.9803,-0.0035,0.0058,0.0018,52.413296,-1.530721,0.0,3.485,71.123,9.980472281911313,0.00700927956355,0.128450424952204,-0.0100755089923554,0.0640999999999999,-0.1115,0.1295999999999999,-0.005,-0.0112,0.001,0.1,1.3320400000000001,0.3700111111111111,0.03700111111111112,0.03501101787148437,0.011971251023155126,-221.58757499245527,143.26860646127304,-203.47727199402286,83.61858483733498,1556.2097726922677,0.0,41110193.65457984,0.0037854596010128494,0.3700111111111111,RECOVERED,-252.15469478596995,162.50116183534487,-203.47727199402286,83.61858483733498
6151276,-0.056,0.184,9.8493,-0.0033,0.0056,-0.0001,52.413296,-1.530721,0.0,3.3160000000000003,73.225,9.851177720963111,0.006500769185258,-0.1292945609481997,-0.000508510378292,-0.0907999999999999,0.1368,-0.1310000000000002,0.0002,-0.0001999999999999,-0.0019,0.101,3.0005500000000005,0.8334861111111113,0.08418209722222224,0.08059977187575941,0.024296136859740074,-221.5069752205795,143.29290259813277,-203.47727199402286,83.61858483733498,1556.2541930626958,0.0,41110193.65457984,0.003785567652973882,0.8334861111111113,RECOVERED,-252.07409501409418,162.5254579722046,-203.47727199402286,83.61858483733498
6151375,-0.157,0.2292,9.7888,-0.0029,0.0039,-0.0038,52.413296,-1.530721,0.0,3.341,70.251,9.792741550760953,0.0061692787260748,-0.0584361702021603,-0.0003314904591831,-0.101,0.0451999999999999,-0.0604999999999993,0.0004,-0.0017,-0.0037,0.099,12.397419999999997,3.443727777777777,0.3409290499999999,0.3208762554327522,0.11520002531838962,-221.18609896514675,143.40810262345116,-203.47727199402286,83.61858483733498,1556.448905768505,0.0,41110193.65457984,0.003786041289044403,3.443727777777777,RECOVERED,-251.7532187586614,162.640657997523,-203.47727199402286,83.61858483733498
6151476,0.0779,0.0448,9.9731,-0.0018,0.0203,0.0052,52.413296,-1.530721,0.0,3.643,71.847,9.973504853360229,0.0210325937535055,0.1807633025992743,0.0148633150274306,0.2349,-0.1843999999999999,0.1843000000000003,0.0010999999999999,0.0163999999999999,0.009,0.101,1.31609,0.3655805555555555,0.03692363611111111,0.03508587074174355,0.011503763643234884,-221.15101309440502,143.4196063870944,-203.47727199402286,83.61858483733498,1556.4691444696543,0.0,41110193.65457984,0.0037860905194161193,0.3655805555555555,RECOVERED,-251.71813288791972,162.65216176116624,-203.47727199402286,83.61858483733498
6151575,-0.1271,0.1707,9.7667,-0.0069,0.0015,-0.0131,52.413296,-1.530721,0.0,3.406,74.90100000000001,9.769018466048674,0.0148818681622973,-0.2044863873115527,-0.0061507255912081,-0.205,0.1258999999999999,-0.2064000000000003,-0.0051,-0.0187999999999999,-0.0183,0.099,5.454250000000001,1.5150694444444446,0.14999187500000002,0.14481373210696877,0.03907103222678814,-221.00619936229805,143.4586774193212,-203.47727199402286,83.61858483733498,1556.5445646511077,0.0,41110193.65457984,0.003786273978005702,1.5150694444444446,RECOVERED,-251.57331915581275,162.69123279339303,-203.47727199402286,83.61858483733498
6151675,0.0675,0.0404,10.0354,-0.0039,-0.0073,-0.0087,52.413296,-1.530721,0.0,3.6,75.929,10.03570832427886,0.0120079140569875,0.2666898582301851,-0.0028739541053097,0.1946,-0.1303,0.268699999999999,0.003,-0.0088,0.0044,0.1,5.795180000000003,1.609772222222223,0.16097722222222233,0.15614713217024453,0.0391374397398569,-220.8500522301278,143.49781485906104,-203.47727199402286,83.61858483733498,1556.6230113210474,0.0,41110193.65457984,0.003786464798488327,1.609772222222223,RECOVERED,-251.41717202364245,162.73037023313287,-203.47727199402286,83.61858483733498
6151775,-0.1674,0.1897,9.7209,0.0056,0.0173,0.0118,52.413296,-1.530721,0.0,3.625,76.36399999999999,9.72419177412704,0.0216769462794001,-0.3115165501518184,0.0096690322224125,-0.2349,0.1493,-0.3144999999999989,0.0095,0.0246,0.0204999999999999,0.1,20.809660000000004,5.780461111111112,0.5780461111111113,0.5617527627096645,0.13627597058446758,-220.28829946741814,143.63409082964552,-203.47727199402286,83.61858483733498,1556.9009671081733,0.0,41110193.65457984,0.0037871409222484365,5.780461111111112,RECOVERED,-250.85541926093285,162.86664620371735,-203.47727199402286,83.61858483733498
6151875,0.1235,0.0742,10.0038,-0.0037,-0.0064,-0.0077,52.413296,-1.530721,0.0,3.359,78.05,10.00483744645559,0.0106742681247943,0.2806456723285482,-0.0110026781546058,0.2909,-0.1155,0.2828999999999997,-0.0093,-0.0237,-0.0195,0.1,2.445240000000001,0.6792333333333336,0.06792333333333336,0.0664513440520808,0.014064070704568514,-220.22184812336607,143.64815490035008,-203.47727199402286,83.61858483733498,1556.931872962077,0.0,41110193.65457984,0.0037872161003275366,0.6792333333333336,RECOVERED,-250.78896791688075,162.88071027442192,-203.47727199402286,83.61858483733498
6151975,-0.1195,0.1741,9.8127,-0.0076,-0.0006,-0.0028,52.413296,-1.530721,0.0,2.8510000000000004,78.82600000000001,9.814971846622893,0.0081215762016987,-0.1898655998326965,-0.0025526919230955,-0.243,0.0999,-0.1911000000000005,-0.0039,0.0058,0.0049,0.1,2.812060000000001,0.7811277777777781,0.07811277777777781,0.07663200908917177,0.015137411770761654,-220.1452161142769,143.66329231212083,-203.47727199402286,83.61858483733498,1556.9664727473003,0.0,41110193.65457984,0.003787300263845505,0.7811277777777781,RECOVERED,-250.71233590779158,162.89584768619267,-203.47727199402286,83.61858483733498
6152075,0.1259,0.0619,9.9793,0.0071,0.0245,0.0157,52.413296,-1.530721,0.0,3.29,80.73100000000001,9.980286113634218,0.0299524623361753,0.1653142670113254,0.0218308861344765,0.2454,-0.1122,0.1666000000000007,0.0147,0.0251,0.0185,0.1,7.6471399999999985,2.1242055555555552,0.21242055555555553,0.20964698206940252,0.03421454853892519,-219.9355691322075,143.69750686065976,-203.47727199402286,83.61858483733498,1557.0541972110573,0.0,41110193.65457984,0.003787513652438354,2.1242055555555552,RECOVERED,-250.50268892572214,162.9300622347316,-203.47727199402286,83.61858483733498
6152175,-0.1445,0.1432,9.7656,-0.0034,-0.0116,-0.0147,52.413296,-1.530721,0.0,2.819,77.938,9.767718763867023,0.0190318154677897,-0.2125673497671929,-0.0109206468683855,-0.2704,0.0813,-0.2137000000000011,-0.0105,-0.0361,-0.0303999999999999,0.1,8.612500000000004,2.392361111111112,0.2392361111111112,0.2339542672540259,0.049993176466391585,-219.70161486495346,143.74750003712614,-203.47727199402286,83.61858483733498,1557.1635231561197,0.0,41110193.65457984,0.0037877795863475467,2.392361111111112,RECOVERED,-250.2687346584681,162.98005541119798,-203.47727199402286,83.61858483733498
6152276,0.0825,0.0398,10.0009,-0.0036,-0.0083,-0.0134,52.413296,-1.530721,0.0,2.653,82.697,10.001319467950216,0.0161681786234566,0.2336007040831909,-0.002863636844333,0.2269999999999999,-0.1033999999999999,0.2353000000000005,-0.0002,0.0032999999999999,0.0012999999999999,0.101,1.3508499999999994,0.37523611111111094,0.037898847222222205,0.0375914037444201,0.004817570476634325,-219.66402346120904,143.75231760760278,-203.47727199402286,83.61858483733498,1557.1779884686364,0.0,41110193.65457984,0.0037878147730281016,0.37523611111111094,RECOVERED,-250.23114325472372,162.9848729816746,-203.47727199402286,83.61858483733498
6152375,-0.0789,0.1216,9.8202,-0.0018,0.0115,0.0027,52.413296,-1.530721,0.0,2.196,81.90899999999999,9.82126976566676,0.0119490585403202,-0.1800497022834566,-0.0042191200831363,-0.1614,0.0818,-0.1806999999999998,0.0018,0.0197999999999999,0.0161,0.099,1.3852299999999997,0.38478611111111105,0.038093825,0.0377146306173604,0.005361542737560416,-219.62630883059168,143.75767915034035,-203.47727199402286,83.61858483733498,1557.193011845908,0.0,41110193.65457984,0.003787851317193759,0.38478611111111105,RECOVERED,-250.19342862410636,162.9902345244122,-203.47727199402286,83.61858483733498
6152475,-0.051,0.1434,9.9034,-0.0006,0.0055,-0.002,52.413296,-1.530721,0.0,2.095,83.365,9.904569456569025,0.005883026432033,0.0832996909022636,-0.0060660321082871,0.0279,0.0218,0.0831999999999997,0.0012,-0.006,-0.0047,0.1,2.7014000000000005,0.750388888888889,0.0750388888888889,0.0745363061119633,0.008670289318282143,-219.55177252447973,143.76634943965863,-203.47727199402286,83.61858483733498,1557.2208461992268,0.0,41110193.65457984,0.003787919023888485,0.750388888888889,RECOVERED,-250.1188923179944,162.99890481373046,-203.47727199402286,83.61858483733498
6152575,0.0082,0.0547,9.8284,-0.0057,-0.0074,-0.0076,52.413296,-1.530721,0.0,2.02,82.175,9.828555636002678,0.0120420097990327,-0.0760138205663452,0.0061589833669996,0.0591999999999999,-0.0887,-0.0749999999999992,-0.0051,-0.0129,-0.0056,0.1,1.6298900000000003,0.4527472222222223,0.04527472222222223,0.04485314796245367,0.006164056307142388,-219.5069193765173,143.77251349596577,-203.47727199402286,83.61858483733498,1557.2385111117892,0.0,41110193.65457984,0.0037879619935536515,0.4527472222222223,RECOVERED,-250.07403917003197,163.0050688700376,-203.47727199402286,83.61858483733498
6152675,-0.1098,0.1345,9.8244,-0.006,-0.0078,-0.0125,52.413296,-1.530721,0.0,1.426,87.54299999999999,9.825934136253917,0.01590880259479,-0.002621499748761,0.0038667927957573,-0.118,0.0798,-0.0039999999999995,-0.0002999999999999,-0.0003999999999999,-0.0049,0.1,1.6306100000000001,0.4529472222222222,0.04529472222222222,0.04525308170656278,0.0019417665275269706,-219.46166629481073,143.7744552624933,-203.47727199402286,83.61858483733498,1557.2522059231724,0.0,41110193.65457984,0.003787995306000433,0.4529472222222222,RECOVERED,-250.0287860883254,163.00701063656513,-203.47727199402286,83.61858483733498
6152775,0.0919,0.0645,9.9975,0.005,0.0228,0.0118,52.413296,-1.530721,0.0,1.591,85.73200000000001,9.99813043073554,0.026154923054752,0.1721962944816226,0.0102461204599619,0.2017,-0.07,0.1730999999999998,0.011,0.0306,0.0243,0.1,4.950710000000002,1.3751972222222226,0.13751972222222228,0.1371383599571934,0.010234462776738035,-219.32452793485353,143.78468972527003,-203.47727199402286,83.61858483733498,1557.2979138807057,0.0,41110193.65457984,0.0037881064899999966,1.3751972222222226,RECOVERED,-249.8916477283682,163.01724509934186,-203.47727199402286,83.61858483733498
6152875,-0.083,0.1873,9.7925,0.0029,0.0112,0.0011,52.413296,-1.530721,0.0,1.418,85.169,9.79464274693059,0.0116215317406958,-0.2034876838049495,-0.0145333913140562,-0.1749,0.1227999999999999,-0.205,-0.0021,-0.0116,-0.0107,0.1,2.8185000000000016,0.782916666666667,0.0782916666666667,0.07801353077057978,0.006593488162744533,-219.24651440408294,143.79128321343276,-203.47727199402286,83.61858483733498,1557.3246650895628,0.0,41110193.65457984,0.003788171561960206,0.782916666666667,RECOVERED,-249.81363419759762,163.0238385875046,-203.47727199402286,83.61858483733498
6152975,-0.0105,0.096,9.9272,-0.0008,-0.0056,-0.0082,52.413296,-1.530721,0.0,1.1740000000000002,85.934,9.927669721037258,0.0099619275243298,0.1330269741066683,-0.0016596042163659,0.0725,-0.0912999999999999,0.1346999999999987,-0.0036999999999999,-0.0168,-0.0093,0.1,1.2654699999999997,0.35151944444444433,0.03515194444444444,0.03506346822172844,0.0024924675502697472,-219.21145093586122,143.79377568098303,-203.47727199402286,83.61858483733498,1557.336235023453,0.0,41110193.65457984,0.0037881997056707114,0.35151944444444433,RECOVERED,-249.7785707293759,163.02633105505487,-203.47727199402286,83.61858483733498
6153075,0.0354,0.0629,9.964,0.0028,-0.0004,-0.0113,52.413296,-1.530721,0.0,0.878,84.49799999999999,9.964261416181332,0.0116486050667021,0.0365916951440752,0.0016866775423723,0.0459,-0.0331,0.0368000000000012,0.0036,0.0052,-0.0030999999999999,0.1,6.864749999999997,1.9068749999999992,0.19068749999999993,0.1898089744872668,0.018283212527946943,-219.02164196137394,143.81205889351097,-203.47727199402286,83.61858483733498,1557.4035028659296,0.0,41110193.65457984,0.00378836333380402,1.9068749999999992,RECOVERED,-249.58876175488862,163.0446142675828,-203.47727199402286,83.61858483733498
6153175,-0.1216,0.1887,9.7662,-0.0094,0.0156,0.0007,52.413296,-1.530721,0.0,0.8240000000000001,87.165,9.768779692981104,0.0182266288709678,-0.1954817232002295,0.0065780238042656,-0.157,0.1258,-0.1978000000000008,-0.0122,0.016,0.0119999999999999,0.1,6.983499999999999,1.9398611111111108,0.19398611111111108,0.19374869351973115,0.009594532995911061,-218.82789326785422,143.82165342650688,-203.47727199402286,83.61858483733498,1557.4634356140657,0.0,41110193.65457984,0.003788509119417777,1.9398611111111108,RECOVERED,-249.39501306136887,163.05420880057872,-203.47727199402286,83.61858483733498
6153275,-0.0128,0.0984,9.9361,-0.0013,0.0128,0.0076,52.413296,-1.530721,0.0,0.569,86.113,9.936595473802884,0.0149428912864947,0.1678157808217815,-0.0032837375844731,0.1088,-0.0903,0.1699000000000001,0.0081,-0.0027999999999999,0.0069,0.1,0.7869099999999999,0.21858611111111106,0.021858611111111106,0.021808329427412138,0.0014817716734570746,-218.8060849384268,143.82313519818035,-203.47727199402286,83.61858483733498,1557.470570824422,0.0,41110193.65457984,0.0037885264757221925,0.21858611111111106,RECOVERED,-249.3732047319415,163.0556905722522,-203.47727199402286,83.61858483733498
6153376,0.061,0.0526,9.9009,0.0039,0.0059,0.0047,52.413296,-1.530721,0.0,0.565,97.666,9.901227629440704,0.0084917607125966,-0.0353678443621809,-0.006451130573898,0.0738,-0.0458,-0.0351999999999996,0.0052,-0.0069,-0.0029,0.101,0.6923199999999997,0.19231111111111102,0.019423422222222216,0.019249826051011117,-0.002591047631466773,-218.7868351123758,143.8205441505489,-203.47727199402286,83.61858483733498,1557.4731059894314,0.0,41110193.65457984,0.003788532642477403,0.19231111111111102,RECOVERED,-249.3539549058905,163.05309952462073,-203.47727199402286,83.61858483733498
6153476,-0.0914,0.1824,9.7798,-0.0013,0.0007,-0.0029,52.413296,-1.530721,0.0,0.256,97.666,9.781927814086549,0.0032542280190545,-0.1192998153541573,-0.005237532693542,-0.1523999999999999,0.1298,-0.1211000000000002,-0.0052,-0.0052,-0.0076,0.1,4.465690000000001,1.2404694444444448,0.12404694444444449,0.12293827912483081,-0.01654762677329556,-218.66389683325096,143.8039965237756,-203.47727199402286,83.61858483733498,1557.4893023400211,0.0,41110193.65457984,0.0037885720398850775,1.2404694444444448,RECOVERED,-249.23101662676564,163.03655189784743,-203.47727199402286,83.61858483733498
6153576,0.0839,0.0056,9.9826,0.0028,-0.0045,-0.0105,52.413296,-1.530721,0.0,0.155,97.666,9.982954138430166,0.0117618025829377,0.2010263243436192,0.0085075745638831,0.1753,-0.1768,0.2027999999999998,0.0040999999999999,-0.0052,-0.0076,0.1,4.21441,1.1706694444444443,0.11706694444444443,0.11602066263589232,-0.01561650803115409,-218.54787617061507,143.78838001574445,-203.47727199402286,83.61858483733498,1557.5045962447984,0.0,41110193.65457984,0.0037886092421053,1.1706694444444443,RECOVERED,-249.11499596412975,163.0209353898163,-203.47727199402286,83.61858483733498
6153676,-0.0083,0.0828,9.8781,-0.0089,0.0022,-0.006,52.413296,-1.530721,0.0,0.0579999999999999,97.666,9.878450502988816,0.0109567330897489,-0.1045036354413504,-0.0008050694931887,-0.0922,0.0772,-0.1044999999999998,-0.0117,0.0066999999999999,0.0045,0.1,1.2420099999999996,0.34500277777777766,0.03450027777777777,0.03419193272614781,-0.00460227152549792,-218.51368423788892,143.78377774421895,-203.47727199402286,83.61858483733498,1557.5091050933831,0.0,41110193.65457984,0.0037886202098195913,0.34500277777777766,RECOVERED,-249.08080403140363,163.0163331182908,-203.47727199402286,83.61858483733498
6153776,0.0126,0.0905,9.9608,0.0006,0.008,0.0015,52.413296,-1.530721,0.0,0.155,97.666,9.961219084529766,0.0081614949610962,0.0827685815409502,-0.0027952381286526,0.0209,0.0076999999999999,0.0827000000000008,0.0095,0.0058,0.0075,0.1,1.9356699999999998,0.5376861111111111,0.053768611111111114,0.05328805598990552,-0.007172630593763787,-218.46039618189903,143.77660511362518,-203.47727199402286,83.61858483733498,1557.5161336221047,0.0,41110193.65457984,0.0037886373066223474,0.5376861111111111,RECOVERED,-249.0275159754137,163.00916048769702,-203.47727199402286,83.61858483733498
6153875,-0.0405,0.084,9.8382,0.0031,0.0103,0.0007,52.413296,-1.530721,0.0,0.14,97.666,9.838641953542169,0.010779146533933,-0.1225771309875991,0.0026176515728367,-0.0531,-0.0064999999999999,-0.1226000000000002,0.0025,0.0023,-0.0008,0.099,1.0951099999999998,0.3041972222222222,0.030115524999999997,0.029846368526223153,-0.004017353833371025,-218.4305498133728,143.7725877597918,-203.47727199402286,83.61858483733498,1557.5200710623299,0.0,41110193.65457984,0.003788646884393394,0.3041972222222222,RECOVERED,-248.99766960688746,163.00514313386364,-203.47727199402286,83.61858483733498
6153975,-0.0929,0.1118,9.8888,-0.0049,-0.0032,-0.0082,52.413296,-1.530721,0.0,0.133,97.666,9.889868304987688,0.0100742245359134,0.0512263514455195,-0.0007049219980195,-0.0523999999999999,0.0277999999999999,0.0505999999999993,-0.008,-0.0135,-0.0089,0.1,1.8821600000000012,0.5228222222222225,0.05228222222222226,0.05181495165082924,-0.0069743491392429795,-218.37873486172197,143.76561341065255,-203.47727199402286,83.61858483733498,1557.5269080363137,0.0,41110193.65457984,0.003788663515241794,0.5228222222222225,RECOVERED,-248.94585465523662,162.99816878472438,-203.47727199402286,83.61858483733498
6154075,-0.0406,0.0336,9.8731,0.001,0.0205,0.0095,52.413296,-1.530721,0.0,0.0289999999999999,97.666,9.873240649857577,0.0226163657557972,-0.0166276551301116,0.0125421412198838,0.0523,-0.0781999999999999,-0.0156999999999989,0.0059,0.0237,0.0177,0.1,0.9315500000000001,0.2587638888888889,0.025876388888888893,0.025645119548991558,-0.003451861127992197,-218.35308974217298,143.76216154952456,-203.47727199402286,83.61858483733498,1557.5302925435897,0.0,41110193.65457984,0.0037886717480107865,0.2587638888888889,RECOVERED,-248.9202095356877,162.9947169235964,-203.47727199402286,83.61858483733498
6154175,0.0188,0.0364,9.9148,0.0021,-0.0018,-0.0036,52.413296,-1.530721,0.0,0.025,97.666,9.914884640781253,0.0045398237851264,0.0416439909236778,-0.0180765419706708,0.0593999999999999,0.0028,0.0416999999999987,0.0010999999999999,-0.0223,-0.0131,0.1,1.4251300000000007,0.3958694444444446,0.039586944444444466,0.039233137483607274,-0.005280823197182676,-218.31385660468936,143.75688072632738,-203.47727199402286,83.61858483733498,1557.5354711433138,0.0,41110193.65457984,0.0037886843448858287,0.3958694444444446,RECOVERED,-248.88097639820407,162.98943610039922,-203.47727199402286,83.61858483733498
6154277,0.0381,0.0536,9.9013,-0.0038,-0.0078,-0.0114,52.413296,-1.530721,0.0,0.094,97.666,9.901518381541289,0.0143261997752369,-0.0133662592399641,0.0097863759901105,0.0193,0.0172,-0.0134999999999987,-0.0059,-0.006,-0.0078,0.102,0.846670000000001,0.2351861111111114,0.023988983333333363,0.02377458261597939,-0.0032000848118317856,-218.2900820220734,143.75368064151556,-203.47727199402286,83.61858483733498,1557.5386097637372,0.0,41110193.65457984,0.0037886919795383184,0.2351861111111114,RECOVERED,-248.85720181558807,162.9862360155874,-203.47727199402286,83.61858483733498
6154375,-0.0666,0.1156,9.8101,0.0072,0.0186,0.0146,52.413296,-1.530721,0.0,0.133,97.666,9.811007131278624,0.0247176050619796,-0.090511250262665,0.0103914052867426,-0.1047,0.0619999999999999,-0.0912000000000006,0.011,0.0264,0.026,0.098,6.876600000000003,1.9101666666666675,0.1871963333333334,0.1855232725122468,-0.02497163530470305,-218.10455874956114,143.72870900621086,-203.47727199402286,83.61858483733498,1557.5631142394907,0.0,41110193.65457984,0.003788751586350097,1.9101666666666675,RECOVERED,-248.67167854307579,162.9612643802827,-203.47727199402286,83.61858483733498
6154476,-0.036,0.0365,9.813,-0.0027,0.0009,-0.002,52.413296,-1.530721,0.0,0.1689999999999999,97.666,9.813133915829336,0.0034785054261852,0.0021267845507129,-0.0212390996357943,0.0306,-0.0791,0.0029000000000003,-0.0098999999999999,-0.0176999999999999,-0.0166,0.101,1.2233699999999996,0.3398249999999999,0.03432232499999999,0.03401557039522976,-0.004578532962947056,-218.0705431791659,143.72413047324793,-203.47727199402286,83.61858483733498,1557.5676095179097,0.0,41110193.65457984,0.0037887625210551406,0.3398249999999999,RECOVERED,-248.63766297268054,162.95668584731976,-203.47727199402286,83.61858483733498
6154575,-0.0826,0.1182,9.8779,-0.0018,-0.0056,-0.0091,52.413296,-1.530721,0.0,0.0969999999999999,97.666,9.87895249558373,0.0108355895086515,0.0658185797543939,0.0073570840824663,-0.0466,0.0817,0.0648999999999997,0.0009,-0.0065,-0.0071,0.099,1.2311600000000005,0.341988888888889,0.033856900000000016,0.033554305115234925,-0.0045164461519784085,-218.03698887405065,143.71961402709596,-203.47727199402286,83.61858483733498,1557.5720445667782,0.0,41110193.65457984,0.0037887733092526027,0.341988888888889,RECOVERED,-248.60410866756533,162.9521694011678,-203.47727199402286,83.61858483733498
6154675,0.095,0.0177,9.9743,0.0038,0.0178,0.0063,52.413296,-1.530721,0.0,0.043,97.666,9.974768106577717,0.0192605815073169,0.095815610993986,0.0084249919986653,0.1776,-0.1005,0.0963999999999991,0.0056,0.0234,0.0154,0.1,1.8497900000000007,0.5138305555555558,0.051383055555555585,0.05092382125546575,-0.006854402013792807,-217.9860650527952,143.71275962508216,-203.47727199402286,83.61858483733498,1557.5787768177556,0.0,41110193.65457984,0.003788789685363681,0.5138305555555558,RECOVERED,-248.5531848463099,162.945314999154,-203.47727199402286,83.61858483733498
6154776,-0.0894,0.1443,9.8895,0.001,0.0022,-0.001,52.413296,-1.530721,0.0,0.05,97.666,9.890956733299364,0.0026153393661244,-0.0838113732783529,-0.0166452421411925,-0.1844,0.1266,-0.0847999999999995,-0.0028,-0.0156,-0.0073,0.101,2.3612800000000003,0.6559111111111112,0.06624702222222224,0.0656549417288704,-0.00883722693440875,-217.92041011106633,143.70392239814774,-203.47727199402286,83.61858483733498,1557.5874590166643,0.0,41110193.65457984,0.0037888108046972013,0.6559111111111112,RECOVERED,-248.487529904581,162.93647777221958,-203.47727199402286,83.61858483733498
6154876,0.051,0.0054,9.9343,-0.0002,-0.0112,-0.0043,52.413296,-1.530721,0.0,0.047,97.666,9.934432376839656,0.011998749934889,0.0434756435402921,0.0093834105687646,0.1404,-0.1389,0.0448000000000003,-0.0012,-0.0134,-0.0033,0.1,0.7673599999999995,0.2131555555555554,0.021315555555555542,0.021125048507449035,-0.0028434546242027702,-217.89928506255887,143.70107894352353,-203.47727199402286,83.61858483733498,1557.5902531785273,0.0,41110193.65457984,0.0037888176014588184,0.2131555555555554,RECOVERED,-248.46640485607358,162.93363431759536,-203.47727199402286,83.61858483733498
6154975,-0.1278,0.0886,9.7812,-0.0071,-0.0083,-0.014,52.413296,-1.530721,0.0,0.018,97.666,9.782436109681472,0.0177566888805317,-0.1519962671581822,0.0057579389456427,-0.1788,0.0832,-0.1531000000000002,-0.0069,0.0029,-0.0097,0.099,6.164449999999997,1.7123472222222214,0.16952237499999992,0.16800727457650486,-0.02261396283307066,-217.73127778798238,143.67846498069045,-203.47727199402286,83.61858483733498,1557.6124853230306,0.0,41110193.65457984,0.003788871680855014,1.7123472222222214,RECOVERED,-248.29839758149703,162.9110203547623,-203.47727199402286,83.61858483733498
6155076,0.0595,0.0275,10.0511,0.0059,0.0196,0.007,52.413296,-1.530721,0.0,0.018,97.666,10.051313730552838,0.0216326142664265,0.2688776208713648,0.0038759253858947,0.1873,-0.0611,0.2698999999999998,0.013,0.0279,0.021,0.101,16.818340000000003,4.6717611111111115,0.4718478722222223,0.4676307480164699,-0.06294360992345001,-217.26364703996592,143.615521370767,-203.47727199402286,83.61858483733498,1557.6744616519998,0.0,41110193.65457984,0.0037890224374520034,4.6717611111111115,RECOVERED,-247.83076683348062,162.84807674483883,-203.47727199402286,83.61858483733498
6155175,0.0153,0.0247,9.7616,-0.0028,0.0036,-0.0046,52.413296,-1.530721,0.0,0.04,97.666,9.761643239741964,0.0064776538962806,-0.2896704908108738,-0.0151549603701458,-0.0441999999999999,-0.0028,-0.2895000000000003,-0.0087,-0.016,-0.0116,0.099,0.5842599999999999,0.1622944444444444,0.01606715,0.015923550396883545,-0.0021433272919481653,-217.24772348956904,143.61337804347505,-203.47727199402286,83.61858483733498,1557.6765745148425,0.0,41110193.65457984,0.003789027576962803,0.1622944444444444,RECOVERED,-247.81484328308372,162.8459334175469,-203.47727199402286,83.61858483733498
6155280,-0.0881,0.0815,9.9153,-0.0077,-0.0117,-0.0153,52.413296,-1.530721,0.0,0.032,97.666,9.916026318541112,0.0207429506097854,0.1543830787991478,0.0142652967135048,-0.1033999999999999,0.0568,0.1537000000000006,-0.0049,-0.0153,-0.0107,0.105,1.9921500000000005,0.5533750000000002,0.058104375000000014,0.05758506913745877,-0.007751013261162728,-217.1901384204316,143.6056270302139,-203.47727199402286,83.61858483733498,1557.6842167175548,0.0,41110193.65457984,0.0037890461665193898,0.5533750000000002,RECOVERED,-247.7572582139463,162.83818240428573,-203.47727199402286,83.61858483733498
6155375,0.0032,-0.0081,9.9577,-0.0007,0.0039,-0.002,52.413296,-1.530721,0.0,0.072,97.666,9.957703808609695,0.0044384682042344,0.041677490068583,-0.016304482405551,0.0912999999999999,-0.0896,0.0424000000000006,0.007,0.0156,0.0133,0.095,1.9160700000000006,0.5322416666666668,0.05056295833333335,0.05011105362409367,-0.0067450026020464925,-217.1400273668075,143.59888202761184,-203.47727199402286,83.61858483733498,1557.690868765395,0.0,41110193.65457984,0.0037890623475374022,0.5322416666666668,RECOVERED,-247.70714716032214,162.83143740168367,-203.47727199402286,83.61858483733498
6155476,-0.0154,0.1009,9.7477,0.0025,0.0177,0.0024,52.413296,-1.530721,0.0,0.083,97.666,9.74823436628398,0.0180360749610329,-0.2094694423257159,0.0135976067567985,-0.0186,0.109,-0.2100000000000008,0.0032,0.0138,0.0043999999999999,0.101,4.2486999999999995,1.1801944444444443,0.11919963888888889,0.11813429619674566,-0.015901005419188933,-217.02189307061073,143.58298102219266,-203.47727199402286,83.61858483733498,1557.7065570175334,0.0,41110193.65457984,0.003789100509002343,1.1801944444444443,RECOVERED,-247.5890128641254,162.8155363962645,-203.47727199402286,83.61858483733498
6155575,-0.0487,0.0546,9.8809,0.0047,0.0249,0.0117,52.413296,-1.530721,0.0,0.1009999999999999,97.666,9.88117086483176,0.0279103923297398,0.1329364985477799,0.0098743173687068,-0.0332999999999999,-0.0463,0.1332000000000004,0.0022,0.0071999999999999,0.0093,0.099,3.915579999999999,1.0876611111111107,0.10767844999999997,0.10671607753915938,-0.014364100704834142,-216.91517699307158,143.56861692148783,-203.47727199402286,83.61858483733498,1557.7207366342482,0.0,41110193.65457984,0.003789135000731654,1.0876611111111107,RECOVERED,-247.48229678658626,162.80117229555967,-203.47727199402286,83.61858483733498
6155676,0.0291,0.0106,9.8759,-0.0007,0.0008,-0.0035,52.413296,-1.530721,0.0,0.076,97.666,9.875948561024405,0.0036578682316343,-0.0052223038073559,-0.0242525240981054,0.0778,-0.044,-0.0050000000000007,-0.0054,-0.0241,-0.0152,0.101,1.4663300000000006,0.40731388888888903,0.04113870277777779,0.04077102702995602,-0.005487824811429218,-216.87440596604162,143.5631290966764,-203.47727199402286,83.61858483733498,1557.7261559077067,0.0,41110193.65457984,0.0037891481830423577,0.40731388888888903,RECOVERED,-247.4415257595563,162.79568447074823,-203.47727199402286,83.61858483733498
6155775,-0.1083,0.1432,9.7004,-0.0069,-0.0158,-0.012,52.413296,-1.530721,0.0,0.079,97.666,9.702061393848217,0.0210059515376,-0.1738871671761863,0.0173480833059656,-0.1374,0.1326,-0.1754999999999995,-0.0062,-0.0166,-0.0085,0.099,22.45488999999999,6.237469444444441,0.6175094749999998,0.6119905052056896,-0.08237459106338603,-216.26241546083594,143.480754505613,-203.47727199402286,83.61858483733498,1557.807629791294,0.0,41110193.65457984,0.00378934636718197,6.237469444444441,RECOVERED,-246.8295352543506,162.71330987968483,-203.47727199402286,83.61858483733498
6155875,0.001,0.0377,9.9611,-0.0042,-0.0159,-0.0148,52.413296,-1.530721,0.0,0.086,97.666,9.961171391959883,0.022124420896376,0.2591099981116667,0.001118469358776,0.1093,-0.1055,0.2606999999999999,0.0027,-9.99999999999994e-05,-0.0028,0.1,0.36380999999999963,0.10105833333333322,0.010105833333333323,0.010015512793858202,-0.0013480989715794534,-216.25239994804207,143.4794064066414,-203.47727199402286,83.61858483733498,1557.8089651500609,0.0,41110193.65457984,0.003789349615424433,0.10105833333333322,RECOVERED,-246.81951974155672,162.71196178071324,-203.47727199402286,83.61858483733498
6155975,-0.0337,0.0055,9.772,0.0031,0.021,0.0079,52.413296,-1.530721,0.0,0.036,97.666,9.77205965700169,0.0226499448122948,-0.1891117349581925,0.0005255239159187,-0.0347,-0.0322,-0.1890999999999998,0.0072999999999999,0.0369,0.0227,0.1,0.19413999999999995,0.05392777777777776,0.005392777777777777,0.005344580010993741,-0.0007193863124774891,-216.24705536803108,143.47868702032892,-203.47727199402286,83.61858483733498,1557.809677764174,0.0,41110193.65457984,0.0037893513488487973,0.05392777777777776,RECOVERED,-246.81417516154576,162.71124239440076,-203.47727199402286,83.61858483733498
6156075,-0.0452,0.1517,9.7488,0.0053,0.0149,0.0082,52.413296,-1.530721,0.0,0.061,97.666,9.75008499296288,0.0178140394071642,-0.0219746640388098,-0.0048359054051305,-0.0114999999999999,0.1462,-0.0232000000000009,0.0022,-0.0061,0.0002999999999999,0.1,1.9361700000000004,0.5378250000000001,0.05378250000000001,0.05330182074732542,-0.007174483345160918,-216.19375354728376,143.47151253698377,-203.47727199402286,83.61858483733498,1557.8167857116166,0.0,41110193.65457984,0.0037893686388365375,0.5378250000000001,RECOVERED,-246.76087334079844,162.7040679110556,-203.47727199402286,83.61858483733498
6156175,0.1039,-0.0016,9.9393,0.0041,0.0075,-0.0004,52.413296,-1.530721,0.0,0.065,97.666,9.939843170795,0.0085568685861125,0.1897581778321182,-0.0092571708210516,0.1491,-0.1533,0.1905000000000001,-0.0011999999999999,-0.0074,-0.0086,0.1,0.42867000000000005,0.11907500000000001,0.011907500000000001,0.011801077126365961,-0.0015884378828151095,-216.1819524701574,143.46992409910095,-203.47727199402286,83.61858483733498,1557.8183596650556,0.0,41110193.65457984,0.003789372467457371,0.11907500000000001,RECOVERED,-246.7490722636721,162.7024794731728,-203.47727199402286,83.61858483733498
6156275,-0.0198,0.0538,9.7891,-0.001,-0.0135,-0.0091,52.413296,-1.530721,0.0,0.122,97.666,9.789267862817931,0.0163113457446036,-0.1505753079770659,0.007754477158491,-0.1237,0.0554,-0.1501999999999999,-0.0051,-0.0209999999999999,-0.0087,0.1,0.5392599999999995,0.1497944444444443,0.014979444444444432,0.014845566172496565,-0.0019982294368322373,-216.16710690398492,143.46792586966413,-203.47727199402286,83.61858483733498,1557.8203398003025,0.0,41110193.65457984,0.0037893772841100567,0.1497944444444443,RECOVERED,-246.73422669749957,162.70048124373596,-203.47727199402286,83.61858483733498
6156376,0.1389,-0.0769,10.2491,-0.0047,-0.0028,-0.0061,52.413296,-1.530721,0.0,0.094,97.666,10.250329635187349,0.0081939001702485,0.4610617723694155,-0.008117445574355,0.1587,-0.1306999999999999,0.4600000000000008,-0.0037,0.0107,0.003,0.101,36.219520000000024,10.060977777777785,1.0161587555555562,1.0070768714627902,-0.13555364789239588,-215.16003003252212,143.33237222177172,-203.47727199402286,83.61858483733498,1557.9549963929314,0.0,41110193.65457984,0.0037897048344829897,10.060977777777785,RECOVERED,-245.72714982603677,162.56492759584356,-203.47727199402286,83.61858483733498
6156476,0.056,0.0282,9.9027,-0.0009,-0.0028,-0.0047,52.413296,-1.530721,0.0,0.0289999999999999,97.666,9.902898491350903,0.0055443665102516,-0.3474311438364452,-0.0026495336599969,-0.0829,0.1051,-0.3464000000000009,0.0038,0.0,0.0014,0.1,1.11362,0.3093388888888889,0.03093388888888889,0.030657418315869225,-0.004126522021742977,-215.12937261420623,143.32824569974997,-203.47727199402286,83.61858483733498,1557.9591058194853,0.0,41110193.65457984,0.003789714830608497,0.3093388888888889,RECOVERED,-245.6964924077209,162.5608010738218,-203.47727199402286,83.61858483733498
6156575,-0.0589,0.104,9.8447,0.0048,0.0215,0.0097,52.413296,-1.530721,0.0,0.065,97.666,9.845425501216289,0.0240703136664232,-0.0574729901346149,0.0185259471561715,-0.1149,0.0757999999999999,-0.0579999999999998,0.0056999999999999,0.0243,0.0144,0.099,4.693839999999998,1.303844444444444,0.12908059999999996,0.12792694655616993,-0.01721910686344774,-215.00144566765007,143.31102659288652,-203.47727199402286,83.61858483733498,1557.9762601022976,0.0,41110193.65457984,0.003789756558173578,1.303844444444444,RECOVERED,-245.56856546116475,162.54358196695836,-203.47727199402286,83.61858483733498
6156675,0.0836,-0.0175,9.9625,0.0054,0.0191,0.0059,52.413296,-1.530721,0.0,0.032,97.666,9.962866126772958,0.0207070036461096,0.1174406255566697,-0.0033633100203135,0.1425,-0.1215,0.1178000000000007,0.0006,-0.0023999999999999,-0.0038,0.1,1.1158899999999996,0.30996944444444435,0.030996944444444438,0.030719910314555506,-0.004134933513085945,-214.97072575733552,143.30689165937343,-203.47727199402286,83.61858483733498,1557.9803810334936,0.0,41110193.65457984,0.003789766582283974,0.30996944444444435,RECOVERED,-245.53784555085016,162.53944703344527,-203.47727199402286,83.61858483733498
6156775,0.0109,0.0715,9.8398,-0.0042,0.0083,-0.0018,52.413296,-1.530721,0.0,0.0579999999999999,97.666,9.840065807706775,0.0094747031615771,-0.122800319066183,-0.0112323004845325,-0.0726999999999999,0.089,-0.1227,-0.0096,-0.0107999999999999,-0.0077,0.1,0.24683000000000002,0.0685638888888889,0.00685638888888889,0.00679511014790144,-0.0009146292547070089,-214.96393064718762,143.30597703011873,-203.47727199402286,83.61858483733498,1557.981292647317,0.0,41110193.65457984,0.0037897687997724906,0.0685638888888889,RECOVERED,-245.53105044070227,162.53853240419056,-203.47727199402286,83.61858483733498
6156875,0.0226,0.0574,9.8779,-0.0055,-0.007,-0.0118,52.413296,-1.530721,0.0,0.119,97.666,9.878092626109558,0.0147814072401784,0.0380268184027823,0.0053067040786013,0.0116999999999999,-0.0140999999999999,0.0381,-0.0013,-0.0153,-0.01,0.1,1.2896100000000006,0.3582250000000002,0.03582250000000002,0.035502337632521086,-0.004778653458504664,-214.9284283095551,143.3011983766602,-203.47727199402286,83.61858483733498,1557.9860560280677,0.0,41110193.65457984,0.003789780386632895,0.3582250000000002,RECOVERED,-245.4955481030698,162.53375375073205,-203.47727199402286,83.61858483733498
6156975,-0.0266,0.0075,9.7935,-0.0087,0.0124,-0.0035,52.413296,-1.530721,0.0,0.054,97.666,9.79353899568486,0.015546703830716,-0.0845536304246987,0.0007652965905375,-0.0491999999999999,-0.0499,-0.0844000000000004,-0.0031999999999999,0.0194,0.0083,0.1,0.22610000000000002,0.06280555555555556,0.006280555555555557,0.006224423305272923,-0.0008378141817820148,-214.92220388624983,143.30036056247843,-203.47727199402286,83.61858483733498,1557.9868912479346,0.0,41110193.65457984,0.003789782418294127,0.06280555555555556,RECOVERED,-245.4893236797645,162.53291593655027,-203.47727199402286,83.61858483733498
6157075,-0.0984,0.0843,9.7505,0.0,0.0132,0.0104,52.413296,-1.530721,0.0,0.108,97.666,9.751360894767458,0.01680476123008,-0.0421781009174004,0.0012580573993639,-0.0718,0.0768,-0.0429999999999992,0.0087,0.0008,0.0139,0.1,2.664000000000001,0.7400000000000003,0.07400000000000004,0.07333862753315822,-0.009871459443906626,-214.84886525871667,143.29048910303453,-203.47727199402286,83.61858483733498,1557.9967340129529,0.0,41110193.65457984,0.003789806360689293,0.7400000000000003,RECOVERED,-245.41598505223132,162.52304447710637,-203.47727199402286,83.61858483733498
6157175,0.098,0.1042,9.9422,0.0006,0.0144,0.0008,52.413296,-1.530721,0.0,0.036,97.666,9.943228976544791,0.0144346804606129,0.1918680817773346,-0.002370080769467,0.1964,0.0199,0.1916999999999991,0.0006,0.0011999999999999,-0.0096,0.1,3.638960000000001,1.0108222222222225,0.10108222222222225,0.10017880332134436,-0.013484176448197615,-214.74868645539533,143.27700492658633,-203.47727199402286,83.61858483733498,1558.0101845726074,0.0,41110193.65457984,0.003789839078996989,1.0108222222222225,RECOVERED,-245.31580624890998,162.50956030065817,-203.47727199402286,83.61858483733498
6157275,0.0314,-0.0137,9.8323,-0.0016,0.0169,0.0029,52.413296,-1.530721,0.0,0.011,97.666,9.832359683209315,0.017221498192666,-0.1108692933354777,0.0027868177320531,-0.0666,-0.1179,-0.1098999999999996,-0.0022,0.0024999999999999,0.0021,0.1,0.12788999999999998,0.035524999999999994,0.0035524999999999997,0.003520749652858708,-0.0004738967523578144,-214.74516570574247,143.27653102983396,-203.47727199402286,83.61858483733498,1558.0106574050878,0.0,41110193.65457984,0.003789840229155717,0.035524999999999994,RECOVERED,-245.31228549925717,162.5090864039058,-203.47727199402286,83.61858483733498
6157375,0.021,0.0366,9.7475,-0.0023,-0.0076,-0.0081,52.413296,-1.530721,0.0,0.086,97.666,9.747591333760356,0.0113428391507593,-0.084768349448959,-0.0058786590419066,-0.0103999999999999,0.0503,-0.0847999999999995,-0.0006999999999999,-0.0244999999999999,-0.011,0.1,1.33161,0.3698916666666667,0.03698916666666667,0.03665857725579158,-0.004934284575863549,-214.70850712848667,143.2715967452581,-203.47727199402286,83.61858483733498,1558.0155810810377,0.0,41110193.65457984,0.0037898522059320646,0.3698916666666667,RECOVERED,-245.27562692200135,162.50415211932994,-203.47727199402286,83.61858483733498
6157475,0.0955,0.0767,9.9113,-0.0035,-0.0073,-0.0161,52.413296,-1.530721,0.0,0.05,97.666,9.91205684154404,0.0180208212909401,0.1644655077836834,0.0066779821401807,0.0745,0.0401,0.1638000000000001,-0.0012,0.0002999999999999,-0.008,0.1,3.9887099999999993,1.1079749999999997,0.11079749999999998,0.1098072511365553,-0.014780176050489778,-214.59869987735013,143.25681656920761,-203.47727199402286,83.61858483733498,1558.030334641696,0.0,41110193.65457984,0.0037898880937723956,1.1079749999999997,RECOVERED,-245.1658196708648,162.48937194327945,-203.47727199402286,83.61858483733498
6157576,0.1869,-0.0781,9.9706,-0.0056,-0.0018,-0.0126,52.413296,-1.530721,0.0,0.032,97.666,9.972657398106085,0.0139053946366149,0.0606005565620435,-0.0041154266543251,0.0914,-0.1548,0.0592999999999985,-0.0021,0.0055,0.0034999999999999,0.101,0.7487699999999997,0.20799166666666657,0.021007158333333324,0.020819407574843414,-0.0028023150205300665,-214.5778804697753,143.2540142541871,-203.47727199402286,83.61858483733498,1558.0331327832637,0.0,41110193.65457984,0.0037898949002145906,0.20799166666666657,RECOVERED,-245.14500026328997,162.48656962825893,-203.47727199402286,83.61858483733498
6157675,0.0744,-0.0123,9.9329,-0.0078,-0.0062,-0.0105,52.413296,-1.530721,0.0,0.0289999999999999,97.666,9.933186249134764,0.0144751511218363,-0.0394711489713177,0.0005697564852213,-0.1125,0.0658,-0.0376999999999991,-0.0021999999999999,-0.0043999999999999,0.0020999999999999,0.099,0.80089,0.22246944444444444,0.022024475,0.021827632008626408,-0.0029380231315653416,-214.55605283776666,143.25107623105552,-203.47727199402286,83.61858483733498,1558.0360667295865,0.0,41110193.65457984,0.0037899020370000497,0.22246944444444444,RECOVERED,-245.12317263128134,162.48363160512736,-203.47727199402286,83.61858483733498
6157775,-0.2051,0.1581,9.689,-0.0104,0.0136,0.0041,52.413296,-1.530721,0.0,0.025,97.666,9.69246009122555,0.0176048288830082,-0.240726157909215,0.0031296777611718,-0.2794999999999999,0.1704,-0.2439,-0.0026,0.0197999999999999,0.0146,0.1,34.19911999999999,9.499755555555554,0.9499755555555555,0.9414851815472148,-0.1267249347212071,-213.61456765621944,143.1243512963343,-203.47727199402286,83.61858483733498,1558.1629068652428,0.0,41110193.65457984,0.0037902105739452217,9.499755555555554,RECOVERED,-244.18168744973408,162.35690667040615,-203.47727199402286,83.61858483733498
6157875,0.0152,0.0307,9.9982,0.0042,0.0177,0.0112,52.413296,-1.530721,0.0,0.054,97.666,9.998258686891434,0.0213628181661502,0.3057985956658839,0.003757989283142,0.2203,-0.1273999999999999,0.3092000000000006,0.0145999999999999,0.0041,0.0070999999999999,0.1,2.27233,0.6312027777777778,0.06312027777777778,0.06255614245586386,-0.008420125164479103,-213.55201151376357,143.11593117116982,-203.47727199402286,83.61858483733498,1558.171354798866,0.0,41110193.65457984,0.003790231123431547,0.6312027777777778,RECOVERED,-244.11913130727825,162.34848654524166,-203.47727199402286,83.61858483733498
6157975,0.1097,-0.0116,10.0466,0.0063,0.0291,0.0194,52.413296,-1.530721,0.0,0.09,97.666,10.047205592103706,0.0355367415501196,0.0489469052122721,0.0141739233839693,0.0945,-0.0423,0.0483999999999991,0.0021,0.0114,0.0082,0.1,10.937299999999999,3.0381388888888883,0.30381388888888883,0.3010985626570611,-0.040528195711651595,-213.2509129511065,143.07540297545816,-203.47727199402286,83.61858483733498,1558.2120519746375,0.0,41110193.65457984,0.0037903301187710322,3.0381388888888883,RECOVERED,-243.81803274462115,162.30795834953,-203.47727199402286,83.61858483733498
6158075,0.1589,-0.0771,10.0348,0.0057,0.0316,0.0164,52.413296,-1.530721,0.0,0.0579999999999999,97.666,10.03635415178241,0.0360556514294222,-0.0108514403212964,0.0005189098793026,0.0492,-0.0655,-0.0117999999999991,-0.0005999999999999,0.0025,-0.0029999999999999,0.1,2.2106000000000012,0.6140555555555559,0.061405555555555595,0.060856745504804646,-0.008191384476989486,-213.1900562056017,143.06721159098117,-203.47727199402286,83.61858483733498,1558.2202845797015,0.0,41110193.65457984,0.003790350144473497,0.6140555555555559,RECOVERED,-243.75717599911636,162.299766965053,-203.47727199402286,83.61858483733498
6158175,-0.0389,0.0953,9.6023,0.0084,0.0407,0.0237,52.413296,-1.530721,0.0,0.032,97.666,9.602851690513605,0.0478407775856538,-0.4335024612688052,0.0117851261562315,-0.1978,0.1724,-0.432500000000001,0.0026999999999999,0.0090999999999999,0.0072999999999999,0.1,46.397480000000016,12.888188888888893,1.2888188888888894,1.2773001141881222,-0.17192599178658735,-211.9127560914136,142.89528559919458,-203.47727199402286,83.61858483733498,1558.3936240294158,0.0,41110193.65457984,0.003790771790382468,12.888188888888893,RECOVERED,-242.4798758849283,162.12784097326642,-203.47727199402286,83.61858483733498
6158275,-0.0953,0.052,9.695,0.0101,0.0283,0.0282,52.413296,-1.530721,0.0,0.022,97.666,9.695607824680204,0.0412084942699924,0.0927561341665992,-0.0066322833156614,-0.0564,-0.0433,0.0927000000000006,0.0017,-0.0124,0.0045,0.1,41.405180000000016,11.501438888888893,1.1501438888888893,1.1398645172535178,-0.15342701018680693,-210.77289157416007,142.74185858900776,-203.47727199402286,83.61858483733498,1558.5491960592535,0.0,41110193.65457984,0.0037911502172785915,11.501438888888893,RECOVERED,-241.34001136767475,161.9744139630796,-203.47727199402286,83.61858483733498
6158375,-0.1025,0.0839,9.759,0.0044,0.0376,0.0202,52.413296,-1.530721,0.0,0.032,97.666,9.759898895992723,0.0429087403683678,0.0642910713125211,0.0017002460983753,-0.0071999999999999,0.0319,0.064,-0.0056999999999999,0.0093,-0.008,0.1,33.070269999999994,9.186186111111109,0.918618611111111,0.9104084887203359,-0.12254197789190756,-209.86248308543972,142.61931661111586,-203.47727199402286,83.61858483733498,1558.674049730219,0.0,41110193.65457984,0.00379145392217479,9.186186111111109,RECOVERED,-240.4296028789544,161.8518719851877,-203.47727199402286,83.61858483733498
6158476,0.1265,0.0205,10.1222,0.0183,0.0279,0.0222,52.413296,-1.530721,0.0,0.036,97.666,10.123011179486072,0.0400766765089122,0.3631122834933471,-0.0028320638594555,0.2289999999999999,-0.0634,0.3631999999999991,0.0139,-0.0097,0.002,0.101,42.10727999999999,11.696466666666664,1.181343133333333,1.1707849195187479,-0.15758893013564282,-208.69169816592097,142.46172768098023,-203.47727199402286,83.61858483733498,1558.8353925121337,0.0,41110193.65457984,0.0037918463863486885,11.696466666666664,RECOVERED,-239.25881795943562,161.69428305505207,-203.47727199402286,83.61858483733498
6158575,0.1307,0.0345,10.1389,0.0038,0.034,0.0206,52.413296,-1.530721,0.0,0.068,97.666,10.139801080396005,0.0399349471015049,0.0167899009099325,-0.0001417294074072,0.0042,0.014,0.0167000000000001,-0.0145,0.0061,-0.0016,0.099,33.46485,9.295791666666666,0.920283375,0.9120583738389559,-0.12276405423262172,-207.779639792082,142.3389636267476,-203.47727199402286,83.61858483733498,1558.9616896147352,0.0,41110193.65457984,0.0037921536023731686,9.295791666666666,RECOVERED,-238.3467595855967,161.57151900081945,-203.47727199402286,83.61858483733498
6158675,0.0769,-0.0244,9.8675,0.0046,0.0323,0.0187,52.413296,-1.530721,0.0,0.04,97.666,9.867829813084535,0.0376050528519772,-0.2719712673114678,-0.0023298942495277,-0.0538,-0.0589,-0.2713999999999998,0.0007999999999999,-0.0017,-0.0018999999999999,0.1,2.124780000000001,0.5902166666666668,0.05902166666666669,0.05849416254125522,-0.007873378227186156,-207.72114562954076,142.33109024852044,-203.47727199402286,83.61858483733498,1558.9698077711105,0.0,41110193.65457984,0.0037921733496807182,0.5902166666666668,RECOVERED,-238.28826542305544,161.56364562259228,-203.47727199402286,83.61858483733498
6158775,-0.1032,0.0256,9.7021,0.0098,0.0372,0.0229,52.413296,-1.530721,0.0,0.061,97.666,9.702682619255356,0.0447692975151498,-0.1651471938291795,0.0071642446631725,-0.1800999999999999,0.05,-0.1654,0.0052,0.0048999999999999,0.0041999999999999,0.1,37.294210000000014,10.35950277777778,1.035950277777778,1.0266915076326515,-0.138193799364691,-206.6944541219081,142.19289644915574,-203.47727199402286,83.61858483733498,1559.1126548189297,0.0,41110193.65457984,0.003792520823227108,10.35950277777778,RECOVERED,-237.26157391542276,161.42545182322758,-203.47727199402286,83.61858483733498
6158875,-0.1011,0.062,9.7464,0.0076,0.0259,0.0196,52.413296,-1.530721,0.0,0.043,97.666,9.747121532534615,0.0333576078279003,0.0444389132792597,-0.0114116896872494,0.0021,0.0364,0.0442999999999997,-0.0021999999999999,-0.0112999999999999,-0.0033,0.1,8.93084,2.4807888888888887,0.24807888888888888,0.24586169231164803,-0.03309325257508221,-206.44859242959646,142.15980319658067,-203.47727199402286,83.61858483733498,1559.146962594258,0.0,41110193.65457984,0.0037926042764348856,2.4807888888888887,RECOVERED,-237.01571222311114,161.3923585706525,-203.47727199402286,83.61858483733498
6158975,-0.1411,0.0953,9.7194,0.006,0.035,0.0217,52.413296,-1.530721,0.0,0.05,97.666,9.720891299670004,0.0416159825067245,-0.0262302328646129,0.0082583746788241,-0.04,0.0332999999999999,-0.0269999999999992,-0.0015999999999999,0.0091,0.0021,0.1,37.68637999999999,10.468438888888887,1.0468438888888887,1.0374877574673653,-0.1396469863955156,-205.41110467212908,142.02015621018515,-203.47727199402286,83.61858483733498,1559.2921609920647,0.0,41110193.65457984,0.003792957469608887,10.468438888888887,RECOVERED,-235.97822446564376,161.25271158425699,-203.47727199402286,83.61858483733498
6159075,0.1597,0.0166,10.0271,0.0021,0.0355,0.0191,52.413296,-1.530721,0.0,0.0289999999999999,97.666,10.028385416406772,0.0403666941921183,0.3074941167367679,-0.0012492883146061,0.3008,-0.0786999999999999,0.3077000000000005,-0.0039,0.0004999999999999,-0.0026,0.1,20.567429999999998,5.713175,0.5713175,0.5662113694010149,-0.07621266933573137,-204.84489330272808,141.94394354084943,-203.47727199402286,83.61858483733498,1559.3716940828367,0.0,41110193.65457984,0.0037931509327957555,5.713175,RECOVERED,-235.41201309624276,161.17649891492127,-203.47727199402286,83.61858483733498
6159175,0.1067,0.0075,10.0608,0.0074,0.0239,0.0157,52.413296,-1.530721,0.0,0.0579999999999999,97.666,10.06136858384584,0.0295374338763542,0.0329831674390668,-0.010829260315764,-0.053,-0.0091,0.0336999999999996,0.0053,-0.0115999999999999,-0.0034,0.1,6.210029999999996,1.7250083333333321,0.17250083333333321,0.17095911304044217,-0.023011283517433704,-204.67393418968763,141.920932257332,-203.47727199402286,83.61858483733498,1559.3957482617122,0.0,41110193.65457984,0.00379320944426636,1.7250083333333321,RECOVERED,-235.2410539832023,161.15348763140383,-203.47727199402286,83.61858483733498
6159276,-0.0327,0.0238,9.7661,0.0144,0.0269,0.0161,52.413296,-1.530721,0.0,0.054,97.666,9.76618374494357,0.03449898549233,-0.2951848389022693,0.0049615516159758,-0.1394,0.0163,-0.2947000000000006,0.0069999999999999,0.0029999999999999,0.0004,0.101,21.212670000000003,5.892408333333334,0.5951332416666668,0.5898142586917932,-0.0793896440382862,-204.08411993099583,141.8415426132937,-203.47727199402286,83.61858483733498,1559.4788795525367,0.0,41110193.65457984,0.003793411660027061,5.892408333333334,RECOVERED,-234.65123972451053,161.07409798736555,-203.47727199402286,83.61858483733498
6159376,-0.1822,0.1302,9.6277,0.0044,0.0272,0.0139,52.413296,-1.530721,0.0,0.05,97.666,9.630304053870782,0.0308611406140473,-0.1358796910727875,-0.0036378448782827,-0.1495,0.1064,-0.1383999999999989,-0.0099999999999999,0.0002999999999999,-0.0022,0.1,24.022959999999994,6.673044444444443,0.6673044444444444,0.6613404338152994,-0.08901714540637799,-203.42277949718053,141.75252546788732,-203.47727199402286,83.61858483733498,1559.572356904334,0.0,41110193.65457984,0.0037936390424436525,6.673044444444443,RECOVERED,-233.9898992906952,160.98508084195916,-203.47727199402286,83.61858483733498
6159475,0.0422,0.0191,10.0016,0.0053,0.021,0.0089,52.413296,-1.530721,0.0,0.0289999999999999,97.666,10.001707264762352,0.0234158066271482,0.3714032108915699,-0.007445333986899,0.2244,-0.1111,0.373899999999999,0.0008999999999999,-0.0061999999999999,-0.0049999999999999,0.099,1.8143200000000002,0.5039777777777779,0.04989380000000001,0.04944787587045795,-0.006655738151383625,-203.37333162131006,141.74586972973594,-203.47727199402286,83.61858483733498,1559.579357375542,0.0,41110193.65457984,0.0037936560709968797,0.5039777777777779,RECOVERED,-233.94045141482476,160.97842510380778,-203.47727199402286,83.61858483733498
6159576,0.0119,0.0422,9.9827,0.0009,0.0153,0.009,52.413296,-1.530721,0.0,0.018,97.666,9.982796288615727,0.0177735758923183,-0.018910976146623,-0.0056422307348299,-0.0303,0.0231,-0.0189000000000003,-0.0044,-0.0057,9.99999999999994e-05,0.101,2.4585000000000004,0.6829166666666667,0.06897458333333334,0.06835812535592045,-0.00920107840588321,-203.30497349595413,141.73666865133006,-203.47727199402286,83.61858483733498,1559.5890375993572,0.0,41110193.65457984,0.0037936796180127277,0.6829166666666667,RECOVERED,-233.87209328946878,160.9692240254019,-203.47727199402286,83.61858483733498
6159675,0.1365,-0.0497,10.1082,0.0048,0.01,0.0041,52.413296,-1.530721,0.0,0.04,97.666,10.10924376894731,0.011825819210524,0.1264474803315813,-0.0059477566817942,0.1246,-0.0919,0.1255000000000006,0.0039,-0.0052999999999999,-0.0048999999999999,0.099,12.737129999999993,3.5380916666666646,0.3502710749999998,0.3471405392576203,-0.046725496097784765,-202.9578329566965,141.68994315523227,-203.47727199402286,83.61858483733498,1559.6382424726853,0.0,41110193.65457984,0.003793799308213513,3.5380916666666646,RECOVERED,-233.5249527502112,160.9224985293041,-203.47727199402286,83.61858483733498
6159776,0.0489,-0.0211,9.8175,0.0027,0.0047,0.0005,52.413296,-1.530721,0.0,0.0,97.666,9.8176444562838,0.0054433445601027,-0.2915993126635108,-0.0063824746504213,-0.0876,0.0286,-0.2906999999999993,-0.0020999999999999,-0.0053,-0.0036,0.101,0.5537099999999997,0.15380833333333324,0.015534641666666658,0.015395801338550617,-0.0020722916917313766,-202.94243715535796,141.68787086354055,-203.47727199402286,83.61858483733498,1559.6404265114381,0.0,41110193.65457984,0.0037938046208587685,0.15380833333333324,RECOVERED,-233.50955694887264,160.9204262376124,-203.47727199402286,83.61858483733498
6159876,0.0859,-0.0151,9.8624,-0.0005,0.0073,-0.005,52.413296,-1.530721,0.0,0.018,97.666,9.86278563997008,0.0088622796164418,0.0451411836862796,0.003418935056339,0.037,0.006,0.0448999999999983,-0.0032,0.0026,-0.0055,0.1,0.5051299999999997,0.14031388888888882,0.014031388888888883,0.013905983831015082,-0.0018717606264641701,-202.92853117152694,141.68599910291408,-203.47727199402286,83.61858483733498,1559.642399335978,0.0,41110193.65457984,0.003793809419728257,0.14031388888888882,RECOVERED,-233.49565096504162,160.91855447698592,-203.47727199402286,83.61858483733498
6159976,-0.0962,0.0931,9.6722,-0.0031,-0.0043,-0.0057,52.413296,-1.530721,0.0,0.04,97.666,9.673126427892896,0.0077839578621675,-0.1896592120771831,-0.0010783217542742,-0.1820999999999999,0.1082,-0.190199999999999,-0.0026,-0.0116,-0.0007,0.1,9.997799999999996,2.7771666666666657,0.27771666666666656,0.27523458346509333,-0.03704687583644503,-202.65329658806183,141.64895222707764,-203.47727199402286,83.61858483733498,1559.6814719830481,0.0,41110193.65457984,0.0037939044634232545,2.7771666666666657,RECOVERED,-233.22041638157654,160.88150760114948,-203.47727199402286,83.61858483733498
6160075,-0.1307,0.1186,9.7699,-0.0062,-0.0069,-0.0119,52.413296,-1.530721,0.0,0.068,97.666,9.77149397277612,0.0150884061451168,0.0983675448832226,0.0073044482829493,-0.0345,0.0254999999999999,0.0976999999999996,-0.0031,-0.0026,-0.0062,0.099,14.301049999999991,3.9725138888888862,0.39327887499999975,0.3897639585173575,-0.052462654928482684,-202.26353262954447,141.59648957214915,-203.47727199402286,83.61858483733498,1559.7368862834046,0.0,41110193.65457984,0.0037940392579728062,3.9725138888888862,RECOVERED,-232.83065242305915,160.829044946221,-203.47727199402286,83.61858483733498
6160175,-0.1633,0.1308,9.6818,-0.0095,-0.0104,-0.0152,52.413296,-1.530721,0.0,0.083,97.666,9.684060448489571,0.020723175432351,-0.0874335242865473,0.0056347692872342,-0.0325999999999999,0.0122,-0.0880999999999989,-0.0033,-0.0034999999999999,-0.0032999999999999,0.1,34.35569000000001,9.543247222222226,0.9543247222222226,0.9457954776856787,-0.12730510529370434,-201.31773715185878,141.46918446685544,-203.47727199402286,83.61858483733498,1559.8717578535977,0.0,41110193.65457984,0.003794367331275808,9.543247222222226,RECOVERED,-231.88485694537346,160.70173984092727,-203.47727199402286,83.61858483733498
6160275,0.0739,-0.002,10.0673,-0.0073,-0.0139,-0.0188,52.413296,-1.530721,0.0,0.025,97.666,10.067571430091766,0.0244936726523402,0.3835109816021944,0.0037704972199891,0.2372,-0.1328,0.3854999999999986,0.0021999999999999,-0.0034999999999999,-0.0036,0.1,11.11916,3.0886555555555555,0.30886555555555556,0.3061050802258225,-0.04120207844981559,-201.01163207163296,141.4279823884056,-203.47727199402286,83.61858483733498,1559.9155313643805,0.0,41110193.65457984,0.0037944738097593455,3.0886555555555555,RECOVERED,-231.5787518651476,160.66053776247745,-203.47727199402286,83.61858483733498
6160375,0.1044,-0.0188,9.9783,-0.0183,-0.0105,-0.0238,52.413296,-1.530721,0.0,0.119,97.666,9.9788638476532,0.0318053454626734,-0.0887075824385661,0.0073116728103331,0.0305,-0.0168,-0.0889999999999986,-0.011,0.0033999999999999,-0.005,0.1,28.17955999999999,7.827655555555553,0.7827655555555553,0.7757696151983041,-0.10441943832099593,-200.23586245643466,141.3235629500846,-203.47727199402286,83.61858483733498,1560.0267360166333,0.0,41110193.65457984,0.0037947443135988245,7.827655555555553,RECOVERED,-230.80298224994934,160.55611832415644,-203.47727199402286,83.61858483733498
6160476,0.1493,-0.041,10.0266,-0.0072,-0.0197,-0.0185,52.413296,-1.530721,0.0,0.0069999999999999,97.666,10.027795323499578,0.0279674811164681,0.0489314758463788,-0.0038378643462053,0.0448999999999999,-0.0222,0.0482999999999993,0.0111,-0.0091999999999999,0.0053,0.101,2.936870000000003,0.8157972222222231,0.08239551944444454,0.0816591123099623,-0.010991405791289913,-200.1542033441247,141.31257154429332,-203.47727199402286,83.61858483733498,1560.0384640342563,0.0,41110193.65457984,0.0037947728418459095,0.8157972222222231,RECOVERED,-230.72132313763936,160.54512691836516,-203.47727199402286,83.61858483733498
6160575,-0.0298,0.0173,9.7488,-0.0099,-0.0132,-0.0164,52.413296,-1.530721,0.0,0.022,97.666,9.748860896022672,0.0232639205638258,-0.2789344274769068,-0.0047035605526422,-0.1790999999999999,0.0583,-0.2778000000000009,-0.0027,0.0064999999999999,0.0020999999999999,0.099,0.68703,0.19084166666666666,0.018893325,0.018724466554566294,-0.0025203336688925273,-200.13547887757014,141.31005121062444,-203.47727199402286,83.61858483733498,1560.041153874225,0.0,41110193.65457984,0.003794779384845905,0.19084166666666666,RECOVERED,-230.70259867108481,160.54260658469627,-203.47727199402286,83.61858483733498
6160675,-0.0992,0.1135,9.6741,-0.0098,-0.0089,-0.0222,52.413296,-1.530721,0.0,0.0969999999999999,97.666,9.675274347531444,0.0258474370102724,-0.0735865484912281,0.0025835164464465,-0.0693999999999999,0.0962,-0.0746999999999999,0.0001,0.0043,-0.0058,0.1,19.58765,5.441013888888889,0.5441013888888889,0.539238501351301,-0.07258209180797204,-199.59624037621884,141.23746911881648,-203.47727199402286,83.61858483733498,1560.118713694979,0.0,41110193.65457984,0.0037949680480796654,5.441013888888889,RECOVERED,-230.16336016973352,160.4700244928883,-203.47727199402286,83.61858483733498
6160776,-0.1153,0.1013,9.7079,-0.0052,-0.0158,-0.0183,52.413296,-1.530721,0.0,0.068,97.666,9.70911315157054,0.0247299413666915,0.033838804039096,-0.0011174956435809,-0.0161,-0.0122,0.0338000000000011,0.0046,-0.0069,0.0039,0.101,13.538880000000006,3.7608000000000015,0.3798408000000002,0.37644598585266004,-0.050670041247851995,-199.2197943903662,141.18679907756862,-203.47727199402286,83.61858483733498,1560.1729689083588,0.0,41110193.65457984,0.0037951000231655424,3.7608000000000015,RECOVERED,-229.78691418388084,160.41935445164046,-203.47727199402286,83.61858483733498
6160875,0.0819,0.0071,10.0669,-0.0126,-0.0103,-0.0151,52.413296,-1.530721,0.0,0.1009999999999999,97.666,10.067235649869334,0.0222004504458805,0.358122498298794,-0.0025294909208109,0.1972,-0.0942,0.359,-0.0074,0.0055,0.0031999999999999,0.099,14.288849999999991,3.9691249999999973,0.39294337499999976,0.38943145703712273,-0.05241789986573363,-198.83036293332907,141.1343811777029,-203.47727199402286,83.61858483733498,1560.2291909779115,0.0,41110193.65457984,0.003795236782602934,3.9691249999999973,RECOVERED,-229.39748272684378,160.36693655177473,-203.47727199402286,83.61858483733498
6160975,0.1357,-0.0544,10.0181,-0.0096,-0.0193,-0.0184,52.413296,-1.530721,0.0,0.0579999999999999,97.666,10.01916670487122,0.0283409597579192,-0.0480689449981142,0.0061405093120386,0.0537999999999999,-0.0615,-0.0487999999999999,0.003,-0.009,-0.0032999999999999,0.1,7.178969999999998,1.9941583333333326,0.19941583333333326,0.19763356114929295,-0.026601693394903262,-198.63272937217977,141.107779484308,-203.47727199402286,83.61858483733498,1560.257760338695,0.0,41110193.65457984,0.0037953062771935546,1.9941583333333326,RECOVERED,-229.19984916569442,160.34033485837983,-203.47727199402286,83.61858483733498
6161075,0.1028,-0.0337,9.9408,-0.0148,-0.0024,-0.0183,52.413296,-1.530721,0.0,0.025,97.666,9.941388643947082,0.0236577682802076,-0.0777780609241372,-0.0046831914777116,-0.0328999999999999,0.0206999999999999,-0.077300000000001,-0.0052,0.0169,9.99999999999994e-05,0.1,19.743099999999988,5.484194444444441,0.5484194444444441,0.5435179644331436,-0.0731581122173396,-198.08921140774663,141.03462137209067,-203.47727199402286,83.61858483733498,1560.336458517127,0.0,41110193.65457984,0.0037954977094672463,5.484194444444441,RECOVERED,-228.65633120126128,160.2671767461625,-203.47727199402286,83.61858483733498
6161175,-0.0758,0.0213,9.7666,-0.0133,-0.0074,-0.015,52.413296,-1.530721,0.0,0.09,97.666,9.766917368852877,0.0213693706037402,-0.1744712750942056,-0.0022883976764673,-0.1786,0.055,-0.174199999999999,0.0015,-0.005,0.0033,0.1,3.7796599999999994,1.0499055555555554,0.10499055555555555,0.10405220605930053,-0.014005540691349886,-197.98515920168734,141.0206158313993,-203.47727199402286,83.61858483733498,1560.351546189734,0.0,41110193.65457984,0.003795534410030454,1.0499055555555554,RECOVERED,-228.55227899520204,160.25317120547115,-203.47727199402286,83.61858483733498
6161276,-0.0588,0.1517,9.714,-0.0077,-0.0089,-0.0135,52.413296,-1.530721,0.0,0.032,97.666,9.715362387991506,0.0179094946885723,-0.0515549808613702,-0.0034598759151679,0.017,0.1304,-0.0525999999999999,0.0055999999999999,-0.0014999999999999,0.0014999999999999,0.101,6.279100000000001,1.7441944444444446,0.17616363888888892,0.17458918239672977,-0.02349989482138754,-197.81057001929062,140.99711593657793,-203.47727199402286,83.61858483733498,1560.376877336689,0.0,41110193.65457984,0.0037955960277089493,1.7441944444444446,RECOVERED,-228.3776898128053,160.22967131064976,-203.47727199402286,83.61858483733498
6161376,-0.087,0.0551,9.7371,-0.0043,-0.0153,-0.0113,52.413296,-1.530721,0.0,0.032,97.666,9.73764455194376,0.0195005128137697,0.022282163952255,0.0015910181251974,-0.0281999999999999,-0.0965999999999999,0.0230999999999994,0.0034,-0.0063999999999999,0.0022,0.1,3.3074399999999997,0.9187333333333332,0.09187333333333332,0.09105221856166242,-0.012255728161844785,-197.71951780072897,140.98486020841608,-203.47727199402286,83.61858483733498,1560.3900958320191,0.0,41110193.65457984,0.0037956281815232596,0.9187333333333332,RECOVERED,-228.28663759424362,160.21741558248792,-203.47727199402286,83.61858483733498
6161475,0.1425,-0.0234,10.1528,-0.0003,-0.0047,-0.008,52.413296,-1.530721,0.0,0.079,97.666,10.153826946033696,0.0092833183722201,0.4161823940899349,-0.0102171944415496,0.2294999999999999,-0.0785,0.4156999999999993,0.004,0.0105999999999999,0.0032999999999999,0.099,26.825090000000003,7.451413888888889,0.7376899750000001,0.731096896100943,-0.0984064414917431,-196.98842090462801,140.88645376692435,-203.47727199402286,83.61858483733498,1560.4964247594498,0.0,41110193.65457984,0.0037958868252268726,7.451413888888889,RECOVERED,-227.55554069814272,160.11900914099618,-203.47727199402286,83.61858483733498
6161575,0.1005,-0.0438,9.9174,-0.0039,-0.0093,-0.0105,52.413296,-1.530721,0.0,0.05,97.666,9.918005921050865,0.0145585026702611,-0.2358210249828314,0.0052751842980409,-0.0419999999999999,-0.0203999999999999,-0.2353999999999985,-0.0036,-0.0045999999999999,-0.0025,0.1,1.1947500000000004,0.3318750000000001,0.03318750000000001,0.032890887854820104,-0.004427149463441231,-196.9555300167732,140.8820266174609,-203.47727199402286,83.61858483733498,1560.5012163558715,0.0,41110193.65457984,0.0037958984807215214,0.3318750000000001,RECOVERED,-227.5226498102879,160.11458199153273,-203.47727199402286,83.61858483733498
6161676,0.144,-0.0569,9.9017,-0.0016,-0.0049,-0.0102,52.413296,-1.530721,0.0,0.011,97.666,9.902910506512718,0.0114284732138636,-0.0150954145381465,-0.0031300294563974,0.0434999999999999,-0.0131,-0.0157000000000007,0.0023,0.0043999999999999,0.0002999999999999,0.101,1.4167199999999998,0.39353333333333324,0.03974686666666666,0.03939163040644279,-0.0053021565178697815,-196.91613838636675,140.87672446094302,-203.47727199402286,83.61858483733498,1560.5069559001963,0.0,41110193.65457984,0.0037959124420868535,0.39353333333333324,RECOVERED,-227.4832581798814,160.10927983501486,-203.47727199402286,83.61858483733498
6161775,-0.0782,0.0185,9.6667,-0.0067,-0.003,-0.0141,52.413296,-1.530721,0.0,0.032,97.666,9.66703400118154,0.0158965405041474,-0.2358765053311771,0.0044680672902837,-0.2222,0.0754,-0.2349999999999994,-0.0051,0.0018999999999999,-0.0038999999999999,0.099,21.071019999999994,5.853061111111109,0.5794530499999998,0.5742742082013848,-0.07729793625301343,-196.34186417816537,140.79942652469,-203.47727199402286,83.61858483733498,1560.590742890048,0.0,41110193.65457984,0.003796116252826729,5.853061111111109,RECOVERED,-226.90898397168004,160.03198189876184,-203.47727199402286,83.61858483733498
6161875,-0.0814,0.0797,9.7093,-0.0061,-0.0057,-0.0136,52.413296,-1.530721,0.0,0.047,97.666,9.70996830787825,0.0159580700587508,0.0429343066967096,6.152955460340254e-05,-0.0031999999999999,0.0611999999999999,0.0426000000000001,0.0005999999999999,-0.0027,0.0005,0.1,2.672340000000001,0.742316666666667,0.0742316666666667,0.07356822368692192,-0.009902363337210746,-196.26829595447845,140.7895241613528,-203.47727199402286,83.61858483733498,1560.6014917644848,0.0,41110193.65457984,0.0037961423993210196,0.742316666666667,RECOVERED,-226.8354157479931,160.02207953542464,-203.47727199402286,83.61858483733498
6161975,-0.1324,0.1361,9.7277,-0.0084,-0.0103,-0.014,52.413296,-1.530721,0.0,0.047,97.666,9.72955293217525,0.0193041446326948,0.0195846242969999,0.0033460745739439,-0.0509999999999999,0.0564,0.0183999999999997,-0.0022999999999999,-0.0046,-0.0004,0.1,15.880410000000001,4.411225,0.44112250000000003,0.4371799827566969,-0.05884490362898241,-195.83111597172174,140.7306792577238,-203.47727199402286,83.61858483733498,1560.6654383750636,0.0,41110193.65457984,0.003796297948601853,4.411225,RECOVERED,-226.39823576523642,159.96323463179564,-203.47727199402286,83.61858483733498
6162075,0.0979,-0.0163,10.1505,-0.0056,-0.014,-0.0164,52.413296,-1.530721,0.0,0.043,97.666,10.150985191103372,0.0222782405050309,0.4214322589281227,0.0029740958723361,0.2303,-0.1524,0.4227999999999987,0.0027999999999999,-0.0037,-0.0024,0.1,33.09446999999999,9.19290833333333,0.9192908333333331,0.9110747029794583,-0.12263165105952861,-194.9200412687423,140.6080476066643,-203.47727199402286,83.61858483733498,1560.7990940996783,0.0,41110193.65457984,0.003796623064376636,9.19290833333333,RECOVERED,-225.48716106225694,159.84060298073612,-203.47727199402286,83.61858483733498
6162175,0.1384,-0.0591,10.037,-0.008,-0.0133,-0.0193,52.413296,-1.530721,0.0,0.04,97.666,10.038128130782152,0.0247665096450832,-0.11285706032122,0.0024882691400523,0.0404999999999999,-0.0428,-0.1134999999999983,-0.0024,0.0007,-0.0029,0.1,11.755100000000002,3.265305555555556,0.3265305555555556,0.3236121998930285,-0.04355855589679682,-194.59642906884926,140.5644890507675,-203.47727199402286,83.61858483733498,1560.8466959468242,0.0,41110193.65457984,0.003796738855237525,3.265305555555556,RECOVERED,-225.16354886236397,159.79704442483933,-203.47727199402286,83.61858483733498
6162275,0.1988,-0.0566,10.0962,-0.0072,-0.0153,-0.0166,52.413296,-1.530721,0.0,0.025,97.666,10.098315673418018,0.0236957802150509,0.0601875426358642,-0.0010707294300322,0.0604,0.0025,0.0591999999999988,0.0008,-0.002,0.0027,0.1,17.333749999999995,4.814930555555554,0.48149305555555544,0.47718972785393404,-0.06423025905999112,-194.11923934099534,140.5002587917075,-203.47727199402286,83.61858483733498,1560.9170103091542,0.0,41110193.65457984,0.00379690989398991,4.814930555555554,RECOVERED,-224.68635913451,159.73281416577933,-203.47727199402286,83.61858483733498
6162376,-0.0297,0.0077,9.7518,-0.0109,-0.0159,-0.0229,52.413296,-1.530721,0.0,0.036,97.666,9.751848266867157,0.0299337602048255,-0.346467406550861,0.0062379799897746,-0.2285,0.0643,-0.3444000000000002,-0.0037,-0.0006,-0.0063,0.101,2.3642700000000008,0.6567416666666669,0.06633090833333335,0.06573807811073504,-0.008848417182297133,-194.0535012628846,140.4914103745252,-203.47727199402286,83.61858483733498,1560.9267082693164,0.0,41110193.65457984,0.003796933484149187,0.6567416666666669,RECOVERED,-224.62062105639924,159.72396574859704,-203.47727199402286,83.61858483733498
6162475,-0.1696,0.0962,9.6376,-0.0084,-0.0203,-0.0195,52.413296,-1.530721,0.0,0.068,97.666,9.639572208350328,0.0293751595740346,-0.1122760585168283,-0.0005586006307909,-0.1399,0.0885,-0.1141999999999985,0.0025,-0.0043999999999999,0.0034,0.099,25.66232,7.128422222222222,0.7057138000000001,0.6994065070704012,-0.09414088048250309,-193.3540947558142,140.3972694940427,-203.47727199402286,83.61858483733498,1561.0300584677043,0.0,41110193.65457984,0.00379718488213397,7.128422222222222,RECOVERED,-223.92121454932888,159.62982486811453,-203.47727199402286,83.61858483733498
6162575,-0.1551,0.1053,9.6542,-0.0103,-0.0154,-0.0185,52.413296,-1.530721,0.0,0.05,97.666,9.656019974088702,0.026182054923172,0.0164477657383734,-0.0031931046508625,0.0145,0.0091,0.0165999999999986,-0.0019,0.0048999999999999,0.001,0.1,32.826900000000016,9.118583333333337,0.9118583333333338,0.9037086306937806,-0.12164016967686876,-192.45038612512042,140.2756293243658,-203.47727199402286,83.61858483733498,1561.1640603405413,0.0,41110193.65457984,0.003797510839909705,9.118583333333337,RECOVERED,-223.01750591863512,159.50818469843765,-203.47727199402286,83.61858483733498
6162675,0.0888,-0.0264,10.0364,-0.0049,-0.0215,-0.0214,52.413296,-1.530721,0.0,0.036,97.666,10.036827554561253,0.0307281629779588,0.3808075804725508,0.0045461080547867,0.2439,-0.1317,0.382200000000001,0.0054,-0.0060999999999999,-0.0029,0.1,6.7006700000000015,1.8612972222222226,0.18612972222222227,0.1844661942014291,-0.02482935140840908,-192.26591993091898,140.2507999729574,-203.47727199402286,83.61858483733498,1561.1914770182038,0.0,41110193.65457984,0.0037975775306139455,1.8612972222222226,RECOVERED,-222.83303972443363,159.48335534702923,-203.47727199402286,83.61858483733498
6162775,0.143,-0.0443,10.0356,-0.0078,-0.0229,-0.0235,52.413296,-1.530721,0.0,0.047,97.666,10.036716537294456,0.0337268439080801,-0.0001110172667964,0.0029986809301212,0.0541999999999999,-0.0179,-0.0007999999999999,-0.0029,-0.0014,-0.0021,0.1,15.254429999999997,4.237341666666666,0.4237341666666666,0.419947057057295,-0.056525332989832,-191.84597287386168,140.19427463996757,-203.47727199402286,83.61858483733498,1561.2539735011956,0.0,41110193.65457984,0.0037977295524786845,4.237341666666666,RECOVERED,-222.4130926673764,159.4268300140394,-203.47727199402286,83.61858483733498
6162876,-0.104,0.0991,9.7215,-0.0072,-0.0217,-0.0162,52.413296,-1.530721,0.0,0.072,97.666,9.72256134256812,0.0280208850681058,-0.3141551947263359,-0.0057059588399742,-0.247,0.1434,-0.3140999999999998,0.0005999999999999,0.0011999999999999,0.0073,0.101,3.7562899999999972,1.0434138888888882,0.10538480277777772,0.10444292971046991,-0.01405813252195852,-191.7415299441512,140.1802165074456,-203.47727199402286,83.61858483733498,1561.2695341576873,0.0,41110193.65457984,0.0037977674035689093,1.0434138888888882,RECOVERED,-222.3086497376659,159.41277188151744,-203.47727199402286,83.61858483733498
6162975,-0.1394,0.0749,9.722,-0.0102,-0.0104,-0.0175,52.413296,-1.530721,0.0,0.072,97.666,9.723287837454984,0.022769497139814,0.0007264948868623,-0.0052513879282918,-0.0354,-0.0242,0.0004999999999988,-0.003,0.0113,-0.0013,0.099,10.842709999999995,3.0118638888888873,0.29817452499999986,0.2955096003898831,-0.03977591528031918,-191.44602034376132,140.14044059216528,-203.47727199402286,83.61858483733498,1561.3135989917307,0.0,41110193.65457984,0.0037978745906924083,3.0118638888888873,RECOVERED,-222.013140137276,159.3729959662371,-203.47727199402286,83.61858483733498
6163075,0.1129,-0.0262,10.0611,-0.007,-0.007,-0.0128,52.413296,-1.530721,0.0,0.036,97.666,10.0617675415406,0.016181470884935,0.3384797040856178,-0.006588026254879,0.2522999999999999,-0.1011,0.3391000000000002,0.0032,0.0033999999999999,0.0047,0.1,10.972080000000004,3.047800000000001,0.3047800000000001,0.30205603918318863,-0.040657073098835955,-191.14396430457813,140.09978351906645,-203.47727199402286,83.61858483733498,1561.3586975598894,0.0,41110193.65457984,0.0037979842923604123,3.047800000000001,RECOVERED,-221.7110840980928,159.33233889313829,-203.47727199402286,83.61858483733498
6163178,0.1204,-0.066,9.9673,-0.0048,-0.0034,-0.0137,52.413296,-1.530721,0.0,0.043,97.666,9.968245655580525,0.0149093930124603,-0.0935218859600759,-0.0012720778724747,0.0074999999999999,-0.0398,-0.0937999999999998,0.0022,0.0036,-0.0008999999999999,0.103,2.672590000000001,0.7423861111111113,0.07646576944444446,0.07578235924760081,-0.010200388404296589,-191.06818194533054,140.08958313066216,-203.47727199402286,83.61858483733498,1561.3700213989932,0.0,41110193.65457984,0.0037980118374486183,0.7423861111111113,RECOVERED,-221.6353017388452,159.322138504734,-203.47727199402286,83.61858483733498
6163276,0.1577,-0.0687,9.9031,-0.0092,-0.0018,-0.0113,52.413296,-1.530721,0.0,0.047,97.666,9.904593812469042,0.0146823022717828,-0.0636518431114829,-0.0002270907406774,0.0373,-0.0026999999999999,-0.0641999999999995,-0.0044,0.0015999999999999,0.0024,0.098,2.701670000000001,0.7504638888888892,0.07354546111111114,0.07288815107002905,-0.009810824819483043,-190.9952937942605,140.07977230584268,-203.47727199402286,83.61858483733498,1561.3809162242417,0.0,41110193.65457984,0.0037980383389663204,0.7504638888888892,RECOVERED,-221.56241358777518,159.31232767991452,-203.47727199402286,83.61858483733498
6163375,0.1142,-0.0519,9.9154,-0.0034,-0.0059,-0.0077,52.413296,-1.530721,0.0,0.043,97.666,9.91619344355484,0.010279105019407,0.011599631085799,-0.0044031972523757,-0.0435,0.0167999999999999,0.0122999999999997,0.0058,-0.0040999999999999,0.0035999999999999,0.099,0.26408,0.07335555555555555,0.0072622,0.007197294336098666,-0.0009687636861289007,-190.9880964999244,140.07880354215655,-203.47727199402286,83.61858483733498,1561.3819922106643,0.0,41110193.65457984,0.003798040956289001,0.07335555555555555,RECOVERED,-221.5552162934391,159.3113589162284,-203.47727199402286,83.61858483733498
6163475,0.1062,-0.0328,9.8516,0.0006,-0.0112,-0.0044,52.413296,-1.530721,0.0,0.025,97.666,9.852226999008904,0.0120482363854632,-0.0639664445459367,0.0017691313660561,-0.0079999999999999,0.0191,-0.0638000000000005,0.004,-0.0053,0.0033,0.1,0.6046899999999997,0.16796944444444437,0.016796944444444437,0.016646822328462988,-0.00224068048466062,-190.97144967759596,140.0765628616719,-203.47727199402286,83.61858483733498,1561.3844810161681,0.0,41110193.65457984,0.00379804701027533,0.16796944444444437,RECOVERED,-221.53856947111066,159.30911823574374,-203.47727199402286,83.61858483733498
6163576,-0.1518,0.0536,9.7764,0.0028,0.009,0.0003,52.413296,-1.530721,0.0,0.05,97.666,9.77772535715746,0.0094302704096966,-0.0745016418514428,-0.0026179659757665,-0.258,0.0864,-0.0751999999999988,0.0022,0.0202,0.0047,0.101,7.494139999999999,2.0817055555555553,0.2102522611111111,0.20837313872475804,-0.02804725227767565,-190.7630765388712,140.04851560939423,-203.47727199402286,83.61858483733498,1561.4156490728412,0.0,41110193.65457984,0.0037981228261591837,2.0817055555555553,RECOVERED,-221.33019633238584,159.28107098346607,-203.47727199402286,83.61858483733498
6163675,0.0624,0.0076,9.9616,0.0012,0.0139,0.003,52.413296,-1.530721,0.0,0.094,97.666,9.961798335642015,0.0142705991464969,0.1840729784845542,0.0048403287368003,0.2142,-0.046,0.1852,-0.0016,0.0049,0.0027,0.099,2.1821500000000005,0.6061527777777779,0.06000912500000001,0.059472795499536914,-0.008005103293267878,-190.70360374337164,140.04051050610096,-203.47727199402286,83.61858483733498,1561.424549979419,0.0,41110193.65457984,0.003798144477496204,0.6061527777777779,RECOVERED,-221.27072353688632,159.2730658801728,-203.47727199402286,83.61858483733498
6163775,0.0777,-0.038,9.9789,0.0037,0.0114,0.0062,52.413296,-1.530721,0.0,0.043,97.666,9.979274848404566,0.0134940727728881,0.0174765127625509,-0.0007765263736088,0.0153,-0.0456,0.0172999999999987,0.0025,-0.0024999999999999,0.0031999999999999,0.1,2.5975800000000002,0.72155,0.07215500000000001,0.0715101171575004,-0.009625339948311922,-190.63209362621416,140.03088516615264,-203.47727199402286,83.61858483733498,1561.4352554201705,0.0,41110193.65457984,0.0037981705183386325,0.72155,RECOVERED,-221.1992134197288,159.26344054022448,-203.47727199402286,83.61858483733498
6163876,0.1121,-0.0427,9.8927,0.0046,0.0261,0.0172,52.413296,-1.530721,0.0,0.054,97.666,9.893427262076576,0.0315944615399598,-0.0858475863279917,0.0181003887670717,0.0344,-0.0047,-0.0861999999999998,0.0008999999999999,0.0147,0.011,0.101,11.97405999999999,3.326127777777775,0.33593890555555533,0.3329364630869686,-0.04481361191651407,-190.29915716312718,139.98607155423613,-203.47727199402286,83.61858483733498,1561.4851406927169,0.0,41110193.65457984,0.0037982918636014773,3.326127777777775,RECOVERED,-220.86627695664183,159.21862692830797,-203.47727199402286,83.61858483733498
6163975,-0.0304,0.0233,9.7558,-0.001,0.0337,0.0142,52.413296,-1.530721,0.0,0.05,97.666,9.755875188316011,0.0365831928622967,-0.1375520737605615,0.0049887313223369,-0.1425,0.066,-0.1368999999999989,-0.0056,0.0075999999999999,-0.0029999999999999,0.099,9.013819999999997,2.5038388888888883,0.24788004999999996,0.24566463053852194,-0.03306672784498034,-190.05349253258865,139.95300482639115,-203.47727199402286,83.61858483733498,1561.5219949756845,0.0,41110193.65457984,0.003798381511155262,2.5038388888888883,RECOVERED,-220.62061232610333,159.185560200463,-203.47727199402286,83.61858483733498
6164075,-0.072,0.0618,9.773,0.0055,0.0309,0.021,52.413296,-1.530721,0.0,0.068,97.666,9.773460607174922,0.0377632096093539,0.0175854188589088,0.0011800167470571,-0.0416,0.0385,0.0171999999999989,0.0065,-0.0028,0.0068,0.1,14.72892,4.091366666666667,0.4091366666666667,0.40548002171384545,-0.05457805421642084,-189.6480125108748,139.89842677217473,-203.47727199402286,83.61858483733498,1561.5829087192938,0.0,41110193.65457984,0.003798529683027477,4.091366666666667,RECOVERED,-220.21513230438947,159.13098214624657,-203.47727199402286,83.61858483733498
6164175,0.0585,0.021,9.8463,0.0065,0.0228,0.0165,52.413296,-1.530721,0.0,0.036,97.666,9.846496175797764,0.0288849441751234,0.0730355686228421,-0.0088782654342304,0.1305,-0.0408,0.0732999999999997,0.001,-0.0081,-0.0045,0.1,3.2293999999999983,0.897055555555555,0.08970555555555551,0.08890381522356641,-0.01196655072378079,-189.55910869565122,139.88646022145096,-203.47727199402286,83.61858483733498,1561.5962784165179,0.0,41110193.65457984,0.003798562204638386,0.897055555555555,RECOVERED,-220.12622848916587,159.1190155955228,-203.47727199402286,83.61858483733498
6164275,0.118,-0.0647,10.0575,0.0049,0.0245,0.012,52.413296,-1.530721,0.0,0.025,97.666,10.058400287322034,0.0277175034950841,0.2119041115242694,-0.0011674406800393,0.0594999999999999,-0.0857,0.2111999999999998,-0.0015999999999999,0.0017,-0.0045,0.1,4.386460000000002,1.2184611111111117,0.12184611111111117,0.12075711566407552,-0.016254039786906403,-189.43835157998714,139.87020618166406,-203.47727199402286,83.61858483733498,1561.6144464053236,0.0,41110193.65457984,0.0037986063980298313,1.2184611111111117,RECOVERED,-220.00547137350182,159.1027615557359,-203.47727199402286,83.61858483733498
6164375,0.2017,-0.0232,9.9321,0.0068,0.021,0.0136,52.413296,-1.530721,0.0,0.0289999999999999,97.666,9.934174930008028,0.0259268200904005,-0.124225357314005,-0.0017906834046835,0.0837,0.0414999999999999,-0.125399999999999,0.0018999999999999,-0.0034999999999999,0.0015999999999999,0.1,3.105970000000001,0.8627694444444447,0.08627694444444448,0.08550584720689317,-0.011509180513885381,-189.35284573278025,139.85869700115018,-203.47727199402286,83.61858483733498,1561.6273164385984,0.0,41110193.65457984,0.0037986377042148207,0.8627694444444447,RECOVERED,-219.91996552629493,159.091252375222,-203.47727199402286,83.61858483733498
6164475,-0.0433,0.0076,9.7438,0.003,0.0111,0.0072,52.413296,-1.530721,0.0,0.04,97.666,9.743899172815778,0.013566502865514,-0.1902757571922499,-0.0123603172248865,-0.245,0.0307999999999999,-0.1882999999999999,-0.0037999999999999,-0.0099,-0.0063999999999999,0.1,1.3714699999999989,0.38096388888888855,0.03809638888888886,0.037755903717304945,-0.005081985917242719,-189.31508982906294,139.85361501523295,-203.47727199402286,83.61858483733498,1561.6330008050354,0.0,41110193.65457984,0.0037986515313606735,0.38096388888888855,RECOVERED,-219.88220962257762,159.08617038930478,-203.47727199402286,83.61858483733498
6164575,-0.0535,0.0147,9.8235,0.0017,0.0046,-0.0034,52.413296,-1.530721,0.0,0.0,97.666,9.823656681195652,0.0059674114991342,0.079757508379874,-0.0075990913663797,-0.0102,0.0070999999999999,0.079699999999999,-0.0013,-0.0065,-0.0106,0.1,1.3030499999999996,0.3619583333333332,0.03619583333333332,0.03587233431196762,-0.004828455416059503,-189.27921749475098,139.8487865598169,-203.47727199402286,83.61858483733498,1561.6384024311737,0.0,41110193.65457984,0.0037986646707445053,0.3619583333333332,RECOVERED,-219.84633728826563,159.08134193388872,-203.47727199402286,83.61858483733498
6164675,0.024,0.0343,9.9448,-0.0007,-0.0025,-0.0062,52.413296,-1.530721,0.0,0.004,97.666,9.944888110481688,0.0067216069507224,0.1212314292860341,0.0007541954515881,0.0775,0.0196,0.1213000000000015,-0.0024,-0.0071,-0.0028,0.1,0.16406999999999994,0.045574999999999984,0.004557499999999998,0.004516767499761733,-0.0006079618434541136,-189.27470072725123,139.84817859797343,-203.47727199402286,83.61858483733498,1561.6390826203944,0.0,41110193.65457984,0.00379866632529575,0.045574999999999984,RECOVERED,-219.84182052076594,159.08073397204527,-203.47727199402286,83.61858483733498
6164775,0.1675,-0.0509,10.0233,-0.0021,-0.0075,-0.0172,52.413296,-1.530721,0.0,0.011,97.666,10.02482867434651,0.0188812075884992,0.0799405638648238,0.0121596006377767,0.1435,-0.0852,0.0785,-0.0013999999999999,-0.0049999999999999,-0.011,0.1,6.424439999999995,1.7845666666666653,0.17845666666666654,0.17686171631723815,-0.023805780371550827,-189.097839010934,139.82437281760187,-203.47727199402286,83.61858483733498,1561.6657268104993,0.0,41110193.65457984,0.0037987311369342665,1.7845666666666653,RECOVERED,-219.66495880444867,159.0569281916737,-203.47727199402286,83.61858483733498
6164875,0.0609,-0.0058,9.8168,-0.0071,-0.0044,-0.0095,52.413296,-1.530721,0.0,0.043,97.666,9.816990612708151,0.0126499011853848,-0.2078380616383572,-0.0062313064031143,-0.1066,0.0451,-0.2065000000000001,-0.005,0.0030999999999999,0.0077,0.1,1.5716099999999995,0.43655833333333316,0.04365583333333332,0.04326566081733734,-0.005823605246485765,-189.05457335011667,139.81854921235538,-203.47727199402286,83.61858483733498,1561.6722478109066,0.0,41110193.65457984,0.003798746999181139,0.43655833333333316,RECOVERED,-219.62169314363135,159.05110458642721,-203.47727199402286,83.61858483733498
6164975,-0.0165,-0.0221,9.7197,-0.007,-0.0188,-0.0172,52.413296,-1.530721,0.0,0.036,97.666,9.719739129729769,0.0264249881740749,-0.0972514829783843,0.0137750869886901,-0.0774,-0.0163,-0.097100000000001,0.0001,-0.0144,-0.0077,0.1,3.713199999999999,1.0314444444444442,0.10314444444444443,0.10222259450304914,-0.013759272975643414,-188.95235075561362,139.80478993937973,-203.47727199402286,83.61858483733498,1561.6876595400477,0.0,41110193.65457984,0.003798784488007561,1.0314444444444442,RECOVERED,-219.51947054912827,159.03734531345157,-203.47727199402286,83.61858483733498
6165075,-0.1134,0.111,9.7216,-0.0044,-0.0133,-0.0207,52.413296,-1.530721,0.0,0.076,97.666,9.722894996861788,0.0249947994590874,0.003155867132019,-0.0014301887149874,-0.0969,0.1331,0.0019000000000009,0.0026,0.0055,-0.0034999999999999,0.1,9.245059999999992,2.5680722222222196,0.25680722222222196,0.2545120164646016,-0.03425759566309431,-188.69783873914903,139.77053234371664,-203.47727199402286,83.61858483733498,1561.7260603261277,0.0,41110193.65457984,0.003798877897409625,2.5680722222222196,RECOVERED,-219.2649585326637,159.00308771778847,-203.47727199402286,83.61858483733498
6165175,0.108,-0.009,10.0357,-0.0081,-0.0143,-0.018,52.413296,-1.530721,0.0,0.0289999999999999,97.666,10.036285143916547,0.0243741666524211,0.3133901470547595,-0.0006206328066663,0.2213999999999999,-0.12,0.3140999999999998,-0.0036999999999999,-0.001,0.0027,0.1,9.97104,2.7697333333333334,0.27697333333333335,0.27449789364798105,-0.036947716581670675,-188.42334084550106,139.73358462713497,-203.47727199402286,83.61858483733498,1561.7675228559967,0.0,41110193.65457984,0.0037989787544627862,2.7697333333333334,RECOVERED,-218.9904606390157,158.9661400012068,-203.47727199402286,83.61858483733498
6165276,0.1137,-0.0134,10.0385,0.0059,0.0252,0.0187,52.413296,-1.530721,0.0,0.043,97.666,10.03915282780375,0.0319302364538692,0.002867683887203,0.007556069801448,0.0056999999999999,-0.0044,0.0028000000000005,0.0139999999999999,0.0395,0.0366999999999999,0.101,2.198010000000001,0.6105583333333335,0.06166639166666669,0.06111525040210159,-0.008226179518777856,-188.36222559509895,139.7253584476162,-203.47727199402286,83.61858483733498,1561.7767607663748,0.0,41110193.65457984,0.0037990012255570745,0.6105583333333335,RECOVERED,-218.92934538861365,158.95791382168804,-203.47727199402286,83.61858483733498
6165375,0.1221,-0.0883,9.945,0.0149,0.0197,0.0165,52.413296,-1.530721,0.0,0.032,97.666,9.946141477980293,0.0297043767818818,-0.0930113498234579,-0.0022258596719874,0.0084,-0.0749,-0.0935000000000005,0.009,-0.0055,-0.0022,0.099,11.86786,3.2966277777777777,0.32636615,0.32344926370649774,-0.04353662450795871,-188.03877633139246,139.68182182310824,-203.47727199402286,83.61858483733498,1561.8256915561813,0.0,41110193.65457984,0.0037991202490533335,3.2966277777777777,RECOVERED,-218.60589612490716,158.91437719718007,-203.47727199402286,83.61858483733498
6165475,-0.0285,-0.0019,9.7314,0.0063,0.0309,0.0199,52.413296,-1.530721,0.0,0.04,97.666,9.73144191885252,0.0372895427700582,-0.2146995591277729,0.0075851659881763,-0.1506,0.0864,-0.2135999999999995,-0.0086,0.0112,0.0034,0.1,9.959579999999997,2.766549999999999,0.27665499999999993,0.27418240540791716,-0.03690525151964845,-187.76459392598454,139.6449165715886,-203.47727199402286,83.61858483733498,1561.867221555691,0.0,41110193.65457984,0.0037992212702254997,2.766549999999999,RECOVERED,-218.33171371949922,158.87747194566043,-203.47727199402286,83.61858483733498
6165576,-0.0252,0.0295,9.7326,0.0047,0.0264,0.0168,52.413296,-1.530721,0.0,0.032,97.666,9.73267733206028,0.0316431667188984,0.0012354132077589,-0.0056463760511598,0.0033,0.0314,0.0011999999999989,-0.0015999999999999,-0.0045,-0.0031,0.101,0.9521300000000003,0.2644805555555556,0.02671253611111112,0.026473793734038055,-0.0035634015792530335,-187.73812013225051,139.64135317000935,-203.47727199402286,83.61858483733498,1561.8712340374682,0.0,41110193.65457984,0.003799231030534125,0.2644805555555556,RECOVERED,-218.30523992576522,158.8739085440812,-203.47727199402286,83.61858483733498
6165676,-0.0968,0.0778,9.6992,0.0049,0.0252,0.0173,52.413296,-1.530721,0.0,0.086,97.666,9.699995037112132,0.0309570670445376,-0.0326822949481471,-0.0006860996743607,-0.0716,0.0482999999999999,-0.0334000000000003,0.0001999999999999,-0.0011999999999999,0.0005,0.1,9.778509999999999,2.7162527777777776,0.2716252777777778,0.2691976361558794,-0.03623429612869194,-187.46892249609465,139.60511887388066,-203.47727199402286,83.61858483733498,1561.912060142326,0.0,41110193.65457984,0.0037993303394919004,2.7162527777777776,RECOVERED,-218.0360422896093,158.8376742479525,-203.47727199402286,83.61858483733498
6165775,0.1276,-0.0181,10.0421,0.0061,0.0298,0.0169,52.413296,-1.530721,0.0,0.061,97.666,10.04292695283601,0.0347974136969976,0.342931915723879,0.0038403466524599,0.2244,-0.0959,0.3429000000000002,0.0012,0.0046,-0.0004,0.099,9.67812,2.6883666666666666,0.2661483,0.2637696086795033,-0.035503677696144494,-187.20515288741515,139.56961519618451,-203.47727199402286,83.61858483733498,1561.9521078226012,0.0,41110193.65457984,0.0037994277549422183,2.6883666666666666,RECOVERED,-217.77227268092983,158.80217057025635,-203.47727199402286,83.61858483733498
6165876,0.1109,-0.035,10.0691,0.0062,0.0283,0.0153,52.413296,-1.530721,0.0,0.0069999999999999,97.666,10.069771527696147,0.0327630889874566,0.0268445748601369,-0.002034324709541,-0.0166999999999999,-0.0169,0.027000000000001,9.99999999999994e-05,-0.0015,-0.0015999999999999,0.101,8.984379999999998,2.4956611111111107,0.2520617722222222,0.24980897876153124,-0.033624561646633716,-186.95534390865362,139.53599063453788,-203.47727199402286,83.61858483733498,1561.9900767504027,0.0,41110193.65457984,0.003799520113854756,2.4956611111111107,RECOVERED,-217.52246370216832,158.76854600860972,-203.47727199402286,83.61858483733498
6165976,0.1925,-0.0448,9.9237,0.0078,0.0353,0.0165,52.413296,-1.530721,0.0,0.025,97.666,9.925667986589117,0.0397388978206492,-0.1441035411070323,0.0069758088331926,0.0816,-0.0097999999999999,-0.1454000000000004,0.0015999999999999,0.0069999999999999,0.0012,0.1,14.116789999999998,3.921330555555555,0.39213305555555555,0.3886283797949745,-0.05230980479097092,-186.56671552885865,139.4836808297469,-203.47727199402286,83.61858483733498,1562.049224119054,0.0,41110193.65457984,0.0037996639890433485,3.921330555555555,RECOVERED,-217.1338353223733,158.71623620381874,-203.47727199402286,83.61858483733498
6166076,-0.0584,0.0144,9.7407,0.011,0.0279,0.0191,52.413296,-1.530721,0.0,0.05,97.666,9.740885709728865,0.0355558715263738,-0.1847822768602505,-0.0041830262942754,-0.2509,0.0592,-0.1829999999999998,0.0031999999999999,-0.0073999999999999,0.0025999999999999,0.1,17.188789999999997,4.774663888888888,0.4774663888888888,0.4731990493827604,-0.0636931093749353,-186.09351647947588,139.41998772037198,-203.47727199402286,83.61858483733498,1562.1213726105887,0.0,41110193.65457984,0.003799839489290662,4.774663888888888,RECOVERED,-216.66063627299056,158.6525430944438,-203.47727199402286,83.61858483733498
6166175,-0.0382,0.0236,9.7032,0.0071,0.0294,0.0142,52.413296,-1.530721,0.0,0.043,97.666,9.703303893004692,0.0334127221279559,-0.0375818167241721,-0.0021431493984178,0.0202,0.0092,-0.0374999999999996,-0.0038999999999999,0.0014999999999999,-0.0048999999999999,0.099,2.8543800000000026,0.792883333333334,0.07849545000000008,0.0777938996026709,-0.010471143935218929,-186.0157225798732,139.40951657643677,-203.47727199402286,83.61858483733498,1562.1332474682094,0.0,41110193.65457984,0.0037998683747240912,0.792883333333334,RECOVERED,-216.58284237338788,158.6420719505086,-203.47727199402286,83.61858483733498
6166275,-0.1069,0.0588,9.7125,0.0126,0.0262,0.0177,52.413296,-1.530721,0.0,0.083,97.666,9.713266252914105,0.0340365979498539,0.0099623599094123,0.0006238758218979,-0.0687,0.0351999999999999,0.0092999999999996,0.0055,-0.0031999999999999,0.0034999999999999,0.1,22.394939999999988,6.220816666666663,0.6220816666666664,0.6165218330658502,-0.08298451274726804,-185.39920074680734,139.3265320636895,-203.47727199402286,83.61858483733498,1562.2274927986216,0.0,41110193.65457984,0.0038000976252384627,6.220816666666663,RECOVERED,-215.96632054032202,158.55908743776135,-203.47727199402286,83.61858483733498
6166376,0.1557,-0.0719,10.0387,0.0059,0.0319,0.016,52.413296,-1.530721,0.0,0.0069999999999999,97.666,10.040164828826269,0.0361720886872737,0.3268985759121641,0.0021354907374198,0.2626,-0.1307,0.3262,-0.0067,0.0056999999999999,-0.0017,0.101,2.5178800000000012,0.6994111111111114,0.07064052222222227,0.07000917497301813,-0.00942331148936556,-185.32919157183431,139.31710875220014,-203.47727199402286,83.61858483733498,1562.238210135077,0.0,41110193.65457984,0.0038001236950170325,0.6994111111111114,RECOVERED,-215.89631136534896,158.54966412627198,-203.47727199402286,83.61858483733498
6166475,0.1226,-0.0696,10.1105,0.0062,0.0295,0.021,52.413296,-1.530721,0.0,0.0969999999999999,97.666,10.111482837348833,0.0367381273338748,0.0713180085225637,0.000566038646601,-0.0331,0.0023,0.0717999999999996,0.0002999999999999,-0.0023999999999999,0.005,0.099,26.641410000000004,7.400391666666668,0.7326387750000001,0.7260908410280309,-0.09773262100602606,-184.6031007308063,139.2193761311941,-203.47727199402286,83.61858483733498,1562.349547571038,0.0,41110193.65457984,0.0038003945218511178,7.400391666666668,RECOVERED,-215.17022052432097,158.45193150526595,-203.47727199402286,83.61858483733498
6166575,0.0839,-0.0587,9.8071,0.0032,0.0316,0.0158,52.413296,-1.530721,0.0,0.068,97.666,9.80763454202898,0.0354744978822815,-0.3038482953198524,-0.0012636294515932,-0.0387,0.0108999999999999,-0.3033999999999999,-0.0029999999999999,0.0021,-0.0052,0.1,1.3517200000000005,0.3754777777777779,0.03754777777777779,0.03721219579921945,-0.0050088022370561045,-184.56588853500708,139.21436732895705,-203.47727199402286,83.61858483733498,1562.3552626619323,0.0,41110193.65457984,0.003800408423733805,0.3754777777777779,RECOVERED,-215.13300832852175,158.4469227030289,-203.47727199402286,83.61858483733498
6166675,-0.0739,0.0783,9.696,0.0071,0.0258,0.0183,52.413296,-1.530721,0.0,0.018,97.666,9.696597759008052,0.0324182047621394,-0.1110367830209266,-0.0030562931201421,-0.1578,0.137,-0.1111000000000004,0.0039,-0.0058,0.0024999999999999,0.1,12.067159999999994,3.3519888888888874,0.33519888888888877,0.3322030602939282,-0.044714895098773334,-184.23368547471316,139.1696524338583,-203.47727199402286,83.61858483733498,1562.4063218398815,0.0,41110193.65457984,0.0038005326245059493,3.3519888888888874,RECOVERED,-214.80080526822783,158.40220780793013,-203.47727199402286,83.61858483733498
6166775,-0.0873,0.0502,9.7447,0.0089,0.0278,0.0169,52.413296,-1.530721,0.0,0.047,97.666,9.74522033717042,0.0337292158224883,0.0486225781623677,0.0013110110603489,-0.0134,-0.0280999999999999,0.0487000000000001,0.0017999999999999,0.0019999999999999,-0.0014,0.1,15.58562,4.329338888888889,0.4329338888888889,0.4290645570770799,-0.057752558460262726,-183.80462091763607,139.11189987539802,-203.47727199402286,83.61858483733498,1562.4723724527075,0.0,41110193.65457984,0.0038006932917443014,4.329338888888889,RECOVERED,-214.37174071115075,158.34445524946986,-203.47727199402286,83.61858483733498
6166875,0.1045,0.0159,9.9781,0.0031,0.0256,0.0162,52.413296,-1.530721,0.0,0.043,97.666,9.978659863428556,0.0304534070343533,0.2334395262581345,-0.003275808788135,0.1918,-0.0343,0.2333999999999996,-0.0058,-0.0021999999999999,-0.0006999999999999,0.1,1.3546400000000005,0.376288888888889,0.037628888888888906,0.037292581982551594,-0.005019622305215341,-183.76732833565353,139.1068802530928,-203.47727199402286,83.61858483733498,1562.4781188431925,0.0,41110193.65457984,0.0038007072697628275,0.376288888888889,RECOVERED,-214.33444812916818,158.33943562716465,-203.47727199402286,83.61858483733498
6166976,0.1393,-0.0724,9.9436,0.0096,0.0259,0.0169,52.413296,-1.530721,0.0,0.047,97.666,9.944839224944763,0.0323817850033008,-0.0338206384837906,0.0019283779689475,0.0348,-0.0883,-0.0344999999999995,0.0064999999999999,0.0002999999999999,0.0006999999999999,0.101,7.437979999999995,2.0661055555555543,0.208676661111111,0.2068116205958222,-0.027837070230380782,-183.5605167150577,139.07904318286242,-203.47727199402286,83.61858483733498,1562.5100023793973,0.0,41110193.65457984,0.003800784826041138,2.0661055555555543,RECOVERED,-214.1276365085724,158.31159855693426,-203.47727199402286,83.61858483733498
6167075,0.1531,-0.0718,9.884,0.0039,0.014,0.0075,52.413296,-1.530721,0.0,0.032,97.666,9.885446416323342,0.0163542043523981,-0.059392808621423,-0.0160275806509026,0.0138,0.0006,-0.0595999999999996,-0.0056999999999999,-0.0118999999999999,-0.0093999999999999,0.099,2.0097800000000006,0.5582722222222224,0.05526895000000002,0.05477498565133438,-0.007372772951787878,-183.50574172940637,139.07167040991064,-203.47727199402286,83.61858483733498,1562.518451436148,0.0,41110193.65457984,0.0038008053782594563,0.5582722222222224,RECOVERED,-214.07286152292104,158.30422578398247,-203.47727199402286,83.61858483733498
6167175,-0.0423,0.0149,9.7424,0.0006,0.0135,0.0033,52.413296,-1.530721,0.0,0.032,97.666,9.742503223504729,0.0139104277432435,-0.1429431928186151,-0.0024437766091546,-0.1954,0.0867,-0.1416000000000004,-0.0033,-0.0005,-0.0042,0.1,0.81082,0.22522777777777778,0.02252277777777778,0.02232148122238563,-0.003004495775641279,-183.483420248184,139.068665914135,-203.47727199402286,83.61858483733498,1562.5218950783835,0.0,41110193.65457984,0.003800813754873452,0.22522777777777778,RECOVERED,-214.05054004169867,158.30122128820685,-203.47727199402286,83.61858483733498
6167276,-0.0049,0.0268,9.818,-0.0047,0.0117,-0.0024,52.413296,-1.530721,0.0,0.022,97.666,9.81803780039576,0.0128351081023885,0.075534576891032,-0.001075319640855,0.0373999999999999,0.0119,0.0755999999999996,-0.0053,-0.0017999999999999,-0.0057,0.101,2.11469,0.5874138888888889,0.05932880277777778,0.05879855363388709,-0.007914349601031998,-183.4246216945501,139.06075156453397,-203.47727199402286,83.61858483733498,1562.530967731583,0.0,41110193.65457984,0.003800835823981848,0.5874138888888889,RECOVERED,-213.99174148806478,158.2933069386058,-203.47727199402286,83.61858483733498
6167375,0.002,0.0278,9.9266,-0.0026,-0.0021,-0.0078,52.413296,-1.530721,0.0,0.04,97.666,9.926639129131267,0.0084858706094307,0.1086013287355101,-0.0043492374929578,0.0069,0.0009999999999999,0.1086000000000009,0.0021,-0.0138,-0.0054,0.099,1.20378,0.33438333333333337,0.03310395000000001,0.03280808458008503,-0.004416004052136657,-183.39181360997,139.05633556048184,-203.47727199402286,83.61858483733498,1562.5360309955736,0.0,41110193.65457984,0.0038008481403042495,0.33438333333333337,RECOVERED,-213.95893340348468,158.28889093455368,-203.47727199402286,83.61858483733498
6167476,0.1583,-0.1049,10.0395,-0.0111,-0.006,-0.0076,52.413296,-1.530721,0.0,0.036,97.666,10.041295889973563,0.0147299015611103,0.1146567608422959,0.0062440309516795,0.1563,-0.1326999999999999,0.1128999999999997,-0.0085,-0.0039,0.0001999999999999,0.101,13.102459999999997,3.6395722222222213,0.3675967944444444,0.36431141067762185,-0.04903671416308664,-183.02750219929237,139.00729884631875,-203.47727199402286,83.61858483733498,1562.5923011194939,0.0,41110193.65457984,0.0038009850166332523,3.6395722222222213,RECOVERED,-213.59462199280708,158.23985422039058,-203.47727199402286,83.61858483733498
6167575,0.0681,-0.0165,9.7531,-0.0057,-0.0103,-0.012,52.413296,-1.530721,0.0,0.0579999999999999,97.666,9.753351704414232,0.0168101160019792,-0.2879441855593327,0.0020802144408689,-0.0902,0.0883999999999999,-0.2864000000000004,0.0054,-0.0043,-0.0044,0.099,0.82001,0.22778055555555554,0.022550274999999998,0.02234873268912552,-0.0030081638528573155,-183.00515346660325,139.0042906824659,-203.47727199402286,83.61858483733498,1562.5957557670433,0.0,41110193.65457984,0.003800993420017529,0.22778055555555554,RECOVERED,-213.57227326011795,158.23684605653773,-203.47727199402286,83.61858483733498
6167675,0.026,-0.003,9.8219,-0.0058,-0.0119,-0.0138,52.413296,-1.530721,0.0,0.022,97.666,9.82193487099156,0.0191230227736098,0.0685831665773282,0.0023129067716305,-0.0421,0.0135,0.0687999999999995,-9.99999999999994e-05,-0.0016,-0.0017999999999999,0.1,0.08442,0.02345,0.002345,0.0023240416427737286,-0.0003128185458913652,-183.00282942496048,139.00397786392,-203.47727199402286,83.61858483733498,1562.5961150336088,0.0,41110193.65457984,0.0038009942939286772,0.02345,RECOVERED,-213.56994921847516,158.23653323799184,-203.47727199402286,83.61858483733498
6167775,-0.079,0.0773,9.6994,-0.0072,-0.0087,-0.0112,52.413296,-1.530721,0.0,0.079,97.666,9.700029724181263,0.0159050306507092,-0.1219051468102971,-0.0032179921229005,-0.105,0.0803,-0.1224999999999987,-0.0014,0.0032,0.0026,0.1,4.9330000000000025,1.3702777777777784,0.13702777777777783,0.13580309670460564,-0.01827924528408085,-182.8670263282559,138.98569861863592,-203.47727199402286,83.61858483733498,1562.6171143908944,0.0,41110193.65457984,0.003801045374586341,1.3702777777777784,RECOVERED,-213.43414612177057,158.21825399270776,-203.47727199402286,83.61858483733498
6167875,0.1408,-0.0361,10.0439,-0.0109,-0.0146,-0.0197,52.413296,-1.530721,0.0,0.05,97.666,10.04495172014281,0.0268339337406948,0.3449219959615472,0.0109289030899855,0.2198,-0.1134,0.3445,-0.0037,-0.0059,-0.0084999999999999,0.1,9.042430000000001,2.5117861111111113,0.2511786111111111,0.24893371087261845,-0.033506749631893595,-182.61809261738327,138.95219186900403,-203.47727199402286,83.61858483733498,1562.6556377057982,0.0,41110193.65457984,0.003801139082038141,2.5117861111111113,RECOVERED,-213.18521241089795,158.18474724307586,-203.47727199402286,83.61858483733498
6167975,0.1276,-0.0074,10.0749,-0.0138,-0.0192,-0.02,52.413296,-1.530721,0.0,0.036,97.666,10.075710720837511,0.0309690167748348,0.0307590006947027,0.0041350830341399,-0.0132,0.0287,0.0309999999999988,-0.0029,-0.0045999999999999,-0.0003,0.1,18.820799999999995,5.227999999999999,0.5227999999999999,0.5181274928964201,-0.06974052699019433,-182.09996512448686,138.88245134201384,-203.47727199402286,83.61858483733498,1562.7359460672853,0.0,41110193.65457984,0.0038013344310607266,5.227999999999999,RECOVERED,-212.66708491800156,158.11500671608567,-203.47727199402286,83.61858483733498
6168075,0.1592,-0.0904,9.8798,-0.012,-0.0167,-0.0215,52.413296,-1.530721,0.0,0.068,97.666,9.881496083083777,0.029751302492496,-0.1942146377537383,-0.0012177142823387,0.0316,-0.0829999999999999,-0.1951,0.0017999999999999,0.0024999999999999,-0.0014999999999999,0.1,2.1204900000000015,0.5890250000000005,0.05890250000000005,0.058376060922592614,-0.007857481620198786,-182.04158906356426,138.87459386039365,-203.47727199402286,83.61858483733498,1562.7450049029972,0.0,41110193.65457984,0.0038013564665582674,0.5890250000000005,RECOVERED,-212.60870885707894,158.10714923446548,-203.47727199402286,83.61858483733498
6168175,-0.0676,-0.0044,9.7828,-0.0109,-0.0282,-0.0251,52.413296,-1.530721,0.0,0.1009999999999999,97.666,9.78303454762376,0.0392945288812577,-0.0984615354600162,0.0095432263887617,-0.2268,0.086,-0.0969999999999995,0.0011,-0.0115,-0.0036,0.1,17.16652,4.768477777777777,0.47684777777777776,0.47258596708727874,-0.06361058782770716,-181.569003096477,138.81098327256595,-203.47727199402286,83.61858483733498,1562.8184209066271,0.0,41110193.65457984,0.0038015350500119156,4.768477777777777,RECOVERED,-212.1361228899917,158.04353864663778,-203.47727199402286,83.61858483733498
6168276,-0.0291,0.0139,9.6934,-0.0109,-0.0226,-0.0228,52.413296,-1.530721,0.0,0.061,97.666,9.69345364563116,0.0339029497241759,-0.0895809019925995,-0.0053915791570818,0.0384999999999999,0.0183,-0.0893999999999994,0.0,0.0056,0.0023,0.101,12.811379999999996,3.5587166666666654,0.3594303833333332,0.35621798658626475,-0.04794733043220012,-181.21278510989072,138.76303594213374,-203.47727199402286,83.61858483733498,1562.8738530845587,0.0,41110193.65457984,0.003801669888048431,3.5587166666666654,RECOVERED,-211.77990490340537,157.99559131620558,-203.47727199402286,83.61858483733498
6168375,-0.0126,0.0275,9.7886,-0.0116,-0.022,-0.0238,52.413296,-1.530721,0.0,0.0139999999999999,97.666,9.788646738441429,0.034423828956117,0.0951930928102697,0.000520879231941,0.0165,0.0136,0.0952000000000001,-0.0006999999999999,0.0005999999999999,-0.001,0.099,9.396019999999998,2.610005555555555,0.25839054999999994,0.25608119330456597,-0.03446880858126656,-180.95670391658615,138.72856713355247,-203.47727199402286,83.61858483733498,1562.9137525239853,0.0,41110193.65457984,0.0038017669429048543,2.610005555555555,RECOVERED,-211.5238237101008,157.9611225076243,-203.47727199402286,83.61858483733498
6168475,0.1813,-0.035,10.0615,-0.014,-0.0246,-0.0249,52.413296,-1.530721,0.0,0.054,97.666,10.063194171832322,0.0376984084544692,0.274547433390893,0.0032745794983522,0.1939,-0.0625,0.2728999999999999,-0.0024,-0.0026,-0.0010999999999999,0.1,10.944409999999998,3.040113888888888,0.30401138888888884,0.3012942975075719,-0.040554541836518784,-180.65540961907857,138.68801259171596,-203.47727199402286,83.61858483733498,1562.9607499085087,0.0,41110193.65457984,0.0038018812634184433,3.040113888888888,RECOVERED,-211.22252941259327,157.9205679657878,-203.47727199402286,83.61858483733498
6168576,0.1827,-0.0628,10.051,-0.0142,-0.012,-0.0245,52.413296,-1.530721,0.0,0.086,97.666,10.052856515936154,0.0307553247422295,-0.0103376558961674,-0.0069430837122396,0.0014,-0.0277999999999999,-0.0105000000000003,-0.0002,0.0126,0.0003999999999999,0.101,20.250579999999992,5.625161111111109,0.5681412722222221,0.5630635290502727,-0.075788966583124,-180.0923460900283,138.61222362513283,-203.47727199402286,83.61858483733498,1563.0487340791917,0.0,41110193.65457984,0.0038020952837449404,5.625161111111109,RECOVERED,-210.659465883543,157.84477899920466,-203.47727199402286,83.61858483733498
6168675,0.073,-0.014,9.7606,-0.0077,-0.0203,-0.0238,52.413296,-1.530721,0.0,0.0969999999999999,97.666,9.76088302153038,0.0322152137972107,-0.2919734944057754,0.0014598890549811,-0.1097,0.0487999999999999,-0.2904,0.0065,-0.0082999999999999,0.0006999999999999,0.099,6.109480000000001,1.6970777777777781,0.16801070000000004,0.16650911012007003,-0.02241230825935625,-179.9258369799082,138.58981131687347,-203.47727199402286,83.61858483733498,1563.0747913670743,0.0,41110193.65457984,0.003802158667751597,1.6970777777777781,RECOVERED,-210.4929567734229,157.8223666909453,-203.47727199402286,83.61858483733498
6168775,-0.0681,0.0966,9.7207,-0.0147,-0.0203,-0.0127,52.413296,-1.530721,0.0,0.043,97.666,9.721418500404146,0.0280975087863675,-0.0394645211262325,-0.0041177050108432,-0.1411,0.1106,-0.0398999999999993,-0.0069999999999999,0.0,0.0111,0.1,5.959670000000002,1.6554638888888893,0.16554638888888895,0.16406682370515652,-0.022083573837862986,-179.76177015620306,138.5677277430356,-203.47727199402286,83.61858483733498,1563.1004836959642,0.0,41110193.65457984,0.0038022211640003512,1.6554638888888893,RECOVERED,-210.32888994971776,157.80028311710743,-203.47727199402286,83.61858483733498
6168875,-0.0358,0.0978,9.6764,-0.0066,-0.0151,-0.0173,52.413296,-1.530721,0.0,0.05,97.666,9.676960444271744,0.0238926767022868,-0.0444580561324023,-0.0042048320840806,0.0322999999999999,0.0011999999999999,-0.0443000000000015,0.0081,0.0051999999999999,-0.0046,0.1,13.291010000000002,3.6919472222222227,0.36919472222222227,0.3658950570305859,-0.04924987469352753,-179.39587509917246,138.51847786834207,-203.47727199402286,83.61858483733498,1563.1578432951433,0.0,41110193.65457984,0.0038023606904634497,3.6919472222222227,RECOVERED,-209.96299489268714,157.7510332424139,-203.47727199402286,83.61858483733498
6168975,0.1906,-0.0468,10.0845,-0.0024,-0.0065,-0.01,52.413296,-1.530721,0.0,0.032,97.666,10.086409611452432,0.0121659360511224,0.4094491671806874,-0.0117267406511644,0.2264,-0.1446,0.408100000000001,0.0042,0.0086,0.0072999999999999,0.1,10.485399999999995,2.9126111111111097,0.29126111111111097,0.2886579749009671,-0.038853678998925834,-179.1072171242715,138.47962418934316,-203.47727199402286,83.61858483733498,1563.203154854312,0.0,41110193.65457984,0.003802470910229256,2.9126111111111097,RECOVERED,-209.67433691778618,157.712179563415,-203.47727199402286,83.61858483733498
6169075,0.1258,-0.0533,9.8502,-0.0071,0.001,-0.0025,52.413296,-1.530721,0.0,0.054,97.666,9.851147474786885,0.0075934182026278,-0.2352621366655487,-0.0045725178484945,-0.0648,-0.0064999999999999,-0.234300000000001,-0.0047,0.0075,0.0075,0.1,0.36347999999999997,0.10096666666666665,0.010096666666666665,0.010006428053961085,-0.001346876155657349,-179.09721069621753,138.4782773131875,-203.47727199402286,83.61858483733498,1563.2047265447804,0.0,41110193.65457984,0.003802474733345444,0.10096666666666665,RECOVERED,-209.66433048973224,157.71083268725934,-203.47727199402286,83.61858483733498
6169175,0.0669,-0.0239,9.7814,-0.0028,0.0056,0.0002,52.413296,-1.530721,0.0,0.0069999999999999,97.666,9.78165797705072,0.0062641839053463,-0.0694894977361624,-0.0013292342972815,-0.0588999999999999,0.0294,-0.0687999999999995,0.0043,0.0046,0.0027,0.1,0.9158999999999997,0.25441666666666657,0.025441666666666658,0.025214282641749082,-0.0033938700092620384,-179.0719964135758,138.47488344317824,-203.47727199402286,83.61858483733498,1563.2086871860004,0.0,41110193.65457984,0.0038024843675526026,0.25441666666666657,RECOVERED,-209.6391162070905,157.70743881725008,-203.47727199402286,83.61858483733498
6169275,-0.1009,0.0454,9.7951,0.0012,0.0121,0.0104,52.413296,-1.530721,0.0,0.068,97.666,9.79572488282516,0.0160003124969483,0.01406690577444,0.0097361285916019,-0.1678,0.0693,0.0137,0.004,0.0065,0.0101999999999999,0.1,1.5004399999999998,0.4167888888888888,0.04167888888888888,0.04130638524619063,-0.0055598846126183364,-179.0306900283296,138.46932355856563,-203.47727199402286,83.61858483733498,1563.2151764361274,0.0,41110193.65457984,0.00380250015256734,0.4167888888888888,RECOVERED,-209.59780982184427,157.70187893263747,-203.47727199402286,83.61858483733498
6169376,0.1618,-0.0527,9.9976,0.0038,0.0214,0.0096,52.413296,-1.530721,0.0,0.126,97.666,9.999048069191389,0.0237604713757955,0.2033231863662266,0.0077601588788472,0.2627,-0.0980999999999999,0.2025000000000005,0.0026,0.0093,-0.0008,0.101,3.0580000000000003,0.8494444444444444,0.08579388888888889,0.08502710894382946,-0.01144474182029321,-178.94566291938577,138.45787881674534,-203.47727199402286,83.61858483733498,1563.228537643163,0.0,41110193.65457984,0.0038025326535259777,0.8494444444444444,RECOVERED,-209.51278271290047,157.69043419081717,-203.47727199402286,83.61858483733498
6169475,0.1513,-0.0582,10.0578,0.0049,0.0197,0.0111,52.413296,-1.530721,0.0,0.0579999999999999,97.666,10.059106310701765,0.0231367672763504,0.0600582415103758,-0.0006237040994451,-0.0105,-0.0055,0.0602,0.0010999999999999,-0.0017,0.0015,0.099,19.300209999999996,5.361169444444443,0.5307557749999999,0.5260121634296987,-0.07080181226394225,-178.41965075595607,138.3870770044814,-203.47727199402286,83.61858483733498,1563.3112976092852,0.0,41110193.65457984,0.0038027339660442736,5.361169444444443,RECOVERED,-208.98677054947072,157.61963237855323,-203.47727199402286,83.61858483733498
6169575,0.0455,-0.0197,9.8065,0.0105,0.0213,0.012,52.413296,-1.530721,0.0,0.072,97.666,9.80662534157393,0.02660714189837,-0.2524809691278324,0.0034703746220196,-0.1057999999999999,0.0385,-0.2513000000000005,0.0056,0.0016,0.0008999999999999,0.1,6.283759999999994,1.745488888888887,0.17454888888888873,0.17298886416957868,-0.02328449023845443,-178.2466618917865,138.36379251424293,-203.47727199402286,83.61858483733498,1563.3385531771812,0.0,41110193.65457984,0.0038028002648511456,1.745488888888887,RECOVERED,-208.81378168530117,157.59634788831477,-203.47727199402286,83.61858483733498
6169675,-0.0251,0.0385,9.7683,0.0001,0.0172,0.0066,52.413296,-1.530721,0.0,0.022,97.666,9.76840811749796,0.0184230833467147,-0.0382172240759715,-0.0081840585516552,-0.0706,0.0582,-0.0381999999999997,-0.0104,-0.0040999999999999,-0.0054,0.1,1.2430500000000004,0.3452916666666668,0.03452916666666668,0.034220563421581196,-0.004606125248403953,-178.21244132836492,138.35918638899452,-203.47727199402286,83.61858483733498,1563.3439471114898,0.0,41110193.65457984,0.0038028133855247045,0.3452916666666668,RECOVERED,-208.7795611218796,157.59174176306635,-203.47727199402286,83.61858483733498
6169775,-0.0272,0.0138,9.8556,-0.0041,0.0134,0.0017,52.413296,-1.530721,0.0,0.061,97.666,9.855647195390064,0.0141159484272223,0.0872390778921037,-0.0043071349194924,-0.0020999999999999,-0.0247,0.0873000000000008,-0.0042,-0.0037999999999999,-0.0049,0.1,0.8383000000000007,0.2328611111111113,0.023286111111111132,0.023077992290182644,-0.0031063229924275255,-178.18936333607473,138.35608006600208,-203.47727199402286,83.61858483733498,1563.3475851447968,0.0,41110193.65457984,0.0038028222349923996,0.2328611111111113,RECOVERED,-208.75648312958944,157.58863544007392,-203.47727199402286,83.61858483733498
6169875,0.2089,0.0125,10.0281,-0.0011,-0.0032,-0.0055,52.413296,-1.530721,0.0,0.086,97.666,10.030283399286384,0.0064575537163851,0.1746362038963216,-0.0076583947108371,0.2361,-0.0012999999999999,0.1724999999999994,0.003,-0.0166,-0.0072,0.1,2.0312100000000006,0.5642250000000002,0.05642250000000002,0.05591822583769755,-0.007526654330727318,-178.13344511023703,138.34855341167136,-203.47727199402286,83.61858483733498,1563.3564015422505,0.0,41110193.65457984,0.003802843680762098,0.5642250000000002,RECOVERED,-208.7005649037517,157.5811087857432,-203.47727199402286,83.61858483733498
6169976,0.053,0.011,9.7439,-0.0048,-0.0075,-0.0093,52.413296,-1.530721,0.0,0.0579999999999999,97.666,9.74405034931573,0.0128755582403249,-0.2862330499706544,0.0064180045239397,-0.1559,-0.0015,-0.2842000000000002,-0.0036999999999999,-0.0043,-0.0037999999999999,0.101,1.9484400000000006,0.5412333333333335,0.054664566666666685,0.054176003973353544,-0.007292149363090945,-178.07926910626367,138.34126126230828,-203.47727199402286,83.61858483733498,1563.3649451454385,0.0,41110193.65457984,0.0038028644629633686,0.5412333333333335,RECOVERED,-208.64638889977832,157.57381663638012,-203.47727199402286,83.61858483733498
6170075,0.0203,-0.0058,9.7341,-0.0053,-0.0203,-0.018,52.413296,-1.530721,0.0,0.076,97.666,9.73412289525872,0.0276438058161317,-0.00992745405701,0.0147682475758067,-0.0327,-0.0168,-0.0098000000000002,-0.0005,-0.0127999999999999,-0.0087,0.099,5.984489999999999,1.6623583333333332,0.164573475,0.16310260520084485,-0.021953788973044324,-177.91616650106283,138.31930747333524,-203.47727199402286,83.61858483733498,1563.3906778262622,0.0,41110193.65457984,0.0038029270573676664,1.6623583333333332,RECOVERED,-208.48328629457748,157.55186284740708,-203.47727199402286,83.61858483733498
6170175,-0.0468,0.1071,9.8075,-0.0103,-0.0144,-0.0204,52.413296,-1.530721,0.0,0.061,97.666,9.808196414224176,0.0270112939342046,0.0740735189654557,-0.0006325118819271,-0.0670999999999999,0.1129,0.0733999999999994,-0.005,0.0058999999999999,-0.0024,0.1,1.6899800000000016,0.4694388888888893,0.04694388888888893,0.04652432948892146,-0.006262225612242239,-177.8696421715739,138.313045247723,-203.47727199402286,83.61858483733498,1563.3980210627801,0.0,41110193.65457984,0.0038029449196929563,0.4694388888888893,RECOVERED,-208.4367619650886,157.54560062179485,-203.47727199402286,83.61858483733498
6170276,0.1485,0.0009,10.0288,-0.011,-0.0192,-0.0207,52.413296,-1.530721,0.0,0.068,97.666,10.0298994262156,0.0303006600588172,0.2217030119914245,0.0032893661246125,0.1953,-0.1062,0.2213000000000011,-0.0006999999999999,-0.0047999999999999,-0.0002999999999999,0.101,5.4410799999999995,1.5114111111111108,0.1526525222222222,0.15128819553044198,-0.020363556515225954,-177.71835397604346,138.29268169120778,-203.47727199402286,83.61858483733498,1563.4219093652714,0.0,41110193.65457984,0.0038030030276714594,1.5114111111111108,RECOVERED,-208.28547376955814,157.5252370652796,-203.47727199402286,83.61858483733498
6170375,0.1799,-0.0905,10.1264,-0.0114,-0.0161,-0.02,52.413296,-1.530721,0.0,0.061,97.666,10.128402204691518,0.0280921697275237,0.0985027784759182,-0.0022084903312934,0.0314,-0.0914,0.0975999999999999,-0.0004,0.0030999999999999,0.0006999999999999,0.099,13.873940000000003,3.853872222222223,0.38153335000000005,0.3781234087449741,-0.050895824203011225,-177.34023056729848,138.24178586700475,-203.47727199402286,83.61858483733498,1563.4816783746678,0.0,41110193.65457984,0.0038031484149929065,3.853872222222223,RECOVERED,-207.90735036081318,157.4743412410766,-203.47727199402286,83.61858483733498
6170475,0.0646,-0.0825,9.8302,-0.0116,-0.0212,-0.0215,52.413296,-1.530721,0.0,0.032,97.666,9.830758437170552,0.0323457879792717,-0.2976437675209666,0.004253618251748,-0.1153,0.0079999999999999,-0.2962000000000007,-0.0001999999999999,-0.0051,-0.0014999999999999,0.1,1.1225900000000002,0.3118305555555556,0.03118305555555556,0.030904358063982004,-0.004159760381807483,-177.30932620923448,138.23762610662294,-203.47727199402286,83.61858483733498,1563.4865673629843,0.0,41110193.65457984,0.003803160307392046,0.3118305555555556,RECOVERED,-207.87644600274913,157.47018148069478,-203.47727199402286,83.61858483733498
6170576,-0.078,0.0435,9.6951,-0.0118,-0.0218,-0.0244,52.413296,-1.530721,0.0,0.011,97.666,9.695511345978613,0.0347827543475211,-0.135247091191939,0.0024369663682493,-0.1426,0.126,-0.1350999999999995,-0.0002,-0.0005999999999999,-0.0029,0.101,17.586239999999997,4.885066666666666,0.4933917333333333,0.48898206160638696,-0.06581752007511878,-176.8203441476281,138.17180858654783,-203.47727199402286,83.61858483733498,1563.5640037733046,0.0,41110193.65457984,0.0038033486704315664,4.885066666666666,RECOVERED,-207.38746394114278,157.40436396061966,-203.47727199402286,83.61858483733498
6170675,-0.0851,0.0975,9.7534,-0.0085,-0.026,-0.0219,52.413296,-1.530721,0.0,0.054,97.666,9.754258547936896,0.0350408333234242,0.0587472019582833,0.0002580789759031,-0.0070999999999999,0.054,0.0582999999999991,0.0032999999999999,-0.0041999999999999,0.0025,0.099,12.787409999999996,3.552058333333332,0.3516537749999999,0.34851088142370273,-0.046909945651475174,-176.4718332662044,138.12489864089636,-203.47727199402286,83.61858483733498,1563.6192875031916,0.0,41110193.65457984,0.003803483147370186,3.552058333333332,RECOVERED,-207.0389530597191,157.3574540149682,-203.47727199402286,83.61858483733498
6170776,0.1227,-0.014,9.975,-0.0069,-0.0185,-0.0204,52.413296,-1.530721,0.0,0.083,97.666,9.975764446397076,0.0283904913659485,0.2215058984601814,-0.0066503419574756,0.2077999999999999,-0.1115,0.2216000000000004,0.0016,0.0075,0.0014999999999999,0.101,1.3520800000000022,0.37557777777777834,0.03793335555555562,0.037594327488807436,-0.005060237580242664,-176.4342389387156,138.11983840331612,-203.47727199402286,83.61858483733498,1563.6252556407705,0.0,41110193.65457984,0.0038034976647855715,0.37557777777777834,RECOVERED,-207.00135873223027,157.35239377738796,-203.47727199402286,83.61858483733498
6170875,0.1963,-0.0637,9.9337,-0.013,-0.0028,-0.0177,52.413296,-1.530721,0.0,0.043,97.666,9.935843551002602,0.0221388798271276,-0.0399208953944754,-0.0062516115388209,0.0736,-0.0497,-0.0412999999999996,-0.0060999999999999,0.0157,0.0027,0.099,2.2266500000000016,0.6185138888888894,0.06123287500000005,0.0606856082758032,-0.008168349218868973,-176.3735533304398,138.11167005409726,-203.47727199402286,83.61858483733498,1563.6348914362113,0.0,41110193.65457984,0.0038035211037299897,0.6185138888888894,RECOVERED,-206.9406731239545,157.3442254281691,-203.47727199402286,83.61858483733498
6170975,0.1868,-0.0469,9.9548,-0.0065,-0.0131,-0.0125,52.413296,-1.530721,0.0,0.047,97.666,9.956662939459184,0.0192382431630333,0.0208193884565819,-0.0029006366640942,-0.0095,0.0168,0.0211000000000005,0.0065,-0.0103,0.0052,0.1,0.13274999999999992,0.03687499999999998,0.003687499999999998,0.0036545430949800088,-0.0004919054959379141,-176.36989878734482,138.1111781486013,-203.47727199402286,83.61858483733498,1563.6354717873216,0.0,41110193.65457984,0.0038035225154263563,0.03687499999999998,RECOVERED,-206.93701858085953,157.34373352267315,-203.47727199402286,83.61858483733498
6171075,0.016,0.0875,9.703,-0.0065,-0.013,-0.0109,52.413296,-1.530721,0.0,0.061,97.666,9.703407713272693,0.0181675534951737,-0.2532552261864911,-0.0010706896678596,-0.1708,0.1344,-0.2518000000000011,0.0,0.0001,0.0016,0.1,2.6677,0.7410277777777777,0.07410277777777778,0.07344048673806534,-0.00988516980424538,-176.29645830060676,138.10129297879706,-203.47727199402286,83.61858483733498,1563.647136128506,0.0,41110193.65457984,0.0038035508887813503,0.7410277777777777,RECOVERED,-206.86357809412144,157.3338483528689,-203.47727199402286,83.61858483733498
6171175,-0.0384,0.033,9.7986,-0.004,0.0014,-0.0086,52.413296,-1.530721,0.0,0.122,97.666,9.79873081169189,0.0095874918513655,0.0953230984191968,-0.0085800616438082,-0.0544,-0.0544999999999999,0.095600000000001,0.0024999999999999,0.0144,0.0023,0.1,2.890080000000001,0.8028000000000003,0.08028000000000003,0.07956250024813434,-0.010709199515632754,-176.21689580035863,138.09058377928142,-203.47727199402286,83.61858483733498,1563.6597766763757,0.0,41110193.65457984,0.00380358163674614,0.8028000000000003,RECOVERED,-206.7840155938733,157.32313915335325,-203.47727199402286,83.61858483733498
6171275,0.0191,0.0302,9.8765,0.0,0.0033,-0.0009,52.413296,-1.530721,0.0,0.068,97.666,9.87656464060252,0.0034205262752974,0.0778338289106308,-0.006166965576068,0.0574999999999999,-0.0028,0.0778999999999996,0.004,0.0019,0.0077,0.1,3.4720700000000018,0.9644638888888893,0.09644638888888894,0.09558440258973448,-0.012865765086863693,-176.1213113977689,138.07771801419455,-203.47727199402286,83.61858483733498,1563.6749680302435,0.0,41110193.65457984,0.0038036185895126374,0.9644638888888893,RECOVERED,-206.68843119128357,157.31027338826638,-203.47727199402286,83.61858483733498
6171376,0.1598,-0.0901,10.0992,0.0004,0.01,-0.0039,52.413296,-1.530721,0.0,0.065,97.666,10.1008660366327,0.0107410427799166,0.2243013960301798,0.0073205165046192,0.1407,-0.1203,0.2226999999999996,0.0004,0.0067,-0.003,0.101,15.934090000000001,4.426136111111111,0.44703974722222223,0.44304434478442895,-0.059634253169168025,-175.67826705298447,138.01808376102537,-203.47727199402286,83.61858483733498,1563.7454574041592,0.0,41110193.65457984,0.0038037900539783804,4.426136111111111,RECOVERED,-206.24538684649914,157.2506391350972,-203.47727199402286,83.61858483733498
6171475,0.083,0.0064,9.8109,-0.0062,0.0132,0.0076,52.413296,-1.530721,0.0,0.119,97.666,9.811253170212254,0.0164450600485373,-0.2896128664204465,0.0057040172686207,-0.0768,0.0965,-0.2882999999999995,-0.0066,0.0031999999999999,0.0115,0.099,0.15342999999999996,0.04261944444444443,0.004219324999999999,0.004181614927247872,-0.0005628499407859634,-175.6740854380572,138.01752091108457,-203.47727199402286,83.61858483733498,1563.7461233023687,0.0,41110193.65457984,0.0038037916737669298,0.04261944444444443,RECOVERED,-206.2412052315719,157.2500762851564,-203.47727199402286,83.61858483733498
6171576,-0.0078,-0.0043,9.7646,0.0013,0.0253,0.0107,52.413296,-1.530721,0.0,0.065,97.666,9.764604062121515,0.0275003636339594,-0.0466491080907385,0.011055303585422,-0.0908,-0.0107,-0.0463000000000004,0.0075,0.0121,0.0030999999999999,0.101,1.4328400000000017,0.39801111111111154,0.040199122222222265,0.03983984394345217,-0.005362486549963682,-175.63424559411376,138.01215842453462,-203.47727199402286,83.61858483733498,1563.7524681258822,0.0,41110193.65457984,0.0038038071074658485,0.39801111111111154,RECOVERED,-206.20136538762844,157.24471379860645,-203.47727199402286,83.61858483733498
6171675,-0.0636,0.0148,9.7612,0.007,0.0205,0.0145,52.413296,-1.530721,0.0,0.0579999999999999,97.666,9.761418413324982,0.0260672207954741,-0.0031856487965331,-0.0014331428384853,-0.0558,0.0191,-0.0033999999999991,0.0057,-0.0047999999999999,0.0038,0.099,2.171130000000001,0.6030916666666669,0.059706075000000025,0.05917245399853796,-0.00796467699888307,-175.57507314011522,138.00419374753574,-203.47727199402286,83.61858483733498,1563.7618936866177,0.0,41110193.65457984,0.003803830035017138,0.6030916666666669,RECOVERED,-206.1421929336299,157.23674912160757,-203.47727199402286,83.61858483733498
6171775,0.1807,-0.0293,10.0322,0.0081,0.027,0.015,52.413296,-1.530721,0.0,0.133,97.666,10.033870032046458,0.0319313325747611,0.272451618721476,0.0058641117792869,0.2443,-0.0441,0.270999999999999,0.0010999999999999,0.0064999999999999,0.0004999999999999,0.1,7.4733399999999985,2.0759277777777774,0.20759277777777774,0.20573742443267726,-0.027692482252449357,-175.36933571568255,137.97650126528328,-203.47727199402286,83.61858483733498,1563.79468283301,0.0,41110193.65457984,0.0038039097941802006,2.0759277777777774,RECOVERED,-205.9364555091972,157.2090566393551,-203.47727199402286,83.61858483733498
6171875,0.1807,-0.0821,10.1334,0.0072,0.0321,0.0112,52.413296,-1.530721,0.0,0.086,97.666,10.135343529451776,0.034751834483952,0.101473497405319,0.0028205019091909,0.0,-0.0528,0.1012000000000004,-0.0008999999999999,0.0050999999999999,-0.0037999999999999,0.1,33.164270000000016,9.212297222222226,0.9212297222222227,0.9129962631152752,-0.12289029515456801,-174.45633945256728,137.8536109701287,-203.47727199402286,83.61858483733498,1563.940514646844,0.0,41110193.65457984,0.003804264528130275,9.212297222222226,RECOVERED,-205.02345924608196,157.08616634420054,-203.47727199402286,83.61858483733498
6171975,0.1297,-0.0481,9.7951,0.0083,0.036,0.0219,52.413296,-1.530721,0.0,0.036,97.666,9.79607675092432,0.0429476425429848,-0.3392667785274561,0.0081958080590327,-0.0509999999999999,0.034,-0.3383000000000002,0.0011,0.0039,0.0107,0.1,17.427870000000002,4.841075000000001,0.48410750000000013,0.47978080579065385,-0.06457902098298683,-173.97655864677662,137.7890319491457,-203.47727199402286,83.61858483733498,1564.017361513279,0.0,41110193.65457984,0.0038044514571121246,4.841075000000001,RECOVERED,-204.5436784402913,157.02158732321755,-203.47727199402286,83.61858483733498
6172075,-0.0579,0.0593,9.6819,0.009,0.0322,0.0175,52.413296,-1.530721,0.0,0.047,97.666,9.68225472242907,0.0377371170069998,-0.1138220284952513,-0.0052105255359849,-0.1876,0.1074,-0.113199999999999,0.0006999999999999,-0.0037999999999999,-0.0043999999999999,0.1,15.861529999999993,4.405980555555553,0.4405980555555553,0.4366602255165217,-0.05877494373622676,-173.5398984212601,137.73025700540947,-203.47727199402286,83.61858483733498,1564.0874286839953,0.0,41110193.65457984,0.0038046218945741927,4.405980555555553,RECOVERED,-204.1070182147748,156.9628123794813,-203.47727199402286,83.61858483733498
6172175,-0.0472,0.0805,9.7478,0.0062,0.0261,0.0129,52.413296,-1.530721,0.0,0.0069999999999999,97.666,9.748246659271604,0.0297667599849227,0.0659919368425345,-0.0079703570220771,0.0107,0.0212,0.0658999999999991,-0.0027999999999999,-0.0060999999999999,-0.0046,0.1,3.4291599999999995,0.9525444444444443,0.09525444444444443,0.09440311110795971,-0.012706761961962021,-173.44549531015213,137.7175502434475,-203.47727199402286,83.61858483733498,1564.1025926564173,0.0,41110193.65457984,0.0038046587807356873,0.9525444444444443,RECOVERED,-204.01261510366677,156.95010561751934,-203.47727199402286,83.61858483733498
6172275,0.2278,-0.0544,10.0015,0.0026,0.0343,0.0171,52.413296,-1.530721,0.0,0.061,97.666,10.004241822846948,0.0384143202464914,0.2559951635753421,0.0086475602615686,0.275,-0.1349,0.2537000000000002,-0.0036,0.0081999999999999,0.0042,0.1,12.69993,3.5277583333333333,0.35277583333333334,0.3496229113990922,-0.047059626101896776,-173.09587239875304,137.67049061734562,-203.47727199402286,83.61858483733498,1564.158801830522,0.0,41110193.65457984,0.0038047955088050733,3.5277583333333333,RECOVERED,-203.66299219226775,156.90304599141746,-203.47727199402286,83.61858483733498
6172375,0.0245,0.0017,9.7827,0.0119,0.0168,0.0104,52.413296,-1.530721,0.0,0.054,97.666,9.782730826819268,0.0230653419658152,-0.2215109960276784,-0.0153489782806761,-0.2033,0.0561,-0.2187999999999998,0.0093,-0.0174999999999999,-0.0067,0.1,5.374440000000001,1.4929000000000001,0.14929,0.14795572573547547,-0.01991500243757864,-172.94791667301757,137.65057561490804,-203.47727199402286,83.61858483733498,1564.1826121499566,0.0,41110193.65457984,0.0038048534270908266,1.4929000000000001,RECOVERED,-203.51503646653222,156.88313098897987,-203.47727199402286,83.61858483733498
6172476,-0.0685,0.0427,9.7076,-0.0024,0.0139,0.0097,52.413296,-1.530721,0.0,0.061,97.666,9.707935583840674,0.0171189952976218,-0.0747952429785936,-0.0059463466681934,-0.093,0.041,-0.0751000000000008,-0.0143,-0.0029,-0.0006999999999999,0.101,3.395390000000001,0.9431638888888891,0.09525955277777781,0.09440817378573879,-0.012707443403925892,-172.85350849923182,137.6378681715041,-203.47727199402286,83.61858483733498,1564.197812389721,0.0,41110193.65457984,0.00380489040147215,0.9431638888888891,RECOVERED,-203.4206282927465,156.87042354557593,-203.47727199402286,83.61858483733498
6172575,-0.0698,0.0594,9.8019,0.005,0.014,0.008,52.413296,-1.530721,0.0,0.018,97.666,9.802328499392376,0.0168819430161341,0.0943929155517011,-0.0002370522814877,-0.0012999999999999,0.0167,0.0943000000000005,0.0074,0.0001,-0.0017,0.099,1.5093800000000002,0.41927222222222227,0.04150795000000001,0.04113697411776965,-0.005537081689523026,-172.81237152511406,137.63233108981458,-203.47727199402286,83.61858483733498,1564.2044374392228,0.0,41110193.65457984,0.0038049065168170625,0.41927222222222227,RECOVERED,-203.37949131862874,156.86488646388642,-203.47727199402286,83.61858483733498
6172675,0.1977,-0.0817,10.1134,-0.0025,0.0068,0.0,52.413296,-1.530721,0.0,0.022,97.666,10.115662100920533,0.0072449982746719,0.3133336015281571,-0.0096369447414621,0.2674999999999999,-0.1411,0.3115000000000005,-0.0075,-0.0072,-0.008,0.1,14.854230000000003,4.126175000000001,0.4126175000000001,0.4089297452184176,-0.05504239077156947,-172.40344177989564,137.577288699043,-203.47727199402286,83.61858483733498,1564.2703533444385,0.0,41110193.65457984,0.003805066856380942,4.126175000000001,RECOVERED,-202.97056157341032,156.80984407311485,-203.47727199402286,83.61858483733498
6172775,0.1335,-0.0451,9.81,-0.004,0.0038,-0.0025,52.413296,-1.530721,0.0,0.076,97.666,9.81101198959618,0.0060572270883631,-0.3046501113243529,-0.0011877711863088,-0.0641999999999999,0.0365999999999999,-0.3033999999999999,-0.0015,-0.0029999999999999,-0.0025,0.1,1.3923200000000011,0.38675555555555585,0.03867555555555559,0.03832989410171429,-0.005159245650503032,-172.36511188579394,137.5721294533925,-203.47727199402286,83.61858483733498,1564.2765372253348,0.0,41110193.65457984,0.003805081898589082,0.38675555555555585,RECOVERED,-202.93223167930861,156.80468482746434,-203.47727199402286,83.61858483733498
6172875,0.0654,-0.0534,9.7682,-0.0049,-0.0082,-0.009,52.413296,-1.530721,0.0,0.054,97.666,9.768564887433568,0.0131244047484066,-0.0424471021626118,0.0070671776600435,-0.0681,-0.0083,-0.0418000000000002,-0.0008999999999999,-0.012,-0.0064999999999999,0.1,0.21765000000000004,0.06045833333333334,0.0060458333333333345,0.005991798904876832,-0.0008065026831705241,-172.35912008688905,137.57132295070934,-203.47727199402286,83.61858483733498,1564.27750398508,0.0,41110193.65457984,0.003805084250219321,0.06045833333333334,RECOVERED,-202.9262398804037,156.80387832478118,-203.47727199402286,83.61858483733498
6172975,-0.0492,0.0652,9.7106,0.0013,-0.006,-0.0126,52.413296,-1.530721,0.0,0.065,97.666,9.710943519555656,0.0140160622144737,-0.0576213678779122,0.0008916574660671,-0.1146,0.1186,-0.0576000000000007,0.0062,0.0022,-0.0036,0.1,1.6055199999999998,0.4459777777777777,0.04459777777777777,0.04419918666555409,-0.005949258846239097,-172.31492090022348,137.5653736918631,-203.47727199402286,83.61858483733498,1564.2846361018542,0.0,41110193.65457984,0.003805101598998638,0.4459777777777777,RECOVERED,-202.88204069373816,156.79792906593494,-203.47727199402286,83.61858483733498
6173075,0.1211,-0.0276,10.039,-0.0083,-0.0098,-0.0143,52.413296,-1.530721,0.0,0.05,97.666,10.039768322526172,0.0192203017666216,0.3288248029705158,0.0052042395521478,0.1703,-0.0928,0.3284000000000002,-0.0096,-0.0037999999999999,-0.0017,0.1,16.810200000000002,4.6695,0.46695000000000003,0.46277665035957044,-0.06229024307205671,-171.85214424986393,137.50308344879105,-203.47727199402286,83.61858483733498,1564.359385560373,0.0,41110193.65457984,0.0038052834260635915,4.6695,RECOVERED,-202.4192640433786,156.73563882286288,-203.47727199402286,83.61858483733498
6173175,0.1928,-0.0292,10.0406,-0.0114,-0.0256,-0.0245,52.413296,-1.530721,0.0,0.054,97.666,10.042493357727452,0.0372232454254058,0.0027250352012799,0.0180029436587842,0.0717,-0.0016,0.0015999999999998,-0.0031,-0.0158,-0.0102,0.1,13.42778,3.729938888888889,0.3729938888888889,0.3696602687752218,-0.04975667631069836,-171.4824839810887,137.45332677248035,-203.47727199402286,83.61858483733498,1564.4191920691449,0.0,41110193.65457984,0.0038054289046017724,3.729938888888889,RECOVERED,-202.04960377460336,156.6858821465522,-203.47727199402286,83.61858483733498
6173277,0.1749,-0.0695,9.9102,-0.0091,-0.0188,-0.0172,52.413296,-1.530721,0.0,0.011,97.666,9.911986899708856,0.0270571617136757,-0.1305064580185959,-0.0101660837117301,-0.0179,-0.0403,-0.1303999999999998,0.0023,0.0068,0.0073,0.102,1.0753399999999997,0.2987055555555555,0.03046796666666666,0.030195660257558717,-0.004064368882274307,-171.45228832083114,137.44926240359808,-203.47727199402286,83.61858483733498,1564.4240811853429,0.0,41110193.65457984,0.003805440797311982,0.2987055555555555,RECOVERED,-202.01940811434585,156.68181777766992,-203.47727199402286,83.61858483733498
6173375,-0.0447,0.0094,9.7459,-0.0073,-0.0198,-0.0205,52.413296,-1.530721,0.0,0.1119999999999999,97.666,9.746007041860784,0.0294207409831907,-0.1659798578480718,0.002363579269515,-0.2196,0.0789,-0.164299999999999,0.0018,-0.001,-0.0033,0.098,2.773710000000001,0.7704750000000002,0.07550655000000003,0.07483171279410523,-0.01007243035235551,-171.37745660803705,137.43918997324573,-203.47727199402286,83.61858483733498,1564.436200018642,0.0,41110193.65457984,0.0038054702762130082,0.7704750000000002,RECOVERED,-201.94457640155176,156.67174534731757,-203.47727199402286,83.61858483733498
6173475,-0.0615,0.0352,9.6624,-0.0109,-0.0245,-0.0255,52.413296,-1.530721,0.0,0.1009999999999999,97.666,9.662659833089435,0.0370041889520632,-0.0833472087713467,0.0075834479688724,-0.0168,0.0258,-0.0835000000000008,-0.0036,-0.0046999999999999,-0.0049999999999999,0.1,21.4239,5.951083333333333,0.5951083333333334,0.5897895729758362,-0.07938632131393057,-170.78766703506122,137.3598036519318,-203.47727199402286,83.61858483733498,1564.5318394154694,0.0,41110193.65457984,0.003805702917775417,5.951083333333333,RECOVERED,-201.3547868285759,156.59235902600363,-203.47727199402286,83.61858483733498
6173576,-0.0206,0.0465,9.845,-0.0107,-0.0297,-0.025,52.413296,-1.530721,0.0,0.054,97.666,9.845131365807164,0.0402688465193628,0.1824715327177255,0.0032646575672995,0.0409,0.0112999999999999,0.1826000000000007,0.0002,-0.0052,0.0004999999999999,0.101,10.339599999999995,2.87211111111111,0.2900832222222221,0.28749061335370135,-0.03869655085843807,-170.50017642170752,137.32110710107335,-203.47727199402286,83.61858483733498,1564.5785384050037,0.0,41110193.65457984,0.0038058165124471586,2.87211111111111,RECOVERED,-201.06729621522217,156.5536624751452,-203.47727199402286,83.61858483733498
6173675,0.1948,-0.0897,10.1199,-0.0095,-0.0261,-0.0252,52.413296,-1.530721,0.0,0.079,97.666,10.12217215522439,0.0375033331851983,0.277040789417228,-0.0027655133341644,0.2154,-0.1362,0.2748999999999988,0.0011999999999999,0.0035999999999999,-0.0001999999999999,0.099,19.04879,5.291330555555556,0.523841725,0.5191599075148929,-0.06987949112653494,-169.98101651419262,137.25122760994682,-203.47727199402286,83.61858483733498,1564.6630016784316,0.0,41110193.65457984,0.0038060219682378507,5.291330555555556,RECOVERED,-200.54813630770727,156.48378298401866,-203.47727199402286,83.61858483733498
6173775,0.179,-0.1019,10.1164,-0.005,-0.0239,-0.0255,52.413296,-1.530721,0.0,0.04,97.666,10.118496606215768,0.0353052404042232,-0.0036755490086228,-0.002198092780975,-0.0158,-0.0122,-0.0034999999999989,0.0045,0.0022,-0.0002999999999999,0.1,28.219329999999996,7.838702777777776,0.7838702777777776,0.7768644640034821,-0.10456680616712363,-169.20415205018912,137.1466608037797,-203.47727199402286,83.61858483733498,1564.7897105051738,0.0,41110193.65457984,0.0038063301857758336,7.838702777777776,RECOVERED,-199.77127184370383,156.37921617785153,-203.47727199402286,83.61858483733498
6173875,0.087,-0.0229,9.7743,-0.0064,-0.0196,-0.0203,52.413296,-1.530721,0.0,0.079,97.666,9.774714006046418,0.0289345813862927,-0.3437826001693498,-0.0063706590179305,-0.092,0.079,-0.3421000000000003,-0.0014,0.0043,0.0052,0.1,1.00013,0.27781388888888886,0.027781388888888887,0.02753309367670326,-0.003705984509622495,-169.1766189565124,137.14295481927007,-203.47727199402286,83.61858483733498,1564.7942082486595,0.0,41110193.65457984,0.003806341126477119,0.27781388888888886,RECOVERED,-199.74373875002706,156.3755101933419,-203.47727199402286,83.61858483733498
6173975,-0.0943,0.0828,9.6195,-0.0084,-0.0168,-0.0163,52.413296,-1.530721,0.0,0.083,97.666,9.62031852799064,0.0248694591818961,-0.1543954780557772,-0.0040651222043965,-0.1813,0.1057,-0.1547999999999998,-0.0019999999999999,0.0028,0.004,0.1,19.071489999999983,5.297636111111106,0.5297636111111106,0.5250288669716027,-0.07066945948568712,-168.6515900895408,137.0722853597844,-203.47727199402286,83.61858483733498,1564.8800676688838,0.0,41110193.65457984,0.0038065499783763485,5.297636111111106,RECOVERED,-199.21870988305548,156.30484073385622,-203.47727199402286,83.61858483733498
6174075,-0.0872,0.096,9.8053,-0.0053,-0.0077,-0.0149,52.413296,-1.530721,0.0,0.05,97.666,9.80615765373982,0.0175894854956021,0.1858391257491778,-0.0072799736862939,0.0070999999999999,0.0132,0.1858000000000004,0.0030999999999999,0.0090999999999999,0.0013999999999999,0.1,1.4989500000000018,0.4163750000000005,0.04163750000000005,0.04126536626907942,-0.005554363413454898,-168.61032472327173,137.06673099637092,-203.47727199402286,83.61858483733498,1564.8868233102246,0.0,41110193.65457984,0.003806566411384175,0.4163750000000005,RECOVERED,-199.17744451678638,156.29928637044276,-203.47727199402286,83.61858483733498
6174175,0.2727,0.009,10.0616,-0.007,-0.0116,-0.0081,52.413296,-1.530721,0.0,0.0969999999999999,97.666,10.065298845538566,0.0157851195750934,0.2591411917987472,-0.0018043659205086,0.3599,-0.087,0.2562999999999995,-0.0017,-0.0038999999999999,0.0068,0.1,10.846939999999996,3.0130388888888877,0.3013038888888888,0.29861099569613914,-0.04019336647916233,-168.31171372757558,137.02653762989175,-203.47727199402286,83.61858483733498,1564.9357416997013,0.0,41110193.65457984,0.0038066854047167967,3.0130388888888877,RECOVERED,-198.87883352109029,156.25909300396359,-203.47727199402286,83.61858483733498
6174277,0.1693,-0.0768,9.8724,-0.0018,0.007,0.0017,52.413296,-1.530721,0.0,0.108,97.666,9.874150216094549,0.0074249579123386,-0.191148629444017,-0.0083601616627548,-0.1033999999999999,-0.0857999999999999,-0.1891999999999996,0.0052,0.0186,0.0098,0.102,2.3698200000000003,0.6582833333333334,0.06714490000000001,0.06654479475474531,-0.008957002124529266,-168.24516893282083,137.01758062776722,-203.47727199402286,83.61858483733498,1564.9466507496502,0.0,41110193.65457984,0.0038067119408358926,0.6582833333333334,RECOVERED,-198.81228872633548,156.25013600183905,-203.47727199402286,83.61858483733498
6174376,0.033,-0.0931,9.8623,-0.0026,0.01,0.0016,52.413296,-1.530721,0.0,0.022,97.666,9.862794629312727,0.0104556204980861,-0.0113555867818213,0.0030306625857475,-0.1363,-0.0163,-0.0101000000000013,-0.0007999999999999,0.003,-9.999999999999984e-05,0.099,1.01028,0.28063333333333335,0.027782700000000004,0.027534393069803702,-0.003706159409354385,-168.21763453975103,137.01387446835787,-203.47727199402286,83.61858483733498,1564.951165432772,0.0,41110193.65457984,0.0038067229227426187,0.28063333333333335,RECOVERED,-198.78475433326568,156.2464298424297,-203.47727199402286,83.61858483733498
6174475,0.1301,-0.0438,10.0437,0.0086,0.0284,0.0128,52.413296,-1.530721,0.0,0.0579999999999999,97.666,10.044638079094735,0.0323165592227885,0.1818434497820096,0.0218609387247023,0.0970999999999999,0.0493,0.1814,0.0112,0.0184,0.0112,0.099,15.374480000000007,4.270688888888891,0.42279820000000023,0.4190194555606721,-0.05640047681428003,-167.79861508419037,136.9574739915436,-203.47727199402286,83.61858483733498,1565.0199293108317,0.0,41110193.65457984,0.003806890189962611,4.270688888888891,RECOVERED,-198.36573487770508,156.19002936561543,-203.47727199402286,83.61858483733498
6174576,0.1758,-0.0167,9.8743,0.0086,0.026,0.0183,52.413296,-1.530721,0.0,0.083,97.666,9.875878949237883,0.0329370611925229,-0.168759129856852,0.0006205019697343,0.0457,0.0271,-0.1693999999999995,0.0,-0.0024,0.0055,0.101,11.235280000000005,3.1209111111111123,0.3152120222222224,0.3123948255639074,-0.04204868504862785,-167.48622025862647,136.91542530649497,-203.47727199402286,83.61858483733498,1565.071267731659,0.0,41110193.65457984,0.0038070150699893476,3.1209111111111123,RECOVERED,-198.05334005214112,156.1479806805668,-203.47727199402286,83.61858483733498
6174675,-0.0543,0.0609,9.7832,0.0047,0.0274,0.0184,52.413296,-1.530721,0.0,0.079,97.666,9.78354023551802,0.033337816365203,-0.0923387137198634,0.0004007551726801,-0.2301,0.0776,-0.091099999999999,-0.0039,0.0014,9.99999999999994e-05,0.099,2.9716400000000003,0.8254555555555556,0.0817201,0.08098972940368163,-0.01090130612029721,-167.4052305292228,136.90452400037466,-203.47727199402286,83.61858483733498,1565.0845875304626,0.0,41110193.65457984,0.003807047470223011,0.8254555555555556,RECOVERED,-197.97235032273747,156.1370793744465,-203.47727199402286,83.61858483733498
6174776,-0.1076,-0.0639,9.7784,0.0074,0.0242,0.0136,52.413296,-1.530721,0.0,0.011,97.666,9.779200761309689,0.0287290793448032,-0.0043394742083329,-0.0046087370203998,-0.0533,-0.1248,-0.0048000000000012,0.0027,-0.0032,-0.0048,0.101,2.9989700000000012,0.8330472222222225,0.08413776944444448,0.08338579101022772,-0.01122381863204864,-167.32184473821258,136.8933001817426,-203.47727199402286,83.61858483733498,1565.0983057320198,0.0,41110193.65457984,0.0038070808395660803,0.8330472222222225,RECOVERED,-197.88896453172728,156.12585555581444,-203.47727199402286,83.61858483733498
6174876,0.1609,-0.0661,9.9777,0.0012,0.0075,0.0002,52.413296,-1.530721,0.0,0.036,97.666,9.979216167114531,0.0075980260594446,0.2000154058048426,-0.0211310532853585,0.2684999999999999,-0.0022,0.1993000000000009,-0.0062,-0.0167,-0.0133999999999999,0.1,0.51162,0.14211666666666664,0.014211666666666664,0.014084650382325219,-0.001895809339598913,-167.30776008783025,136.891404372403,-203.47727199402286,83.61858483733498,1565.100623300929,0.0,41110193.65457984,0.0038070864770216686,0.14211666666666664,RECOVERED,-197.87487988134492,156.12395974647484,-203.47727199402286,83.61858483733498
6174975,0.1204,0.0483,9.8849,-0.0003,0.0081,-0.0017,52.413296,-1.530721,0.0,0.032,97.666,9.885751213741928,0.0082819079927272,-0.093464953372603,0.0006838819332826,-0.0404999999999999,0.1144,-0.0928000000000004,-0.0014999999999999,0.0005999999999999,-0.0019,0.099,1.0292400000000002,0.28590000000000004,0.028304100000000006,0.0280511330751522,-0.003775713179003749,-167.2797089547551,136.887628659224,-203.47727199402286,83.61858483733498,1565.1052393689754,0.0,41110193.65457984,0.003807097705545876,0.28590000000000004,RECOVERED,-197.84682874826976,156.12018403329583,-203.47727199402286,83.61858483733498
6175075,0.032,-0.0447,9.7722,-0.0091,-0.0063,-0.0076,52.413296,-1.530721,0.0,0.061,97.666,9.772354625677478,0.0134260939963937,-0.1133965880644503,0.0051441860036664,-0.0883999999999999,-0.093,-0.1127000000000002,-0.0088,-0.0144,-0.0059,0.1,0.6062899999999994,0.16841388888888872,0.016841388888888875,0.01669086955220662,-0.0022466092891314337,-167.2630180852029,136.88538204993486,-203.47727199402286,83.61858483733498,1565.1079862391875,0.0,41110193.65457984,0.003807104387271181,0.16841388888888872,RECOVERED,-197.83013787871758,156.1179374240067,-203.47727199402286,83.61858483733498
6175175,-0.0724,-0.0077,9.7108,-0.007,-0.0156,-0.0148,52.413296,-1.530721,0.0,0.025,97.666,9.711072942265444,0.0226141548592911,-0.0612816834120337,0.0091880608628973,-0.1044,0.037,-0.061399999999999,0.0021,-0.0093,-0.0072,0.1,3.85883,1.0718972222222223,0.10718972222222223,0.10623171774916547,-0.01429890534757139,-167.15678636745375,136.8710831445873,-203.47727199402286,83.61858483733498,1565.1254732696884,0.0,41110193.65457984,0.0038071469242405946,1.0718972222222223,RECOVERED,-197.72390616096843,156.10363851865912,-203.47727199402286,83.61858483733498
6175275,0.1472,-0.0392,10.0939,-0.0097,-0.0292,-0.0217,52.413296,-1.530721,0.0,0.022,97.666,10.095049365406789,0.0376512947984528,0.3839764231413447,0.0150371399391616,0.2196,-0.0315,0.3830999999999989,-0.0027,-0.0136,-0.0069,0.1,15.188919999999998,4.219144444444444,0.4219144444444444,0.4181435985401415,-0.05628258550178008,-166.7386427689136,136.8148005590855,-203.47727199402286,83.61858483733498,1565.1943741974735,0.0,41110193.65457984,0.003807314524832224,4.219144444444444,RECOVERED,-197.30576256242827,156.04735593315735,-203.47727199402286,83.61858483733498
6175375,0.1933,-0.0147,10.1024,-0.0102,-0.0191,-0.0218,52.413296,-1.530721,0.0,0.115,97.666,10.10425983137805,0.0307260475818156,0.009210465971261,-0.0069252472166371,0.0461,0.0245,0.0084999999999997,-0.0005,0.0101,-9.99999999999994e-05,0.1,9.100259999999993,2.527849999999998,0.2527849999999998,0.2505257427158024,-0.03372103885848558,-166.48811702619778,136.78107952022702,-203.47727199402286,83.61858483733498,1565.2357083942961,0.0,41110193.65457984,0.0038074150697169546,2.527849999999998,RECOVERED,-197.05523681971246,156.01363489429886,-203.47727199402286,83.61858483733498
6175476,0.0984,-0.0641,9.8051,-0.0099,-0.0217,-0.02,52.413296,-1.530721,0.0,0.133,97.666,9.80580325011674,0.0311271585596886,-0.2984565812613109,0.000401110977873,-0.0949,-0.0494,-0.2972999999999999,0.0002999999999999,-0.0026,0.0017999999999999,0.101,0.2325299999999999,0.06459166666666664,0.006523758333333332,0.006465452466549594,-0.0008702569703965923,-166.48165157373123,136.78020926325664,-203.47727199402286,83.61858483733498,1565.236775654064,0.0,41110193.65457984,0.0038074176658121637,0.06459166666666664,RECOVERED,-197.0487713672459,156.01276463732847,-203.47727199402286,83.61858483733498
6175576,-0.1284,0.0,9.8046,-0.0139,-0.0219,-0.0201,52.413296,-1.530721,0.0,0.072,97.666,9.805440720334808,0.0328150879931777,-0.0003625297819311,0.001687929433489,-0.2268,0.0641,-0.0004999999999988,-0.0039999999999999,-0.0001999999999999,-9.99999999999994e-05,0.1,15.628469999999993,4.341241666666664,0.4341241666666664,0.43024419678796394,-0.057911339254996703,-166.05140737694327,136.72229792400165,-203.47727199402286,83.61858483733498,1565.3078560341512,0.0,41110193.65457984,0.0038075905678925685,4.341241666666664,RECOVERED,-196.61852717045795,155.9548532980735,-203.47727199402286,83.61858483733498
6175675,-0.1063,0.1069,9.6995,-0.0063,-0.0144,-0.0204,52.413296,-1.530721,0.0,0.0289999999999999,97.666,9.70067149995298,0.0257528639184072,-0.1047692203818275,-0.0070622240747705,0.0220999999999999,0.1069,-0.1051000000000002,0.0075999999999999,0.0075,-0.0003,0.099,10.387089999999993,2.8853027777777758,0.2856449749999998,0.28309203281409817,-0.03810449710902998,-165.76831534412918,136.68419342689262,-203.47727199402286,83.61858483733498,1565.3546894063754,0.0,41110193.65457984,0.0038077044894484183,2.8853027777777758,RECOVERED,-196.33543513764388,155.91674880096446,-203.47727199402286,83.61858483733498
6175775,0.1164,-0.0336,10.0549,-0.0093,-0.0178,-0.0167,52.413296,-1.530721,0.0,0.04,97.666,10.055629862420355,0.0261193414924649,0.3549583624673751,0.0003664775740577,0.2227,-0.1404999999999999,0.3553999999999995,-0.0029999999999999,-0.0034,0.0037,0.1,11.989790000000001,3.330497222222222,0.33304972222222223,0.33007310173077503,-0.04442820034758152,-165.43824224239842,136.63976522654505,-203.47727199402286,83.61858483733498,1565.40935914484,0.0,41110193.65457984,0.0038078374728610577,3.330497222222222,RECOVERED,-196.00536203591307,155.8723206006169,-203.47727199402286,83.61858483733498
6175875,0.1701,-0.064,9.9823,-0.0106,-0.0068,-0.0189,52.413296,-1.530721,0.0,0.104,97.666,9.98395429176236,0.0227114508563411,-0.0716755706579963,-0.0034078906361237,0.0537,-0.0304,-0.0725999999999995,-0.0013,0.011,-0.0022,0.1,9.370439999999999,2.6028999999999995,0.26028999999999997,0.25796366703521273,-0.03472219160343857,-165.18027857536322,136.60504303494162,-203.47727199402286,83.61858483733498,1565.4521334550857,0.0,41110193.65457984,0.0038079415208025612,2.6028999999999995,RECOVERED,-195.74739836887792,155.83759840901345,-203.47727199402286,83.61858483733498
