timestamp_ms,ax,ay,az,gyro_yaw,gyro_pitch,gyro_roll,gps_lat,gps_lon,gps_speed,vehicle_speed,vehicle_heading,accel_magnitude,gyro_magnitude,accel_change,gyro_change,ax_change,ay_change,az_change,gyro_yaw_change,gyro_pitch_change,gyro_roll_change,dt,predicted_speed,gps_x,gps_y,phase,gnss_available,ins_heading_rad,ins_speed_mps,ins_x,ins_y,dr_x,dr_y,corrected_x,corrected_y,dr_source_speed_col
4694876,1.0797,0.9458,8.5439,0.0259,0.0999,0.0704,52.47373,-1.397314,19.33,69.595,99.543,8.663631856213652,0.1249278992059019,-0.8398193179651248,0.0679095688199638,1.0970000000000002,0.7695,-0.9578999999999986,0.0028,0.0521,0.0496,0.101,41.99465,5054.748221853027,-454.12008041607686,GNSS_OUTAGE,False,1.7370912979249165,19.275,5054.748221853027,-454.12008041607686,5054.748221853027,-454.12008041607686,5054.748221853027,-454.12008041607686,predicted_speed
4694975,0.1301,0.4406,10.2154,0.0132,0.0367,0.0361,52.47373,-1.397314,19.33,69.361,99.136,10.22572498798985,0.0531445199432641,1.562093131776198,-0.0717833792626378,-0.9496,-0.5052,1.6715,-0.0127,-0.0632,-0.0343,0.099,48.21282999999998,5054.748221853027,-454.12008041607686,GNSS_OUTAGE,False,1.7391678229249166,19.29495642,5056.631410341048,-454.44018630133183,5056.631410341048,-454.44018630133183,5056.631410341048,-454.44018630133183,predicted_speed
4695076,0.6041,0.1137,10.1878,-0.0233,-0.0249,-0.0151,52.47373,-1.397314,19.33,69.437,98.75,10.206328102701772,0.0372949058183554,-0.0193968852880761,-0.0158496141249087,0.474,-0.3268999999999999,-0.0276000000000014,-0.0365,-0.0616,-0.0512,0.101,34.64511999999999,5054.748221853027,-454.12008041607686,GNSS_OUTAGE,False,1.7375997979249165,19.36319,5058.559948692902,-454.7648902491222,5058.559948692902,-454.7648902491222,5058.559948692902,-454.7648902491222,predicted_speed
4695176,-0.3264,-0.2825,10.4517,0.0038,0.0375,0.0217,52.47373,-1.397314,19.33,69.556,98.455,10.460610694409768,0.0434922981687562,0.2542825917079945,0.0061973923504008,-0.9305,-0.3962,0.2639000000000013,0.0271,0.0624,0.0368,0.1,50.154520000000005,5054.748221853027,-454.12008041607686,GNSS_OUTAGE,False,1.7387572979249164,19.337698,5060.46650587613,-455.0881631160216,5060.46650587613,-455.0881631160216,5060.46650587613,-455.0881631160216,predicted_speed
4695275,0.4598,-0.1571,8.3146,-0.0297,-0.0142,-0.0322,52.47373,-1.397314,19.33,69.347,98.266,8.328785602355245,0.0460496471213406,-2.131825092054523,0.0025573489525844,0.7862,0.1253999999999999,-2.1371,-0.0335,-0.0516999999999999,-0.0539,0.099,47.40892000000001,5054.748221853027,-454.12008041607686,GNSS_OUTAGE,False,1.7365867229249163,19.39029472,5062.35982338877,-455.4049648951867,5062.35982338877,-455.4049648951867,5062.35982338877,-455.4049648951867,predicted_speed
4695376,-2.2601,-1.3465,10.7121,-0.0753,-0.0311,0.0528,52.47373,-1.397314,19.33,69.264,98.203,11.03042159983017,0.0970831602287441,2.7016359974749253,0.0510335131074034,-2.7199,-1.1894,2.397499999999999,-0.0456,-0.0169,0.0849999999999999,0.101,39.20142999999999,5054.748221853027,-454.12008041607686,GNSS_OUTAGE,False,1.7297666979249164,19.1692441,5064.2715044482,-455.7114517047927,5064.2715044482,-455.7114517047927,5064.2715044482,-455.7114517047927,predicted_speed
4695475,1.2988,-0.1297,13.3694,0.0034,0.008,0.0866,52.47373,-1.397314,19.33,69.484,98.163,13.432965416839275,0.0870351653069033,2.402543817009107,-0.0100479949218407,3.5589,1.2168,2.657300000000001,0.0787,0.0390999999999999,0.0338,0.099,46.56632,5054.748221853027,-454.12008041607686,GNSS_OUTAGE,False,1.7308730229249165,19.30490182,5066.158255341886,-456.0160830235262,5066.158255341886,-456.0160830235262,5066.158255341886,-456.0160830235262,predicted_speed
4695575,-0.2041,-0.5593,11.371,0.0055,-0.0921,-0.0468,52.47373,-1.397314,19.33,69.40100000000001,97.905,11.386576056918956,0.1034548210573098,-2.0463893599203224,0.0164196557504064,-1.5029,-0.4296,-1.9984,0.0021,-0.1001,-0.1334,0.1,45.30217,5054.748221853027,-454.12008041607686,GNSS_OUTAGE,False,1.7322005229249164,19.29163982,5068.0623452005175,-456.32610798978374,5068.0623452005175,-456.32610798978374,5068.0623452005175,-456.32610798978374,predicted_speed
4695675,0.7671,-1.5421,12.0799,0.0038,0.004,-0.0231,52.47373,-1.397314,19.33,69.487,97.861,12.202069448663206,0.0237497368406473,0.8154933917442513,-0.0797050842166625,0.9712,-0.9828,0.7088999999999999,-0.0016999999999999,0.0961,0.0237,0.1,38.91013000000001,5054.748221853027,-454.12008041607686,GNSS_OUTAGE,False,1.7333580229249164,19.37549782,5069.974350170715,-456.6396939455735,5069.974350170715,-456.6396939455735,5069.974350170715,-456.6396939455735,predicted_speed
4695775,-0.3055,-0.3458,8.3116,-0.0195,-0.0445,-0.0468,52.47373,-1.397314,19.33,69.574,97.759,8.324398023280724,0.0674591728380951,-3.8776714253824816,0.0437094359974478,-1.0726,1.1963,-3.7683,-0.0233,-0.0485,-0.0237,0.1,51.18444999999999,5054.748221853027,-454.12008041607686,GNSS_OUTAGE,False,1.7321855229249163,19.35209582,5071.884411716975,-456.95066181491825,5071.884411716975,-456.95066181491825,5071.884411716975,-456.95066181491825,predicted_speed
4695875,0.3137,1.0045,7.2356,-0.0347,-0.0429,-0.0115,52.47373,-1.397314,19.33,69.527,97.758,7.311725876973233,0.0563626649476406,-1.0126721463074908,-0.0110965078904545,0.6192,1.3502999999999998,-1.0760000000000003,-0.0152,0.0015999999999999,0.0353,0.1,49.51847999999998,5054.748221853027,-454.12008041607686,GNSS_OUTAGE,False,1.7294930229249164,19.39061382,5073.799107018274,-457.2570944279772,5073.799107018274,-457.2570944279772,5073.799107018274,-457.2570944279772,predicted_speed
4695975,-1.3306,-0.3213,11.4605,-0.0648,-0.0417,-0.0238,52.47373,-1.397314,19.33,69.509,97.65,11.541957819191682,0.080649674518872,4.230231942218449,0.0242870095712313,-1.6443,-1.3258,4.2249,-0.0300999999999999,0.0011999999999999,-0.0123,0.1,51.4488,5054.748221853027,-454.12008041607686,GNSS_OUTAGE,False,1.7237905229249164,19.26470182,5075.703074485946,-457.55068469379484,5075.703074485946,-457.55068469379484,5075.703074485946,-457.55068469379484,predicted_speed
4696075,0.2484,0.0181,9.8271,0.0175,0.0185,-0.0119,52.47373,-1.397314,19.33,69.40100000000001,97.349,9.830255570431524,0.0281088953891824,-1.711702248760158,-0.0525407791296896,1.579,0.3394,-1.6334,0.0823,0.0602,0.0119,0.1,28.673029999999997,5054.748221853027,-454.12008041607686,GNSS_OUTAGE,False,1.7263180229249164,19.296689819999997,5077.609454016722,-457.8495817742884,5077.609454016722,-457.8495817742884,5077.609454016722,-457.8495817742884,predicted_speed
4696175,-0.5666,-0.9473,10.9244,0.0371,0.0488,0.0048,52.47373,-1.397314,19.33,69.45100000000001,97.359,10.980024053252343,0.0614889420953068,1.1497684828208197,0.0333800467061244,-0.815,-0.9654,1.0973000000000006,0.0196,0.0303,0.0167,0.1,45.60363,5054.748221853027,-454.12008041607686,GNSS_OUTAGE,False,1.7308055229249164,19.247177819999997,5079.509585103906,-458.1562418334207,5079.509585103906,-458.1562418334207,5079.509585103906,-458.1562418334207,predicted_speed
4696277,-0.1769,0.281,11.1788,0.0245,0.0819,0.0831,52.47373,-1.397314,19.33,69.653,97.541,11.183730328025618,0.1192202583456352,0.2037062747732747,0.0577313162503283,0.3897,1.2283,0.2544000000000004,-0.0126,0.0331,0.0783,0.102,49.25760000000001,5054.748221853027,-454.12008041607686,GNSS_OUTAGE,False,1.7340975729249164,19.23642498,5081.445596383355,-458.4752355081941,5081.445596383355,-458.4752355081941,5081.445596383355,-458.4752355081941,predicted_speed
4696375,0.1883,-0.2757,9.0807,-0.0311,-0.0416,-0.0323,52.47373,-1.397314,19.33,69.422,97.379,9.086835525638175,0.0611642052184118,-2.0968948023874425,-0.0580560531272233,0.3651999999999999,-0.5567,-2.0981000000000005,-0.0556,-0.1235,-0.1154,0.098,49.03305,5054.748221853027,-454.12008041607686,GNSS_OUTAGE,False,1.7318117229249164,19.26188342,5083.3088440236215,-458.77786693312686,5083.3088440236215,-458.77786693312686,5083.3088440236215,-458.77786693312686,predicted_speed
4696476,-1.02,-0.8018,10.6887,-0.0647,-0.1442,-0.0621,52.47373,-1.397314,19.33,69.365,97.399,10.767153334563412,0.1698120725979163,1.6803178089252366,0.1086478673795044,-1.2083,-0.5261,1.6080000000000003,-0.0335999999999999,-0.1026,-0.0298,0.101,41.97599,5054.748221853027,-454.12008041607686,GNSS_OUTAGE,False,1.7260622979249163,19.1660829,5085.221331873224,-459.0772206501572,5085.221331873224,-459.0772206501572,5085.221331873224,-459.0772206501572,predicted_speed
4696575,-0.5016,-0.0794,9.7286,0.0491,0.0407,0.0431,52.47373,-1.397314,19.33,69.548,97.295,9.74184607145894,0.0769734369766609,-1.0253072631044713,-0.0928386356212553,0.5184,0.7223999999999999,-0.9601000000000006,0.1137999999999999,0.1849,0.1052,0.099,43.81709,5054.748221853027,-454.12008041607686,GNSS_OUTAGE,False,1.7316929229249163,19.12350102,5087.090105639885,-459.38052177395184,5087.090105639885,-459.38052177395184,5087.090105639885,-459.38052177395184,predicted_speed
4696675,-0.0628,-0.4665,10.0805,0.0219,0.0185,0.033,52.47373,-1.397314,19.33,69.404,97.555,10.091483852238976,0.0437133846779221,0.3496377807800357,-0.0332600522987388,0.4388000000000001,-0.3871,0.3519000000000005,-0.0272,-0.0222,-0.0100999999999999,0.1,47.70676,5054.748221853027,-454.12008041607686,GNSS_OUTAGE,False,1.7346604229249163,19.12436902,5088.976924098997,-459.6925009503187,5088.976924098997,-459.6925009503187,5088.976924098997,-459.6925009503187,predicted_speed
4696775,0.235,-0.2618,9.6136,-0.0181,0.0382,0.0686,52.47373,-1.397314,19.33,69.433,97.878,9.620034781641904,0.0805779746580912,-0.4714490705970728,0.0368645899801691,0.2977999999999999,0.2047,-0.4669000000000007,-0.04,0.0197,0.0355999999999999,0.1,44.51536,5054.748221853027,-454.12008041607686,GNSS_OUTAGE,False,1.7336279229249163,19.15501702,5090.867087930267,-460.00302866458026,5090.867087930267,-460.00302866458026,5090.867087930267,-460.00302866458026,predicted_speed
4696875,0.1141,-0.7364,9.0193,-0.0278,-0.0204,-0.0278,52.47373,-1.397314,19.33,69.376,97.648,9.05003183751306,0.0442926630493132,-0.570002944128845,-0.036285311608778,-0.1209,-0.4746000000000001,-0.5943000000000005,-0.0096999999999999,-0.0586,-0.0963999999999999,0.1,43.33934,5054.748221853027,-454.12008041607686,GNSS_OUTAGE,False,1.7316254229249164,19.173575019999998,5092.759701653716,-460.31006788730065,5092.759701653716,-460.31006788730065,5092.759701653716,-460.31006788730065,predicted_speed
4696975,-0.0915,-0.8301,11.4045,0.0231,0.0009,-0.049,52.47373,-1.397314,19.33,69.365,97.403,11.435036445503792,0.0541795164245676,2.3850046079907337,0.0098868533752544,-0.2056,-0.0936999999999999,2.385200000000001,0.0509,0.0213,-0.0212,0.1,49.27733000000001,5054.748221853027,-454.12008041607686,GNSS_OUTAGE,False,1.7347129229249163,19.171573019999997,5094.651160857795,-460.622916412814,5094.651160857795,-460.622916412814,5094.651160857795,-460.622916412814,predicted_speed
4697075,-0.7139,-1.0106,10.5452,0.0303,-0.0373,-0.0693,52.47373,-1.397314,19.33,69.53399999999999,97.82,10.617542493910726,0.084331903808701,-0.8174939515930664,0.0301523873841333,-0.6224,-0.1805,-0.8593000000000011,0.0072,-0.0382,-0.0203,0.1,43.6968,5054.748221853027,-454.12008041607686,GNSS_OUTAGE,False,1.7385204229249163,19.107331019999997,5096.535081132862,-460.94189193581167,5096.535081132862,-460.94189193581167,5096.535081132862,-460.94189193581167,predicted_speed
4697175,-0.3504,0.6482,9.3684,0.0025,-0.0193,-0.0351,52.47373,-1.397314,19.33,69.566,98.124,9.397332704549733,0.0401341500470609,-1.2202097893609931,-0.04419775376164,0.3635,1.6587999999999998,-1.1768,-0.0278,0.018,0.0342,0.1,49.45904999999999,5054.748221853027,-454.12008041607686,GNSS_OUTAGE,False,1.7395479229249162,19.079439019999995,5098.415923086165,-461.2623345669835,5098.415923086165,-461.2623345669835,5098.415923086165,-461.2623345669835,predicted_speed
4697275,-1.187,-0.1018,10.4984,-0.0419,0.0413,0.0473,52.47373,-1.397314,19.33,68.994,98.373,10.565781315170211,0.07548900582204,1.16844861062048,0.0353548557749791,-0.8366,-0.75,1.1300000000000008,-0.0444,0.0606,0.0824,0.1,51.56736999999998,5054.748221853027,-454.12008041607686,GNSS_OUTAGE,False,1.7361354229249162,18.967887019999996,5100.286844524397,-461.5745209728391,5100.286844524397,-461.5745209728391,5100.286844524397,-461.5745209728391,predicted_speed
4697376,-0.4017,-0.3029,9.177,-0.04,-0.0745,-0.001,52.47373,-1.397314,19.33,69.473,98.027,9.190780179070762,0.084565063708366,-1.375001136099451,0.0090760578863259,0.7853000000000001,-0.2011,-1.3214000000000006,0.0018999999999999,-0.1158,-0.0483,0.101,49.82301,5054.748221853027,-454.12008041607686,GNSS_OUTAGE,False,1.7328806979249163,18.934534799999994,5102.174166985743,-461.8831337497103,5102.174166985743,-461.8831337497103,5102.174166985743,-461.8831337497103,predicted_speed
4697476,-0.2542,-0.4251,9.0084,0.003,-0.0378,-0.0153,52.47373,-1.397314,19.33,69.77199999999999,97.968,9.0220063295256,0.0408892406385836,-0.1687738495451611,-0.0436758230697823,0.1475,-0.1221999999999999,-0.1685999999999996,0.043,0.0366999999999999,-0.0143,0.1,52.50073,5054.748221853027,-454.12008041607686,GNSS_OUTAGE,False,1.7339581979249163,18.916262799999995,5104.040669831276,-462.19040742382424,5104.040669831276,-462.19040742382424,5104.040669831276,-462.19040742382424,predicted_speed
4697575,-0.1137,0.056,8.6066,0.0147,0.0392,0.0335,52.47373,-1.397314,19.33,69.509,98.383,8.607533168684277,0.053618839972532,-0.4144731608413234,0.0127295993339484,0.1404999999999999,0.4810999999999999,-0.4017999999999997,0.0116999999999999,0.077,0.0488,0.099,51.45923,5054.748221853027,-454.12008041607686,GNSS_OUTAGE,False,1.7361832229249163,18.912083019999994,5105.887418068312,-462.49865096489486,5105.887418068312,-462.49865096489486,5105.887418068312,-462.49865096489486,predicted_speed
4697676,-0.6337,-0.2737,10.2156,0.0135,0.0555,0.0159,52.47373,-1.397314,19.33,69.26,98.202,10.238894996043276,0.0592900497554184,1.6313618273589974,0.0056712097828864,-0.52,-0.3297,1.609,-0.0011999999999999,0.0163,-0.0176,0.101,44.35364,5054.748221853027,-454.12008041607686,GNSS_OUTAGE,False,1.7383319979249163,18.855298799999993,5107.765139368908,-462.8162129691087,5107.765139368908,-462.8162129691087,5107.765139368908,-462.8162129691087,predicted_speed
4697776,-0.1662,-0.9184,10.2236,0.0051,-0.0018,-0.0325,52.47373,-1.397314,19.33,69.318,98.41,10.266113089188137,0.0329469270190711,0.027218093144862,-0.0263431227363473,0.4675,-0.6447,0.0079999999999991,-0.0084,-0.0573,-0.0484,0.1,45.567830000000015,5054.748221853027,-454.12008041607686,GNSS_OUTAGE,False,1.7396194979249164,18.845826799999994,5109.62292928193,-463.1328650128925,5109.62292928193,-463.1328650128925,5109.62292928193,-463.1328650128925,predicted_speed
4697876,0.3903,-0.3768,9.675,0.0185,0.0237,-0.005,52.47373,-1.397314,19.33,69.98,97.732,9.690198002621,0.030478517024291,-0.5759150865671376,-0.00246840999478,0.5565,0.5416,-0.5485999999999986,0.0133999999999999,0.0255,0.0275,0.1,21.50948,5054.748221853027,-454.12008041607686,GNSS_OUTAGE,False,1.7422469979249164,18.892004799999995,5111.4844308750135,-463.4551851527826,5111.4844308750135,-463.4551851527826,5111.4844308750135,-463.4551851527826,predicted_speed
4697975,-0.5202,-0.9084,10.3332,-0.0202,-0.0299,-0.0355,52.47373,-1.397314,19.33,69.318,98.197,10.386087850581662,0.0506191663305511,0.6958898479606628,0.02014064930626,-0.9105,-0.5316,0.658199999999999,-0.0387,-0.0535999999999999,-0.0304999999999999,0.099,45.59309999999999,5054.748221853027,-454.12008041607686,GNSS_OUTAGE,False,1.7410169229249164,18.847581519999995,5113.323374227354,-463.77126995771965,5113.323374227354,-463.77126995771965,5113.323374227354,-463.77126995771965,predicted_speed
4698075,-0.275,0.5976,9.2796,-0.0132,0.0238,0.031,52.47373,-1.397314,19.33,69.257,97.67,9.302888095639975,0.0412514242178376,-1.0831997549416847,-0.0093677421127135,0.2451999999999999,1.506,-1.0535999999999994,0.0069999999999999,0.0537,0.0665,0.1,47.58971,5054.748221853027,-454.12008041607686,GNSS_OUTAGE,False,1.7404744229249165,18.827229519999996,5115.179059726959,-464.08919611351996,5115.179059726959,-464.08919611351996,5115.179059726959,-464.08919611351996,predicted_speed
4698175,-0.4917,-0.4337,9.9738,-0.0188,-0.0359,-0.0134,52.47373,-1.397314,19.33,69.095,97.809,9.99532645890068,0.0426826662709817,0.6924383632607025,0.001431242053144,-0.2167,-1.0313,0.6942000000000004,-0.0056,-0.0597,-0.0444,0.1,41.95268999999998,5054.748221853027,-454.12008041607686,GNSS_OUTAGE,False,1.7393719229249165,18.785207519999997,5117.030951979513,-464.4043711452485,5117.030951979513,-464.4043711452485,5117.030951979513,-464.4043711452485,predicted_speed
4698275,-0.8494,0.3681,9.4939,0.0438,0.022,0.0177,52.47373,-1.397314,19.33,69.509,97.931,9.53892631169777,0.0521126664065465,-0.4564001472029098,0.0094300001355647,-0.3577,0.8018,-0.4799000000000006,0.0626,0.0579,0.0311,0.1,41.527,5054.748221853027,-454.12008041607686,GNSS_OUTAGE,False,1.7445294229249164,18.707415519999998,5118.873531999649,-464.7277483611699,5118.873531999649,-464.7277483611699,5118.873531999649,-464.7277483611699,predicted_speed
4698375,0.1332,-0.4995,10.0984,0.0084,0.0435,0.0176,52.47373,-1.397314,19.33,69.458,97.655,10.111623264837352,0.047671479943463,0.572696953139582,-0.0044411864630834,0.9826,-0.8675999999999999,0.6044999999999998,-0.0354,0.0215,-9.99999999999994e-05,0.1,35.78878999999999,5054.748221853027,-454.12008041607686,GNSS_OUTAGE,False,1.7461469229249165,18.72788352,5120.717601960205,-465.0544625971015,5120.717601960205,-465.0544625971015,5120.717601960205,-465.0544625971015,predicted_speed
4698476,-0.1943,0.1939,9.1605,0.0068,0.0221,0.0231,52.47373,-1.397314,19.33,69.242,97.711,9.16461182756804,0.0326842469700618,-0.947011437269312,-0.0149872329734011,-0.3275,0.6934,-0.9378999999999992,-0.0015999999999999,-0.0213999999999999,0.0054999999999999,0.101,54.16087,5054.748221853027,-454.12008041607686,GNSS_OUTAGE,False,1.7476189979249164,18.7154787,5122.578391493911,-465.38696498609727,5122.578391493911,-465.38696498609727,5122.578391493911,-465.38696498609727,predicted_speed
4698575,-0.9664,-0.4632,10.5347,-0.0043,-0.0174,-0.0022,52.47373,-1.397314,19.33,69.66,97.966,10.58906923624546,0.0180579622327659,1.424457408677421,-0.0146262847372959,-0.7721,-0.6571,1.3742,-0.0110999999999999,-0.0395,-0.0253,0.099,55.05833999999999,5054.748221853027,-454.12008041607686,GNSS_OUTAGE,False,1.7479630229249163,18.62688162,5124.393587661564,-465.7119647995343,5124.393587661564,-465.7119647995343,5124.393587661564,-465.7119647995343,predicted_speed
4698675,-0.7642,-0.2064,9.8835,0.0339,0.0419,0.0239,52.47373,-1.397314,19.33,69.505,97.722,9.915148755818038,0.05895786631146,-0.673920480427423,0.0408999040786941,0.2022,0.2568,-0.6512000000000011,0.0382,0.0593,0.0261,0.1,37.928250000000006,5054.748221853027,-454.12008041607686,GNSS_OUTAGE,False,1.7521305229249164,18.557609619999997,5126.2189214863565,-466.04663654341505,5126.2189214863565,-466.04663654341505,5126.2189214863565,-466.04663654341505,predicted_speed
4698775,-0.854,-0.4337,10.8472,0.0008,-0.0321,-0.0114,52.47373,-1.397314,19.33,69.16,97.541,10.889405839163128,0.0340735968163033,0.9742570833450888,-0.0248842694951567,-0.0897999999999999,-0.2272999999999999,0.9637000000000012,-0.0331,-0.074,-0.0353,0.1,53.62123000000001,5054.748221853027,-454.12008041607686,GNSS_OUTAGE,False,1.7529880229249164,18.47935762,5128.036271974337,-466.38145557560347,5128.036271974337,-466.38145557560347,5128.036271974337,-466.38145557560347,predicted_speed
4698875,-0.7087,-1.6215,10.6596,0.002,-0.0162,0.014,52.47373,-1.397314,19.33,69.23899999999999,97.606,10.80548888759782,0.0215044181506963,-0.0839169515653068,-0.012569178665607,0.1452999999999999,-1.1878,-0.1876000000000015,0.0012,0.0158999999999999,0.0254,0.1,54.84363000000001,5054.748221853027,-454.12008041607686,GNSS_OUTAGE,False,1.7539655229249165,18.41563562,5129.847028706677,-466.71689023268567,5129.847028706677,-466.71689023268567,5129.847028706677,-466.71689023268567,predicted_speed
4698975,-0.4487,0.3956,9.478,-0.0107,-0.0254,-0.0009,52.47373,-1.397314,19.33,69.307,97.668,9.49685816730986,0.0275764392190144,-1.30863072028796,0.006072021068318,0.26,2.0171,-1.1815999999999995,-0.0127,-0.0092,-0.0149,0.1,40.59913000000002,5054.748221853027,-454.12008041607686,GNSS_OUTAGE,False,1.7536730229249164,18.37791362,5131.654174179102,-467.05110922038074,5131.654174179102,-467.05110922038074,5131.654174179102,-467.05110922038074,predicted_speed
4699075,-0.3432,0.0761,9.1126,0.0269,0.0715,0.0589,52.47373,-1.397314,19.33,69.44800000000001,97.86,9.119378060481976,0.0964627907537408,-0.3774801068278837,0.0688863515347264,0.1054999999999999,-0.3195,-0.3653999999999993,0.0376,0.0968999999999999,0.0598,0.1,48.19561000000002,5054.748221853027,-454.12008041607686,GNSS_OUTAGE,False,1.7571405229249164,18.35074162,5133.45747972525,-467.3910890540024,5133.45747972525,-467.3910890540024,5133.45747972525,-467.3910890540024,predicted_speed
4699175,0.4437,-0.2775,9.0485,-0.0241,-0.0169,0.0211,52.47373,-1.397314,19.33,69.142,97.52,9.063621141133384,0.0362164327343265,-0.0557569193485925,-0.0602463580194143,0.7868999999999999,-0.3536,-0.0640999999999998,-0.051,-0.0883999999999999,-0.0378,0.1,49.04002000000001,5054.748221853027,-454.12008041607686,GNSS_OUTAGE,False,1.7555080229249165,18.402259620000002,5135.266402049254,-467.7290707353677,5135.266402049254,-467.7290707353677,5135.266402049254,-467.7290707353677,predicted_speed
4699276,-0.6084,-0.7785,9.922,-0.0341,-0.039,-0.0339,52.47373,-1.397314,19.33,69.235,97.198,9.97107300193916,0.0619113882900391,0.9074518608057768,0.0256949555557126,-1.0521,-0.5009999999999999,0.8734999999999999,-0.0099999999999999,-0.0221,-0.055,0.101,41.19581,5054.748221853027,-454.12008041607686,GNSS_OUTAGE,False,1.7528491979249166,18.348030700000002,5137.088928151484,-468.064581701979,5137.088928151484,-468.064581701979,5137.088928151484,-468.064581701979,predicted_speed
4699375,1.0762,-0.7804,9.9355,0.0056,0.0109,-0.0021,52.47373,-1.397314,19.33,69.109,98.192,10.024040644869713,0.0124330205501318,0.0529676429305521,-0.0494783677399073,1.6846,-0.0019,0.0134999999999987,0.0397,0.0499,0.0318,0.099,8.71083,5054.748221853027,-454.12008041607686,GNSS_OUTAGE,False,1.7541733229249166,18.46165102,5138.885987415913,-468.39786522220163,5138.885987415913,-468.39786522220163,5138.885987415913,-468.39786522220163,predicted_speed
4699475,0.1641,-0.1114,8.5032,-0.0021,-0.032,-0.0504,52.47373,-1.397314,19.33,69.898,98.407,8.505512859904451,0.0597375091546341,-1.5185277849652614,0.0473044886045023,-0.9121,0.669,-1.4322999999999997,-0.0077,-0.0429,-0.0483,0.1,50.91558999999998,5054.748221853027,-454.12008041607686,GNSS_OUTAGE,False,1.7547408229249166,18.485209020000003,5140.703323510272,-468.73597621769693,5140.703323510272,-468.73597621769693,5140.703323510272,-468.73597621769693,predicted_speed
4699576,0.1192,-0.5213,10.6928,0.0032,0.0042,0.0022,52.47373,-1.397314,19.33,69.563,98.077,10.706163373029575,0.00572013985843,2.200650513125124,-0.0540173692962041,-0.0448999999999999,-0.4099,2.1896000000000004,0.0053,0.0362,0.0526,0.101,53.18968000000001,5054.748221853027,-454.12008041607686,GNSS_OUTAGE,False,1.7558492979249167,18.504467700000003,5142.540365219099,-469.0798606298624,5142.540365219099,-469.0798606298624,5142.540365219099,-469.0798606298624,predicted_speed
4699676,-2.0114,0.4876,10.936,-0.0153,-0.0571,-0.0296,52.47373,-1.397314,19.33,69.21,98.202,11.1301203820983,0.066110967320105,0.4239570090687241,0.060390827461675,-2.1306000000000003,1.0089,0.2431999999999998,-0.0185,-0.0613,-0.0318,0.1,46.6234,5054.748221853027,-454.12008041607686,GNSS_OUTAGE,False,1.7550967979249168,18.3104757,5144.340403423616,-469.41541638660095,5144.340403423616,-469.41541638660095,5144.340403423616,-469.41541638660095,predicted_speed
4699776,-1.1642,-0.2226,8.4592,-0.0148,0.0004,0.0036,52.47373,-1.397314,19.33,69.718,98.538,8.541836865686442,0.0152367975637927,-2.588283516411858,-0.0508741697563123,0.8472000000000002,-0.7101999999999999,-2.476800000000001,0.0004999999999999,0.0574999999999999,0.0332,0.1,54.48122999999999,5054.748221853027,-454.12008041607686,GNSS_OUTAGE,False,1.7543942979249167,18.2012037,5146.1299333633215,-469.7477125740438,5146.1299333633215,-469.7477125740438,5146.1299333633215,-469.7477125740438,predicted_speed
4699875,0.4086,0.2069,8.1657,-0.0034,0.0302,0.012,52.47373,-1.397314,19.33,69.098,99.021,8.178533979876834,0.032674148802991,-0.3633028858096079,0.0174373512391982,1.5728,0.4295,-0.2934999999999998,0.0114,0.0298,0.0084,0.099,38.79376999999999,5054.748221853027,-454.12008041607686,GNSS_OUTAGE,False,1.7548274229249168,18.24873162,5147.906051161994,-470.0783141434401,5147.906051161994,-470.0783141434401,5147.906051161994,-470.0783141434401,predicted_speed
4699975,-0.7668,0.8377,8.3046,0.0051,-0.0461,-0.0199,52.47373,-1.397314,19.33,69.145,98.838,8.381891474482357,0.0504700901524853,0.2033574946055232,0.0177959413494943,-1.1754,0.6308,0.1389000000000013,0.0085,-0.0763,-0.0319,0.1,49.68173999999999,5054.748221853027,-454.12008041607686,GNSS_OUTAGE,False,1.7561149229249169,18.179199620000002,5149.6928439641315,-470.413283500944,5149.6928439641315,-470.413283500944,5149.6928439641315,-470.413283500944,predicted_speed
4700076,-0.1662,-0.7187,12.1974,0.004,0.048,0.0832,52.47373,-1.397314,19.33,69.79,98.31,12.219685711588491,0.0961365695248171,3.837794237106136,0.0456664793723317,0.6006,-1.5564,3.8928,-0.0011,0.0941,0.1031,0.101,43.02811999999998,5054.748221853027,-454.12008041607686,GNSS_OUTAGE,False,1.7573041979249169,18.169632900000003,5151.496151581781,-470.7535693819891,5151.496151581781,-470.7535693819891,5151.496151581781,-470.7535693819891,predicted_speed
4700175,1.3295,0.0539,10.1788,0.034,-0.0484,-0.1132,52.47373,-1.397314,19.33,69.653,98.169,10.265400376994558,0.1277215721794873,-1.9542853345939355,0.0315850026546702,1.4956999999999998,0.7726,-2.0186,0.03,-0.0964,-0.1964,0.099,44.04981000000001,5054.748221853027,-454.12008041607686,GNSS_OUTAGE,False,1.761439922924917,18.308329920000002,5153.275837797285,-471.09702625700174,5153.275837797285,-471.09702625700174,5153.275837797285,-471.09702625700174,predicted_speed
4700277,-0.2081,-0.352,10.1901,-0.0148,-0.016,-0.1076,52.47349,-1.394789,19.31,69.16,99.322,10.198301212456904,0.1097852449102337,-0.0670991645376535,-0.0179363272692536,-1.5376,-0.4059,0.0112999999999985,-0.0488,0.0324,0.0055999999999999,0.102,48.153939999999984,5225.75469674689,-480.8068628108995,GNSS_OUTAGE,False,1.760723372924917,18.294394680000003,5155.108311154098,-471.4493086065963,5155.108311154098,-471.4493086065963,5155.108311154098,-471.4493086065963,predicted_speed
4700376,0.4807,0.3877,10.88,-0.0017,0.1095,0.1183,52.47349,-1.394789,19.31,69.548,98.097,10.89751273364707,0.1612080332985921,0.6992115211901648,0.0514227883883584,0.6888000000000001,0.7397,0.6899000000000015,0.0131,0.1255,0.2259,0.099,45.96168,5225.75469674689,-480.8068628108995,GNSS_OUTAGE,False,1.761324797924917,18.349060500000004,5156.891996257879,-471.79332422637225,5156.891996257879,-471.79332422637225,5156.891996257879,-471.79332422637225,predicted_speed
4700475,0.5207,-0.351,10.8439,-0.0023,-0.0057,0.1097,52.47349,-1.394789,19.31,69.581,98.529,10.862066870536196,0.109872061962994,-0.0354458631108727,-0.0513359713355981,0.04,-0.7386999999999999,-0.0361000000000011,-0.0006,-0.1152,-0.0085999999999999,0.099,38.96713999999998,5225.75469674689,-480.8068628108995,GNSS_OUTAGE,False,1.7618668229249168,18.407686320000003,5158.68119296747,-472.13940882690923,5158.68119296747,-472.13940882690923,5158.68119296747,-472.13940882690923,predicted_speed
4700575,-1.2274,-1.4279,11.3519,0.0485,-0.0226,-0.0041,52.47349,-1.394789,19.31,69.26,99.065,11.506999729729726,0.053663954382807,0.6449328591935295,-0.0562081075801869,-1.7481,-1.0769,0.5080000000000009,0.0508,-0.0169,-0.1138,0.1,52.08415000000003,5225.75469674689,-480.8068628108995,GNSS_OUTAGE,False,1.7674943229249167,18.292094320000004,5160.475130194115,-472.4968950126234,5160.475130194115,-472.4968950126234,5160.475130194115,-472.4968950126234,predicted_speed
4700676,-0.2098,-0.9067,9.9703,0.0395,0.0357,-0.0214,52.47349,-1.394789,19.31,69.563,98.265,10.013640847364158,0.0573820529434073,-1.493358882365568,0.0037180985606002,1.0176,0.5212,-1.3816000000000006,-0.009,0.0583,-0.0173,0.101,36.386,5225.75469674689,-480.8068628108995,GNSS_OUTAGE,False,1.7722690979249167,18.278124000000005,5162.283879698476,-472.8663208553544,5162.283879698476,-472.8663208553544,5162.283879698476,-472.8663208553544,predicted_speed
4700776,-0.4447,-0.4594,9.0364,-0.0182,0.0024,-0.0912,52.47349,-1.394789,19.31,69.329,98.131,9.05899174356617,0.0930292427143207,-0.9546491037979888,0.0356471897709134,-0.2349,0.4473,-0.9338999999999996,-0.0577,-0.0333,-0.0698,0.1,48.985490000000006,5225.75469674689,-480.8068628108995,GNSS_OUTAGE,False,1.7712265979249167,18.240802000000006,5164.071443646884,-473.22947881875757,5164.071443646884,-473.22947881875757,5164.071443646884,-473.22947881875757,predicted_speed
4700876,0.3734,0.6367,9.8077,-0.0311,0.0291,-0.0182,52.47349,-1.394789,19.31,69.458,98.151,9.835435615162147,0.0463169515404457,0.776443871595978,-0.046712291173875,0.8181,1.0961,0.7713000000000001,-0.0128999999999999,0.0267,0.073,0.1,36.431050000000006,5225.75469674689,-480.8068628108995,GNSS_OUTAGE,False,1.7688940979249166,18.285290000000007,5165.8642115913735,-473.58934184971986,5165.8642115913735,-473.58934184971986,5165.8642115913735,-473.58934184971986,predicted_speed
4700975,-0.1758,-0.1763,9.7652,0.0188,0.0245,0.0326,52.47349,-1.394789,19.31,69.584,98.174,9.768373373801802,0.0449048995099643,-0.067062241360345,-0.0014120520304813,-0.5492,-0.8130000000000001,-0.0425000000000004,0.0499,-0.0046,0.0508,0.099,47.23179999999999,5225.75469674689,-480.8068628108995,GNSS_OUTAGE,False,1.7715250229249166,18.274962320000007,5167.637106498768,-473.95007062594414,5167.637106498768,-473.95007062594414,5167.637106498768,-473.95007062594414,predicted_speed
4701076,-0.7427,0.0937,10.0471,0.0267,-0.0099,0.0187,52.47349,-1.394789,19.31,69.46600000000001,98.825,10.07494920036821,0.0340674331290163,0.3065758265664069,-0.010837466380948,-0.5669,0.27,0.2819000000000002,0.0079,-0.0344,-0.0138999999999999,0.101,35.23488999999999,5225.75469674689,-480.8068628108995,GNSS_OUTAGE,False,1.7750069979249166,18.20716910000001,5169.437820238173,-474.3229939389866,5169.437820238173,-474.3229939389866,5169.437820238173,-474.3229939389866,predicted_speed
4701175,-1.123,-0.8933,10.5532,0.0035,0.0424,0.0291,52.47349,-1.394789,19.31,69.39,98.065,10.650311926417931,0.0515443498358452,0.5753627260497218,0.0174769167068289,-0.3802999999999999,-0.987,0.5061,-0.0232,0.0523,0.0104,0.099,49.397329999999975,5225.75469674689,-480.8068628108995,GNSS_OUTAGE,False,1.7761232229249166,18.10306862000001,5171.192377692059,-474.6884013527308,5171.192377692059,-474.6884013527308,5171.192377692059,-474.6884013527308,predicted_speed
4701276,-0.1362,-0.8542,9.1694,-0.0551,-0.0295,-0.0064,52.47349,-1.394789,19.31,69.84,98.321,9.2101088180325,0.0628269050646297,-1.4402031083854323,0.0112825552287844,0.9868,0.0391,-1.3838000000000008,-0.0586,-0.0718999999999999,-0.0355,0.101,48.13045,5225.75469674689,-480.8068628108995,GNSS_OUTAGE,False,1.7713433979249167,18.09653190000001,5172.98349518783,-475.0524990899499,5172.98349518783,-475.0524990899499,5172.98349518783,-475.0524990899499,predicted_speed
4701375,0.0398,0.613,9.4779,-0.0382,-0.0116,0.021,52.47349,-1.394789,19.31,69.505,97.921,9.497786134147264,0.0451087574645988,0.287677316114765,-0.0177181476000309,0.176,1.4672,0.3085000000000004,0.0169,0.0179,0.0274,0.099,41.4913,5225.75469674689,-480.8068628108995,GNSS_OUTAGE,False,1.7683313229249167,18.10754862000001,5174.741281463368,-475.4043112553146,5174.741281463368,-475.4043112553146,5174.741281463368,-475.4043112553146,predicted_speed
4701475,-0.8876,0.1432,9.965,0.0227,0.0004,0.0377,52.47349,-1.394789,19.31,69.39,98.402,10.00547675026033,0.0440084082875079,0.5076906161130665,-0.0011003491770908,-0.9274,-0.4698,0.4870999999999998,0.0608999999999999,0.0119999999999999,0.0166999999999999,0.1,37.18796999999999,5225.75469674689,-480.8068628108995,GNSS_OUTAGE,False,1.7713788229249168,18.02593662000001,5176.50773436166,-475.76346034468844,5176.50773436166,-475.76346034468844,5176.50773436166,-475.76346034468844,predicted_speed
4701575,-0.4194,-0.5551,10.4332,-0.0112,-0.0572,-0.0166,52.47349,-1.394789,19.31,69.642,98.544,10.456371005755294,0.060603960266636,0.4508942554949637,0.016595551979128,0.4681999999999999,-0.6983,0.4681999999999995,-0.0339,-0.0576,-0.0543,0.1,42.944490000000016,5225.75469674689,-480.8068628108995,GNSS_OUTAGE,False,1.7710363229249169,17.99114462000001,5178.270900483253,-476.1213123742252,5178.270900483253,-476.1213123742252,5178.270900483253,-476.1213123742252,predicted_speed
4701675,-0.6965,-1.0924,9.8653,-0.0256,-0.0013,0.0138,52.47349,-1.394789,19.31,69.304,98.553,9.950004728642092,0.0291116815041659,-0.5063662771132016,-0.03149227876247,-0.2771,-0.5373,-0.5678999999999998,-0.0144,0.0559,0.0304,0.1,38.10874999999999,5225.75469674689,-480.8068628108995,GNSS_OUTAGE,False,1.7692538229249168,17.928642620000012,5180.028574154493,-476.4747887205145,5180.028574154493,-476.4747887205145,5180.028574154493,-476.4747887205145,predicted_speed
4701775,0.1781,-0.0458,9.5817,0.0302,0.0533,-0.0317,52.47349,-1.394789,19.31,69.595,98.406,9.583464516551413,0.0689769526726137,-0.3665402120906798,0.0398652711684477,0.8746,1.0466,-0.2835999999999998,0.0558,0.0546,-0.0455,0.1,38.447,5225.75469674689,-480.8068628108995,GNSS_OUTAGE,False,1.7730513229249167,17.953600620000014,5181.78733775467,-476.8354386212724,5181.78733775467,-476.8354386212724,5181.78733775467,-476.8354386212724,predicted_speed
4701875,-0.1152,0.0091,8.6375,-0.0112,0.0179,-0.0526,52.47349,-1.394789,19.31,69.682,97.879,8.638272981331395,0.0566798906138676,-0.9451915352200172,-0.0122970620587461,-0.2933,0.0549,-0.9442000000000004,-0.0414,-0.0354,-0.0209,0.1,58.34375000000004,5225.75469674689,-480.8068628108995,GNSS_OUTAGE,False,1.7727088229249168,17.949228620000014,5183.545796456071,-477.19539844680753,5183.545796456071,-477.19539844680753,5183.545796456071,-477.19539844680753,predicted_speed
4701975,-0.8711,-0.0211,9.8404,0.0086,0.0375,-0.0115,52.47349,-1.394789,19.31,69.41199999999999,98.547,9.878903409792,0.0401554479491886,1.2406304284606051,-0.0165244426646789,-0.7559,-0.0302,1.2029000000000014,0.0197999999999999,0.0196,0.0411,0.1,39.69812,5225.75469674689,-480.8068628108995,GNSS_OUTAGE,False,1.7743463229249168,17.869266620000015,5185.295832246473,-477.5566208543065,5185.295832246473,-477.5566208543065,5185.295832246473,-477.5566208543065,predicted_speed
4702075,-0.0125,-0.6884,10.1506,0.0113,-0.0469,-0.0537,52.47349,-1.394789,19.31,69.232,98.99,10.173924079233146,0.0721871872287596,0.2950206694411452,0.0320317392795709,0.8586,-0.6673,0.3102,0.0026999999999999,-0.0844,-0.0422,0.1,45.77046,5225.75469674689,-480.8068628108995,GNSS_OUTAGE,False,1.7762538229249167,17.875164620000014,5187.0457532169285,-477.92130112396705,5187.0457532169285,-477.92130112396705,5187.0457532169285,-477.92130112396705,predicted_speed
4702175,0.308,-0.25,9.0883,-0.038,-0.0409,-0.0345,52.47349,-1.394789,19.31,69.214,99.171,9.096953385062497,0.065628195160312,-1.0769706941706492,-0.0065589920684476,0.3205,0.4384,-1.0623000000000005,-0.0493,0.0059999999999999,0.0191999999999999,0.1,51.25527999999998,5225.75469674689,-480.8068628108995,GNSS_OUTAGE,False,1.7732313229249168,17.913112620000014,5188.800485748477,-478.28145356404394,5188.800485748477,-478.28145356404394,5188.800485748477,-478.28145356404394,predicted_speed
4702275,0.555,-0.091,8.7291,-0.0016,-0.0314,-0.0225,52.47349,-1.394789,19.31,69.556,98.702,8.747199140867894,0.0386622554955087,-0.3497542441946031,-0.0269659396648032,0.247,0.159,-0.3591999999999995,0.0364,0.0095,0.012,0.1,46.94118000000001,5225.75469674689,-480.8068628108995,GNSS_OUTAGE,False,1.7738488229249167,17.975760620000013,5190.561131644651,-478.64395284260735,5190.561131644651,-478.64395284260735,5190.561131644651,-478.64395284260735,predicted_speed
4702381,-0.577,0.1858,9.7443,-0.0516,-0.0297,0.0342,52.47349,-1.394789,19.31,69.415,98.225,9.76313643917773,0.0686606874419416,1.0159372983098365,0.0299984319464328,-1.132,0.2768,1.0152,-0.05,0.0016999999999999,0.0567,0.106,33.39785,5225.75469674689,-480.8068628108995,GNSS_OUTAGE,False,1.7692033729249168,17.922175500000012,5192.42361257049,-479.0184086537301,5192.42361257049,-479.0184086537301,5192.42361257049,-479.0184086537301,predicted_speed
4702475,-0.0806,0.7636,9.1702,0.0188,0.0234,0.0568,52.47349,-1.394789,19.31,69.433,98.272,9.202290440971746,0.0642435989029257,-0.5608459982059841,-0.0044170885390158,0.4963999999999999,0.5778,-0.5741000000000014,0.0704,0.0531,0.0226,0.094,51.244040000000005,5225.75469674689,-480.8068628108995,GNSS_OUTAGE,False,1.7717014229249168,17.92131822000001,5194.074332969204,-479.354581983854,5194.074332969204,-479.354581983854,5194.074332969204,-479.354581983854,predicted_speed
4702575,0.005,0.2919,8.9141,0.0262,0.0296,0.0564,52.47349,-1.394789,19.31,69.473,98.628,8.918879381402126,0.0688735072433515,-0.2834110595696195,0.0046299083404258,0.0856,-0.4716999999999999,-0.2561,0.0074,0.0062,-0.0004,0.1,53.61542000000002,5225.75469674689,-480.8068628108995,GNSS_OUTAGE,False,1.7750989229249168,17.92896622000001,5195.829942209071,-479.7183325770777,5195.829942209071,-479.7183325770777,5195.829942209071,-479.7183325770777,predicted_speed
4702675,0.0807,-0.5288,9.8659,0.0302,0.0312,0.0321,52.47349,-1.394789,19.31,69.545,98.523,9.88039092040391,0.0539989814718759,0.9615115390017834,-0.0148745257714756,0.0756999999999999,-0.8207,0.9518000000000004,0.004,0.0015999999999999,-0.0243,0.1,41.495740000000005,5225.75469674689,-480.8068628108995,GNSS_OUTAGE,False,1.7788964229249167,17.94418422000001,5197.585646418044,-480.0890618634939,5197.585646418044,-480.0890618634939,5197.585646418044,-480.0890618634939,predicted_speed
4702775,0.0084,-0.2668,9.2251,0.0037,-0.0056,-0.0161,52.47349,-1.394789,19.31,69.138,98.569,9.228961090502006,0.0174430501919819,-0.6514298299019039,-0.036555931279894,-0.0722999999999999,0.262,-0.6408000000000005,-0.0265,-0.0368,-0.0481999999999999,0.1,41.452340000000014,5225.75469674689,-480.8068628108995,GNSS_OUTAGE,False,1.7800439229249168,17.952172220000012,5199.3417054354995,-480.46197150587227,5199.3417054354995,-480.46197150587227,5199.3417054354995,-480.46197150587227,predicted_speed
4702875,-0.1515,-0.4274,9.25,-0.0072,-0.005,-0.0064,52.47349,-1.394789,19.31,69.487,98.597,9.261108087588656,0.0108535708409721,0.0321469970866488,-0.0065894793510097,-0.1599,-0.1606,0.0249000000000005,-0.0109,0.0005999999999999,0.0097,0.1,43.8779,5225.75469674689,-480.8068628108995,GNSS_OUTAGE,False,1.7801014229249168,17.94417022000001,5201.096960271682,-480.8348158553019,5201.096960271682,-480.8348158553019,5201.096960271682,-480.8348158553019,predicted_speed
4702975,-0.1678,-0.5566,9.0889,-0.0128,0.046,0.0528,52.47349,-1.394789,19.31,69.332,98.326,9.107472954118505,0.0711876393765097,-0.1536351334701517,0.0603340685355376,-0.0163,-0.1291999999999999,-0.1610999999999993,-0.0056,0.051,0.0592,0.1,48.893570000000025,5225.75469674689,-480.8068628108995,GNSS_OUTAGE,False,1.7795989229249167,17.93453822000001,5202.851459961409,-481.20657848171044,5202.851459961409,-481.20657848171044,5202.851459961409,-481.20657848171044,predicted_speed
4703075,0.5197,0.0541,10.342,-0.0151,-0.0578,-0.0344,52.47349,-1.394789,19.31,69.667,97.484,10.355190915671232,0.0689362749211182,1.2477179615527303,-0.0022513644553914,0.6875,0.6107,1.2531,-0.0023,-0.1038,-0.0872,0.1,46.88351999999999,5225.75469674689,-480.8068628108995,GNSS_OUTAGE,False,1.7788664229249167,17.993656220000013,5204.6120157872965,-481.5782770498673,5204.6120157872965,-481.5782770498673,5204.6120157872965,-481.5782770498673,predicted_speed
4703175,-0.8547,-1.0328,10.156,0.0071,-0.0503,-0.0337,52.47349,-1.394789,19.31,69.437,97.944,10.244097028533067,0.0609605610210404,-0.1110938871381659,-0.0079757139000777,-1.3744,-1.0869,-0.1859999999999999,0.0222,0.0075,0.0006999999999999,0.1,50.00624000000002,5225.75469674689,-480.8068628108995,GNSS_OUTAGE,False,1.7803539229249168,17.915334220000013,5206.364355908722,-481.95096472203386,5206.364355908722,-481.95096472203386,5206.364355908722,-481.95096472203386,predicted_speed
4703275,-0.7667,-0.7829,10.9227,0.0375,0.0357,0.027,52.47349,-1.394789,19.31,69.419,98.013,10.977528710506752,0.0583929790300169,0.7334316819736841,-0.0025675819910235,0.0879999999999999,0.2498999999999999,0.7667000000000002,0.0303999999999999,0.086,0.0607,0.1,52.72948000000002,5225.75469674689,-480.8068628108995,GNSS_OUTAGE,False,1.7848814229249168,17.845812220000013,5208.1081972430875,-482.33010524805815,5208.1081972430875,-482.33010524805815,5208.1081972430875,-482.33010524805815,predicted_speed
4703375,-0.3471,0.232,9.2672,0.0131,0.0491,0.0036,52.47349,-1.394789,19.31,69.314,98.369,9.276599498199758,0.050944872165901,-1.7009292123069937,-0.0074481068641159,0.4196,1.0149,-1.6555,-0.0243999999999999,0.0133999999999999,-0.0234,0.1,50.283950000000026,5225.75469674689,-480.8068628108995,GNSS_OUTAGE,False,1.7869689229249168,17.818250220000014,5209.848551271683,-482.7122940288662,5209.848551271683,-482.7122940288662,5209.848551271683,-482.7122940288662,predicted_speed
4703476,-0.4087,0.0853,9.3395,-0.0271,0.0306,0.019,52.47349,-1.394789,19.31,69.07300000000001,99.587,9.348827307742932,0.0450751594561794,0.0722278095431754,-0.0058697127097216,-0.0615999999999999,-0.1467,0.0722999999999984,-0.0402,-0.0185,0.0154,0.101,47.1101,5225.75469674689,-480.8068628108995,GNSS_OUTAGE,False,1.785017097924917,17.784191000000014,5211.6036975658535,-483.09414183710993,5211.6036975658535,-483.09414183710993,5211.6036975658535,-483.09414183710993,predicted_speed
4703576,-0.2244,0.4114,9.6643,-0.0132,0.0401,0.0265,52.47349,-1.394789,19.31,69.08800000000001,98.647,9.675655006768276,0.0498447590023264,0.3268276990253422,0.004769599546147,0.1843,0.3261,0.3248000000000015,0.0139,0.0094999999999999,0.0075,0.1,43.7557,5225.75469674689,-480.8068628108995,GNSS_OUTAGE,False,1.784474597924917,17.768899000000015,5213.340176597424,-483.4709419029773,5213.340176597424,-483.4709419029773,5213.340176597424,-483.4709419029773,predicted_speed
4703675,-0.0968,0.1829,10.0828,0.0233,0.0717,0.061,52.47349,-1.394789,19.31,69.001,98.636,10.084923325935604,0.0969782449830888,0.4092683191673281,0.0471334859807624,0.1276,-0.2284999999999999,0.4184999999999998,0.0365,0.0316,0.0345,0.099,50.77393,5225.75469674689,-480.8068628108995,GNSS_OUTAGE,False,1.787551022924917,17.766392320000016,5215.057892745663,-483.8492075506942,5215.057892745663,-483.8492075506942,5215.057892745663,-483.8492075506942,predicted_speed
4703776,-0.3367,-1.2527,10.9461,0.0016,-0.0276,-0.0509,52.47349,-1.394789,19.31,69.016,97.078,11.02269156739859,0.0579234840112367,0.9377682414629868,-0.0390547609718521,-0.2399,-1.4356,0.8632999999999988,-0.0217,-0.0993,-0.1119,0.101,55.190320000000014,5225.75469674689,-480.8068628108995,GNSS_OUTAGE,False,1.7884978979249169,17.739605100000016,5216.8073023890365,-484.2361897235664,5216.8073023890365,-484.2361897235664,5216.8073023890365,-484.2361897235664,predicted_speed
4703875,-0.4697,-0.984,10.42,-0.0337,-0.0737,-0.0843,52.47349,-1.394789,19.31,69.282,98.569,10.476892387058292,0.1169353240043401,-0.545799180340298,0.0590118399931033,-0.133,0.2686999999999999,-0.5260999999999996,-0.0353,-0.0461,-0.0334,0.099,43.93219000000001,5225.75469674689,-480.8068628108995,GNSS_OUTAGE,False,1.785931322924917,17.700181320000016,5218.519225177752,-484.61027335826856,5218.519225177752,-484.61027335826856,5218.519225177752,-484.61027335826856,predicted_speed
4703975,0.0558,-0.7126,10.8309,-0.0226,0.0081,-0.004,52.47349,-1.394789,19.31,69.167,99.376,10.85446024498685,0.0243386523866873,0.3775678579285575,-0.0925966716176528,0.5255,0.2714,0.4108999999999998,0.0111,0.0818,0.0803,0.1,53.587770000000006,5225.75469674689,-480.8068628108995,GNSS_OUTAGE,False,1.784448822924917,17.712909320000016,5220.2502422565385,-484.9858415128485,5220.2502422565385,-484.9858415128485,5220.2502422565385,-484.9858415128485,predicted_speed
4704075,0.3008,1.1528,9.5259,0.0058,0.051,0.0602,52.47349,-1.394789,19.31,69.24600000000001,98.619,9.600114545670795,0.0791118195973269,-1.2543456993160549,0.0547731672106396,0.245,1.8654,-1.3049999999999995,0.0283999999999999,0.0428999999999999,0.0642,0.1,46.46365,5225.75469674689,-480.8068628108995,GNSS_OUTAGE,False,1.7858063229249168,17.750137320000015,5221.984384986528,-485.3645534625044,5221.984384986528,-485.3645534625044,5221.984384986528,-485.3645534625044,predicted_speed
4704175,-0.4824,0.1294,9.5086,-0.0287,0.0155,0.0854,52.47349,-1.394789,19.31,69.476,98.473,9.52170825429975,0.0914171756290906,-0.0784062913710457,0.0123053560317637,-0.7832,-1.0234,-0.0173000000000005,-0.0345,-0.0355,0.0252,0.1,36.487420000000014,5225.75469674689,-480.8068628108995,GNSS_OUTAGE,False,1.7837138229249168,17.709045320000016,5223.715299965778,-485.73876756708506,5223.715299965778,-485.73876756708506,5223.715299965778,-485.73876756708506,predicted_speed
4704276,0.1986,-0.5162,10.7721,-0.0074,-0.0374,-0.0077,52.47349,-1.394789,19.31,69.001,98.651,10.78628957566039,0.0388948582720132,1.264581321360641,-0.0525223173570773,0.681,-0.6456,1.2635000000000003,0.0213,-0.0529,-0.0931,0.101,49.06764999999999,5225.75469674689,-480.8068628108995,GNSS_OUTAGE,False,1.7837516979249168,17.736323400000014,5225.466202628724,-486.11737231230086,5225.466202628724,-486.11737231230086,5225.466202628724,-486.11737231230086,predicted_speed
4704375,-0.243,-0.5095,9.1984,-0.0144,-0.0204,-0.0043,52.47349,-1.394789,19.31,69.02600000000001,98.792,9.215704086503646,0.0253379162521309,-1.5705854891567448,-0.0135569420198823,-0.4416,0.0067,-1.5737000000000003,-0.0069999999999999,0.017,0.0034,0.099,50.65218999999998,5225.75469674689,-480.8068628108995,GNSS_OUTAGE,False,1.7830958229249168,17.719342920000013,5227.1810336570325,-486.48700000596926,5227.1810336570325,-486.48700000596926,5227.1810336570325,-486.48700000596926,predicted_speed
4704476,-1.5298,-1.5139,9.9982,-0.0187,0.0377,0.0556,52.47349,-1.394789,19.31,69.376,98.858,10.22722760527016,0.069730481139886,1.0115235187665146,0.0443925648877551,-1.2868,-1.0044,0.7998000000000012,-0.0043,0.0581,0.0598999999999999,0.101,33.817,5225.75469674689,-480.8068628108995,GNSS_OUTAGE,False,1.7819923979249168,17.572052600000013,5228.916376983698,-486.8590457664835,5228.916376983698,-486.8590457664835,5228.916376983698,-486.8590457664835,predicted_speed
4704575,0.0072,-1.2742,10.4082,-0.0298,-0.1219,-0.0738,52.47349,-1.394789,19.31,69.39,98.579,10.485907911096684,0.1455819013476606,0.2586803058265232,0.0758514202077746,1.537,0.2397,0.4100000000000001,-0.0110999999999999,-0.1596,-0.1294,0.099,42.28130000000001,5225.75469674689,-480.8068628108995,GNSS_OUTAGE,False,1.7798119229249167,17.579841920000014,5230.618902563565,-487.22017448547007,5230.618902563565,-487.22017448547007,5230.618902563565,-487.22017448547007,predicted_speed
4704676,0.4884,0.7172,9.7387,0.0365,0.0636,0.0195,52.47349,-1.394789,19.31,69.275,98.457,9.777279176233028,0.0758779282795728,-0.7086287348636553,-0.0697039730680878,0.4812,1.9914,-0.6695000000000011,0.0663,0.1855,0.0933,0.101,39.593970000000006,5225.75469674689,-480.8068628108995,GNSS_OUTAGE,False,1.7842836979249168,17.636389800000014,5232.359739405456,-487.5975721974032,5232.359739405456,-487.5975721974032,5232.359739405456,-487.5975721974032,predicted_speed
4704775,0.5035,-0.8837,10.1615,-0.0391,-0.0386,-0.0473,52.47349,-1.394789,19.31,69.22399999999999,98.267,10.212273017795791,0.0724986896433308,0.4349938415627647,-0.003379238636242,0.0150999999999999,-1.6009,0.4228000000000005,-0.0756,-0.1022,-0.0668,0.099,41.38214,5225.75469674689,-480.8068628108995,GNSS_OUTAGE,False,1.7811825229249167,17.693312820000013,5234.0727543448875,-487.9633800600286,5234.0727543448875,-487.9633800600286,5234.0727543448875,-487.9633800600286,predicted_speed
4704875,-0.7633,-0.3145,9.8896,-0.0111,0.01,0.0348,52.47349,-1.394789,19.31,69.24600000000001,98.611,9.923997445586128,0.0378714932369981,-0.288275572209665,-0.0346271964063326,-1.2668,0.5692,-0.2719000000000005,0.028,0.0486,0.0821,0.1,41.27099999999999,5225.75469674689,-480.8068628108995,GNSS_OUTAGE,False,1.7808500229249167,17.624130820000012,5235.79642909356,-488.33086506978293,5235.79642909356,-488.33086506978293,5235.79642909356,-488.33086506978293,predicted_speed
4704976,-0.9357,-0.768,10.12,0.0446,0.0082,-0.036,52.47349,-1.394789,19.31,69.38600000000001,98.693,10.192141997146624,0.0578999136441497,0.2681445515604963,0.0200284204071515,-0.1724,-0.4535,0.2303999999999995,0.0557,-0.0017999999999999,-0.0708,0.101,40.412600000000026,5225.75469674689,-480.8068628108995,GNSS_OUTAGE,False,1.7861398979249168,17.536844600000013,5237.526740564389,-488.7093450874646,5237.526740564389,-488.7093450874646,5237.526740564389,-488.7093450874646,predicted_speed
4705075,0.4387,0.6764,9.1031,0.0326,0.0075,-0.0441,52.47349,-1.394789,19.31,69.39699999999999,98.984,9.138730998338882,0.0553517840724217,-1.0534109988077418,-0.002548129571728,1.3744,1.4444,-1.0168999999999997,-0.012,-0.0007,-0.0081,0.099,42.20595000000001,5225.75469674689,-480.8068628108995,GNSS_OUTAGE,False,1.7901370229249167,17.587352420000013,5239.22617249514,-489.08819477550765,5239.22617249514,-489.08819477550765,5239.22617249514,-489.08819477550765,predicted_speed
4705176,0.3849,0.5801,9.0664,-0.0461,-0.0202,0.0245,52.47349,-1.394789,19.31,69.433,98.834,9.0930892979229,0.0559776741210279,-0.045641700415981,0.0006258900486062,-0.0537999999999999,-0.0963,-0.0366999999999997,-0.0786999999999999,-0.0277,0.0686,0.101,44.42732000000001,5225.75469674689,-480.8068628108995,GNSS_OUTAGE,False,1.7862661979249168,17.633446800000012,5240.965967355983,-489.46897940010217,5240.965967355983,-489.46897940010217,5240.965967355983,-489.46897940010217,predicted_speed
4705275,-0.0163,0.1515,8.4597,0.01,0.0467,0.0299,52.47349,-1.394789,19.31,69.289,98.807,8.461072156056819,0.0563462509844266,-0.6320171418660827,0.0003685768633987,-0.4012,-0.4286,-0.6067,0.0561,0.0669,0.0053999999999999,0.099,52.71021000000002,5225.75469674689,-480.8068628108995,GNSS_OUTAGE,False,1.788025922924917,17.638909620000014,5242.671179494987,-489.84534065134255,5242.671179494987,-489.84534065134255,5242.671179494987,-489.84534065134255,predicted_speed
4705375,-0.2532,-0.1825,9.1149,0.0272,0.0506,-0.0205,52.47349,-1.394789,19.31,69.304,98.737,9.120242239107467,0.0609954916366775,0.6591700830506486,0.0046492406522509,-0.2368999999999999,-0.3339999999999999,0.6552000000000007,0.0172,0.0039,-0.0504,0.1,48.44770000000001,5225.75469674689,-480.8068628108995,GNSS_OUTAGE,False,1.7915234229249168,17.620737620000014,5244.390502735188,-490.2311275594053,5244.390502735188,-490.2311275594053,5244.390502735188,-490.2311275594053,predicted_speed
4705476,-0.0156,-1.3672,10.2173,-0.0138,-0.0054,-0.0618,52.47349,-1.394789,19.31,69.296,98.677,10.308380012882722,0.0635518685799245,1.1881377737752548,0.0025563769432469,0.2375999999999999,-1.1847,1.1023999999999994,-0.0409999999999999,-0.056,-0.0413,0.101,43.71251000000001,5225.75469674689,-480.8068628108995,GNSS_OUTAGE,False,1.7909148979249168,17.626381500000015,5246.127812272751,-490.61984001458586,5246.127812272751,-490.61984001458586,5246.127812272751,-490.61984001458586,predicted_speed
4705576,0.4081,-0.2921,9.3259,-0.0179,-0.0335,-0.0645,52.47349,-1.394789,19.31,69.343,98.673,9.339393921984446,0.0748525884655968,-0.9689860908982766,0.0113007198856723,0.4237,1.0751,-0.8913999999999991,-0.0040999999999999,-0.0281,-0.0027,0.1,46.13119,5225.75469674689,-480.8068628108995,GNSS_OUTAGE,False,1.7899023979249167,17.674339500000016,5247.852990661331,-491.00400442624726,5247.852990661331,-491.00400442624726,5247.852990661331,-491.00400442624726,predicted_speed
4705675,0.7919,0.508,9.4049,-0.0125,-0.0676,-0.095,52.47349,-1.394789,19.31,69.469,98.733,9.451841810991125,0.1172647005709731,0.1124478890066793,0.0424121121053763,0.3838,0.8001,0.0789999999999988,0.0053999999999999,-0.0340999999999999,-0.0305,0.099,34.95213999999999,5225.75469674689,-480.8068628108995,GNSS_OUTAGE,False,1.7894346229249167,17.759814120000016,5249.569355523486,-491.38536363645767,5249.569355523486,-491.38536363645767,5249.569355523486,-491.38536363645767,predicted_speed
4705775,-0.5455,0.3427,9.5823,0.034,0.0545,0.065,52.47349,-1.394789,19.31,69.39399999999999,98.62,9.603930800979358,0.0913851738522174,0.1520889899882327,-0.0258795267187557,-1.3374,-0.1653,0.1774000000000004,0.0465,0.1220999999999999,0.16,0.1,44.167700000000025,5225.75469674689,-480.8068628108995,GNSS_OUTAGE,False,1.7936121229249167,17.712412120000014,5251.296810043046,-491.77676664352,5251.296810043046,-491.77676664352,5251.296810043046,-491.77676664352,predicted_speed
4705875,-0.2954,0.2991,9.4826,0.0133,0.0034,0.0475,52.47349,-1.394789,19.31,69.34,98.748,9.491913649522946,0.0494439076125663,-0.1120171514564116,-0.041941266239651,0.2501,-0.0436,-0.0997000000000003,-0.0207,-0.0511,-0.0175,0.1,39.62398,5225.75469674689,-480.8068628108995,GNSS_OUTAGE,False,1.7957196229249166,17.690020120000014,5253.02125304781,-492.1713099767298,5253.02125304781,-492.1713099767298,5253.02125304781,-492.1713099767298,predicted_speed
4705976,-0.2308,-0.0676,9.6114,-0.0332,-0.0264,0.0086,52.47349,-1.394789,19.31,69.415,98.973,9.614408372853736,0.0432800184842844,0.1224947233307887,-0.0061638891282819,0.0645999999999999,-0.3666999999999999,0.1288,-0.0465,-0.0298,-0.0389,0.101,39.84927000000002,5225.75469674689,-480.8068628108995,GNSS_OUTAGE,False,1.7931516979249167,17.673928800000013,5254.762372816705,-492.5649665049921,5254.762372816705,-492.5649665049921,5254.762372816705,-492.5649665049921,predicted_speed
4706075,-0.7885,-0.9604,10.0858,-0.0379,-0.0199,-0.0199,52.47349,-1.394789,19.31,69.494,98.922,10.162059931431228,0.0472062495862571,0.5476515585774919,0.0039262311019727,-0.5577,-0.8928,0.474400000000001,-0.0047,0.0064999999999999,-0.0285,0.099,48.53991,5225.75469674689,-480.8068628108995,GNSS_OUTAGE,False,1.7901693229249167,17.602943820000014,5256.463299065776,-492.9442069879677,5256.463299065776,-492.9442069879677,5256.463299065776,-492.9442069879677,predicted_speed
4706175,0.5221,0.5633,9.7813,-0.0306,-0.0822,-0.0628,52.47349,-1.394789,19.31,69.494,99.033,9.811407900500315,0.1078751129779246,-0.3506520309309113,0.0606688633916675,1.3106,1.5237,-0.3045000000000009,0.0073,-0.0622999999999999,-0.0428999999999999,0.1,50.86272000000002,5225.75469674689,-480.8068628108995,GNSS_OUTAGE,False,1.7878868229249167,17.662301820000014,5258.188072748244,-493.32463411643283,5258.188072748244,-493.32463411643283,5258.188072748244,-493.32463411643283,predicted_speed
4706276,-0.2549,-0.6576,11.403,0.0139,-0.0176,0.0136,52.47349,-1.394789,19.31,69.516,99.124,11.424789747299512,0.0262284197007749,1.6133818467991965,-0.0816466932771496,-0.777,-1.2209,1.6217000000000006,0.0445,0.0645999999999999,0.0764,0.101,57.20900999999999,5225.75469674689,-480.8068628108995,GNSS_OUTAGE,False,1.7900759979249168,17.643776400000014,5259.927422580553,-493.71227117523233,5259.927422580553,-493.71227117523233,5259.927422580553,-493.71227117523233,predicted_speed
4706375,-0.5518,-0.1238,10.8522,0.0083,-0.0133,0.0509,52.47349,-1.394789,19.31,69.329,99.025,10.866924795911675,0.0532596470134754,-0.5578649513878364,0.0270312273127004,-0.2968999999999999,0.5337999999999999,-0.5508000000000006,-0.0055999999999999,0.0043,0.0373,0.099,53.152180000000016,5225.75469674689,-480.8068628108995,GNSS_OUTAGE,False,1.7916674229249168,17.596224720000013,5261.627129749568,-494.09391365951984,5261.627129749568,-494.09391365951984,5261.627129749568,-494.09391365951984,predicted_speed
4706475,-0.3306,-0.0386,9.883,0.0245,0.0005,0.0048,52.47349,-1.394789,19.31,69.39699999999999,99.112,9.888603304815094,0.0249707829272532,-0.9783214910965814,-0.0282888640862222,0.2211999999999999,0.0852,-0.9692000000000008,0.0162,0.0138,-0.0461,0.1,21.025149999999996,5225.75469674689,-480.8068628108995,GNSS_OUTAGE,False,1.7948949229249167,17.57031272000001,5263.340226138268,-494.48437448189253,5263.340226138268,-494.48437448189253,5263.340226138268,-494.48437448189253,predicted_speed
4706576,-0.645,-0.7131,9.9998,0.0054,0.0196,-0.0846,52.47349,-1.394789,19.31,69.563,99.071,10.045921393779668,0.0870085053313755,0.1573180889645744,0.0620377224041222,-0.3144,-0.6745,0.1168000000000013,-0.0191,0.0191,-0.0894,0.101,39.35795000000002,5225.75469674689,-480.8068628108995,GNSS_OUTAGE,False,1.7962255979249167,17.51238720000001,5265.064224736771,-494.8797342061674,5265.064224736771,-494.8797342061674,5265.064224736771,-494.8797342061674,predicted_speed
4706675,-0.9289,-0.3116,9.6745,-0.0045,-0.1015,-0.2101,52.47349,-1.394789,19.31,69.57,99.233,9.723985809327369,0.2333763269914067,-0.3219355844523015,0.1463678216600312,-0.2838999999999999,0.4014999999999999,-0.3253000000000003,-0.0098999999999999,-0.1211,-0.1255,0.099,41.78078999999999,5225.75469674689,-480.8068628108995,GNSS_OUTAGE,False,1.7965498229249166,17.42750262000001,5266.745768674368,-495.26593183687845,5266.745768674368,-495.26593183687845,5266.745768674368,-495.26593183687845,predicted_speed
4706776,0.2883,0.422,9.2239,-0.0032,0.0719,-0.0016,52.47349,-1.394789,19.31,69.61,99.158,9.238048067638532,0.0719889574865479,-0.4859377416888346,-0.1613873695048588,1.2172,0.7336,-0.4505999999999996,0.0012999999999999,0.1734,0.2085,0.101,37.44270999999999,5225.75469674689,-480.8068628108995,GNSS_OUTAGE,False,1.7970118979249166,17.46384040000001,5268.46467756531,-495.6615472686199,5268.46467756531,-495.6615472686199,5268.46467756531,-495.6615472686199,predicted_speed
4706875,-0.4962,0.9038,9.3887,-0.0203,0.0115,0.0281,52.47349,-1.394789,19.31,69.617,99.158,9.445144602916358,0.0365232802469876,0.2070965352778255,-0.0354656772395602,-0.7845,0.4818,0.1647999999999996,-0.0170999999999999,-0.0604,0.0297,0.099,45.21610000000001,5225.75469674689,-480.8068628108995,GNSS_OUTAGE,False,1.7957719229249165,17.42179312000001,5270.145970421052,-496.0463106142789,5270.145970421052,-496.0463106142789,5270.145970421052,-496.0463106142789,predicted_speed
4706975,-0.4852,-0.172,10.2026,0.0084,0.0046,0.0386,52.47349,-1.394789,19.31,69.444,99.086,10.215578779491644,0.0397703407076177,0.7704341765752876,0.0032470604606301,0.0109999999999999,-1.0758,0.8139000000000003,0.0286999999999999,-0.0069,0.0105,0.1,40.75709000000002,5225.75469674689,-480.8068628108995,GNSS_OUTAGE,False,1.7973894229249165,17.380421120000012,5271.839583727882,-496.43677745027617,5271.839583727882,-496.43677745027617,5271.839583727882,-496.43677745027617,predicted_speed
4707075,0.4202,-0.1723,9.9456,0.0112,0.0334,0.0497,52.47349,-1.394789,19.31,69.53399999999999,99.171,9.955963775044584,0.0609187163357863,-0.2596150044470615,0.0211483756281685,0.9054,-0.0003,-0.2569999999999997,0.0028,0.0288,0.0110999999999999,0.1,42.38481,5225.75469674689,-480.8068628108995,GNSS_OUTAGE,False,1.7992869229249167,17.429589120000013,5273.537242084802,-496.83157090526555,5273.537242084802,-496.83157090526555,5273.537242084802,-496.83157090526555,predicted_speed
4707175,-0.1338,-0.2088,10.8997,-0.0138,0.0338,0.0109,52.47349,-1.394789,19.31,69.7,99.135,10.902520808051683,0.0381010498543019,0.9465570330071014,-0.0228176664814844,-0.554,-0.0365,0.9540999999999986,-0.025,0.0003999999999999,-0.0388,0.1,44.76116000000001,5225.75469674689,-480.8068628108995,GNSS_OUTAGE,False,1.7986844229249166,17.423357120000013,5275.234530909039,-497.2252006557036,5275.234530909039,-497.2252006557036,5275.234530909039,-497.2252006557036,predicted_speed
4707276,0.5449,-0.3268,9.7787,-0.021,-0.002,-0.0299,52.47349,-1.394789,19.31,69.60600000000001,98.991,9.799320789728236,0.0365924855673948,-1.1032000183234505,-0.001508564286907,0.6787000000000001,-0.1179999999999999,-1.1209999999999989,-0.0072,-0.0358,-0.0408,0.101,29.98435,5225.75469674689,-480.8068628108995,GNSS_OUTAGE,False,1.7973486979249167,17.48561150000001,5276.955449151402,-497.62188890472066,5276.955449151402,-497.62188890472066,5276.955449151402,-497.62188890472066,predicted_speed
4707375,-0.4709,-0.1746,10.7606,-0.0202,-0.0358,-0.0445,52.47349,-1.394789,19.31,69.696,98.888,10.77231378720468,0.0605799471772632,0.9729929974764442,0.0239874616098683,-1.0158,0.1521999999999999,0.9818999999999996,0.0008,-0.0338,-0.0145999999999999,0.099,46.64733999999999,5225.75469674689,-480.8068628108995,GNSS_OUTAGE,False,1.7961186229249166,17.446068920000013,5278.638951062486,-498.0077720789577,5278.638951062486,-498.0077720789577,5278.638951062486,-498.0077720789577,predicted_speed
4707475,-0.4942,0.1931,11.8242,0.0313,-0.0365,-0.0318,52.47349,-1.394789,19.31,69.57,98.669,11.836098465710734,0.0576470294117572,1.063784678506055,-0.0029329177655059,-0.0232999999999999,0.3677,1.0635999999999992,0.0515,-0.0006999999999999,0.0126999999999999,0.1,52.47946999999997,5225.75469674689,-480.8068628108995,GNSS_OUTAGE,False,1.8000261229249166,17.403796920000012,5280.333805372318,-498.4032342652282,5280.333805372318,-498.4032342652282,5280.333805372318,-498.4032342652282,predicted_speed
4707575,0.5776,0.6902,8.7481,0.0014,0.0303,0.0126,52.47349,-1.394789,19.31,69.444,98.709,8.794273785253676,0.0328452431867995,-3.041824680457058,-0.0248017862249576,1.0718,0.4971,-3.0760999999999985,-0.0299,0.0668,0.0444,0.1,39.01525,5225.75469674689,-480.8068628108995,GNSS_OUTAGE,False,1.8009436229249165,17.46870492000001,5282.034615788081,-498.80173200104525,5282.034615788081,-498.80173200104525,5282.034615788081,-498.80173200104525,predicted_speed
4707675,0.0836,0.2762,9.0574,-0.0503,0.062,0.0773,52.47349,-1.394789,19.31,69.696,98.945,9.061995925843268,0.1111277643075752,0.2677221405895924,0.0782825211207757,-0.494,-0.414,0.3092999999999986,-0.0516999999999999,0.0317,0.0647,0.1,41.98553999999997,5225.75469674689,-480.8068628108995,GNSS_OUTAGE,False,1.7966911229249165,17.48421292000001,5283.738616832364,-499.19334080508634,5283.738616832364,-499.19334080508634,5283.738616832364,-499.19334080508634,predicted_speed
4707775,-0.6572,-0.3268,10.6007,-0.0287,-0.0707,-0.0168,52.47349,-1.394789,19.31,69.498,99.036,10.626078795585888,0.0781307877856098,1.5640828697426183,-0.0329969765219654,-0.7408,-0.603,1.5433000000000003,0.0215999999999999,-0.1326999999999999,-0.0940999999999999,0.1,54.72837000000001,5225.75469674689,-480.8068628108995,GNSS_OUTAGE,False,1.7945986229249165,17.42564092000001,5285.437722461857,-499.58008319292236,5285.437722461857,-499.58008319292236,5285.437722461857,-499.58008319292236,predicted_speed
4707875,-0.0102,0.0052,10.9384,0.0205,0.0345,0.0748,52.47349,-1.394789,19.31,69.53399999999999,98.785,10.938405991733896,0.0848854522282823,0.3123271961480096,0.0067546644426724,0.647,0.3319999999999999,0.3376999999999999,0.0492,0.1052,0.0916,0.1,48.71033999999999,5225.75469674689,-480.8068628108995,GNSS_OUTAGE,False,1.7974261229249164,17.43176892000001,5287.136324916954,-499.9717659425315,5287.136324916954,-499.9717659425315,5287.136324916954,-499.9717659425315,predicted_speed
4707975,-0.5474,-0.0172,10.4127,-0.003,-0.0303,-0.0202,52.47349,-1.394789,19.31,69.74600000000001,99.142,10.42709278226678,0.036539430756376,-0.5113132094671169,-0.0483460214719062,-0.5372,-0.0224,-0.5257000000000005,-0.0235,-0.0648,-0.095,0.1,46.13468999999999,5225.75469674689,-480.8068628108995,GNSS_OUTAGE,False,1.7979036229249163,17.38417692000001,5288.8301031576275,-500.3631881484424,5288.8301031576275,-500.3631881484424,5288.8301031576275,-500.3631881484424,predicted_speed
4708075,-0.2762,-0.981,10.4005,-0.0151,-0.0092,-0.0289,52.47349,-1.394789,19.31,69.556,99.331,10.450313281906912,0.0338800826445273,0.0232204996401321,-0.0026593481118487,0.2712,-0.9638,-0.0121999999999999,-0.0121,0.0211,-0.0087,0.1,48.44576,5225.75469674689,-480.8068628108995,GNSS_OUTAGE,False,1.7971711229249163,17.363704920000007,5290.522172691956,-500.7529100704399,5290.522172691956,-500.7529100704399,5290.522172691956,-500.7529100704399,predicted_speed
4708176,-1.106,-0.2735,10.0241,-0.0092,0.0017,-0.0609,52.47349,-1.394789,19.31,69.55199999999999,99.273,10.088638117208884,0.0616144463579768,-0.3616751646980276,0.0277343637134494,-0.8298000000000001,0.7075,-0.3763999999999985,0.0059,0.0109,-0.032,0.101,45.287950000000016,5225.75469674689,-480.8068628108995,GNSS_OUTAGE,False,1.7970271979249164,17.25921840000001,5292.220935324166,-501.14391610846485,5292.220935324166,-501.14391610846485,5292.220935324166,-501.14391610846485,predicted_speed
4708275,0.2298,0.4961,10.3,-0.0005,0.0299,-0.0378,52.47349,-1.394789,19.31,69.419,99.598,10.314500630180795,0.0481985476959627,0.2258625129719114,-0.013415898662014,1.3358,0.7696000000000001,0.2759,0.0087,0.0282,0.0231,0.099,42.90058,5225.75469674689,-480.8068628108995,GNSS_OUTAGE,False,1.7977474229249164,17.289045120000008,5293.888659750004,-501.52904303030334,5293.888659750004,-501.52904303030334,5293.888659750004,-501.52904303030334,predicted_speed
4708375,0.4806,0.4034,9.0543,0.0546,0.0659,-0.0408,52.47349,-1.394789,19.31,69.523,99.536,9.076015447871384,0.0948082802291023,-1.238485182309411,0.0466097325331395,0.2508,-0.0927,-1.2457000000000011,0.0551,0.036,-0.003,0.1,41.46961000000001,5225.75469674689,-480.8068628108995,GNSS_OUTAGE,False,1.8039849229249163,17.34425312000001,5295.576142005441,-501.9298357454185,5295.576142005441,-501.9298357454185,5295.576142005441,-501.9298357454185,predicted_speed
4708476,1.0271,0.7296,10.2001,-0.0388,0.0036,0.0073,52.47349,-1.394789,19.31,69.818,99.201,10.277611131970309,0.0396445456525863,1.2015956840989244,-0.055163734576516,0.5464999999999999,0.3262,1.1458000000000013,-0.0934,-0.0623,0.0481,0.101,33.513299999999994,5225.75469674689,-480.8068628108995,GNSS_OUTAGE,False,1.8008513979249163,17.455209700000008,5297.292670530077,-502.33184922069313,5297.292670530077,-502.33184922069313,5297.292670530077,-502.33184922069313,predicted_speed
4708575,0.6819,0.8258,10.1108,-0.0391,0.0362,0.0932,52.47349,-1.394789,19.31,69.473,99.819,10.167360025591696,0.1073568349011836,-0.1102511063786124,0.0677122892485973,-0.3451999999999999,0.0961999999999999,-0.0893000000000014,-0.0003,0.0326,0.0859,0.099,40.06349000000001,5225.75469674689,-480.8068628108995,GNSS_OUTAGE,False,1.7977502229249163,17.529794320000008,5298.9836168525035,-502.7223437527892,5298.9836168525035,-502.7223437527892,5298.9836168525035,-502.7223437527892,predicted_speed
4708675,-1.1544,-0.3822,9.7533,0.0004,0.0011,0.0035,52.47349,-1.394789,19.31,69.437,99.397,9.828813615589624,0.0036905284174491,-0.3385464100020723,-0.1036663064837344,-1.8363,-1.208,-0.3574999999999999,0.0395,-0.0351,-0.0897,0.1,32.30106,5225.75469674689,-480.8068628108995,GNSS_OUTAGE,False,1.7985677229249162,17.42150232000001,5300.680770912343,-503.1157335442512,5300.680770912343,-503.1157335442512,5300.680770912343,-503.1157335442512,predicted_speed
4708775,0.4242,-0.132,10.7327,-0.0383,-0.0434,-0.049,52.47349,-1.394789,19.31,69.732,99.999,10.741890845191085,0.0758383148546959,0.9130772296014592,0.0721477864372467,1.5786000000000002,0.2502,0.9794,-0.0387,-0.0445,-0.0525,0.1,44.35266000000001,5225.75469674689,-480.8068628108995,GNSS_OUTAGE,False,1.7955152229249163,17.47107032000001,5302.383950055939,-503.5050454835549,5302.383950055939,-503.5050454835549,5302.383950055939,-503.5050454835549,predicted_speed
4708875,0.4966,0.8838,9.4751,-0.004,0.0763,-0.0318,52.47349,-1.394789,19.31,69.75399999999999,100.331,9.529178034332237,0.0827582624273854,-1.2127128108588463,0.0069199475726895,0.0723999999999999,1.0158,-1.2576,0.0343,0.1197,0.0172,0.1,34.758280000000006,5225.75469674689,-480.8068628108995,GNSS_OUTAGE,False,1.7958927229249162,17.52787832000001,5304.092519601088,-503.89626830165065,5304.092519601088,-503.89626830165065,5304.092519601088,-503.89626830165065,predicted_speed
4708975,0.4591,0.742,9.2815,-0.0262,-0.028,-0.0603,52.47349,-1.394789,19.31,69.646,99.632,9.3224234542312,0.0714599888049249,-0.2067545801010357,-0.0112982736224605,-0.0374999999999999,-0.1418,-0.1936,-0.0222,-0.1043,-0.0284999999999999,0.1,44.51945,5225.75469674689,-480.8068628108995,GNSS_OUTAGE,False,1.7940502229249162,17.58093632000001,5305.806981195392,-504.2855171430557,5305.806981195392,-504.2855171430557,5305.806981195392,-504.2855171430557,predicted_speed
4709075,0.6075,1.5058,9.173,0.0183,0.0545,0.0131,52.47349,-1.394789,19.31,69.40100000000001,99.683,9.31560083354799,0.0589639720507362,-0.0068226206832111,-0.0124960167541887,0.1484,0.7638,-0.1084999999999993,0.0445,0.0825,0.0733999999999999,0.1,44.40235000000001,5225.75469674689,-480.8068628108995,GNSS_OUTAGE,False,1.7966577229249163,17.64883432000001,5307.527039345824,-504.6807556630409,5307.527039345824,-504.6807556630409,5307.527039345824,-504.6807556630409,predicted_speed
4709176,-0.6432,0.4277,9.997,0.0196,0.1302,0.1052,52.47349,-1.394789,19.31,69.988,99.93,10.026796224617314,0.1685326081208025,0.7111953910693245,0.1095686360700663,-1.2507,-1.0781,0.8239999999999998,0.0012999999999999,0.0757,0.0921,0.101,44.65896,5225.75469674689,-480.8068628108995,GNSS_OUTAGE,False,1.7994225979249163,17.59109060000001,5309.257507369723,-505.08342655025024,5309.257507369723,-505.08342655025024,5309.257507369723,-505.08342655025024,predicted_speed
4709276,-0.4213,-0.5222,10.5433,-0.0303,-0.0744,-0.0286,52.473263,-1.392261,19.25,69.368,100.117,10.564627841055264,0.0852725629965465,0.5378316164379502,-0.083260045124256,0.2219,-0.9499,0.5463000000000005,-0.0499,-0.2046,-0.1338,0.1,46.6852,5396.964347650537,-506.0481111592857,GNSS_OUTAGE,False,1.7971700979249163,17.55610860000001,5310.968326786046,-505.4774651479514,5310.968326786046,-505.4774651479514,5310.968326786046,-505.4774651479514,predicted_speed
4709375,0.8508,0.2448,11.9591,0.0107,-0.0019,-0.021,52.473263,-1.392261,19.25,69.89399999999999,99.623,11.991824735627183,0.0236452955151759,1.4271968945719191,-0.0616272674813705,1.2721,0.767,1.415799999999999,0.041,0.0725,0.0075999999999999,0.099,42.35236,5396.964347650537,-506.0481111592857,GNSS_OUTAGE,False,1.7989991229249163,17.64741432000001,5312.670126595394,-505.87270547422986,5312.670126595394,-505.87270547422986,5312.670126595394,-505.87270547422986,predicted_speed
4709475,0.0012,0.5671,9.054,-0.0301,0.0201,-0.0387,52.473263,-1.392261,19.25,69.703,99.989,9.07174293341693,0.0529878287911478,-2.920081802210253,0.0293425332759719,-0.8496,0.3223,-2.905099999999999,-0.0407999999999999,0.022,-0.0176999999999999,0.1,45.30091000000002,5396.964347650537,-506.0481111592857,GNSS_OUTAGE,False,1.7967666229249162,17.65468232000001,5314.390711626881,-506.2682623318694,5314.390711626881,-506.2682623318694,5314.390711626881,-506.2682623318694,predicted_speed
4709578,-0.1139,1.7844,8.7487,-0.036,0.0118,-0.0085,52.473263,-1.392261,19.25,69.45100000000001,99.666,8.929546923556648,0.0388264085385192,-0.1421960098602817,-0.0141614202526286,-0.1151,1.2172999999999998,-0.3053000000000008,-0.0058999999999999,-0.0083,0.0301999999999999,0.103,50.03333999999999,5396.964347650537,-506.0481111592857,GNSS_OUTAGE,False,1.7938594479249161,17.65031306000001,5316.163652286287,-506.6704325222282,5316.163652286287,-506.6704325222282,5316.163652286287,-506.6704325222282,predicted_speed
4709675,-0.6808,0.4495,9.8387,-0.0108,-0.0107,-0.0467,52.473263,-1.392261,19.25,69.491,99.863,9.87246456463633,0.0491123202465532,0.9429176410796812,0.0102859117080339,-0.5669,-1.3349,1.09,0.0251999999999999,-0.0225,-0.0382,0.097,41.05436,5396.964347650537,-506.0481111592857,GNSS_OUTAGE,False,1.7935660229249162,17.591209020000008,5317.82783448672,-507.04741876396116,5317.82783448672,-507.04741876396116,5317.82783448672,-507.04741876396116,predicted_speed
4709775,0.0364,0.1645,9.6582,0.0187,0.057,0.0031,52.473263,-1.392261,19.25,69.53,100.077,9.65966937581199,0.06006912684566,-0.2127951888243391,0.0109568065991068,0.7172,-0.285,-0.1804999999999985,0.0295,0.0677,0.0498,0.1,34.43245,5396.964347650537,-506.0481111592857,GNSS_OUTAGE,False,1.796213522924916,17.60199702000001,5319.543502796353,-507.44084632049675,5319.543502796353,-507.44084632049675,5319.543502796353,-507.44084632049675,predicted_speed
4709875,-0.2685,0.777,8.3843,-0.0362,0.012,-0.0389,52.473263,-1.392261,19.25,69.53,99.818,8.424506379604683,0.0544761415667446,-1.2351629962073076,-0.0055929852789154,-0.3049,0.6125,-1.2739000000000011,-0.0549,-0.045,-0.0419999999999999,0.1,54.613940000000014,5396.964347650537,-506.0481111592857,GNSS_OUTAGE,False,1.793371022924916,17.58229502000001,5321.258360891404,-507.8289606020463,5321.258360891404,-507.8289606020463,5321.258360891404,-507.8289606020463,predicted_speed
4709975,-1.0109,-0.1664,9.2644,-0.0587,0.035,-0.0021,52.473263,-1.392261,19.25,69.548,100.643,9.320875234118306,0.0683747029244003,0.8963688545136232,0.0138985613576557,-0.7424,-0.9434,0.8801000000000005,-0.0225,0.023,0.0368,0.1,42.66605000000002,5396.964347650537,-506.0481111592857,GNSS_OUTAGE,False,1.788278522924916,17.488353020000012,5322.966000305269,-508.20630997032185,5322.966000305269,-508.20630997032185,5322.966000305269,-508.20630997032185,predicted_speed
4710076,-0.715,0.3,10.0706,-0.0209,0.0056,0.0102,52.473263,-1.392261,19.25,69.829,99.455,10.10040639578428,0.0239209113538761,0.7795311616659752,-0.0444537915705242,0.2958999999999999,0.4664,0.8062000000000005,0.0378,-0.0294,0.0123,0.101,32.60773999999998,5396.964347650537,-506.0481111592857,GNSS_OUTAGE,False,1.786952897924916,17.423357500000012,5324.684808039848,-508.5837382257312,5324.684808039848,-508.5837382257312,5324.684808039848,-508.5837382257312,predicted_speed
4710175,-0.2305,0.6686,11.1402,0.0586,0.0234,0.0351,52.473263,-1.392261,19.25,69.52,98.786,11.162625687982196,0.0722047782352386,1.0622192921979146,0.0482838668813625,0.4844999999999999,0.3686,1.0695999999999994,0.0795,0.0178,0.0249,0.099,46.46462,5396.964347650537,-506.0481111592857,GNSS_OUTAGE,False,1.793524022924916,17.407614520000013,5326.365592548114,-508.96441116399734,5326.365592548114,-508.96441116399734,5326.365592548114,-508.96441116399734,predicted_speed
4710276,0.6804,0.3551,11.495,0.0162,-0.017,-0.0217,52.473263,-1.392261,19.25,69.242,99.428,11.520593091069571,0.0319738956025067,0.3579674030873772,-0.0402308826327319,0.9109,-0.3134999999999999,0.3547999999999991,-0.0424,-0.0404,-0.0568,0.101,50.54862000000003,5396.964347650537,-506.0481111592857,GNSS_OUTAGE,False,1.795945497924916,17.483554400000013,5328.086863205799,-509.3586378464226,5328.086863205799,-509.3586378464226,5328.086863205799,-509.3586378464226,predicted_speed
4710376,-1.6371,-0.0512,11.4526,0.0494,0.0843,-0.028,52.473263,-1.392261,19.25,69.559,99.275,11.569129812133667,0.1016407890563626,0.0485367210640941,0.0696668934538558,-2.3175,-0.4063,-0.0423999999999988,0.0332,0.1013,-0.0063,0.1,48.04442,5396.964347650537,-506.0481111592857,GNSS_OUTAGE,False,1.8016629979249161,17.326992400000012,5329.7735912455055,-509.75511631540354,5329.7735912455055,-509.75511631540354,5329.7735912455055,-509.75511631540354,predicted_speed
4710476,0.099,-0.0041,10.0325,0.0255,0.0308,-0.0643,52.473263,-1.392261,19.25,69.473,99.293,10.032989288342732,0.0757190861011938,-1.5361405237909338,-0.0259217029551688,1.7361,0.0471,-1.4200999999999997,-0.0239,-0.0535,-0.0363,0.1,38.00366999999999,5396.964347650537,-506.0481111592857,GNSS_OUTAGE,False,1.804990497924916,17.34404040000001,5331.460648929392,-510.15760078120076,5331.460648929392,-510.15760078120076,5331.460648929392,-510.15760078120076,predicted_speed
4710575,0.5997,0.545,8.9207,-0.0461,0.0154,-0.0244,52.473263,-1.392261,19.25,69.415,99.281,8.957430076757507,0.0543850163188354,-1.075559211585226,-0.0213340697823583,0.5007,0.5491,-1.1118000000000006,-0.0716,-0.0154,0.0398999999999999,0.099,49.33078000000001,5396.964347650537,-506.0481111592857,GNSS_OUTAGE,False,1.8011963229249162,17.41048722000001,5333.138740242701,-510.55122281893887,5333.138740242701,-510.55122281893887,5333.138740242701,-510.55122281893887,predicted_speed
4710676,0.0311,0.516,8.9499,-0.045,0.0279,0.0286,52.473263,-1.392261,19.25,69.512,99.379,8.964816407489893,0.0601778198342213,0.0073863307323858,0.0057928035153858,-0.5686,-0.029,0.0291999999999994,0.0011,0.0125,0.053,0.101,53.13030999999997,5396.964347650537,-506.0481111592857,GNSS_OUTAGE,False,1.797436597924916,17.42084780000001,5334.853249753271,-510.9465925097678,5334.853249753271,-510.9465925097678,5334.853249753271,-510.9465925097678,predicted_speed
4710775,-0.4612,0.7254,9.6512,-0.0176,-0.0019,0.029,52.473263,-1.392261,19.25,69.23899999999999,99.191,9.689405143763986,0.0339760209559624,0.724588736274093,-0.0262017988782588,-0.4923,0.2094,0.7012999999999998,0.0273999999999999,-0.0298,0.0004,0.099,37.98698000000001,5396.964347650537,-506.0481111592857,GNSS_OUTAGE,False,1.796463922924916,17.38226552000001,5336.530461938067,-511.3316436044058,5336.530461938067,-511.3316436044058,5336.530461938067,-511.3316436044058,predicted_speed
4710876,-0.5814,-0.0129,10.7272,0.0493,0.0291,-0.0087,52.473263,-1.392261,19.25,69.58800000000001,98.98,10.742951745679584,0.0579050084189614,1.0535466019155972,0.023928987462999,-0.1202,-0.7383000000000001,1.0760000000000003,0.0669,0.031,-0.0377,0.101,45.65019,5396.964347650537,-506.0481111592857,GNSS_OUTAGE,False,1.802228497924916,17.33076360000001,5338.234201271345,-511.73313754282947,5338.234201271345,-511.73313754282947,5338.234201271345,-511.73313754282947,predicted_speed
4710976,0.2057,0.3871,10.8852,0.0341,0.026,-0.0244,52.473263,-1.392261,19.25,69.538,98.799,10.894023037427448,0.0493373083984118,0.1510712917478649,-0.0085677000205496,0.7871,0.4,0.1579999999999994,-0.0151999999999999,-0.0031,-0.0157,0.1,51.67376000000001,5396.964347650537,-506.0481111592857,GNSS_OUTAGE,False,1.806415997924916,17.35848160000001,5339.922087718502,-512.1383636230371,5339.922087718502,-512.1383636230371,5339.922087718502,-512.1383636230371,predicted_speed
4711076,0.7339,1.5012,8.8699,0.0081,0.0543,0.0243,52.473263,-1.392261,19.25,69.455,98.82,9.025925806253891,0.0600382378155788,-1.8680972311735555,0.0107009294171669,0.5282,1.1141,-2.0153,-0.026,0.0283,0.0487,0.1,52.18792000000001,5396.964347650537,-506.0481111592857,GNSS_OUTAGE,False,1.808003497924916,17.439019600000012,5341.6171570205415,-512.5481612650192,5341.6171570205415,-512.5481612650192,5341.6171570205415,-512.5481612650192,predicted_speed
4711176,-0.285,0.7165,8.9959,0.0374,0.1352,0.0973,52.473263,-1.392261,19.25,69.455,98.527,9.028887753206371,0.1707193310671055,0.0029619469524799,0.1106810932515267,-1.0189,-0.7847000000000001,0.1260000000000012,0.0293,0.0808999999999999,0.073,0.1,40.45936999999999,5396.964347650537,-506.0481111592857,GNSS_OUTAGE,False,1.812520997924916,17.417667600000012,5343.308284649322,-512.9651010561389,5343.308284649322,-512.9651010561389,5343.308284649322,-512.9651010561389,predicted_speed
4711276,-0.4134,0.8056,11.1402,0.0448,0.0376,0.0023,52.473263,-1.392261,19.25,69.275,98.703,11.176938174652305,0.0585328113112637,2.148050421445932,-0.1121865197558418,-0.1284,0.0890999999999999,2.1442999999999994,0.0073999999999999,-0.0975999999999999,-0.095,0.1,52.30654999999999,5396.964347650537,-506.0481111592857,GNSS_OUTAGE,False,1.8177784979249159,17.38347560000001,5344.993881411699,-513.3900902254405,5344.993881411699,-513.3900902254405,5344.993881411699,-513.3900902254405,predicted_speed
4711376,-0.2231,0.0477,9.2375,0.0427,0.0529,0.0002,52.473263,-1.392261,19.25,69.347,98.664,9.240316831689269,0.0679833803219581,-1.9366213429630363,0.0094505690106943,0.1903,-0.7579,-1.9027,-0.0020999999999999,0.0153,-0.0021,0.1,46.277389999999976,5396.964347650537,-506.0481111592857,GNSS_OUTAGE,False,1.822825997924916,17.36831360000001,5346.675843277577,-513.8232038996787,5346.675843277577,-513.8232038996787,5346.675843277577,-513.8232038996787,predicted_speed
4711475,0.1435,0.2197,10.0753,-0.0592,-0.0287,-0.044,52.473263,-1.392261,19.25,69.40100000000001,98.679,10.078716705513656,0.0791475204918006,0.8383998738243861,0.0111641401698425,0.3666,0.172,0.8377999999999997,-0.1019,-0.0816,-0.0441999999999999,0.099,50.379140000000014,5396.964347650537,-506.0481111592857,GNSS_OUTAGE,False,1.817734922924916,17.38959662000001,5348.345190003178,-514.2440185854213,5348.345190003178,-514.2440185854213,5348.345190003178,-514.2440185854213,predicted_speed
4711576,0.069,0.4675,10.7801,-0.0567,-0.0862,-0.062,52.473263,-1.392261,19.25,69.365,98.646,10.790452875574776,0.120371632870872,0.7117361700611227,0.0412241123790714,-0.0744999999999999,0.2478,0.7047999999999988,0.0025,-0.0574999999999999,-0.018,0.101,49.51076999999999,5396.964347650537,-506.0481111592857,GNSS_OUTAGE,False,1.812793497924916,17.40378510000001,5350.051752816387,-514.6652571894654,5350.051752816387,-514.6652571894654,5350.051752816387,-514.6652571894654,predicted_speed
4711675,0.1983,0.375,10.0473,0.0345,0.0139,-0.0149,52.473263,-1.392261,19.25,69.329,98.447,10.05625104996887,0.0400683166604238,-0.7342018256059077,-0.0803033162104481,0.1293,-0.0925,-0.7327999999999992,0.0912,0.1001,0.0471,0.099,40.23955000000001,5396.964347650537,-506.0481111592857,GNSS_OUTAGE,False,1.8169787229249161,17.43049332000001,5351.7253439869,-515.085796094193,5351.7253439869,-515.085796094193,5351.7253439869,-515.085796094193,predicted_speed
4711775,0.1255,0.2167,10.8943,0.0082,0.0611,-0.0002,52.473263,-1.392261,19.25,69.584,98.143,10.897177691035417,0.0616481143263928,0.840926641066547,0.0215797976659689,-0.0728,-0.1583,0.8469999999999995,-0.0263,0.0472,0.0147,0.1,49.74307999999999,5396.964347650537,-506.0481111592857,GNSS_OUTAGE,False,1.818576222924916,17.450191320000012,5353.417069005994,-515.5137659889499,5353.417069005994,-515.5137659889499,5353.417069005994,-515.5137659889499,predicted_speed
4711875,-0.4694,-0.4201,9.8647,-0.0123,-0.0648,-0.065,52.473263,-1.392261,19.25,69.40100000000001,97.631,9.88479268674867,0.0926030777026336,-1.012385004286747,0.0309549633762407,-0.5949,-0.6368,-1.0296000000000003,-0.0205,-0.1259,-0.0648,0.1,49.79506000000001,5396.964347650537,-506.0481111592857,GNSS_OUTAGE,False,1.818123722924916,17.410399320000014,5355.105129394629,-515.9399961722303,5355.105129394629,-515.9399961722303,5355.105129394629,-515.9399961722303,predicted_speed
4711975,0.1907,0.2564,9.5273,0.0314,0.0283,0.0062,52.473263,-1.392261,19.25,69.242,97.656,9.53265717100956,0.0427234127850292,-0.3521355157391088,-0.0498796649176043,0.6601,0.6765,-0.3373999999999988,0.0436999999999999,0.0930999999999999,0.0712,0.1,39.27633999999998,5396.964347650537,-506.0481111592857,GNSS_OUTAGE,False,1.822041222924916,17.436617320000014,5356.794046562766,-516.3734878501365,5356.794046562766,-516.3734878501365,5356.794046562766,-516.3734878501365,predicted_speed
4712075,0.0498,-0.4065,9.7017,-0.0027,0.0202,-0.0027,52.473263,-1.392261,19.25,69.469,97.733,9.71034011659736,0.0205577236093882,0.177682945587799,-0.0221656891756409,-0.1409,-0.6629,0.1744000000000003,-0.0341,-0.0081,-0.0089,0.1,13.148299999999995,5396.964347650537,-506.0481111592857,GNSS_OUTAGE,False,1.8225487229249162,17.448745320000015,5358.4839180857625,-516.80813870794,5358.4839180857625,-516.80813870794,5358.4839180857625,-516.80813870794,predicted_speed
4712175,-0.9251,-0.7909,10.4222,0.0193,0.0199,-0.0157,52.473263,-1.392261,19.25,69.408,97.674,10.493025572255126,0.0318589077025562,0.7826854556577665,0.011301184093168,-0.9749,-0.3844000000000001,0.7204999999999995,0.022,-0.0002999999999999,-0.0129999999999999,0.1,42.02085,5396.964347650537,-506.0481111592857,GNSS_OUTAGE,False,1.8252562229249163,17.363383320000015,5360.164345269973,-517.2452145385918,5360.164345269973,-517.2452145385918,5360.164345269973,-517.2452145385918,predicted_speed
4712275,-1.528,-0.2069,9.3858,-0.0184,-0.0659,-0.064,52.473263,-1.392261,19.25,69.458,97.34,9.511615701341176,0.0936876192460882,-0.98140987091395,0.0618287115435319,-0.6029,0.5840000000000001,-1.0364000000000004,-0.0377,-0.0858,-0.0483,0.1,51.44738,5396.964347650537,-506.0481111592857,GNSS_OUTAGE,False,1.8241937229249163,17.217731320000016,5361.831135819337,-517.6768532563045,5361.831135819337,-517.6768532563045,5361.831135819337,-517.6768532563045,predicted_speed
4712376,0.8253,0.5515,9.8177,-0.0172,0.0114,0.0028,52.473263,-1.392261,19.25,69.419,97.03,9.86775078880694,0.0208240245870004,0.3561350874657645,-0.0728635946590877,2.3533,0.7584,0.4319000000000006,0.0011999999999999,0.0773,0.0668,0.101,27.088909999999995,5396.964347650537,-506.0481111592857,GNSS_OUTAGE,False,1.8232417979249163,17.308306100000017,5363.523866608679,-518.1134905712416,5363.523866608679,-518.1134905712416,5363.523866608679,-518.1134905712416,predicted_speed
4712475,0.429,-0.4903,10.8463,-0.0069,-0.0193,-0.0205,52.473263,-1.392261,19.25,69.55199999999999,96.754,10.86584827705596,0.0289887909371881,0.9980974882490194,0.0081647663501876,-0.3963,-1.0418,1.028599999999999,0.0103,-0.0307,-0.0233,0.099,50.400109999999984,5396.964347650537,-506.0481111592857,GNSS_OUTAGE,False,1.8233284229249163,17.357853620000018,5365.187790520952,-518.542850927727,5365.187790520952,-518.542850927727,5365.187790520952,-518.542850927727,predicted_speed
4712575,1.2214,0.408,11.268,-0.0143,-0.1057,-0.0886,52.473263,-1.392261,19.25,69.3,96.615,11.341344980204068,0.1386612418810678,0.4754967031481083,0.1096724509438797,0.7924,0.8983,0.4217000000000013,-0.0074,-0.0864,-0.0681,0.1,46.2558,5396.964347650537,-506.0481111592857,GNSS_OUTAGE,False,1.8226759229249163,17.487141620000017,5366.881325215817,-518.9786736642494,5366.881325215817,-518.9786736642494,5366.881325215817,-518.9786736642494,predicted_speed
4712675,-0.365,0.2461,10.6209,0.0347,0.0409,-0.015,52.473263,-1.392261,19.25,69.325,96.647,10.630019144855762,0.0556947035183777,-0.7113258353483065,-0.08296653836269,-1.5864,-0.1618999999999999,-0.6471,0.049,0.1466,0.0736,0.1,52.21849999999999,5396.964347650537,-506.0481111592857,GNSS_OUTAGE,False,1.8269234229249163,17.457789620000018,5368.57015403344,-519.4209421448429,5368.57015403344,-519.4209421448429,5368.57015403344,-519.4209421448429,predicted_speed
4712775,0.06,0.4467,9.4284,-0.0132,0.0003,-0.0266,52.473263,-1.392261,19.25,69.548,96.392,9.43916667137518,0.0296966328057576,-1.1908524734805823,-0.0259980707126201,0.425,0.2005999999999999,-1.1925000000000008,-0.0479,-0.0406,-0.0116,0.1,41.132180000000005,5396.964347650537,-506.0481111592857,GNSS_OUTAGE,False,1.8263809229249164,17.47093762000002,5370.2604946227875,-519.8626267667453,5370.2604946227875,-519.8626267667453,5370.2604946227875,-519.8626267667453,predicted_speed
4712875,-0.2062,0.4308,9.1992,-0.0135,0.0175,-0.0029,52.473263,-1.392261,19.25,69.484,96.246,9.211589858433776,0.0222914781923496,-0.2275768129414039,-0.0074051546134079,-0.2662,-0.0158999999999999,-0.2292000000000005,-0.0002999999999999,0.0172,0.0237,0.1,47.53983,5396.964347650537,-506.0481111592857,GNSS_OUTAGE,False,1.8258084229249163,17.45746562000002,5371.949784167676,-520.3030037555473,5371.949784167676,-520.3030037555473,5371.949784167676,-520.3030037555473,predicted_speed
4712975,-0.8153,-0.3124,9.7652,-0.0015,-0.0271,-0.0045,52.473263,-1.392261,19.25,69.23899999999999,95.914,9.804154164944572,0.02751199738296,0.5925643065107966,0.0052205191906103,-0.6091,-0.7432000000000001,0.5660000000000007,0.012,-0.0446,-0.0015999999999999,0.1,28.26682999999999,5396.964347650537,-506.0481111592857,GNSS_OUTAGE,False,1.8264359229249163,17.38308362000002,5373.631600571827,-520.7425598317502,5373.631600571827,-520.7425598317502,5373.631600571827,-520.7425598317502,predicted_speed
4713076,-0.3267,-0.1807,10.4426,-0.008,0.0137,0.0153,52.473263,-1.392261,19.25,69.556,95.88,10.449271751658102,0.0220404174189147,0.6451175867135301,-0.0054715799640453,0.4886,0.1317,0.6774000000000004,-0.0065,0.0408,0.0197999999999999,0.101,42.72291000000002,5396.964347650537,-506.0481111592857,GNSS_OUTAGE,False,1.8264131979249163,17.35730640000002,5375.3277263233385,-521.1858145924404,5375.3277263233385,-521.1858145924404,5375.3277263233385,-521.1858145924404,predicted_speed
4713176,-0.8962,0.7843,8.9684,0.0394,0.1389,0.0651,52.473263,-1.392261,19.25,69.631,95.943,9.047126587486218,0.1583779656391633,-1.402145164171884,0.1363375482202485,-0.5695,0.965,-1.4741999999999995,0.0474,0.1252,0.0498,0.1,40.08754,5396.964347650537,-506.0481111592857,GNSS_OUTAGE,False,1.8311306979249162,17.27483440000002,5376.997000418806,-521.6304751704928,5376.997000418806,-521.6304751704928,5376.997000418806,-521.6304751704928,predicted_speed
4713276,-0.4072,0.7224,9.0227,-0.0056,0.0555,-0.0142,52.473263,-1.392261,19.25,69.307,95.899,9.06072783445127,0.0575608373809832,0.0136012469650523,-0.10081712825818,0.489,-0.0618999999999999,0.0542999999999995,-0.045,-0.0834,-0.0793,0.1,56.26834999999999,5396.964347650537,-506.0481111592857,GNSS_OUTAGE,False,1.8313481979249162,17.24126240000002,5378.662933873479,-522.0746339439721,5378.662933873479,-522.0746339439721,5378.662933873479,-522.0746339439721,predicted_speed
4713375,0.2808,0.4208,9.0206,-0.0406,-0.0616,-0.0301,52.473263,-1.392261,19.25,69.361,95.386,9.034774243997466,0.0796801731925828,-0.0259535904538044,0.0221193358115995,0.688,-0.3016,-0.0021000000000004,-0.0349999999999999,-0.1171,-0.0158999999999999,0.099,46.4141,5396.964347650537,-506.0481111592857,GNSS_OUTAGE,False,1.8280985229249163,17.27613812000002,5380.316967254122,-522.5098678286995,5380.316967254122,-522.5098678286995,5380.316967254122,-522.5098678286995,predicted_speed
4713475,-1.1133,0.0061,9.4649,-0.0333,-0.0825,-0.0126,52.473263,-1.392261,19.25,69.203,95.398,9.530152470448728,0.0898548830058778,0.4953782264512618,0.010174709813295,-1.3941,-0.4147,0.4443000000000001,0.0072999999999999,-0.0209,0.0174999999999999,0.1,40.15661999999999,5396.964347650537,-506.0481111592857,GNSS_OUTAGE,False,1.8255460229249163,17.17195612000002,5381.978742787617,-522.9426066022669,5381.978742787617,-522.9426066022669,5381.978742787617,-522.9426066022669,predicted_speed
4713575,1.1818,0.3823,10.863,0.0065,-0.0415,0.0099,52.473263,-1.392261,19.25,69.538,94.984,10.933781300629713,0.0431568071108139,1.4036288301809847,-0.0466980758950639,2.2951,0.3762,1.3980999999999997,0.0398,0.041,0.0225,0.1,44.07005999999999,5396.964347650537,-506.0481111592857,GNSS_OUTAGE,False,1.8269735229249162,17.29728412000002,5383.6520226942075,-523.3808927342402,5383.6520226942075,-523.3808927342402,5383.6520226942075,-523.3808927342402,predicted_speed
4713675,-0.6292,-0.499,9.3052,0.0356,0.1065,0.1146,52.473263,-1.392261,19.25,69.512,94.988,9.33978804256285,0.1604455359304209,-1.5939932580668632,0.117288728819607,-1.811,-0.8813,-1.5578000000000003,0.0291,0.148,0.1046999999999999,0.1,46.931090000000005,5396.964347650537,-506.0481111592857,GNSS_OUTAGE,False,1.8313110229249163,17.241512120000017,5385.3179967887145,-523.8249960085722,5385.3179967887145,-523.8249960085722,5385.3179967887145,-523.8249960085722,predicted_speed
4713775,0.8498,-0.4214,9.7947,-0.0749,-0.1011,-0.0313,52.473263,-1.392261,19.25,69.61,95.145,9.840522653294387,0.1296568933763261,0.5007346107315378,-0.0307886425540948,1.479,0.0776,0.4895000000000014,-0.1104999999999999,-0.2076,-0.1459,0.1,37.68866999999998,5396.964347650537,-506.0481111592857,GNSS_OUTAGE,False,1.8245985229249164,17.333640120000016,5386.995832037336,-524.2602197172329,5386.995832037336,-524.2602197172329,5386.995832037336,-524.2602197172329,predicted_speed
4713875,-1.1036,-1.1188,9.2631,-0.0197,-0.0516,-0.0838,52.473263,-1.392261,19.25,69.527,94.785,9.395459967984538,0.1003647846607563,-0.4450626853098498,-0.0292921087155697,-1.9534,-0.6974,-0.531600000000001,0.0552,0.0494999999999999,-0.0525,0.1,49.45604,5396.964347650537,-506.0481111592857,GNSS_OUTAGE,False,1.8234060229249165,17.230428120000017,5388.664191456152,-524.6908627035126,5388.664191456152,-524.6908627035126,5388.664191456152,-524.6908627035126,predicted_speed
4713975,-0.0109,-0.4544,9.3831,-0.0632,-0.0045,-0.003,52.473263,-1.392261,19.25,69.286,95.061,9.39410260642282,0.0634309861187732,-0.0013573615617179,-0.0369337985419831,1.0927,0.6644,0.120000000000001,-0.0435,0.0471,0.0808,0.1,40.27774,5396.964347650537,-506.0481111592857,GNSS_OUTAGE,False,1.8178635229249165,17.236486120000016,5390.335499480324,-525.1124003957634,5390.335499480324,-525.1124003957634,5390.335499480324,-525.1124003957634,predicted_speed
4714075,-0.0225,-0.0159,8.7967,-0.0338,0.0022,-0.0157,52.473263,-1.392261,19.25,69.22800000000001,95.038,8.796743144482507,0.0373332291665213,-0.5973594619403126,-0.0260977569522518,-0.0116,0.4385,-0.5864000000000011,0.0294,0.0066999999999999,-0.0127,0.1,53.27538000000001,5396.964347650537,-506.0481111592857,GNSS_OUTAGE,False,1.8152610229249164,17.241384120000017,5392.008374132005,-525.5297056359622,5392.008374132005,-525.5297056359622,5392.008374132005,-525.5297056359622,predicted_speed
4714179,-1.3013,0.0209,8.6868,0.0351,0.0645,0.0495,52.473263,-1.392261,19.25,69.343,94.483,8.783752770883298,0.0885579471306782,-0.0129903735992087,0.0512247179641568,-1.2788,0.0368,-0.1098999999999996,0.0688999999999999,0.0623,0.0652,0.104,49.35101,5396.964347650537,-506.0481111592857,GNSS_OUTAGE,False,1.8197200229249164,17.113482840000017,5393.73331953673,-525.9681794396466,5393.73331953673,-525.9681794396466,5393.73331953673,-525.9681794396466,predicted_speed
4714276,-0.2286,-0.5116,10.6697,0.0303,0.0546,0.0019,52.473263,-1.392261,19.25,69.498,95.057,10.68440408305489,0.0624728741134902,1.900651312171592,-0.0260850730171879,1.0727,-0.5325000000000001,1.9829000000000008,-0.0047999999999999,-0.0098999999999999,-0.0476,0.097,54.67551000000001,5396.964347650537,-506.0481111592857,GNSS_OUTAGE,False,1.8234132979249165,17.09824220000002,5395.339210049898,-526.3827101866322,5395.339210049898,-526.3827101866322,5395.339210049898,-526.3827101866322,predicted_speed
4714375,0.5641,0.4466,10.1406,0.008,0.0024,-0.0292,52.473263,-1.392261,19.25,69.257,95.391,10.166092107097986,0.0303710388363651,-0.5183119759569035,-0.0321018352771251,0.7927000000000001,0.9582,-0.5291000000000015,-0.0223,-0.0522,-0.0311,0.099,40.77353999999999,5396.964347650537,-506.0481111592857,GNSS_OUTAGE,False,1.8249750229249164,17.16116462000002,5396.983578150462,-526.8099134782213,5396.983578150462,-526.8099134782213,5396.983578150462,-526.8099134782213,predicted_speed
4714475,0.6893,-0.4386,9.0802,0.0098,0.0095,-0.0163,52.473263,-1.392261,19.25,69.206,95.327,9.116881949987068,0.0212598212598318,-1.0492101571109185,-0.0091112175765332,0.1251999999999999,-0.8852,-1.0603999999999996,0.0017999999999999,0.0071,0.0129,0.1,44.47544,5396.964347650537,-506.0481111592857,GNSS_OUTAGE,False,1.8267325229249165,17.237242620000018,5398.651155060273,-527.2462763791119,5398.651155060273,-527.2462763791119,5398.651155060273,-527.2462763791119,predicted_speed
4714576,-0.4799,-0.2917,9.3569,-0.043,-0.0293,0.0018,52.473263,-1.392261,19.25,69.23899999999999,94.562,9.37373834230506,0.0520646713232687,0.2568563923179923,0.0308048500634368,-1.1692,0.1468999999999999,0.2766999999999999,-0.0528,-0.0388,0.0180999999999999,0.101,42.76534000000002,5396.964347650537,-506.0481111592857,GNSS_OUTAGE,False,1.8231747979249164,17.195992200000017,5400.332930751107,-527.6799676689031,5400.332930751107,-527.6799676689031,5400.332930751107,-527.6799676689031,predicted_speed
4714675,0.1449,0.6658,10.6666,0.0197,-0.0135,0.005,52.473263,-1.392261,19.25,69.444,94.712,10.688341368519252,0.0243995901604924,1.3146030262141917,-0.0276650811627762,0.6248,0.9575,1.3097000000000012,0.0626999999999999,0.0158,0.0032,0.099,48.32758,5396.964347650537,-506.0481111592857,GNSS_OUTAGE,False,1.8258948229249163,17.21741382000002,5401.982293674502,-528.1100884717349,5401.982293674502,-528.1100884717349,5401.982293674502,-528.1100884717349,predicted_speed
4714775,-0.2009,0.1191,10.7807,-0.0278,-0.0289,-0.0357,52.473263,-1.392261,19.25,69.343,94.785,10.783229484250068,0.053689291297241,0.0948881157308161,0.0292897011367485,-0.3458,-0.5467,0.1140999999999987,-0.0475,-0.0153999999999999,-0.0407,0.1,46.44127999999999,5396.964347650537,-506.0481111592857,GNSS_OUTAGE,False,1.8238923229249164,17.20447182000002,5403.647930536423,-528.5408927779597,5403.647930536423,-528.5408927779597,5403.647930536423,-528.5408927779597,predicted_speed
4714875,0.3556,0.7036,9.3592,-0.049,-0.0213,-0.0348,52.473263,-1.392261,19.25,69.368,94.11,9.39234416745894,0.0637630770901154,-1.3908853167911277,0.0100737857928743,0.5565,0.5845,-1.4215,-0.0212,0.0075999999999999,0.0009,0.1,45.34916000000001,5396.964347650537,-506.0481111592857,GNSS_OUTAGE,False,1.8197698229249164,17.24717982000002,5405.319468343939,-528.9658792194833,5405.319468343939,-528.9658792194833,5405.319468343939,-528.9658792194833,predicted_speed
4714975,-1.0939,0.2592,11.0216,0.0159,0.0684,0.0241,52.473263,-1.392261,19.25,69.134,93.963,11.07878460888197,0.0742440570012172,1.686440441423029,0.0104809799111018,-1.4495,-0.4444,1.6624,0.0649,0.0897,0.0588999999999999,0.1,54.14956,5396.964347650537,-506.0481111592857,GNSS_OUTAGE,False,1.8221373229249165,17.14493782000002,5406.980092359048,-529.3922790423687,5406.980092359048,-529.3922790423687,5406.980092359048,-529.3922790423687,predicted_speed
4715075,1.1878,0.049,9.8407,0.0416,0.1026,0.0728,52.473263,-1.392261,19.25,69.354,94.063,9.912247289590791,0.1325034339177668,-1.1665373192911763,0.0582593769165495,2.2817,-0.2102,-1.1808999999999994,0.0256999999999999,0.0341999999999999,0.0487,0.1,40.51634,5396.964347650537,-506.0481111592857,GNSS_OUTAGE,False,1.8270748229249165,17.27086582000002,5408.65077231081,-529.8300650180552,5408.65077231081,-529.8300650180552,5408.65077231081,-529.8300650180552,predicted_speed
4715176,0.6319,-0.0828,9.6524,0.023,0.0612,0.0253,52.473263,-1.392261,19.25,69.296,93.93,9.673416108593695,0.0701037088890452,-0.2388311809970975,-0.0623997250287215,-0.5559,-0.1318,-0.1882999999999999,-0.0186,-0.0414,-0.0475,0.101,47.27855999999999,5396.964347650537,-506.0481111592857,GNSS_OUTAGE,False,1.8301830979249165,17.34190720000002,5410.343711697577,-530.2793119177404,5410.343711697577,-530.2793119177404,5410.343711697577,-530.2793119177404,predicted_speed
4715275,-0.4828,0.3219,10.7235,0.0409,0.0803,0.066,52.473263,-1.392261,19.25,69.3,93.861,10.739188409744935,0.1117000447627484,1.0657723011512417,0.0415963358737031,-1.1147,0.4047,1.0710999999999995,0.0179,0.0191,0.0407,0.099,46.87166000000002,5396.964347650537,-506.0481111592857,GNSS_OUTAGE,False,1.8350019229249166,17.30118652000002,5411.997094839035,-530.7266013739072,5411.997094839035,-530.7266013739072,5411.997094839035,-530.7266013739072,predicted_speed
4715375,-0.3775,-1.2116,11.4197,0.0217,0.0311,-0.0159,52.473263,-1.392261,19.25,69.268,93.774,11.489996906004809,0.0411206760644812,0.7508084962598698,-0.0705793686982671,0.1053,-1.5335,0.696200000000001,-0.0192,-0.0491999999999999,-0.0819,0.1,50.90040000000001,5396.964347650537,-506.0481111592857,GNSS_OUTAGE,False,1.8379494229249167,17.27058452000002,5413.662888221366,-531.1825216564182,5413.662888221366,-531.1825216564182,5413.662888221366,-531.1825216564182,predicted_speed
4715476,-0.0728,-1.0222,11.1586,0.0004,-0.0495,-0.0628,52.473263,-1.392261,19.25,69.163,93.709,11.20555873841193,0.0799640544244724,-0.2844381675928762,0.0388433783599912,0.3046999999999999,0.1894,-0.2611000000000008,-0.0213,-0.0806,-0.0469,0.101,45.40432999999999,5396.964347650537,-506.0481111592857,GNSS_OUTAGE,False,1.8387750979249167,17.27045120000002,5415.344945772952,-531.6443865772371,5415.344945772952,-531.6443865772371,5415.344945772952,-531.6443865772371,predicted_speed
4715576,-0.4882,-0.8721,9.3766,0.0046,0.0648,-0.0094,52.473263,-1.392261,19.25,69.149,93.509,9.429715012130536,0.0656396221805092,-1.7758437262813942,-0.0143244322439632,-0.4154,0.1501,-1.782,0.0042,0.1143,0.0533999999999999,0.1,47.45101999999999,5396.964347650537,-506.0481111592857,GNSS_OUTAGE,False,1.8400125979249167,17.228779200000023,5417.005765019484,-532.102630788954,5417.005765019484,-532.102630788954,5417.005765019484,-532.102630788954,predicted_speed
4715676,0.1349,0.671,9.3898,-0.0112,0.0469,0.0232,52.473263,-1.392261,19.25,69.368,93.721,9.414710991315664,0.0535097187434208,-0.0150040208148727,-0.0121299034370884,0.6231,1.5431,0.0131999999999994,-0.0158,-0.0179,0.0326,0.1,45.90735000000001,5396.964347650537,-506.0481111592857,GNSS_OUTAGE,False,1.8396700979249168,17.249417200000025,5418.668730766324,-532.5608543830996,5418.668730766324,-532.5608543830996,5418.668730766324,-532.5608543830996,predicted_speed
4715776,0.4479,0.1972,9.0545,-0.0344,-0.0272,0.0067,52.473263,-1.392261,19.25,69.124,93.486,9.067715947249342,0.0443631603923796,-0.3469950440663218,-0.0091465583510411,0.313,-0.4738,-0.3352999999999984,-0.0232,-0.0741,-0.0164999999999999,0.1,48.17745000000001,5396.964347650537,-506.0481111592857,GNSS_OUTAGE,False,1.8370075979249167,17.301355200000025,5420.337921483799,-533.0160150868752,5420.337921483799,-533.0160150868752,5420.337921483799,-533.0160150868752,predicted_speed
4715876,0.1043,-0.1763,9.0257,-0.0179,-0.0083,0.0149,52.473263,-1.392261,19.25,69.17399999999999,93.462,9.028024184172304,0.0247246840222478,-0.0396917630770374,-0.0196384763701317,-0.3436,-0.3735,-0.0288000000000003,0.0165,0.0189,0.0081999999999999,0.1,53.66656000000002,5396.964347650537,-506.0481111592857,GNSS_OUTAGE,False,1.8359950979249167,17.318933200000025,5422.00926854387,-533.4699462233384,5422.00926854387,-533.4699462233384,5422.00926854387,-533.4699462233384,predicted_speed
4715976,-0.2927,-0.9815,11.3382,-0.0037,0.0172,0.0048,52.473263,-1.392261,19.25,69.289,93.537,11.384366244108628,0.0182365018575383,2.356342059936324,-0.0064881821647095,-0.397,-0.8052,2.3125,0.0141999999999999,0.0255,-0.0101,0.1,47.397020000000005,5396.964347650537,-506.0481111592857,GNSS_OUTAGE,False,1.8364025979249166,17.296811200000025,5423.6782958622725,-533.923977706069,5423.6782958622725,-533.923977706069,5423.6782958622725,-533.923977706069,predicted_speed
4716075,-0.1876,-0.0752,9.2386,0.0304,-0.013,-0.0154,52.473263,-1.392261,19.25,69.221,93.464,9.240810503413648,0.0364735520617337,-2.14355574069498,0.0182370502041953,0.1051,0.9063,-2.099600000000001,0.0341,-0.0301999999999999,-0.0202,0.099,42.59913999999999,5396.964347650537,-506.0481111592857,GNSS_OUTAGE,False,1.8401819229249166,17.285315320000027,5425.327825291563,-534.3794074767317,5425.327825291563,-534.3794074767317,5425.327825291563,-534.3794074767317,predicted_speed
4716175,-0.1058,-0.1903,9.2954,-0.015,-0.0473,-0.0534,52.473263,-1.392261,19.25,69.188,93.094,9.297949714318744,0.0728961590208976,0.0571392109050954,0.0364226069591639,0.0817999999999999,-0.1151,0.0568000000000008,-0.0453999999999999,-0.0343,-0.038,0.1,44.63666999999999,5396.964347650537,-506.0481111592857,GNSS_OUTAGE,False,1.8394594229249166,17.281883320000027,5426.994017682839,-534.8381425049537,5426.994017682839,-534.8381425049537,5426.994017682839,-534.8381425049537,predicted_speed
4716275,0.5008,-0.314,8.7227,-0.013,-0.0919,-0.0776,52.473263,-1.392261,19.25,69.17399999999999,93.206,8.742705069370691,0.1209808662557844,-0.5552446449480524,0.0480847072348867,0.6066,-0.1237,-0.5727000000000011,0.002,-0.0445999999999999,-0.0242,0.1,41.16253,5396.964347650537,-506.0481111592857,GNSS_OUTAGE,False,1.8389369229249166,17.339111320000026,5428.665967832552,-535.2975230776224,5428.665967832552,-535.2975230776224,5428.665967832552,-535.2975230776224,predicted_speed
4716375,0.0863,0.0527,9.1704,-0.0063,0.0164,0.0111,52.473263,-1.392261,19.25,69.142,93.264,9.170957482182546,0.0207812415413516,0.4282524128118545,-0.1001996247144327,-0.4145,0.3667,0.4477000000000011,0.0066999999999999,0.1083,0.0887,0.1,45.3661,5396.964347650537,-506.0481111592857,GNSS_OUTAGE,False,1.8390844229249166,17.354889320000026,5430.339371561388,-535.7575685029999,5430.339371561388,-535.7575685029999,5430.339371561388,-535.7575685029999,predicted_speed
4716476,-0.8773,-0.9262,10.6451,0.0587,0.1166,0.0682,52.473263,-1.392261,19.25,69.329,93.327,10.721271181161308,0.1472837058197545,1.550313698978762,0.1265024642784029,-0.9636,-0.9789,1.4746999999999986,0.065,0.1002,0.0571,0.101,41.106839999999984,5396.964347650537,-506.0481111592857,GNSS_OUTAGE,False,1.8457983979249166,17.273501500000027,5432.018440342775,-536.2313191892767,5432.018440342775,-536.2313191892767,5432.018440342775,-536.2313191892767,predicted_speed
4716575,-0.4883,-0.5136,10.5033,0.0297,0.0052,-0.0038,52.473263,-1.392261,19.25,69.336,93.211,10.527180664356434,0.0303902945033443,-0.1940905168048736,-0.1168934113164102,0.3889999999999999,0.4126000000000001,-0.1417999999999999,-0.029,-0.1114,-0.072,0.099,48.20568000000001,5396.964347650537,-506.0481111592857,GNSS_OUTAGE,False,1.8495084229249166,17.232236320000027,5433.658598486997,-536.7006675716905,5433.658598486997,-536.7006675716905,5433.658598486997,-536.7006675716905,predicted_speed
4716676,-0.8047,-0.2254,10.495,0.0278,-0.0175,-0.051,52.473263,-1.392261,19.25,69.34,93.076,10.52821790475482,0.0606637453509095,0.0010372403983858,0.0302734508475652,-0.3163999999999999,0.2881999999999999,-0.0083000000000001,-0.0019,-0.0227,-0.0472,0.101,44.38205000000001,5396.964347650537,-506.0481111592857,GNSS_OUTAGE,False,1.8531014979249165,17.158181100000025,5435.322976364504,-537.183423313635,5435.322976364504,-537.183423313635,5435.322976364504,-537.183423313635,predicted_speed
4716776,-0.0523,-0.1266,9.0733,-0.0009,0.0213,0.0156,52.473263,-1.392261,19.25,69.354,93.105,9.074333900623229,0.0264170399553015,-1.4538840041315917,-0.0342467053956079,0.7524,0.0988,-1.4216999999999995,-0.0287,0.0388,0.0665999999999999,0.1,51.04196000000002,5396.964347650537,-506.0481111592857,GNSS_OUTAGE,False,1.8537889979249165,17.160099100000025,5436.970730426199,-537.6625856696113,5436.970730426199,-537.6625856696113,5436.970730426199,-537.6625856696113,predicted_speed
4716875,0.2319,0.5785,9.1645,-0.0068,-0.0213,-0.0081,52.473263,-1.392261,19.25,69.253,93.115,9.185668190719715,0.0237810849205834,0.1113342900964866,-0.0026359550347181,0.2842,0.7051000000000001,0.0912000000000006,-0.0059,-0.0426,-0.0237,0.099,47.04959999999999,5396.964347650537,-506.0481111592857,GNSS_OUTAGE,False,1.8538855229249165,17.190133720000023,5438.604816227501,-538.1379444060761,5438.604816227501,-538.1379444060761,5438.604816227501,-538.1379444060761,predicted_speed
4716975,-1.5614,0.2774,9.2782,-0.0236,0.0119,0.0421,52.473263,-1.392261,19.25,69.437,93.263,9.41275283644482,0.0497089529159486,0.227084645725105,0.0259278679953652,-1.7933,-0.3011,0.1136999999999996,-0.0168,0.0332,0.0501999999999999,0.1,43.703989999999976,5396.964347650537,-506.0481111592857,GNSS_OUTAGE,False,1.8523030229249164,17.041141720000024,5440.2418529954675,-538.6113530366865,5440.2418529954675,-538.6113530366865,5440.2418529954675,-538.6113530366865,predicted_speed
4717075,-0.7257,-0.846,8.8389,-0.0027,0.0024,0.0375,52.473263,-1.392261,19.25,69.473,93.223,8.908900588737087,0.0376735981822814,-0.5038522477077336,-0.0120353547336672,0.8356999999999999,-1.1234,-0.4392999999999993,0.0209,-0.0095,-0.0046,0.1,63.91090000000002,5396.964347650537,-506.0481111592857,GNSS_OUTAGE,False,1.8528105229249165,16.975719720000022,5441.872365535227,-539.0837717681176,5441.872365535227,-539.0837717681176,5441.872365535227,-539.0837717681176,predicted_speed
4717175,0.3737,-0.52,10.1111,0.0307,0.0008,-0.0185,52.473263,-1.392261,19.25,69.426,93.421,10.131357011772906,0.0358521965854255,1.222456423035819,-0.0018214015968558,1.0994,0.3259999999999999,1.2721999999999998,0.0334,-0.0015999999999999,-0.0559999999999999,0.1,34.50244,5396.964347650537,-506.0481111592857,GNSS_OUTAGE,False,1.8566580229249166,17.020237720000022,5443.5053195215805,-539.5637157220375,5443.5053195215805,-539.5637157220375,5443.5053195215805,-539.5637157220375,predicted_speed
4717275,0.3027,-0.5713,9.8597,-0.0493,-0.0037,-0.0365,52.473263,-1.392261,19.25,69.862,93.345,9.88087521781345,0.061452664710328,-0.2504817939594552,0.0256004681249025,-0.0709999999999999,-0.0513,-0.2514000000000003,-0.08,-0.0045,-0.018,0.1,40.73735,5396.964347650537,-506.0481111592857,GNSS_OUTAGE,False,1.8525055229249165,17.05765572000002,5445.143846695337,-540.0379149285777,5445.143846695337,-540.0379149285777,5445.143846695337,-540.0379149285777,predicted_speed
4717375,-0.1923,0.0464,8.3304,-0.0107,0.006,-0.0889,52.473263,-1.392261,19.25,69.545,93.299,8.332748430740002,0.0897424091497437,-1.548126787073448,0.0282897444394156,-0.495,0.6177,-1.529300000000001,0.0385999999999999,0.0097,-0.0524,0.1,51.22903999999998,5396.964347650537,-506.0481111592857,GNSS_OUTAGE,False,1.8522130229249165,17.04557372000002,5446.781351829275,-540.5112993080894,5446.781351829275,-540.5112993080894,5446.781351829275,-540.5112993080894,predicted_speed
4717476,-0.869,0.6117,8.9151,-0.0372,-0.0623,-0.089,52.473263,-1.392261,19.25,69.581,93.383,8.9782150731646,0.1148308756389151,0.6454666424245978,0.0250884664891714,-0.6767,0.5653,0.5847000000000016,-0.0264999999999999,-0.0683,-9.9999999999989e-05,0.101,46.59054999999999,5396.964347650537,-506.0481111592857,GNSS_OUTAGE,False,1.8492410979249165,16.96502420000002,5448.428823485022,-540.982264090046,5448.428823485022,-540.982264090046,5448.428823485022,-540.982264090046,predicted_speed
4717575,0.1719,0.7395,8.3098,-0.0051,0.0404,0.0766,52.473263,-1.392261,19.25,69.757,93.417,8.344410458504543,0.0867509654124955,-0.6338046146600576,-0.0280799102264196,1.0409,0.1278,-0.6053000000000015,0.0321,0.1027,0.1656,0.099,49.66161999999999,5396.964347650537,-506.0481111592857,GNSS_OUTAGE,False,1.8495059229249164,16.98911882000002,5450.04584294859,-541.4449867237543,5450.04584294859,-541.4449867237543,5450.04584294859,-541.4449867237543,predicted_speed
4717676,0.6736,-0.7464,9.7997,0.0402,0.1345,0.1482,52.473263,-1.392261,19.25,69.768,93.385,9.851140543612196,0.2041311588170703,1.5067300851076535,0.1173801934045747,0.5017,-1.4859,1.4899000000000004,0.0453,0.0941,0.0716,0.101,33.23735000000001,5396.964347650537,-506.0481111592857,GNSS_OUTAGE,False,1.8543513979249164,17.06437190000002,5451.700519755843,-541.9271716441016,5451.700519755843,-541.9271716441016,5451.700519755843,-541.9271716441016,predicted_speed
4717776,-0.2952,-0.5931,10.1988,-0.0519,-0.0927,-0.0299,52.473263,-1.392261,19.25,70.096,93.244,10.22029510777453,0.1103671599707086,0.3691545641623346,-0.0937639988463616,-0.9688,0.1533,0.3991000000000007,-0.0921,-0.2272,-0.1781,0.1,41.515999999999984,5396.964347650537,-506.0481111592857,GNSS_OUTAGE,False,1.8499388979249165,17.041999900000018,5453.3387536413375,-542.3967324413708,5453.3387536413375,-542.3967324413708,5453.3387536413375,-542.3967324413708,predicted_speed
4717876,-0.1957,-0.443,10.5492,0.0153,0.0077,0.012,52.473263,-1.392261,19.25,70.10600000000001,93.156,10.560310986424597,0.020913631917962,0.340015878650064,-0.0894535280527466,0.0995,0.1500999999999999,0.3504000000000005,0.0672,0.1004,0.0419,0.1,51.10460999999997,5396.964347650537,-506.0481111592857,GNSS_OUTAGE,False,1.8522463979249164,17.029577900000017,5454.974706330805,-542.8697271901217,5454.974706330805,-542.8697271901217,5454.974706330805,-542.8697271901217,predicted_speed
4717976,0.6488,0.2295,10.6246,0.0365,0.0784,0.0634,52.473263,-1.392261,19.25,69.94800000000001,93.248,10.646865118428051,0.1072304527641285,0.0865541320034584,0.0863168208461665,0.8445,0.6725,0.0753999999999983,0.0211999999999999,0.0707,0.0514,0.1,41.52362,5396.964347650537,-506.0481111592857,GNSS_OUTAGE,False,1.8566738979249164,17.101605900000017,5456.615459279402,-543.3519916458496,5456.615459279402,-543.3519916458496,5456.615459279402,-543.3519916458496,predicted_speed
4718075,-0.0678,-0.1488,8.2062,-0.0653,-0.0454,-0.0131,52.473263,-1.392261,19.25,70.355,93.316,8.2078289894466,0.0806031016772927,-2.439036128981453,-0.0266273510868357,-0.7166,-0.3782999999999999,-2.4183999999999983,-0.1018,-0.1238,-0.0765,0.099,53.45711,5396.964347650537,-506.0481111592857,GNSS_OUTAGE,False,1.8509789229249165,17.101970220000016,5458.242532023299,-543.8201851319546,5458.242532023299,-543.8201851319546,5458.242532023299,-543.8201851319546,predicted_speed
4718176,0.4242,-0.1067,9.6328,-0.0265,-0.033,-0.0069,52.473263,-1.392261,19.25,70.46300000000001,93.327,9.64272608601945,0.0428819309266735,1.4348970965728505,-0.0377211707506192,0.492,0.0420999999999999,1.4265999999999988,0.0388,0.0124,0.0062,0.101,38.61364999999999,5396.964347650537,-506.0481111592857,GNSS_OUTAGE,False,1.8490876979249165,17.152033900000017,5459.908237193468,-544.2960859627875,5459.908237193468,-544.2960859627875,5459.908237193468,-544.2960859627875,predicted_speed
4718276,-0.1192,-0.3551,9.7086,0.0338,0.0426,0.0376,52.473152,-1.389696,19.87,70.42699999999999,93.296,9.715823105120842,0.06611323619367,0.0730970191013913,0.0232313052669964,-0.5434,-0.2484,0.0758000000000009,0.0602999999999999,0.0756,0.0445,0.1,44.43687000000002,5570.679836008074,-518.3907480168293,GNSS_OUTAGE,False,1.8532451979249165,17.147261900000018,5461.555018726385,-544.773994415858,5461.555018726385,-544.773994415858,5461.555018726385,-544.773994415858,predicted_speed
4718375,-0.8064,0.2386,8.9892,-0.0025,0.0032,-0.0006,52.473152,-1.389696,19.87,70.495,93.385,9.02845100557122,0.0041048751503547,-0.6873720995496218,-0.0620083610433152,-0.6872,0.5937,-0.7194000000000003,-0.0363,-0.0394,-0.0382,0.099,47.68025999999999,5570.679836008074,-518.3907480168293,GNSS_OUTAGE,False,1.8537674229249166,17.07450482000002,5463.178168651275,-545.2459639758474,5463.178168651275,-545.2459639758474,5463.178168651275,-545.2459639758474,predicted_speed
4718475,0.5868,0.3924,10.0341,0.023,0.0653,0.0361,52.473152,-1.389696,19.87,70.682,93.214,10.058900278360454,0.0780788063433349,1.0304492727892338,0.0739739311929801,1.3932,0.1538,1.0449000000000002,0.0255,0.0620999999999999,0.0367,0.1,43.43137,5570.679836008074,-518.3907480168293,GNSS_OUTAGE,False,1.8568449229249167,17.14033282000002,5464.822554426811,-545.7296017669872,5464.822554426811,-545.7296017669872,5464.822554426811,-545.7296017669872,predicted_speed
4718576,-0.6634,-0.145,9.7623,-0.011,0.0385,0.0463,52.473152,-1.389696,19.87,70.517,93.21,9.785889119032568,0.0612122536752242,-0.2730111593278863,-0.0168665526681107,-1.2502,-0.5374,-0.2718000000000007,-0.034,-0.0267999999999999,0.0102,0.101,47.42282,5570.679836008074,-518.3907480168293,GNSS_OUTAGE,False,1.8565191979249167,17.080548900000018,5466.477749703077,-546.2158330699414,5466.477749703077,-546.2158330699414,5466.477749703077,-546.2158330699414,predicted_speed
4718675,-0.6374,-0.9411,11.4013,-0.0351,-0.0005,-0.0236,52.473152,-1.389696,19.87,70.639,93.397,11.457817840234677,0.0422991725687394,1.6719287212021072,-0.0189130811064847,0.026,-0.7961,1.6390000000000011,-0.0241,-0.039,-0.0699,0.099,46.16436000000001,5570.679836008074,-518.3907480168293,GNSS_OUTAGE,False,1.8538140229249167,17.02452282000002,5468.096126268854,-546.6864964557687,5468.096126268854,-546.6864964557687,5468.096126268854,-546.6864964557687,predicted_speed
4718776,-0.7061,-0.2542,9.5935,-0.0032,-0.0748,-0.1238,52.473152,-1.389696,19.87,70.726,93.472,9.622808171214889,0.1446779872682779,-1.8350096690197863,0.1023788146995385,-0.0686999999999999,0.6869000000000001,-1.8078000000000003,0.0319,-0.0743,-0.1002,0.101,50.03192000000001,5570.679836008074,-518.3907480168293,GNSS_OUTAGE,False,1.8542760979249167,16.96042620000002,5469.740759881343,-547.1656203614148,5469.740759881343,-547.1656203614148,5469.740759881343,-547.1656203614148,predicted_speed
4718876,0.9418,1.3232,10.3175,0.0257,0.1106,0.0047,52.473152,-1.389696,19.87,70.902,93.477,10.444551293856524,0.1136439175671095,0.821743122641637,-0.0310340697011683,1.6479,1.5774,0.7240000000000002,0.0289,0.1854,0.1285,0.1,39.96937999999999,5570.679836008074,-518.3907480168293,GNSS_OUTAGE,False,1.8576235979249167,17.061754200000017,5471.377231722474,-547.6483153758908,5471.377231722474,-547.6483153758908,5471.377231722474,-547.6483153758908,predicted_speed
4718976,0.0281,1.3863,6.816,0.0034,0.0117,-0.0286,52.473152,-1.389696,19.87,70.985,93.447,6.955607327904588,0.031087135603011,-3.488943965951938,-0.0825567819640984,-0.9137,0.0631000000000001,-3.501500000000001,-0.0223,-0.0989,-0.0333,0.1,48.09004,5570.679836008074,-518.3907480168293,GNSS_OUTAGE,False,1.8587410979249168,17.071712200000018,5473.014117932684,-548.1331216353591,5473.014117932684,-548.1331216353591,5473.014117932684,-548.1331216353591,predicted_speed
4719075,-1.0293,0.3619,8.1888,-0.0763,-0.2048,-0.1434,52.473152,-1.389696,19.87,71.01,93.114,8.261166717843189,0.2613968056423031,1.305559389938601,0.230309670039292,-1.0574,-1.0244,1.372800000000001,-0.0797,-0.2165,-0.1148,0.099,51.73953,5570.679836008074,-518.3907480168293,GNSS_OUTAGE,False,1.8519571229249168,16.97688802000002,5474.628835009842,-548.5994705375001,5474.628835009842,-548.5994705375001,5474.628835009842,-548.5994705375001,predicted_speed
4719176,0.7363,-0.3843,12.6657,-0.0356,-0.0676,0.0254,52.473152,-1.389696,19.87,71.11399999999999,93.473,12.69290276768872,0.0805126077083583,4.431736049845531,-0.1808841979339448,1.7656,-0.7462,4.476899999999999,0.0407,0.1372,0.1688,0.101,45.44277,5570.679836008074,-518.3907480168293,GNSS_OUTAGE,False,1.8491467979249168,17.05847380000002,5476.285426195337,-549.0728733524463,5476.285426195337,-549.0728733524463,5476.285426195337,-549.0728733524463,predicted_speed
4719276,-0.4761,-0.0687,11.9686,0.0506,0.1305,0.1458,52.473152,-1.389696,19.87,70.816,93.705,11.978262681207154,0.2021095000241206,-0.7146400864815661,0.1215968923157622,-1.2124,0.3156,-0.6970999999999989,0.0862,0.1981,0.1204,0.1,41.1047,5570.679836008074,-518.3907480168293,GNSS_OUTAGE,False,1.8549842979249167,17.018011800000018,5477.9189675245125,-549.550021109566,5477.9189675245125,-549.550021109566,5477.9189675245125,-549.550021109566,predicted_speed
4719376,-0.4461,-0.776,11.9549,-0.0082,-0.0284,-0.0409,52.473152,-1.389696,19.87,70.985,93.851,11.98836165704055,0.0504639475269226,0.0100989758333955,-0.1516455524971979,0.03,-0.7073,-0.0137,-0.0588,-0.1589,-0.1867,0.1,52.88545000000002,5570.679836008074,-518.3907480168293,GNSS_OUTAGE,False,1.8549417979249168,16.980549800000016,5479.548933147771,-550.026049241192,5479.548933147771,-550.026049241192,5479.548933147771,-550.026049241192,predicted_speed
4719475,-0.048,-0.0783,8.5973,0.0024,0.0584,-0.0016,52.473152,-1.389696,19.87,71.176,93.73,8.597790540598208,0.0584711894867891,-3.390571116442341,0.0080072419598665,0.3981,0.6977,-3.3576,0.0106,0.0868,0.0393,0.099,51.63146,5570.679836008074,-518.3907480168293,GNSS_OUTAGE,False,1.8559491229249168,16.982874320000015,5481.162344410923,-550.4990070739976,5481.162344410923,-550.4990070739976,5481.162344410923,-550.4990070739976,predicted_speed
4719576,-1.3843,1.0699,9.0235,-0.0233,0.0094,0.0229,52.473152,-1.389696,19.87,70.985,93.858,9.191546374250636,0.0339949996322988,0.5937558336524287,-0.0244761898544902,-1.3363,1.1482,0.4261999999999997,-0.0257,-0.049,0.0245,0.101,51.92997000000003,5570.679836008074,-518.3907480168293,GNSS_OUTAGE,False,1.8543810979249167,16.850279500000013,5482.796247230461,-550.9751909506175,5482.796247230461,-550.9751909506175,5482.796247230461,-550.9751909506175,predicted_speed
4719676,-0.487,0.685,9.6043,-0.0342,-0.0219,0.0304,52.473152,-1.389696,19.87,71.111,93.882,9.64100474483858,0.0507287886707341,0.4494583705879424,0.0167337890384352,0.8973000000000001,-0.3849,0.5808,-0.0109,-0.0313,0.0075,0.1,38.02596,5570.679836008074,-518.3907480168293,GNSS_OUTAGE,False,1.8517385979249166,16.808727500000014,5484.411220708339,-551.4412315791492,5484.411220708339,-551.4412315791492,5484.411220708339,-551.4412315791492,predicted_speed
4719775,-0.0302,-0.5698,10.0265,-0.0201,0.0271,0.075,52.473152,-1.389696,19.87,71.075,93.972,10.042723053534834,0.0822400145914383,0.401718308696255,0.0315112259207042,0.4568,-1.2548,0.4222000000000001,0.0141,0.049,0.0446,0.099,41.63618000000002,5570.679836008074,-518.3907480168293,GNSS_OUTAGE,False,1.8505184229249165,16.812814220000014,5486.010995085667,-551.9007723150273,5486.010995085667,-551.9007723150273,5486.010995085667,-551.9007723150273,predicted_speed
4719877,1.1334,0.3542,8.7639,0.0115,0.0672,0.0888,52.473152,-1.389696,19.87,71.41,93.848,8.843980801087257,0.11195324917125,-1.1987422524475768,0.0297132345798116,1.1636,0.924,-1.2626000000000008,0.0316,0.0401,0.0138,0.102,44.26563999999999,5570.679836008074,-518.3907480168293,GNSS_OUTAGE,False,1.8524844729249166,16.935711980000015,5487.670354945057,-552.380962766003,5487.670354945057,-552.380962766003,5487.670354945057,-552.380962766003,predicted_speed
4719975,0.1427,-1.1199,9.0074,-0.033,-0.0242,-0.0039,52.473152,-1.389696,19.87,71.06,94.129,9.077873873325188,0.0411077851507473,0.2338930722379295,-0.0708454640205027,-0.9907,-1.4741,0.2435000000000009,-0.0445,-0.0914,-0.0927,0.098,48.94599,5570.679836008074,-518.3907480168293,GNSS_OUTAGE,False,1.8500124229249166,16.956701620000015,5489.267754821254,-552.838946565726,5489.267754821254,-552.838946565726,5489.267754821254,-552.838946565726,predicted_speed
4720075,-0.6761,-0.1034,11.669,0.0361,0.0542,0.0278,52.473152,-1.389696,19.87,71.35600000000001,93.725,11.689027494620758,0.0708074148659587,2.611153621295572,0.0296996297152114,-0.8188,1.0165,2.6616,0.0691,0.0784,0.0317,0.1,50.02521000000001,5570.679836008074,-518.3907480168293,GNSS_OUTAGE,False,1.8543999229249166,16.896239620000014,5490.889883926066,-553.3117322468587,5490.889883926066,-553.3117322468587,5490.889883926066,-553.3117322468587,predicted_speed
4720175,1.2528,0.2406,11.0812,0.0339,-0.0298,-0.0649,52.473152,-1.389696,19.87,71.334,94.027,11.154388806205386,0.0790522611947311,-0.534638688415372,0.0082448463287723,1.9289,0.344,-0.5877999999999997,-0.0022,-0.0839999999999999,-0.0927,0.1,41.43503,5570.679836008074,-518.3907480168293,GNSS_OUTAGE,False,1.8585674229249167,17.028667620000014,5492.5227268565595,-553.7950325401167,5492.5227268565595,-553.7950325401167,5492.5227268565595,-553.7950325401167,predicted_speed
4720275,-1.0526,-1.1429,8.6968,0.0287,0.0946,0.0781,52.473152,-1.389696,19.87,71.428,94.08,8.834507196782399,0.1259859515977872,-2.319881609422988,0.0469336904030561,-2.3054,-1.3835,-2.384400000000001,-0.0052,0.1244,0.143,0.1,45.34324999999999,5570.679836008074,-518.3907480168293,GNSS_OUTAGE,False,1.8622149229249167,16.930555620000014,5494.144398558341,-554.2814665311789,5494.144398558341,-554.2814665311789,5494.144398558341,-554.2814665311789,predicted_speed
4720375,0.2851,0.662,9.0799,-0.0651,-0.0663,-0.0289,52.473152,-1.389696,19.87,71.66199999999999,93.917,9.108463647619176,0.0973083244126626,0.273956450836776,-0.0286776271851246,1.3377,1.8049,0.3831000000000006,-0.0938,-0.1609,-0.107,0.1,42.96892999999997,5570.679836008074,-518.3907480168293,GNSS_OUTAGE,False,1.8564824229249168,16.966213620000016,5495.772253355318,-554.7596012464564,5495.772253355318,-554.7596012464564,5495.772253355318,-554.7596012464564,predicted_speed
4720476,-0.8781,0.5173,8.2782,-0.0226,0.0376,0.048,52.473152,-1.389696,19.87,70.87,93.757,8.34069866018429,0.0650270712857345,-0.7677649874348855,-0.0322812531269281,-1.1632,-0.1447,-0.8017000000000003,0.0425,0.1038999999999999,0.0769,0.101,49.87577000000001,5570.679836008074,-518.3907480168293,GNSS_OUTAGE,False,1.8549850979249167,16.884745000000017,5497.409209651723,-555.2377479165949,5497.409209651723,-555.2377479165949,5497.409209651723,-555.2377479165949,predicted_speed
4720576,-0.8714,-0.0893,10.6129,-0.0096,-0.0196,0.0095,52.473152,-1.389696,19.87,71.222,94.583,10.648988630851289,0.023802730935756,2.3082899706669995,-0.0412243403499784,0.0067,-0.6066,2.3347,0.013,-0.0572,-0.0385,0.1,61.08927999999997,5570.679836008074,-518.3907480168293,GNSS_OUTAGE,False,1.8548025979249168,16.804753000000016,5499.022366074212,-555.7086232615566,5499.022366074212,-555.7086232615566,5499.022366074212,-555.7086232615566,predicted_speed
4720676,0.3458,-0.2185,9.7892,0.0777,0.0555,0.009,52.473152,-1.389696,19.87,71.28399999999999,94.087,9.797742420068,0.095909019388168,-0.8512462107832874,0.0721062884524119,1.2172,-0.1291999999999999,-0.8237000000000005,0.0873,0.0751,-0.0005,0.1,36.87942999999999,5570.679836008074,-518.3907480168293,GNSS_OUTAGE,False,1.8633500979249167,16.846481000000015,5500.635434310443,-556.194473121179,5500.635434310443,-556.194473121179,5500.635434310443,-556.194473121179,predicted_speed
4720775,-0.0271,-0.9464,10.4982,0.0006,-0.0187,-0.1275,52.473152,-1.389696,19.87,70.87,97.155,10.540806924045237,0.1288654336895662,0.7430645039772354,0.0329564143013981,-0.3729,-0.7279,0.7090000000000014,-0.0771,-0.0742,-0.1365,0.099,41.91663000000001,5570.679836008074,-518.3907480168293,GNSS_OUTAGE,False,1.8641792229249168,16.850874620000013,5502.232388896126,-556.676914167047,5502.232388896126,-556.676914167047,5502.232388896126,-556.676914167047,predicted_speed
4720876,0.0903,1.077,7.7622,-0.0335,-0.0169,-0.0475,52.473152,-1.389696,19.87,70.722,96.26,7.837080574423106,0.0605318924204423,-2.703726349622131,-0.0683335412691239,0.1174,2.0234,-2.7360000000000007,-0.0341,0.0018,0.08,0.101,52.05227,5570.679836008074,-518.3907480168293,GNSS_OUTAGE,False,1.8615809979249167,16.867214400000012,5503.864459539488,-557.1653399223846,5503.864459539488,-557.1653399223846,5503.864459539488,-557.1653399223846,predicted_speed
4720975,-0.431,-0.105,9.2357,-0.0771,-0.0347,0.0466,52.473152,-1.389696,19.87,72.083,95.998,9.246347413438452,0.0965404578402236,1.4092668390153475,0.0360085654197813,-0.5213,-1.182,1.4734999999999996,-0.0436,-0.0178,0.0941,0.099,39.63168,5570.679836008074,-518.3907480168293,GNSS_OUTAGE,False,1.8547178229249166,16.831621920000014,5505.464077438543,-557.6321162561939,5505.464077438543,-557.6321162561939,5505.464077438543,-557.6321162561939,predicted_speed
4721075,-1.6519,0.4976,9.7001,0.0118,0.0057,0.0501,52.473152,-1.389696,19.87,71.071,96.441,9.852325582318116,0.0517855192114552,0.6059781688796626,-0.0447549386287684,-1.2209,0.6026,0.4644000000000012,0.0889,0.0404,0.0034999999999999,0.1,37.77215,5570.679836008074,-518.3907480168293,GNSS_OUTAGE,False,1.8566753229249167,16.673579920000016,5507.063764281921,-558.1023126796298,5507.063764281921,-558.1023126796298,5507.063764281921,-558.1023126796298,predicted_speed
4721175,-0.8437,-0.7702,12.0904,0.0175,-0.0075,0.0191,52.473152,-1.389696,19.87,69.38600000000001,97.26,12.14425007524137,0.0269686855445347,2.291924492923254,-0.0248168336669204,0.8081999999999999,-1.2678,2.3903,0.0057,-0.0132,-0.031,0.1,61.193120000000015,5570.679836008074,-518.3907480168293,GNSS_OUTAGE,False,1.8592028229249167,16.596357920000017,5508.654854335298,-558.5743544194482,5508.654854335298,-558.5743544194482,5508.654854335298,-558.5743544194482,predicted_speed
4721276,-0.5041,-0.6537,11.1508,0.0163,0.0271,-0.012,52.473152,-1.389696,19.87,69.08800000000001,96.353,11.181313927262751,0.0338245472992618,-0.9629361479786168,0.006855861754727,0.3396,0.1165,-0.9396000000000004,-0.0012,0.0346,-0.0311,0.101,52.29814,5570.679836008074,-518.3907480168293,GNSS_OUTAGE,False,1.8616343979249166,16.552663300000017,5510.256463435458,-559.0537572111036,5510.256463435458,-559.0537572111036,5510.256463435458,-559.0537572111036,predicted_speed
4721376,0.1879,0.7973,8.7329,-0.036,0.0167,-0.0142,52.473152,-1.389696,19.87,69.818,94.698,8.7712334429087,0.0421489027140683,-2.4100804843540526,0.0083243554148065,0.692,1.451,-2.4178999999999995,-0.0523,-0.0104,-0.0022,0.1,51.297000000000025,5570.679836008074,-518.3907480168293,GNSS_OUTAGE,False,1.8588118979249166,16.578601300000017,5511.846035378682,-559.524672541027,5511.846035378682,-559.524672541027,5511.846035378682,-559.524672541027,predicted_speed
4721475,0.1593,0.9173,9.6208,-0.0509,-0.0565,-0.0771,52.473152,-1.389696,19.87,71.107,94.718,9.665744069651335,0.1082934439382181,0.8945106267426368,0.0661445412241497,-0.0286,0.12,0.8878999999999984,-0.0149,-0.0732,-0.0629,0.099,45.863410000000016,5570.679836008074,-518.3907480168293,GNSS_OUTAGE,False,1.8545425229249166,16.601448520000016,5513.423859093435,-559.9847890961383,5513.423859093435,-559.9847890961383,5513.423859093435,-559.9847890961383,predicted_speed
4721575,-1.0282,0.2202,8.9313,-0.0139,0.0026,-0.0159,52.473152,-1.389696,19.87,70.938,95.057,8.992986321017062,0.0212786277753054,-0.6727577486342753,-0.0870148161629127,-1.1875,-0.6971,-0.6894999999999989,0.037,0.0591,0.0612,0.1,59.02676999999999,5570.679836008074,-518.3907480168293,GNSS_OUTAGE,False,1.8539300229249167,16.505776520000015,5515.0087185114435,-560.4459042774441,5515.0087185114435,-560.4459042774441,5515.0087185114435,-560.4459042774441,predicted_speed
4721676,0.6162,0.0265,10.1014,-0.0105,0.0347,0.0593,52.473152,-1.389696,19.87,72.461,94.641,10.120211788791774,0.0695041725366182,1.1272254677747124,0.0482255447613128,1.6444,-0.1937,1.1700999999999997,0.0033999999999999,0.0321,0.0752,0.101,41.45621,5570.679836008074,-518.3907480168293,GNSS_OUTAGE,False,1.8536547979249167,16.575232200000016,5516.616290900106,-560.913147942856,5516.616290900106,-560.913147942856,5516.616290900106,-560.913147942856,predicted_speed
4721775,0.8556,0.3021,9.168,-0.0002,0.0068,-0.0046,52.473152,-1.389696,19.87,72.19800000000001,95.46,9.212792180984003,0.0082121860670591,-0.9074196078077712,-0.0612919864695591,0.2394,0.2755999999999999,-0.9334000000000008,0.0103,-0.0279,-0.0639,0.099,38.9011,5570.679836008074,-518.3907480168293,GNSS_OUTAGE,False,1.8544047229249168,16.667013120000018,5518.20040960094,-561.3748633629458,5518.20040960094,-561.3748633629458,5518.20040960094,-561.3748633629458,predicted_speed
4721876,-0.7169,-0.1732,10.0355,-0.0214,-0.0382,-0.0477,52.473152,-1.389696,19.87,72.756,92.656,10.062564489234344,0.0647494401520198,0.8497723082503406,0.0565372540849607,-1.5725,-0.4752999999999999,0.8675000000000015,-0.0212,-0.045,-0.0431,0.101,42.66015000000002,5570.679836008074,-518.3907480168293,GNSS_OUTAGE,False,1.8530285979249168,16.601825700000017,5519.810853939598,-561.8418483110403,5519.810853939598,-561.8418483110403,5519.810853939598,-561.8418483110403,predicted_speed
4721976,-0.6667,0.8043,9.6718,-0.0114,-0.0171,-0.0466,52.473152,-1.389696,19.87,71.957,93.234,9.728057494690294,0.0509306391084973,-0.33450699454405,-0.0138188010435224,0.0502,0.9775,-0.3637000000000014,0.0099999999999999,0.0210999999999999,0.0010999999999999,0.1,45.41358,5570.679836008074,-518.3907480168293,GNSS_OUTAGE,False,1.8526660979249168,16.542303700000016,5521.39980347747,-562.301975992371,5521.39980347747,-562.301975992371,5521.39980347747,-562.301975992371,predicted_speed
4722076,-0.7123,0.2704,9.3143,0.0439,0.0516,-0.002,52.473152,-1.389696,19.87,71.942,94.054,9.34540913711112,0.0677773561006919,-0.3826483575791748,0.0168467169921945,-0.0456,-0.5339,-0.3574999999999999,0.0553,0.0687,0.0446,0.1,46.49444999999999,5570.679836008074,-518.3907480168293,GNSS_OUTAGE,False,1.8578335979249168,16.478221700000017,5522.9802080808095,-562.7684941524564,5522.9802080808095,-562.7684941524564,5522.9802080808095,-562.7684941524564,predicted_speed
4722176,0.938,-0.0908,11.4829,0.0094,0.0154,0.0287,52.473152,-1.389696,19.87,72.544,93.909,11.521505155577549,0.0339,2.176096018466429,-0.0338773561006919,1.6503,-0.3611999999999999,2.1686000000000014,-0.0345,-0.0361999999999999,0.0306999999999999,0.1,45.21108999999999,5570.679836008074,-518.3907480168293,GNSS_OUTAGE,False,1.8595510979249168,16.579169700000016,5524.569485975949,-563.2406005508838,5524.569485975949,-563.2406005508838,5524.569485975949,-563.2406005508838,predicted_speed
4722276,0.7789,-0.1963,10.6759,-0.012,0.0095,0.0372,52.473152,-1.389696,19.87,71.968,93.834,10.706075831508011,0.0402254894314537,-0.8154293240695356,0.0063254894314537,-0.1590999999999999,-0.1055,-0.8070000000000004,-0.0214,-0.0059,0.0084999999999999,0.1,44.409910000000025,5570.679836008074,-518.3907480168293,GNSS_OUTAGE,False,1.8591285979249168,16.664207700000016,5526.167115952506,-563.714453524594,5526.167115952506,-563.714453524594,5526.167115952506,-563.714453524594,predicted_speed
4722375,-0.1898,0.1179,9.7485,0.0068,0.1073,0.1,52.473152,-1.389696,19.87,72.306,94.117,9.75106028593814,0.1468316382800382,-0.9550155455698732,0.1066061488485845,-0.9687,0.3142,-0.9274000000000004,0.0188,0.0978,0.0628,0.099,40.784869999999984,5570.679836008074,-518.3907480168293,GNSS_OUTAGE,False,1.860571522924917,16.652494020000017,5527.746979779878,-564.1855183311354,5527.746979779878,-564.1855183311354,5527.746979779878,-564.1855183311354,predicted_speed
4722476,-0.492,-1.5616,10.6495,-0.0053,-0.0104,0.0156,52.473152,-1.389696,19.87,72.14,93.985,10.774623372071993,0.0194835828327338,1.0235630861338514,-0.1273480554473044,-0.3022,-1.6795,0.9009999999999998,-0.0121,-0.1177,-0.0844,0.101,49.05228999999999,5570.679836008074,-518.3907480168293,GNSS_OUTAGE,False,1.860821497924917,16.610021500000016,5529.354529293177,-564.6652757284286,5529.354529293177,-564.6652757284286,5529.354529293177,-564.6652757284286,predicted_speed
4722575,-0.9548,-1.1401,11.4836,0.033,-0.0438,-0.0632,52.473152,-1.389696,19.87,72.346,94.143,11.579487899298485,0.083676041971403,0.804864527226492,0.0641924591386692,-0.4628,0.4215000000000002,0.8340999999999994,0.0383,-0.0334,-0.0788,0.099,47.00307000000004,5570.679836008074,-518.3907480168293,GNSS_OUTAGE,False,1.8648582229249169,16.522572820000015,5530.92004921558,-565.1393805811506,5530.92004921558,-565.1393805811506,5530.92004921558,-565.1393805811506,predicted_speed
4722676,0.9012,-0.9529,10.8047,-0.05,-0.1508,-0.1153,52.473152,-1.389696,19.87,72.34899999999999,94.551,10.884012217008946,0.196302648988749,-0.6954756822895369,0.1126266070173459,1.856,0.1871999999999999,-0.6788999999999987,-0.083,-0.1069999999999999,-0.0520999999999999,0.101,40.38771999999997,5570.679836008074,-518.3907480168293,GNSS_OUTAGE,False,1.8605934979249168,16.620813500000015,5532.528752613136,-565.6190829184691,5532.528752613136,-565.6190829184691,5532.528752613136,-565.6190829184691,predicted_speed
4722775,0.6433,-0.2911,9.834,-0.0407,-0.0382,-0.0263,52.473152,-1.389696,19.87,72.119,94.617,9.859316918529396,0.0617042948262112,-1.02469529847955,-0.1345983541625377,-0.2579,0.6617999999999999,-0.9707000000000008,0.0093,0.1125999999999999,0.089,0.099,41.58944999999998,5570.679836008074,-518.3907480168293,GNSS_OUTAGE,False,1.8573339229249168,16.691576720000015,5534.113844710775,-566.0861238567741,5534.113844710775,-566.0861238567741,5534.113844710775,-566.0861238567741,predicted_speed
4722875,-0.7763,-0.4451,9.1851,-0.0326,-0.0221,-0.0293,52.473152,-1.389696,19.87,72.72,94.288,9.228586983390253,0.0490882878088042,-0.6307299351391435,-0.0126160070174069,-1.4196,-0.1539999999999999,-0.6488999999999994,0.0081,0.0160999999999999,-0.0029999999999999,0.1,51.02394000000002,5570.679836008074,-518.3907480168293,GNSS_OUTAGE,False,1.854851422924917,16.621094720000016,5535.70934828868,-566.5519309303608,5535.70934828868,-566.5519309303608,5535.70934828868,-566.5519309303608,predicted_speed
4722975,-0.0931,-0.6301,9.2034,-0.006,0.0206,0.0095,52.473152,-1.389696,19.87,72.79899999999999,94.408,9.225414092603106,0.0234650804388137,-0.0031728907871464,-0.0256232073699905,0.6832,-0.185,0.0182999999999999,0.0266,0.0427,0.0388,0.1,38.29567,5570.679836008074,-518.3907480168293,GNSS_OUTAGE,False,1.8550289229249168,16.618932720000018,5537.30456163526,-567.0179605714901,5537.30456163526,-567.0179605714901,5537.30456163526,-567.0179605714901,predicted_speed
4723075,-0.1064,0.3439,9.3465,-0.0031,0.0257,0.0007,52.473152,-1.389696,19.87,72.706,93.985,9.353429874650262,0.0258957525474738,0.1280157820471554,0.0024306721086601,-0.0132999999999999,0.974,0.1431000000000004,0.0029,0.0051,-0.0088,0.1,41.96656,5570.679836008074,-518.3907480168293,GNSS_OUTAGE,False,1.855496422924917,16.615440720000016,5538.89922179539,-567.4846378442293,5538.89922179539,-567.4846378442293,5538.89922179539,-567.4846378442293,predicted_speed
4723175,0.0716,0.6822,9.198,-0.0124,-0.0172,-0.0171,52.473152,-1.389696,19.87,72.59,94.582,9.223542020287,0.0272398604989085,-0.1298878543632611,0.0013441079514346,0.178,0.3383,-0.1485000000000003,-0.0093,-0.0429,-0.0178,0.1,48.130809999999975,5570.679836008074,-518.3907480168293,GNSS_OUTAGE,False,1.8550339229249169,16.629748720000016,5540.495471013391,-567.9509787698781,5540.495471013391,-567.9509787698781,5540.495471013391,-567.9509787698781,predicted_speed
4723276,1.6184,0.9477,9.2913,0.0489,0.0531,0.0275,52.473152,-1.389696,19.87,73.22,93.882,9.47869239610612,0.077246812231962,0.2551503758191202,0.0500069517330534,1.5468000000000002,0.2654999999999999,0.0932999999999992,0.0613,0.0703,0.0446,0.101,42.57072000000001,5570.679836008074,-518.3907480168293,GNSS_OUTAGE,False,1.860758097924917,16.800426600000016,5542.121479056905,-568.4361326660496,5542.121479056905,-568.4361326660496,5542.121479056905,-568.4361326660496,predicted_speed
4723376,-0.1986,-0.0059,9.4173,-0.0217,-0.0291,0.0022,52.473152,-1.389696,19.87,72.907,93.996,9.419395737519473,0.0363667430491101,-0.0592966585866499,-0.0408800691828519,-1.817,-0.9536,0.1259999999999994,-0.0706,-0.0822,-0.0253,0.1,45.64163000000001,5570.679836008074,-518.3907480168293,GNSS_OUTAGE,False,1.859365597924917,16.787714600000015,5543.730836699291,-568.9138790357933,5543.730836699291,-568.9138790357933,5543.730836699291,-568.9138790357933,predicted_speed
4723475,0.0849,0.3304,9.546,0.0088,0.0556,0.0707,52.473152,-1.389696,19.87,72.73100000000001,95.026,9.552093392026691,0.090373060145156,0.1326976545072202,0.0540063170960459,0.2835,0.3363,0.1287000000000002,0.0305,0.0847,0.0685,0.099,44.96596000000002,5570.679836008074,-518.3907480168293,GNSS_OUTAGE,False,1.861006522924917,16.803196220000014,5545.324791103492,-569.3899003128042,5545.324791103492,-569.3899003128042,5545.324791103492,-569.3899003128042,predicted_speed
4723575,0.1347,0.198,10.2595,-0.0195,0.0108,-0.0027,52.473152,-1.389696,19.87,73.051,93.845,10.26229449684621,0.022453952881397,0.710201104819518,-0.067919107263759,0.0497999999999999,-0.1324,0.7134999999999998,-0.0283,-0.0447999999999999,-0.0733999999999999,0.1,38.12032000000001,5570.679836008074,-518.3907480168293,GNSS_OUTAGE,False,1.859834022924917,16.823814220000013,5546.937384996719,-569.8694294408243,5546.937384996719,-569.8694294408243,5546.937384996719,-569.8694294408243,predicted_speed
4723675,-0.4091,-0.0586,10.0317,0.027,0.0721,0.0313,52.473152,-1.389696,19.87,72.9,94.231,10.040209243835507,0.0831089646187461,-0.2220852530107002,0.060655011737349,-0.5438000000000001,-0.2566,-0.2277999999999984,0.0465,0.0612999999999999,0.034,0.1,46.61472,5570.679836008074,-518.3907480168293,GNSS_OUTAGE,False,1.863311522924917,16.790052220000014,5548.545068795728,-570.3535898872739,5548.545068795728,-570.3535898872739,5548.545068795728,-570.3535898872739,predicted_speed
4723775,0.5878,-0.094,10.0025,0.0323,0.0641,0.0329,52.473152,-1.389696,19.87,72.832,94.28,10.02019715823995,0.0789589133663831,-0.0200120855955585,-0.0041500512523629,0.9969,-0.0354,-0.0292000000000012,0.0053,-0.0079999999999999,0.0015999999999999,0.1,47.56836999999999,5570.679836008074,-518.3907480168293,GNSS_OUTAGE,False,1.867319022924917,16.855980220000014,5550.157104496377,-570.846115614119,5550.157104496377,-570.846115614119,5550.157104496377,-570.846115614119,predicted_speed
4723875,-0.3218,-1.291,9.8177,-0.0577,-0.0378,-0.0006,52.473152,-1.389696,19.87,72.839,93.817,9.907445156547675,0.0689818091963381,-0.1127520016922734,-0.009977104170045,-0.9096,-1.1969999999999998,-0.1847999999999992,-0.09,-0.1019,-0.0335,0.1,37.692749999999975,5570.679836008074,-518.3907480168293,GNSS_OUTAGE,False,1.862326522924917,16.830948220000014,5551.769181453549,-571.3298676828434,5551.769181453549,-571.3298676828434,5551.769181453549,-571.3298676828434,predicted_speed
4723976,0.6658,-0.0669,8.9367,-0.0358,-0.0609,-0.0266,52.473152,-1.389696,19.87,72.961,94.565,8.961717030792704,0.075485164105273,-0.9457281257549734,0.0065033549089349,0.9876,1.2241,-0.8810000000000002,0.0219,-0.0231,-0.026,0.101,47.910030000000006,5570.679836008074,-518.3907480168293,GNSS_OUTAGE,False,1.859495997924917,16.905413500000012,5553.405965357243,-571.8159879383296,5553.405965357243,-571.8159879383296,5553.405965357243,-571.8159879383296,predicted_speed
4724076,-0.0902,0.1987,10.7337,-0.0292,-0.0386,-0.0604,52.473152,-1.389696,19.87,72.796,94.251,10.73591791231658,0.0774,1.7742008815238766,0.0019148358947269,-0.756,0.2656,1.7970000000000006,0.0065999999999999,0.0223,-0.0338,0.1,51.34018999999999,5570.679836008074,-518.3907480168293,GNSS_OUTAGE,False,1.857353497924917,16.903541500000014,5555.027391393605,-572.2937690189804,5555.027391393605,-572.2937690189804,5555.027391393605,-572.2937690189804,predicted_speed
4724176,0.4972,-1.6737,12.063,-0.0747,-0.1297,-0.103,52.473152,-1.389696,19.87,73.242,93.992,12.188701675322111,0.1816897905772363,1.452783763005531,0.1042897905772363,0.5873999999999999,-1.8724,1.3293,-0.0455,-0.0911,-0.0425999999999999,0.1,43.18285000000001,5570.679836008074,-518.3907480168293,GNSS_OUTAGE,False,1.8506609979249171,16.960409500000015,5556.657444187336,-572.7622589267969,5556.657444187336,-572.7622589267969,5556.657444187336,-572.7622589267969,predicted_speed
4724276,-1.0628,0.2337,9.2195,0.0148,-0.0213,-0.0503,52.473152,-1.389696,19.87,73.033,93.634,9.283498251198198,0.0565934625199766,-2.905203424123913,-0.1250963280572597,-1.56,1.9074,-2.8435000000000006,0.0895,0.1084,0.0527,0.1,42.44827,5570.679836008074,-518.3907480168293,GNSS_OUTAGE,False,1.8529184979249171,16.861277500000014,5558.276913912889,-573.2316677010447,5558.276913912889,-573.2316677010447,5558.276913912889,-573.2316677010447,predicted_speed
4724375,0.0683,-0.2046,9.2093,-0.0421,-0.0222,-0.0079,52.473152,-1.389696,19.87,72.547,93.904,9.211825689840207,0.0482458288352475,-0.0716725613579907,-0.0083476336847291,1.1311,-0.4383,-0.0101999999999993,-0.0569,-0.0009,0.0423999999999999,0.099,43.719550000000005,5570.679836008074,-518.3907480168293,GNSS_OUTAGE,False,1.849520322924917,16.875115720000014,5559.883075975389,-573.6913084281736,5559.883075975389,-573.6913084281736,5559.883075975389,-573.6913084281736,predicted_speed
4724476,-0.6069,0.2875,10.8265,-0.0151,0.0162,0.0119,52.473152,-1.389696,19.87,72.749,94.349,10.84730778165716,0.0251408034875578,1.6354820918169537,-0.0231050253476896,-0.6752,0.4921,1.6171999999999986,0.0269999999999999,0.0384,0.0198,0.101,58.17054999999999,5570.679836008074,-518.3907480168293,GNSS_OUTAGE,False,1.8487804979249172,16.821038300000016,5561.516780088035,-574.1575235935771,5561.516780088035,-574.1575235935771,5561.516780088035,-574.1575235935771,predicted_speed
4724575,0.3353,-0.0782,10.5349,0.0149,-0.0036,-0.0508,52.473152,-1.389696,19.87,73.112,94.008,10.540524623565943,0.0530623218489353,-0.3067831580912159,0.0279215183613775,0.9422,-0.3656999999999999,-0.2915999999999989,0.03,-0.0197999999999999,-0.0627,0.099,47.974320000000006,5570.679836008074,-518.3907480168293,GNSS_OUTAGE,False,1.8510253229249172,16.861309520000017,5563.1209350752015,-574.619203045639,5563.1209350752015,-574.619203045639,5563.1209350752015,-574.619203045639,predicted_speed
4724675,-1.3928,-1.0079,10.6805,-0.0235,-0.0771,-0.0965,52.473152,-1.389696,19.87,73.595,94.102,10.817986619514745,0.1257334879815238,0.2774619959487978,0.0726711661325885,-1.7281,-0.9297,0.1455999999999999,-0.0384,-0.0735,-0.0457,0.1,44.14997,5570.679836008074,-518.3907480168293,GNSS_OUTAGE,False,1.8494528229249172,16.729177520000018,5564.729321456482,-575.0793628586046,5564.729321456482,-575.0793628586046,5564.729321456482,-575.0793628586046,predicted_speed
4724775,0.0658,-1.4669,9.9786,0.0142,0.0428,-0.0006,52.473152,-1.389696,19.87,73.663,93.466,10.086058854180854,0.0450981152599529,-0.7319277653338894,-0.0806353727215709,1.4586,-0.4590000000000001,-0.7019000000000002,0.0377,0.1199,0.0959,0.1,23.483490000000007,5570.679836008074,-518.3907480168293,GNSS_OUTAGE,False,1.8516503229249173,16.74290552000002,5566.338011766369,-575.543436494346,5566.338011766369,-575.543436494346,5566.338011766369,-575.543436494346,predicted_speed
4724875,0.9212,-0.7584,10.154,0.013,0.0361,0.0285,52.473152,-1.389696,19.87,74.704,92.329,10.223868934997162,0.0477960249393189,0.1378100808163083,0.002697909679366,0.8554,0.7085000000000001,0.1753999999999997,-0.0012,-0.0066999999999999,0.0291,0.1,35.20756,5570.679836008074,-518.3907480168293,GNSS_OUTAGE,False,1.8537278229249172,16.842173520000017,5567.9552666145055,-576.0136224628291,5567.9552666145055,-576.0136224628291,5567.9552666145055,-576.0136224628291,predicted_speed
